2026-05-11 20:46:28 [bridge] pipe=\\.\pipe\PDR16_AT_UART0
2026-05-11 20:46:28 [bridge] firmware=C:\Users\pdr0663\PDR-16_AT\firmware\mega\pdr_vm\.build-cli\pdr_vm.ino.elf
2026-05-11 20:46:28 [bridge] avrsim=C:\Users\pdr0663\PDR-16_AT\avrsim\avrsim.exe
2026-05-11 20:46:28 [bridge] waiting for Tera Term
2026-05-11 20:49:53 [bridge] pipe=\\.\pipe\PDR16_AT_UART0
2026-05-11 20:49:53 [bridge] firmware=C:\Users\pdr0663\PDR-16_AT\tools\sim\scripts\..\..\..\firmware\mega\pdr_vm\.build-cli\pdr_vm.ino.elf
2026-05-11 20:49:53 [bridge] avrsim=C:\Users\pdr0663\PDR-16_AT\tools\sim\scripts\..\..\..\avrsim\avrsim.exe
2026-05-11 20:49:53 [bridge] waiting for Tera Term
2026-05-11 20:52:18 [bridge] pipe=\\.\pipe\PDR16_AT_UART0
2026-05-11 20:52:18 [bridge] firmware=C:\Users\pdr0663\PDR-16_AT\tools\sim\scripts\..\..\..\firmware\mega\pdr_vm\.build-cli\pdr_vm.ino.elf
2026-05-11 20:52:18 [bridge] avrsim=C:\Users\pdr0663\PDR-16_AT\tools\sim\scripts\..\..\..\avrsim\avrsim.exe
2026-05-11 20:52:18 [bridge] waiting for Tera Term
2026-05-11 20:53:48 [bridge] pipe=\\.\pipe\PDR16_AT_UART0
2026-05-11 20:53:48 [bridge] firmware=C:\Users\pdr0663\PDR-16_AT\tools\sim\scripts\..\..\..\firmware\mega\pdr_vm\.build-cli\pdr_vm.ino.elf
2026-05-11 20:53:48 [bridge] avrsim=C:\Users\pdr0663\PDR-16_AT\tools\sim\scripts\..\..\..\avrsim\avrsim.exe
2026-05-11 20:53:48 [bridge] waiting for Tera Term
2026-05-11 20:54:14 [bridge] pipe=\\.\pipe\PDR16_AT_UART0
2026-05-11 20:54:14 [bridge] firmware=C:\Users\pdr0663\PDR-16_AT\tools\sim\scripts\..\..\..\firmware\mega\pdr_vm\.build-cli\pdr_vm.ino.elf
2026-05-11 20:54:14 [bridge] avrsim=C:\Users\pdr0663\PDR-16_AT\tools\sim\scripts\..\..\..\avrsim\avrsim.exe
2026-05-11 20:54:14 [bridge] waiting for Tera Term
2026-05-11 20:55:01 [bridge] pipe=\\.\pipe\PDR16_AT_UART0
2026-05-11 20:55:01 [bridge] firmware=C:\Users\pdr0663\PDR-16_AT\tools\sim\scripts\..\..\..\firmware\mega\pdr_vm\.build-cli\pdr_vm.ino.elf
2026-05-11 20:55:01 [bridge] avrsim=C:\Users\pdr0663\PDR-16_AT\tools\sim\scripts\..\..\..\avrsim\avrsim.exe
2026-05-11 20:55:01 [bridge] waiting for Tera Term
2026-05-11 20:55:53 [bridge] pipe=\\.\pipe\PDR16_AT_UART0
2026-05-11 20:55:53 [bridge] firmware=C:\Users\pdr0663\PDR-16_AT\tools\sim\scripts\..\..\..\firmware\mega\pdr_vm\.build-cli\pdr_vm.ino.elf
2026-05-11 20:55:53 [bridge] avrsim=C:\Users\pdr0663\PDR-16_AT\tools\sim\scripts\..\..\..\avrsim\avrsim.exe
2026-05-11 20:55:53 [bridge] waiting for Tera Term
2026-05-11 20:57:40 [bridge] pipe=\\.\pipe\PDR16_AT_UART0
2026-05-11 20:57:41 [bridge] firmware=C:\Users\pdr0663\PDR-16_AT\tools\sim\scripts\..\..\..\firmware\mega\pdr_vm\.build-cli\pdr_vm.ino.elf
2026-05-11 20:57:41 [bridge] avrsim=C:\Users\pdr0663\PDR-16_AT\tools\sim\scripts\..\..\..\avrsim\avrsim.exe
2026-05-11 20:57:41 [bridge] waiting for Tera Term
2026-05-11 20:57:41 [bridge] Tera Term connected
2026-05-11 20:57:41 [bridge] avrsim pid=77524
[bridge:stderr] L
[bridge:stderr] oaded 71408 bytes of Flash data at 0
Loaded 236 bytes of Flash data at 0x116f0
[bridge:stdin] 
[bridge:stdin] 
[bridge:stdin] 1
[bridge:stdin]  
[bridge:stdin] 1
[bridge:stdin]  
[bridge:stdin] +
[bridge:stdin]  
[bridge:stdin] .
[bridge:stdin] 
[bridge:stdin] 1
[bridge:stdin] 1
[bridge:stdin] 1
[bridge:stdin] 
[bridge] pipe=\\.\pipe\PDR16_AT_UART0
[bridge] firmware=C:\Users\pdr0663\PDR-16_AT\tools\sim\scripts\..\..\..\firmware\mega\pdr_vm\.build-cli\pdr_vm.ino.elf
[bridge] waiting for Tera Term on \\.\pipe\PDR16_AT_UART0
[bridge] Tera Term connected
[bridge] avrsim starting
[bridge:uart->host] 
[bridge:uart->host] 
[bridge:uart->host] 
[bridge:uart->host] P
[bridge:uart->host] D
[bridge:uart->host] R
[bridge:uart->host] -
[bridge:uart->host] 1
[bridge:uart->host] 6
[bridge:uart->host]  
[bridge:uart->host] F
[bridge:uart->host] o
[bridge:uart->host] r
[bridge:uart->host] t
[bridge:uart->host] h
[bridge:uart->host]  
[bridge:uart->host] v
[bridge:uart->host] 4
[bridge:uart->host] .
[bridge:uart->host] 0
[bridge:uart->host] 
[bridge:uart->host] 
[bridge:uart->host] 
[bridge:uart->host] d
[bridge:uart->host] e
[bridge:uart->host] r
[bridge:uart->host] i
[bridge:uart->host] v
[bridge:uart->host] e
[bridge:uart->host] d
[bridge:uart->host]  
[bridge:uart->host] f
[bridge:uart->host] r
[bridge:uart->host] o
[bridge:uart->host] m
[bridge:uart->host]  
[bridge:uart->host] e
[bridge:uart->host] F
[bridge:uart->host] o
[bridge:uart->host] r
[bridge:uart->host] t
[bridge:uart->host] h
[bridge:uart->host]  
[bridge:uart->host] b
[bridge:uart->host] y
[bridge:uart->host]  
[bridge:uart->host] C
[bridge:uart->host] .
[bridge:uart->host] H
[bridge:uart->host] .
[bridge:uart->host] T
[bridge:uart->host] i
[bridge:uart->host] n
[bridge:uart->host] g
[bridge:uart->host] 
[bridge:uart->host] 
[bridge:uart->host] 
[bridge:uart->host]  
[bridge:uart->host] o
[bridge:uart->host] k
[bridge:uart->host] 
[bridge:uart->host] 
[bridge:uart->host] 
[bridge:host->uart] 1
[bridge:uart->host] 1
[bridge:host->uart]  
[bridge:uart->host]  
[bridge:host->uart] 1
[bridge:uart->host] 1
[bridge:host->uart]  
[bridge:uart->host]  
[bridge:host->uart] +
[bridge:uart->host] +
[bridge:host->uart]  
[bridge:uart->host]  
[bridge:host->uart] .
[bridge:uart->host] .
[bridge:host->uart] 
[bridge:uart->host]  
[bridge:uart->host] 2
[bridge:uart->host]  
[bridge:uart->host] o
[bridge:uart->host] k
[bridge:uart->host] 
[bridge:uart->host] 
[bridge:uart->host] 
[bridge:host->uart] :
[bridge:uart->host] :
[bridge:host->uart]  
[bridge:uart->host]  
[bridge:host->uart] f
[bridge:uart->host] f
[bridge:host->uart] r
[bridge:uart->host] r
[bridge:host->uart] e
[bridge:uart->host] e
[bridge:host->uart] d
[bridge:uart->host] d
[bridge:host->uart]  
[bridge:uart->host]  
[bridge:host->uart] 1
[bridge:uart->host] 1
[bridge:host->uart]  
[bridge:uart->host]  
[bridge:host->uart] 1
[bridge:uart->host] 1
[bridge:host->uart]  
[bridge:uart->host]  
[bridge:host->uart] +
[bridge:uart->host] +
[bridge:host->uart]  
[bridge:uart->host]  
[bridge:host->uart] .
[bridge:uart->host] .
[bridge:host->uart]  
[bridge:uart->host]  
[bridge:host->uart] ;
[bridge:uart->host] ;
[bridge:host->uart] 
[bridge:uart->host]  
[bridge:uart->host] o
[bridge:uart->host] k
[bridge:uart->host] 
[bridge:uart->host] 
[bridge:uart->host] 
[bridge:host->uart] f
[bridge:uart->host] f
[bridge:host->uart] r
[bridge:uart->host] r
[bridge:host->uart] e
[bridge:uart->host] e
[bridge:host->uart] d
[bridge:uart->host] d
[bridge:host->uart] 
[bridge:uart->host]  
[bridge:uart->host] 2
[bridge:uart->host]  
[bridge:uart->host] o
[bridge:uart->host] k
[bridge:uart->host] 
[bridge:uart->host] 
[bridge:uart->host] 
[bridge:host->uart] W
[bridge:uart->host] W
[bridge:host->uart] O
[bridge:uart->host] O
[bridge:host->uart] R
[bridge:uart->host] R
[bridge:host->uart] D
[bridge:uart->host] D
[bridge:host->uart] S
[bridge:uart->host] S
[bridge:host->uart] 
[bridge:uart->host] 
[bridge:uart->host] 
[bridge:uart->host] 
[bridge:uart->host]  
[bridge:uart->host] !
[bridge:uart->host]  
[bridge:uart->host] !
[bridge:uart->host] C
[bridge:uart->host] S
[bridge:uart->host] P
[bridge:uart->host]  
[bridge:uart->host] #
[bridge:uart->host] >
[bridge:uart->host]  
[bridge:uart->host] #
[bridge:uart->host] S
[bridge:uart->host]  
[bridge:uart->host] #
[bridge:uart->host]  
[bridge:uart->host] #
[bridge:uart->host] T
[bridge:uart->host] I
[bridge:uart->host] B
[bridge:uart->host]  
[bridge:uart->host] $
[bridge:uart->host] "
[bridge:uart->host]  
[bridge:uart->host] $
[bridge:uart->host] ,
[bridge:uart->host] "
[bridge:uart->host]  
[bridge:uart->host] $
[bridge:uart->host] I
[bridge:uart->host] N
[bridge:uart->host] T
[bridge:uart->host] E
[bridge:uart->host] R
[bridge:uart->host] P
[bridge:uart->host] R
[bridge:uart->host] E
[bridge:uart->host] T
[bridge:uart->host]  
[bridge:uart->host] %
[bridge:uart->host] r
[bridge:uart->host] e
[bridge:uart->host] t
[bridge:uart->host]  
[bridge:uart->host] %
[bridge:uart->host] a
[bridge:uart->host] p
[bridge:uart->host] p
[bridge:uart->host] b
[bridge:uart->host]  
[bridge:uart->host] %
[bridge:uart->host] a
[bridge:uart->host] p
[bridge:uart->host] p
[bridge:uart->host] c
[bridge:uart->host]  
[bridge:uart->host] %
[bridge:uart->host] r
[bridge:uart->host] o
[bridge:uart->host] o
[bridge:uart->host] m
[bridge:uart->host]  
[bridge:uart->host] %
[bridge:uart->host] e
[bridge:uart->host] n
[bridge:uart->host] d
[bridge:uart->host]  
[bridge:uart->host] %
[bridge:uart->host] c
[bridge:uart->host] l
[bridge:uart->host] r
[bridge:uart->host]  
[bridge:uart->host] %
[bridge:uart->host] a
[bridge:uart->host] d
[bridge:uart->host] v
[bridge:uart->host]  
[bridge:uart->host] %
[bridge:uart->host] m
[bridge:uart->host] t
[bridge:uart->host] l
[bridge:uart->host]  
[bridge:uart->host] %
[bridge:uart->host] m
[bridge:uart->host] t
[bridge:uart->host] f
[bridge:uart->host]  
[bridge:uart->host] %
[bridge:uart->host] m
[bridge:uart->host] t
[bridge:uart->host] p
[bridge:uart->host]  
[bridge:uart->host] %
[bridge:uart->host] m
[bridge:uart->host] t
[bridge:uart->host] w
[bridge:uart->host]  
[bridge:uart->host] %
[bridge:uart->host] m
[bridge:uart->host] t
[bridge:uart->host] u
[bridge:uart->host]  
[bridge:uart->host] %
[bridge:uart->host] m
[bridge:uart->host] t
[bridge:uart->host] a
[bridge:uart->host]  
[bridge:uart->host] '
[bridge:uart->host]  
[bridge:uart->host] '
[bridge:uart->host] F
[bridge:uart->host] I
[bridge:uart->host] N
[bridge:uart->host] D
[bridge:uart->host]  
[bridge:uart->host] '
[bridge:uart->host] B
[bridge:uart->host] O
[bridge:uart->host] O
[bridge:uart->host] T
[bridge:uart->host]  
[bridge:uart->host] '
[bridge:uart->host] P
[bridge:uart->host] R
[bridge:uart->host] O
[bridge:uart->host] M
[bridge:uart->host] P
[bridge:uart->host] T
[bridge:uart->host]  
[bridge:uart->host] '
[bridge:uart->host] E
[bridge:uart->host] C
[bridge:uart->host] H
[bridge:uart->host] O
[bridge:uart->host]  
[bridge:uart->host] '
[bridge:uart->host] T
[bridge:uart->host] A
[bridge:uart->host] P
[bridge:uart->host]  
[bridge:uart->host] '
[bridge:uart->host] E
[bridge:uart->host] X
[bridge:uart->host] P
[bridge:uart->host] E
[bridge:uart->host] C
[bridge:uart->host] T
[bridge:uart->host]  
[bridge:uart->host] '
[bridge:uart->host] E
[bridge:uart->host] M
[bridge:uart->host] I
[bridge:uart->host] T
[bridge:uart->host]  
[bridge:uart->host] '
[bridge:uart->host] ?
[bridge:uart->host] K
[bridge:uart->host] E
[bridge:uart->host] Y
[bridge:uart->host]  
[bridge:uart->host] (
[bridge:uart->host]  
[bridge:uart->host] *
[bridge:uart->host] /
[bridge:uart->host] R
[bridge:uart->host] O
[bridge:uart->host] U
[bridge:uart->host] N
[bridge:uart->host] D
[bridge:uart->host]  
[bridge:uart->host] *
[bridge:uart->host] /
[bridge:uart->host]  
[bridge:uart->host] *
[bridge:uart->host] /
[bridge:uart->host] M
[bridge:uart->host] O
[bridge:uart->host] D
[bridge:uart->host]  
[bridge:uart->host] *
[bridge:uart->host]  
[bridge:uart->host] +
[bridge:uart->host]  
[bridge:uart->host] +
[bridge:uart->host] !
[bridge:uart->host]  
[bridge:uart->host] ,
[bridge:uart->host]  
[bridge:uart->host] -
[bridge:uart->host]  
[bridge:uart->host] -
[bridge:uart->host] T
[bridge:uart->host] R
[bridge:uart->host] A
[bridge:uart->host] I
[bridge:uart->host] L
[bridge:uart->host] I
[bridge:uart->host] N
[bridge:uart->host] G
[bridge:uart->host]  
[bridge:uart->host] .
[bridge:uart->host] I
[bridge:uart->host] D
[bridge:uart->host]  
[bridge:uart->host] .
[bridge:uart->host] F
[bridge:uart->host] R
[bridge:uart->host] E
[bridge:uart->host] E
[bridge:uart->host]  
[bridge:uart->host] .
[bridge:uart->host] B
[bridge:uart->host] A
[bridge:uart->host] S
[bridge:uart->host] E
[bridge:uart->host]  
[bridge:uart->host] .
[bridge:uart->host] S
[bridge:uart->host]  
[bridge:uart->host] .
[bridge:uart->host] "
[bridge:uart->host]  
[bridge:uart->host] .
[bridge:uart->host] O
[bridge:uart->host] K
[bridge:uart->host]  
[bridge:uart->host] .
[bridge:uart->host] F
[bridge:uart->host] I
[bridge:uart->host] N
[bridge:uart->host] D
[bridge:uart->host]  
[bridge:uart->host] .
[bridge:uart->host] (
[bridge:uart->host]  
[bridge:uart->host] .
[bridge:uart->host]  
[bridge:uart->host] .
[bridge:uart->host] R
[bridge:uart->host]  
[bridge:uart->host] /
[bridge:uart->host]  
[bridge:uart->host] /
[bridge:uart->host] M
[bridge:uart->host] O
[bridge:uart->host] D
[bridge:uart->host]  
[bridge:uart->host] 0
[bridge:uart->host] =
[bridge:uart->host]  
[bridge:uart->host] 0
[bridge:uart->host] <
[bridge:uart->host]  
[bridge:uart->host] 1
[bridge:uart->host] -
[bridge:uart->host]  
[bridge:uart->host] 1
[bridge:uart->host] +
[bridge:uart->host]  
[bridge:uart->host] 2
[bridge:uart->host] D
[bridge:uart->host] U
[bridge:uart->host] P
[bridge:uart->host]  
[bridge:uart->host] 2
[bridge:uart->host] *
[bridge:uart->host]  
[bridge:uart->host] 2
[bridge:uart->host] -
[bridge:uart->host]  
[bridge:uart->host] 2
[bridge:uart->host] +
[bridge:uart->host]  
[bridge:uart->host] 2
[bridge:uart->host] @
[bridge:uart->host]  
[bridge:uart->host] 2
[bridge:uart->host] !
[bridge:uart->host]  
[bridge:uart->host] 2
[bridge:uart->host] D
[bridge:uart->host] R
[bridge:uart->host] O
[bridge:uart->host] P
[bridge:uart->host]  
[bridge:uart->host] :
[bridge:uart->host]  
[bridge:uart->host] <
[bridge:uart->host] =
[bridge:uart->host]  
[bridge:uart->host] <
[bridge:uart->host] >
[bridge:uart->host]  
[bridge:uart->host] <
[bridge:uart->host] <
[bridge:uart->host] 9
[bridge:uart->host]  
[bridge:uart->host] <
[bridge:uart->host] <
[bridge:uart->host] 8
[bridge:uart->host]  
[bridge:uart->host] <
[bridge:uart->host] <
[bridge:uart->host] 4
[bridge:uart->host]  
[bridge:uart->host] <
[bridge:uart->host] #
[bridge:uart->host]  
[bridge:uart->host] <
[bridge:uart->host]  
[bridge:uart->host] =
[bridge:uart->host]  
[bridge:uart->host] >
[bridge:uart->host] =
[bridge:uart->host]  
[bridge:uart->host] >
[bridge:uart->host]  
[bridge:uart->host] >
[bridge:uart->host] R
[bridge:uart->host]  
[bridge:uart->host] >
[bridge:uart->host] B
[bridge:uart->host] A
[bridge:uart->host] S
[bridge:uart->host] E
[bridge:uart->host]  
[bridge:uart->host] >
[bridge:uart->host] C
[bridge:uart->host] H
[bridge:uart->host] A
[bridge:uart->host] R
[bridge:uart->host]  
[bridge:uart->host] >
[bridge:uart->host] I
[bridge:uart->host] N
[bridge:uart->host]  
[bridge:uart->host] ?
[bridge:uart->host] r
[bridge:uart->host] x
[bridge:uart->host]  
[bridge:uart->host] ?
[bridge:uart->host] C
[bridge:uart->host] S
[bridge:uart->host] P
[bridge:uart->host]  
[bridge:uart->host] ?
[bridge:uart->host] T
[bridge:uart->host] A
[bridge:uart->host] R
[bridge:uart->host] G
[bridge:uart->host] E
[bridge:uart->host] T
[bridge:uart->host]  
[bridge:uart->host] ?
[bridge:uart->host] S
[bridge:uart->host] T
[bridge:uart->host] A
[bridge:uart->host] C
[bridge:uart->host] K
[bridge:uart->host]  
[bridge:uart->host] ?
[bridge:uart->host] E
[bridge:uart->host] K
[bridge:uart->host] E
[bridge:uart->host] Y
[bridge:uart->host]  
[bridge:uart->host] ?
[bridge:uart->host] K
[bridge:uart->host] E
[bridge:uart->host] Y
[bridge:uart->host]  
[bridge:uart->host] ?
[bridge:uart->host]  
[bridge:uart->host] ?
[bridge:uart->host] D
[bridge:uart->host] U
[bridge:uart->host] P
[bridge:uart->host]  
[bridge:uart->host] @
[bridge:uart->host]  
[bridge:uart->host] A
[bridge:uart->host] T
[bridge:uart->host] A
[bridge:uart->host] N
[bridge:uart->host] 2
[bridge:uart->host]  
[bridge:uart->host] A
[bridge:uart->host] T
[bridge:uart->host] A
[bridge:uart->host] N
[bridge:uart->host] R
[bridge:uart->host]  
[bridge:uart->host] A
[bridge:uart->host] T
[bridge:uart->host]  
[bridge:uart->host] A
[bridge:uart->host] N
[bridge:uart->host] S
[bridge:uart->host] I
[bridge:uart->host] #
[bridge:uart->host]  
[bridge:uart->host] A
[bridge:uart->host] B
[bridge:uart->host] S
[bridge:uart->host]  
[bridge:uart->host] A
[bridge:uart->host] N
[bridge:uart->host] D
[bridge:uart->host]  
[bridge:uart->host] A
[bridge:uart->host] P
[bridge:uart->host] P
[bridge:uart->host] E
[bridge:uart->host] N
[bridge:uart->host] D
[bridge:uart->host]  
[bridge:uart->host] A
[bridge:uart->host] B
[bridge:uart->host] O
[bridge:uart->host] R
[bridge:uart->host] T
[bridge:uart->host] "
[bridge:uart->host]  
[bridge:uart->host] A
[bridge:uart->host] F
[bridge:uart->host] T
[bridge:uart->host]  
[bridge:uart->host] A
[bridge:uart->host] H
[bridge:uart->host] E
[bridge:uart->host] A
[bridge:uart->host] D
[bridge:uart->host]  
[bridge:uart->host] A
[bridge:uart->host] G
[bridge:uart->host] A
[bridge:uart->host] I
[bridge:uart->host] N
[bridge:uart->host]  
[bridge:uart->host] A
[bridge:uart->host] L
[bridge:uart->host] L
[bridge:uart->host] O
[bridge:uart->host] T
[bridge:uart->host]  
[bridge:uart->host] A
[bridge:uart->host] N
[bridge:uart->host] S
[bridge:uart->host] I
[bridge:uart->host] -
[bridge:uart->host] R
[bridge:uart->host] E
[bridge:uart->host] S
[bridge:uart->host] E
[bridge:uart->host] T
[bridge:uart->host]  
[bridge:uart->host] A
[bridge:uart->host] L
[bridge:uart->host] I
[bridge:uart->host] G
[bridge:uart->host] N
[bridge:uart->host] E
[bridge:uart->host] D
[bridge:uart->host]  
[bridge:uart->host] B
[bridge:uart->host] 3
[bridge:uart->host] 4
[bridge:uart->host] 5
[bridge:uart->host]  
[bridge:uart->host] B
[bridge:uart->host] 3
[bridge:uart->host] 3
[bridge:uart->host] 0
[bridge:uart->host]  
[bridge:uart->host] B
[bridge:uart->host] 3
[bridge:uart->host] 1
[bridge:uart->host] 5
[bridge:uart->host]  
[bridge:uart->host] B
[bridge:uart->host] 3
[bridge:uart->host] 0
[bridge:uart->host] 0
[bridge:uart->host]  
[bridge:uart->host] B
[bridge:uart->host] 2
[bridge:uart->host] 8
[bridge:uart->host] 5
[bridge:uart->host]  
[bridge:uart->host] B
[bridge:uart->host] 2
[bridge:uart->host] 7
[bridge:uart->host] 0
[bridge:uart->host]  
[bridge:uart->host] B
[bridge:uart->host] I
[bridge:uart->host] N
[bridge:uart->host] I
[bridge:uart->host] A
[bridge:uart->host] N
[bridge:uart->host] 3
[bridge:uart->host] /
[bridge:uart->host] 4
[bridge:uart->host]  
[bridge:uart->host] B
[bridge:uart->host] 2
[bridge:uart->host] 5
[bridge:uart->host] 5
[bridge:uart->host]  
[bridge:uart->host] B
[bridge:uart->host] 2
[bridge:uart->host] 4
[bridge:uart->host] 0
[bridge:uart->host]  
[bridge:uart->host] B
[bridge:uart->host] 2
[bridge:uart->host] 2
[bridge:uart->host] 5
[bridge:uart->host]  
[bridge:uart->host] B
[bridge:uart->host] 2
[bridge:uart->host] 1
[bridge:uart->host] 0
[bridge:uart->host]  
[bridge:uart->host] B
[bridge:uart->host] 1
[bridge:uart->host] 9
[bridge:uart->host] 5
[bridge:uart->host]  
[bridge:uart->host] B
[bridge:uart->host] 1
[bridge:uart->host] 8
[bridge:uart->host] 0
[bridge:uart->host]  
[bridge:uart->host] B
[bridge:uart->host] I
[bridge:uart->host] N
[bridge:uart->host] I
[bridge:uart->host] A
[bridge:uart->host] N
[bridge:uart->host] /
[bridge:uart->host] 2
[bridge:uart->host]  
[bridge:uart->host] B
[bridge:uart->host] 1
[bridge:uart->host] 6
[bridge:uart->host] 5
[bridge:uart->host]  
[bridge:uart->host] B
[bridge:uart->host] 1
[bridge:uart->host] 5
[bridge:uart->host] 0
[bridge:uart->host]  
[bridge:uart->host] B
[bridge:uart->host] 1
[bridge:uart->host] 3
[bridge:uart->host] 5
[bridge:uart->host]  
[bridge:uart->host] B
[bridge:uart->host] 1
[bridge:uart->host] 2
[bridge:uart->host] 0
[bridge:uart->host]  
[bridge:uart->host] B
[bridge:uart->host] 1
[bridge:uart->host] 0
[bridge:uart->host] 5
[bridge:uart->host]  
[bridge:uart->host] B
[bridge:uart->host] 0
[bridge:uart->host] 9
[bridge:uart->host] 0
[bridge:uart->host]  
[bridge:uart->host] B
[bridge:uart->host] 0
[bridge:uart->host] 7
[bridge:uart->host] 5
[bridge:uart->host]  
[bridge:uart->host] B
[bridge:uart->host] 0
[bridge:uart->host] 6
[bridge:uart->host] 0
[bridge:uart->host]  
[bridge:uart->host] B
[bridge:uart->host] I
[bridge:uart->host] N
[bridge:uart->host] I
[bridge:uart->host] A
[bridge:uart->host] N
[bridge:uart->host] /
[bridge:uart->host] 4
[bridge:uart->host]  
[bridge:uart->host] B
[bridge:uart->host] 0
[bridge:uart->host] 4
[bridge:uart->host] 5
[bridge:uart->host]  
[bridge:uart->host] B
[bridge:uart->host] 0
[bridge:uart->host] 3
[bridge:uart->host] 0
[bridge:uart->host]  
[bridge:uart->host] B
[bridge:uart->host] 0
[bridge:uart->host] 1
[bridge:uart->host] 5
[bridge:uart->host]  
[bridge:uart->host] B
[bridge:uart->host] 0
[bridge:uart->host] 1
[bridge:uart->host] 0
[bridge:uart->host]  
[bridge:uart->host] B
[bridge:uart->host] 0
[bridge:uart->host] 0
[bridge:uart->host] 5
[bridge:uart->host]  
[bridge:uart->host] B
[bridge:uart->host] 0
[bridge:uart->host] 0
[bridge:uart->host] 3
[bridge:uart->host]  
[bridge:uart->host] B
[bridge:uart->host] 0
[bridge:uart->host] 0
[bridge:uart->host] 2
[bridge:uart->host]  
[bridge:uart->host] B
[bridge:uart->host] 0
[bridge:uart->host] 0
[bridge:uart->host] 1
[bridge:uart->host]  
[bridge:uart->host] B
[bridge:uart->host] 0
[bridge:uart->host] 0
[bridge:uart->host] 0
[bridge:uart->host]  
[bridge:uart->host] B
[bridge:uart->host] I
[bridge:uart->host] N
[bridge:uart->host] >
[bridge:uart->host] D
[bridge:uart->host] E
[bridge:uart->host] G
[bridge:uart->host] .
[bridge:uart->host] S
[bridge:uart->host]  
[bridge:uart->host] B
[bridge:uart->host] I
[bridge:uart->host] N
[bridge:uart->host] >
[bridge:uart->host] D
[bridge:uart->host] E
[bridge:uart->host] G
[bridge:uart->host]  
[bridge:uart->host] B
[bridge:uart->host] L
[bridge:uart->host] A
[bridge:uart->host] C
[bridge:uart->host] K
[bridge:uart->host]  
[bridge:uart->host] B
[bridge:uart->host] E
[bridge:uart->host] L
[bridge:uart->host] L
[bridge:uart->host]  
[bridge:uart->host] B
[bridge:uart->host] L
[bridge:uart->host] I
[bridge:uart->host] N
[bridge:uart->host] K
[bridge:uart->host]  
[bridge:uart->host] B
[bridge:uart->host] O
[bridge:uart->host] L
[bridge:uart->host] D
[bridge:uart->host]  
[bridge:uart->host] B
[bridge:uart->host] G
[bridge:uart->host] !
[bridge:uart->host]  
[bridge:uart->host] B
[bridge:uart->host] E
[bridge:uart->host] G
[bridge:uart->host] I
[bridge:uart->host] N
[bridge:uart->host]  
[bridge:uart->host] B
[bridge:uart->host] A
[bridge:uart->host] S
[bridge:uart->host] E
[bridge:uart->host] >
[bridge:uart->host]  
[bridge:uart->host] B
[bridge:uart->host] L
[bridge:uart->host]  
[bridge:uart->host] B
[bridge:uart->host] U
[bridge:uart->host] C
[bridge:uart->host] K
[bridge:uart->host] E
[bridge:uart->host] T
[bridge:uart->host] _
[bridge:uart->host] H
[bridge:uart->host] E
[bridge:uart->host] A
[bridge:uart->host] D
[bridge:uart->host]  
[bridge:uart->host] B
[bridge:uart->host] A
[bridge:uart->host] S
[bridge:uart->host] E
[bridge:uart->host] H
[bridge:uart->host] O
[bridge:uart->host] L
[bridge:uart->host] D
[bridge:uart->host]  
[bridge:uart->host] B
[bridge:uart->host] A
[bridge:uart->host] S
[bridge:uart->host] E
[bridge:uart->host]  
[bridge:uart->host] C
[bridge:uart->host] O
[bridge:uart->host] S
[bridge:uart->host]  
[bridge:uart->host] C
[bridge:uart->host] P
[bridge:uart->host] 4
[bridge:uart->host] 3
[bridge:uart->host] 7
[bridge:uart->host] -
[bridge:uart->host] C
[bridge:uart->host] R
[bridge:uart->host] O
[bridge:uart->host] S
[bridge:uart->host] S
[bridge:uart->host]  
[bridge:uart->host] C
[bridge:uart->host] P
[bridge:uart->host] 4
[bridge:uart->host] 3
[bridge:uart->host] 7
[bridge:uart->host] -
[bridge:uart->host] T
[bridge:uart->host] L
[bridge:uart->host] E
[bridge:uart->host] F
[bridge:uart->host] T
[bridge:uart->host]  
[bridge:uart->host] C
[bridge:uart->host] P
[bridge:uart->host] 4
[bridge:uart->host] 3
[bridge:uart->host] 7
[bridge:uart->host] -
[bridge:uart->host] T
[bridge:uart->host] R
[bridge:uart->host] I
[bridge:uart->host] G
[bridge:uart->host] H
[bridge:uart->host] T
[bridge:uart->host]  
[bridge:uart->host] C
[bridge:uart->host] P
[bridge:uart->host] 4
[bridge:uart->host] 3
[bridge:uart->host] 7
[bridge:uart->host] -
[bridge:uart->host] T
[bridge:uart->host] U
[bridge:uart->host] P
[bridge:uart->host]  
[bridge:uart->host] C
[bridge:uart->host] P
[bridge:uart->host] 4
[bridge:uart->host] 3
[bridge:uart->host] 7
[bridge:uart->host] -
[bridge:uart->host] T
[bridge:uart->host] D
[bridge:uart->host] O
[bridge:uart->host] W
[bridge:uart->host] N
[bridge:uart->host]  
[bridge:uart->host] C
[bridge:uart->host] P
[bridge:uart->host] 4
[bridge:uart->host] 3
[bridge:uart->host] 7
[bridge:uart->host] -
[bridge:uart->host] B
[bridge:uart->host] R
[bridge:uart->host]  
[bridge:uart->host] C
[bridge:uart->host] P
[bridge:uart->host] 4
[bridge:uart->host] 3
[bridge:uart->host] 7
[bridge:uart->host] -
[bridge:uart->host] B
[bridge:uart->host] L
[bridge:uart->host]  
[bridge:uart->host] C
[bridge:uart->host] P
[bridge:uart->host] 4
[bridge:uart->host] 3
[bridge:uart->host] 7
[bridge:uart->host] -
[bridge:uart->host] T
[bridge:uart->host] R
[bridge:uart->host]  
[bridge:uart->host] C
[bridge:uart->host] P
[bridge:uart->host] 4
[bridge:uart->host] 3
[bridge:uart->host] 7
[bridge:uart->host] -
[bridge:uart->host] T
[bridge:uart->host] L
[bridge:uart->host]  
[bridge:uart->host] C
[bridge:uart->host] P
[bridge:uart->host] 4
[bridge:uart->host] 3
[bridge:uart->host] 7
[bridge:uart->host] -
[bridge:uart->host] V
[bridge:uart->host] L
[bridge:uart->host] I
[bridge:uart->host] N
[bridge:uart->host] E
[bridge:uart->host]  
[bridge:uart->host] C
[bridge:uart->host] P
[bridge:uart->host] 4
[bridge:uart->host] 3
[bridge:uart->host] 7
[bridge:uart->host] -
[bridge:uart->host] H
[bridge:uart->host] L
[bridge:uart->host] I
[bridge:uart->host] N
[bridge:uart->host] E
[bridge:uart->host]  
[bridge:uart->host] C
[bridge:uart->host] ,
[bridge:uart->host]  
[bridge:uart->host] C
[bridge:uart->host] U
[bridge:uart->host] R
[bridge:uart->host] S
[bridge:uart->host] O
[bridge:uart->host] R
[bridge:uart->host] -
[bridge:uart->host] O
[bridge:uart->host] F
[bridge:uart->host] F
[bridge:uart->host]  
[bridge:uart->host] C
[bridge:uart->host] U
[bridge:uart->host] R
[bridge:uart->host] S
[bridge:uart->host] O
[bridge:uart->host] R
[bridge:uart->host] -
[bridge:uart->host] O
[bridge:uart->host] N
[bridge:uart->host]  
[bridge:uart->host] C
[bridge:uart->host] L
[bridge:uart->host] -
[bridge:uart->host] E
[bridge:uart->host] O
[bridge:uart->host] S
[bridge:uart->host]  
[bridge:uart->host] C
[bridge:uart->host] L
[bridge:uart->host] -
[bridge:uart->host] E
[bridge:uart->host] O
[bridge:uart->host] L
[bridge:uart->host]  
[bridge:uart->host] C
[bridge:uart->host] L
[bridge:uart->host] -
[bridge:uart->host] L
[bridge:uart->host] I
[bridge:uart->host] N
[bridge:uart->host] E
[bridge:uart->host]  
[bridge:uart->host] C
[bridge:uart->host] L
[bridge:uart->host] S
[bridge:uart->host]  
[bridge:uart->host] C
[bridge:uart->host] L
[bridge:uart->host] A
[bridge:uart->host] M
[bridge:uart->host] P
[bridge:uart->host] 3
[bridge:uart->host]  
[bridge:uart->host] C
[bridge:uart->host] S
[bridge:uart->host] I
[bridge:uart->host]  
[bridge:uart->host] C
[bridge:uart->host] ,
[bridge:uart->host]  
[bridge:uart->host] C
[bridge:uart->host] @
[bridge:uart->host]  
[bridge:uart->host] C
[bridge:uart->host] !
[bridge:uart->host]  
[bridge:uart->host] C
[bridge:uart->host] O
[bridge:uart->host] L
[bridge:uart->host] D
[bridge:uart->host]  
[bridge:uart->host] C
[bridge:uart->host] M
[bridge:uart->host] O
[bridge:uart->host] V
[bridge:uart->host] E
[bridge:uart->host] >
[bridge:uart->host]  
[bridge:uart->host] C
[bridge:uart->host] R
[bridge:uart->host] E
[bridge:uart->host] A
[bridge:uart->host] T
[bridge:uart->host] E
[bridge:uart->host]  
[bridge:uart->host] C
[bridge:uart->host] O
[bridge:uart->host] M
[bridge:uart->host] P
[bridge:uart->host] I
[bridge:uart->host] L
[bridge:uart->host] E
[bridge:uart->host] -
[bridge:uart->host] O
[bridge:uart->host] N
[bridge:uart->host] L
[bridge:uart->host] Y
[bridge:uart->host]  
[bridge:uart->host] C
[bridge:uart->host] H
[bridge:uart->host] A
[bridge:uart->host] R
[bridge:uart->host] !
[bridge:uart->host]  
[bridge:uart->host] C
[bridge:uart->host] A
[bridge:uart->host] P
[bridge:uart->host] P
[bridge:uart->host] E
[bridge:uart->host] N
[bridge:uart->host] D
[bridge:uart->host]  
[bridge:uart->host] C
[bridge:uart->host] A
[bridge:uart->host] P
[bridge:uart->host] A
[bridge:uart->host] C
[bridge:uart->host] I
[bridge:uart->host] T
[bridge:uart->host] Y
[bridge:uart->host]  
[bridge:uart->host] C
[bridge:uart->host] L
[bridge:uart->host] E
[bridge:uart->host] A
[bridge:uart->host] R
[bridge:uart->host]  
[bridge:uart->host] C
[bridge:uart->host] H
[bridge:uart->host] A
[bridge:uart->host] R
[bridge:uart->host] @
[bridge:uart->host]  
[bridge:uart->host] C
[bridge:uart->host] L
[bridge:uart->host] O
[bridge:uart->host] S
[bridge:uart->host] E
[bridge:uart->host] -
[bridge:uart->host] F
[bridge:uart->host] I
[bridge:uart->host] L
[bridge:uart->host] E
[bridge:uart->host]  
[bridge:uart->host] C
[bridge:uart->host] R
[bridge:uart->host] E
[bridge:uart->host] A
[bridge:uart->host] T
[bridge:uart->host] E
[bridge:uart->host] -
[bridge:uart->host] F
[bridge:uart->host] I
[bridge:uart->host] L
[bridge:uart->host] E
[bridge:uart->host]  
[bridge:uart->host] C
[bridge:uart->host] O
[bridge:uart->host] N
[bridge:uart->host] S
[bridge:uart->host] O
[bridge:uart->host] L
[bridge:uart->host] E
[bridge:uart->host]  
[bridge:uart->host] C
[bridge:uart->host] A
[bridge:uart->host] T
[bridge:uart->host] C
[bridge:uart->host] H
[bridge:uart->host]  
[bridge:uart->host] C
[bridge:uart->host] H
[bridge:uart->host] A
[bridge:uart->host] R
[bridge:uart->host]  
[bridge:uart->host] C
[bridge:uart->host] E
[bridge:uart->host] L
[bridge:uart->host] L
[bridge:uart->host] 7
[bridge:uart->host] ?
[bridge:uart->host]  
[bridge:uart->host] C
[bridge:uart->host] R
[bridge:uart->host]  
[bridge:uart->host] C
[bridge:uart->host] H
[bridge:uart->host] A
[bridge:uart->host] R
[bridge:uart->host] S
[bridge:uart->host]  
[bridge:uart->host] C
[bridge:uart->host] M
[bridge:uart->host] O
[bridge:uart->host] V
[bridge:uart->host] E
[bridge:uart->host]  
[bridge:uart->host] C
[bridge:uart->host] O
[bridge:uart->host] U
[bridge:uart->host] N
[bridge:uart->host] T
[bridge:uart->host]  
[bridge:uart->host] C
[bridge:uart->host] E
[bridge:uart->host] L
[bridge:uart->host] L
[bridge:uart->host] S
[bridge:uart->host]  
[bridge:uart->host] C
[bridge:uart->host] E
[bridge:uart->host] L
[bridge:uart->host] L
[bridge:uart->host] +
[bridge:uart->host]  
[bridge:uart->host] C
[bridge:uart->host] E
[bridge:uart->host] L
[bridge:uart->host] L
[bridge:uart->host] -
[bridge:uart->host]  
[bridge:uart->host] C
[bridge:uart->host] P
[bridge:uart->host]  
[bridge:uart->host] C
[bridge:uart->host] U
[bridge:uart->host] R
[bridge:uart->host] R
[bridge:uart->host] E
[bridge:uart->host] N
[bridge:uart->host] T
[bridge:uart->host]  
[bridge:uart->host] C
[bridge:uart->host] O
[bridge:uart->host] N
[bridge:uart->host] T
[bridge:uart->host] E
[bridge:uart->host] X
[bridge:uart->host] T
[bridge:uart->host]  
[bridge:uart->host] C
[bridge:uart->host] S
[bridge:uart->host] P
[bridge:uart->host]  
[bridge:uart->host] D
[bridge:uart->host] E
[bridge:uart->host] G
[bridge:uart->host] .
[bridge:uart->host] S
[bridge:uart->host] >
[bridge:uart->host] B
[bridge:uart->host] I
[bridge:uart->host] N
[bridge:uart->host]  
[bridge:uart->host] D
[bridge:uart->host] E
[bridge:uart->host] G
[bridge:uart->host] >
[bridge:uart->host] B
[bridge:uart->host] I
[bridge:uart->host] N
[bridge:uart->host]  
[bridge:uart->host] D
[bridge:uart->host] E
[bridge:uart->host] S
[bridge:uart->host] A
[bridge:uart->host] T
[bridge:uart->host] U
[bridge:uart->host] R
[bridge:uart->host] A
[bridge:uart->host] T
[bridge:uart->host] E
[bridge:uart->host]  
[bridge:uart->host] D
[bridge:uart->host] A
[bridge:uart->host] R
[bridge:uart->host] K
[bridge:uart->host] E
[bridge:uart->host] R
[bridge:uart->host]  
[bridge:uart->host] D
[bridge:uart->host] I
[bridge:uart->host] M
[bridge:uart->host]  
[bridge:uart->host] D
[bridge:uart->host] E
[bridge:uart->host] C
[bridge:uart->host]  
[bridge:uart->host] D
[bridge:uart->host] U
[bridge:uart->host] P
[bridge:uart->host]  
[bridge:uart->host] D
[bridge:uart->host] R
[bridge:uart->host] O
[bridge:uart->host] P
[bridge:uart->host]  
[bridge:uart->host] D
[bridge:uart->host] U
[bridge:uart->host] M
[bridge:uart->host] P
[bridge:uart->host]  
[bridge:uart->host] D
[bridge:uart->host] E
[bridge:uart->host] F
[bridge:uart->host] I
[bridge:uart->host] N
[bridge:uart->host] I
[bridge:uart->host] T
[bridge:uart->host] I
[bridge:uart->host] O
[bridge:uart->host] N
[bridge:uart->host] S
[bridge:uart->host]  
[bridge:uart->host] D
[bridge:uart->host] E
[bridge:uart->host] L
[bridge:uart->host] E
[bridge:uart->host] T
[bridge:uart->host] E
[bridge:uart->host] -
[bridge:uart->host] F
[bridge:uart->host] I
[bridge:uart->host] L
[bridge:uart->host] E
[bridge:uart->host]  
[bridge:uart->host] D
[bridge:uart->host] E
[bridge:uart->host] C
[bridge:uart->host] 3
[bridge:uart->host] ?
[bridge:uart->host]  
[bridge:uart->host] D
[bridge:uart->host] 3
[bridge:uart->host] @
[bridge:uart->host]  
[bridge:uart->host] D
[bridge:uart->host] I
[bridge:uart->host] G
[bridge:uart->host] I
[bridge:uart->host] T
[bridge:uart->host] -
[bridge:uart->host] C
[bridge:uart->host] H
[bridge:uart->host] A
[bridge:uart->host] R
[bridge:uart->host] ?
[bridge:uart->host]  
[bridge:uart->host] D
[bridge:uart->host] I
[bridge:uart->host] G
[bridge:uart->host] I
[bridge:uart->host] T
[bridge:uart->host] ?
[bridge:uart->host]  
[bridge:uart->host] D
[bridge:uart->host] E
[bridge:uart->host] C
[bridge:uart->host] I
[bridge:uart->host] M
[bridge:uart->host] A
[bridge:uart->host] L
[bridge:uart->host]  
[bridge:uart->host] D
[bridge:uart->host] I
[bridge:uart->host] G
[bridge:uart->host] I
[bridge:uart->host] T
[bridge:uart->host]  
[bridge:uart->host] D
[bridge:uart->host] E
[bridge:uart->host] P
[bridge:uart->host] T
[bridge:uart->host] H
[bridge:uart->host]  
[bridge:uart->host] D
[bridge:uart->host] +
[bridge:uart->host]  
[bridge:uart->host] D
[bridge:uart->host] N
[bridge:uart->host] E
[bridge:uart->host] G
[bridge:uart->host] A
[bridge:uart->host] T
[bridge:uart->host] E
[bridge:uart->host]  
[bridge:uart->host] E
[bridge:uart->host] D
[bridge:uart->host] I
[bridge:uart->host] T
[bridge:uart->host]  
[bridge:uart->host] E
[bridge:uart->host] D
[bridge:uart->host] I
[bridge:uart->host] T
[bridge:uart->host] -
[bridge:uart->host] R
[bridge:uart->host] U
[bridge:uart->host] N
[bridge:uart->host]  
[bridge:uart->host] E
[bridge:uart->host] D
[bridge:uart->host] I
[bridge:uart->host] T
[bridge:uart->host] -
[bridge:uart->host] W
[bridge:uart->host] A
[bridge:uart->host] I
[bridge:uart->host] T
[bridge:uart->host] -
[bridge:uart->host] I
[bridge:uart->host] N
[bridge:uart->host] P
[bridge:uart->host] U
[bridge:uart->host] T
[bridge:uart->host]  
[bridge:uart->host] E
[bridge:uart->host] D
[bridge:uart->host] I
[bridge:uart->host] T
[bridge:uart->host] -
[bridge:uart->host] H
[bridge:uart->host] A
[bridge:uart->host] N
[bridge:uart->host] D
[bridge:uart->host] L
[bridge:uart->host] E
[bridge:uart->host] -
[bridge:uart->host] E
[bridge:uart->host] K
[bridge:uart->host] E
[bridge:uart->host] Y
[bridge:uart->host]  
[bridge:uart->host] E
[bridge:uart->host] D
[bridge:uart->host] I
[bridge:uart->host] T
[bridge:uart->host] -
[bridge:uart->host] H
[bridge:uart->host] A
[bridge:uart->host] N
[bridge:uart->host] D
[bridge:uart->host] L
[bridge:uart->host] E
[bridge:uart->host] -
[bridge:uart->host] C
[bridge:uart->host] H
[bridge:uart->host] A
[bridge:uart->host] R
[bridge:uart->host]  
[bridge:uart->host] E
[bridge:uart->host] D
[bridge:uart->host] I
[bridge:uart->host] T
[bridge:uart->host] -
[bridge:uart->host] H
[bridge:uart->host] A
[bridge:uart->host] N
[bridge:uart->host] D
[bridge:uart->host] L
[bridge:uart->host] E
[bridge:uart->host] -
[bridge:uart->host] P
[bridge:uart->host] R
[bridge:uart->host] I
[bridge:uart->host] N
[bridge:uart->host] T
[bridge:uart->host] A
[bridge:uart->host] B
[bridge:uart->host] L
[bridge:uart->host] E
[bridge:uart->host]  
[bridge:uart->host] E
[bridge:uart->host] D
[bridge:uart->host] I
[bridge:uart->host] T
[bridge:uart->host] -
[bridge:uart->host] R
[bridge:uart->host] E
[bridge:uart->host] D
[bridge:uart->host] R
[bridge:uart->host] A
[bridge:uart->host] W
[bridge:uart->host]  
[bridge:uart->host] E
[bridge:uart->host] D
[bridge:uart->host] I
[bridge:uart->host] T
[bridge:uart->host] -
[bridge:uart->host] P
[bridge:uart->host] L
[bridge:uart->host] A
[bridge:uart->host] C
[bridge:uart->host] E
[bridge:uart->host] -
[bridge:uart->host] C
[bridge:uart->host] U
[bridge:uart->host] R
[bridge:uart->host] S
[bridge:uart->host] O
[bridge:uart->host] R
[bridge:uart->host]  
[bridge:uart->host] E
[bridge:uart->host] D
[bridge:uart->host] I
[bridge:uart->host] T
[bridge:uart->host] -
[bridge:uart->host] D
[bridge:uart->host] R
[bridge:uart->host] A
[bridge:uart->host] W
[bridge:uart->host] -
[bridge:uart->host] H
[bridge:uart->host] E
[bridge:uart->host] L
[bridge:uart->host] P
[bridge:uart->host]  
[bridge:uart->host] E
[bridge:uart->host] D
[bridge:uart->host] I
[bridge:uart->host] T
[bridge:uart->host] -
[bridge:uart->host] D
[bridge:uart->host] R
[bridge:uart->host] A
[bridge:uart->host] W
[bridge:uart->host] -
[bridge:uart->host] S
[bridge:uart->host] T
[bridge:uart->host] A
[bridge:uart->host] T
[bridge:uart->host] U
[bridge:uart->host] S
[bridge:uart->host]  
[bridge:uart->host] E
[bridge:uart->host] D
[bridge:uart->host] I
[bridge:uart->host] T
[bridge:uart->host] -
[bridge:uart->host] D
[bridge:uart->host] R
[bridge:uart->host] A
[bridge:uart->host] W
[bridge:uart->host] -
[bridge:uart->host] T
[bridge:uart->host] E
[bridge:uart->host] X
[bridge:uart->host] T
[bridge:uart->host]  
[bridge:uart->host] E
[bridge:uart->host] D
[bridge:uart->host] I
[bridge:uart->host] T
[bridge:uart->host] -
[bridge:uart->host] D
[bridge:uart->host] R
[bridge:uart->host] A
[bridge:uart->host] W
[bridge:uart->host] -
[bridge:uart->host] R
[bridge:uart->host] O
[bridge:uart->host] W
[bridge:uart->host]  
[bridge:uart->host] E
[bridge:uart->host] D
[bridge:uart->host] I
[bridge:uart->host] T
[bridge:uart->host] -
[bridge:uart->host] .
[bridge:uart->host] M
[bridge:uart->host] S
[bridge:uart->host] G
[bridge:uart->host]  
[bridge:uart->host] E
[bridge:uart->host] D
[bridge:uart->host] I
[bridge:uart->host] T
[bridge:uart->host] -
[bridge:uart->host] S
[bridge:uart->host] A
[bridge:uart->host] V
[bridge:uart->host] E
[bridge:uart->host]  
[bridge:uart->host] E
[bridge:uart->host] D
[bridge:uart->host] I
[bridge:uart->host] T
[bridge:uart->host] -
[bridge:uart->host] L
[bridge:uart->host] O
[bridge:uart->host] A
[bridge:uart->host] D
[bridge:uart->host]  
[bridge:uart->host] E
[bridge:uart->host] D
[bridge:uart->host] I
[bridge:uart->host] T
[bridge:uart->host] -
[bridge:uart->host] N
[bridge:uart->host] E
[bridge:uart->host] W
[bridge:uart->host]  
[bridge:uart->host] E
[bridge:uart->host] D
[bridge:uart->host] I
[bridge:uart->host] T
[bridge:uart->host] -
[bridge:uart->host] P
[bridge:uart->host] A
[bridge:uart->host] S
[bridge:uart->host] T
[bridge:uart->host] E
[bridge:uart->host] -
[bridge:uart->host] L
[bridge:uart->host] I
[bridge:uart->host] N
[bridge:uart->host] E
[bridge:uart->host]  
[bridge:uart->host] E
[bridge:uart->host] D
[bridge:uart->host] I
[bridge:uart->host] T
[bridge:uart->host] -
[bridge:uart->host] C
[bridge:uart->host] O
[bridge:uart->host] P
[bridge:uart->host] Y
[bridge:uart->host] -
[bridge:uart->host] L
[bridge:uart->host] I
[bridge:uart->host] N
[bridge:uart->host] E
[bridge:uart->host]  
[bridge:uart->host] E
[bridge:uart->host] D
[bridge:uart->host] I
[bridge:uart->host] T
[bridge:uart->host] -
[bridge:uart->host] D
[bridge:uart->host] E
[bridge:uart->host] L
[bridge:uart->host] E
[bridge:uart->host] T
[bridge:uart->host] E
[bridge:uart->host] -
[bridge:uart->host] L
[bridge:uart->host] I
[bridge:uart->host] N
[bridge:uart->host] E
[bridge:uart->host]  
[bridge:uart->host] E
[bridge:uart->host] D
[bridge:uart->host] I
[bridge:uart->host] T
[bridge:uart->host] -
[bridge:uart->host] B
[bridge:uart->host] A
[bridge:uart->host] C
[bridge:uart->host] K
[bridge:uart->host] S
[bridge:uart->host] P
[bridge:uart->host] A
[bridge:uart->host] C
[bridge:uart->host] E
[bridge:uart->host]  
[bridge:uart->host] E
[bridge:uart->host] D
[bridge:uart->host] I
[bridge:uart->host] T
[bridge:uart->host] -
[bridge:uart->host] S
[bridge:uart->host] P
[bridge:uart->host] L
[bridge:uart->host] I
[bridge:uart->host] T
[bridge:uart->host] -
[bridge:uart->host] L
[bridge:uart->host] I
[bridge:uart->host] N
[bridge:uart->host] E
[bridge:uart->host]  
[bridge:uart->host] E
[bridge:uart->host] D
[bridge:uart->host] I
[bridge:uart->host] T
[bridge:uart->host] -
[bridge:uart->host] D
[bridge:uart->host] E
[bridge:uart->host] L
[bridge:uart->host] E
[bridge:uart->host] T
[bridge:uart->host] E
[bridge:uart->host] -
[bridge:uart->host] C
[bridge:uart->host] H
[bridge:uart->host] A
[bridge:uart->host] R
[bridge:uart->host]  
[bridge:uart->host] E
[bridge:uart->host] D
[bridge:uart->host] I
[bridge:uart->host] T
[bridge:uart->host] -
[bridge:uart->host] J
[bridge:uart->host] O
[bridge:uart->host] I
[bridge:uart->host] N
[bridge:uart->host] -
[bridge:uart->host] N
[bridge:uart->host] E
[bridge:uart->host] X
[bridge:uart->host] T
[bridge:uart->host]  
[bridge:uart->host] E
[bridge:uart->host] D
[bridge:uart->host] I
[bridge:uart->host] T
[bridge:uart->host] -
[bridge:uart->host] I
[bridge:uart->host] N
[bridge:uart->host] S
[bridge:uart->host] E
[bridge:uart->host] R
[bridge:uart->host] T
[bridge:uart->host] -
[bridge:uart->host] C
[bridge:uart->host] H
[bridge:uart->host] A
[bridge:uart->host] R
[bridge:uart->host]  
[bridge:uart->host] E
[bridge:uart->host] D
[bridge:uart->host] I
[bridge:uart->host] T
[bridge:uart->host] -
[bridge:uart->host] O
[bridge:uart->host] V
[bridge:uart->host] E
[bridge:uart->host] R
[bridge:uart->host] W
[bridge:uart->host] R
[bridge:uart->host] I
[bridge:uart->host] T
[bridge:uart->host] E
[bridge:uart->host] -
[bridge:uart->host] C
[bridge:uart->host] H
[bridge:uart->host] A
[bridge:uart->host] R
[bridge:uart->host]  
[bridge:uart->host] E
[bridge:uart->host] D
[bridge:uart->host] I
[bridge:uart->host] T
[bridge:uart->host] -
[bridge:uart->host] S
[bridge:uart->host] E
[bridge:uart->host] T
[bridge:uart->host] -
[bridge:uart->host] M
[bridge:uart->host] O
[bridge:uart->host] D
[bridge:uart->host] I
[bridge:uart->host] F
[bridge:uart->host] I
[bridge:uart->host] E
[bridge:uart->host] D
[bridge:uart->host]  
[bridge:uart->host] E
[bridge:uart->host] D
[bridge:uart->host] I
[bridge:uart->host] T
[bridge:uart->host] -
[bridge:uart->host] P
[bridge:uart->host] A
[bridge:uart->host] G
[bridge:uart->host] E
[bridge:uart->host] -
[bridge:uart->host] D
[bridge:uart->host] O
[bridge:uart->host] W
[bridge:uart->host] N
[bridge:uart->host]  
[bridge:uart->host] E
[bridge:uart->host] D
[bridge:uart->host] I
[bridge:uart->host] T
[bridge:uart->host] -
[bridge:uart->host] P
[bridge:uart->host] A
[bridge:uart->host] G
[bridge:uart->host] E
[bridge:uart->host] -
[bridge:uart->host] U
[bridge:uart->host] P
[bridge:uart->host]  
[bridge:uart->host] E
[bridge:uart->host] D
[bridge:uart->host] I
[bridge:uart->host] T
[bridge:uart->host] -
[bridge:uart->host] M
[bridge:uart->host] O
[bridge:uart->host] V
[bridge:uart->host] E
[bridge:uart->host] -
[bridge:uart->host] E
[bridge:uart->host] N
[bridge:uart->host] D
[bridge:uart->host]  
[bridge:uart->host] E
[bridge:uart->host] D
[bridge:uart->host] I
[bridge:uart->host] T
[bridge:uart->host] -
[bridge:uart->host] M
[bridge:uart->host] O
[bridge:uart->host] V
[bridge:uart->host] E
[bridge:uart->host] -
[bridge:uart->host] H
[bridge:uart->host] O
[bridge:uart->host] M
[bridge:uart->host] E
[bridge:uart->host]  
[bridge:uart->host] E
[bridge:uart->host] D
[bridge:uart->host] I
[bridge:uart->host] T
[bridge:uart->host] -
[bridge:uart->host] M
[bridge:uart->host] O
[bridge:uart->host] V
[bridge:uart->host] E
[bridge:uart->host] -
[bridge:uart->host] R
[bridge:uart->host] I
[bridge:uart->host] G
[bridge:uart->host] H
[bridge:uart->host] T
[bridge:uart->host]  
[bridge:uart->host] E
[bridge:uart->host] D
[bridge:uart->host] I
[bridge:uart->host] T
[bridge:uart->host] -
[bridge:uart->host] M
[bridge:uart->host] O
[bridge:uart->host] V
[bridge:uart->host] E
[bridge:uart->host] -
[bridge:uart->host] L
[bridge:uart->host] E
[bridge:uart->host] F
[bridge:uart->host] T
[bridge:uart->host]  
[bridge:uart->host] E
[bridge:uart->host] D
[bridge:uart->host] I
[bridge:uart->host] T
[bridge:uart->host] -
[bridge:uart->host] M
[bridge:uart->host] O
[bridge:uart->host] V
[bridge:uart->host] E
[bridge:uart->host] -
[bridge:uart->host] D
[bridge:uart->host] O
[bridge:uart->host] W
[bridge:uart->host] N
[bridge:uart->host]  
[bridge:uart->host] E
[bridge:uart->host] D
[bridge:uart->host] I
[bridge:uart->host] T
[bridge:uart->host] -
[bridge:uart->host] M
[bridge:uart->host] O
[bridge:uart->host] V
[bridge:uart->host] E
[bridge:uart->host] -
[bridge:uart->host] U
[bridge:uart->host] P
[bridge:uart->host]  
[bridge:uart->host] E
[bridge:uart->host] D
[bridge:uart->host] I
[bridge:uart->host] T
[bridge:uart->host] -
[bridge:uart->host] E
[bridge:uart->host] N
[bridge:uart->host] S
[bridge:uart->host] U
[bridge:uart->host] R
[bridge:uart->host] E
[bridge:uart->host] -
[bridge:uart->host] V
[bridge:uart->host] I
[bridge:uart->host] S
[bridge:uart->host] I
[bridge:uart->host] B
[bridge:uart->host] L
[bridge:uart->host] E
[bridge:uart->host]  
[bridge:uart->host] E
[bridge:uart->host] D
[bridge:uart->host] I
[bridge:uart->host] T
[bridge:uart->host] -
[bridge:uart->host] E
[bridge:uart->host] X
[bridge:uart->host] T
[bridge:uart->host] E
[bridge:uart->host] N
[bridge:uart->host] D
[bridge:uart->host] -
[bridge:uart->host] C
[bridge:uart->host] U
[bridge:uart->host] R
[bridge:uart->host]  
[bridge:uart->host] E
[bridge:uart->host] D
[bridge:uart->host] I
[bridge:uart->host] T
[bridge:uart->host] -
[bridge:uart->host] T
[bridge:uart->host] R
[bridge:uart->host] I
[bridge:uart->host] M
[bridge:uart->host] -
[bridge:uart->host] L
[bridge:uart->host] E
[bridge:uart->host] N
[bridge:uart->host]  
[bridge:uart->host] E
[bridge:uart->host] D
[bridge:uart->host] I
[bridge:uart->host] T
[bridge:uart->host] -
[bridge:uart->host] D
[bridge:uart->host] O
[bridge:uart->host] N
[bridge:uart->host] E
[bridge:uart->host]  
[bridge:uart->host] E
[bridge:uart->host] D
[bridge:uart->host] I
[bridge:uart->host] T
[bridge:uart->host] -
[bridge:uart->host] I
[bridge:uart->host] N
[bridge:uart->host] I
[bridge:uart->host] T
[bridge:uart->host]  
[bridge:uart->host] E
[bridge:uart->host] D
[bridge:uart->host] I
[bridge:uart->host] T
[bridge:uart->host] -
[bridge:uart->host] R
[bridge:uart->host] E
[bridge:uart->host] S
[bridge:uart->host] E
[bridge:uart->host] T
[bridge:uart->host] -
[bridge:uart->host] B
[bridge:uart->host] U
[bridge:uart->host] F
[bridge:uart->host] F
[bridge:uart->host] E
[bridge:uart->host] R
[bridge:uart->host]  
[bridge:uart->host] E
[bridge:uart->host] D
[bridge:uart->host] I
[bridge:uart->host] T
[bridge:uart->host] -
[bridge:uart->host] U
[bridge:uart->host] N
[bridge:uart->host] L
[bridge:uart->host] I
[bridge:uart->host] N
[bridge:uart->host] K
[bridge:uart->host]  
[bridge:uart->host] E
[bridge:uart->host] D
[bridge:uart->host] I
[bridge:uart->host] T
[bridge:uart->host] -
[bridge:uart->host] L
[bridge:uart->host] I
[bridge:uart->host] N
[bridge:uart->host] K
[bridge:uart->host] -
[bridge:uart->host] A
[bridge:uart->host] F
[bridge:uart->host] T
[bridge:uart->host] E
[bridge:uart->host] R
[bridge:uart->host]  
[bridge:uart->host] E
[bridge:uart->host] D
[bridge:uart->host] I
[bridge:uart->host] T
[bridge:uart->host] -
[bridge:uart->host] F
[bridge:uart->host] R
[bridge:uart->host] E
[bridge:uart->host] E
[bridge:uart->host] -
[bridge:uart->host] L
[bridge:uart->host] I
[bridge:uart->host] N
[bridge:uart->host] E
[bridge:uart->host]  
[bridge:uart->host] E
[bridge:uart->host] D
[bridge:uart->host] -
[bridge:uart->host] A
[bridge:uart->host] L
[bridge:uart->host] L
[bridge:uart->host] O
[bridge:uart->host] C
[bridge:uart->host]  
[bridge:uart->host] E
[bridge:uart->host] D
[bridge:uart->host] I
[bridge:uart->host] T
[bridge:uart->host] -
[bridge:uart->host] C
[bridge:uart->host] L
[bridge:uart->host] E
[bridge:uart->host] A
[bridge:uart->host] R
[bridge:uart->host] -
[bridge:uart->host] L
[bridge:uart->host] I
[bridge:uart->host] N
[bridge:uart->host] E
[bridge:uart->host]  
[bridge:uart->host] E
[bridge:uart->host] D
[bridge:uart->host] I
[bridge:uart->host] T
[bridge:uart->host] -
[bridge:uart->host] C
[bridge:uart->host] O
[bridge:uart->host] L
[bridge:uart->host] !
[bridge:uart->host]  
[bridge:uart->host] E
[bridge:uart->host] D
[bridge:uart->host] I
[bridge:uart->host] T
[bridge:uart->host] -
[bridge:uart->host] L
[bridge:uart->host] I
[bridge:uart->host] N
[bridge:uart->host] E
[bridge:uart->host] -
[bridge:uart->host] C
[bridge:uart->host] O
[bridge:uart->host] U
[bridge:uart->host] N
[bridge:uart->host] T
[bridge:uart->host]  
[bridge:uart->host] E
[bridge:uart->host] D
[bridge:uart->host] I
[bridge:uart->host] T
[bridge:uart->host] -
[bridge:uart->host] C
[bridge:uart->host] U
[bridge:uart->host] R
[bridge:uart->host] -
[bridge:uart->host] A
[bridge:uart->host] D
[bridge:uart->host] D
[bridge:uart->host] R
[bridge:uart->host]  
[bridge:uart->host] E
[bridge:uart->host] D
[bridge:uart->host] I
[bridge:uart->host] T
[bridge:uart->host] -
[bridge:uart->host] C
[bridge:uart->host] U
[bridge:uart->host] R
[bridge:uart->host] -
[bridge:uart->host] L
[bridge:uart->host] E
[bridge:uart->host] N
[bridge:uart->host]  
[bridge:uart->host] E
[bridge:uart->host] D
[bridge:uart->host] I
[bridge:uart->host] T
[bridge:uart->host] -
[bridge:uart->host] M
[bridge:uart->host] S
[bridge:uart->host] G
[bridge:uart->host] !
[bridge:uart->host]  
[bridge:uart->host] E
[bridge:uart->host] D
[bridge:uart->host] I
[bridge:uart->host] T
[bridge:uart->host] -
[bridge:uart->host] P
[bridge:uart->host] A
[bridge:uart->host] T
[bridge:uart->host] H
[bridge:uart->host] !
[bridge:uart->host]  
[bridge:uart->host] E
[bridge:uart->host] D
[bridge:uart->host] I
[bridge:uart->host] T
[bridge:uart->host] -
[bridge:uart->host] P
[bridge:uart->host] A
[bridge:uart->host] T
[bridge:uart->host] H
[bridge:uart->host] $
[bridge:uart->host]  
[bridge:uart->host] E
[bridge:uart->host] D
[bridge:uart->host] I
[bridge:uart->host] T
[bridge:uart->host] -
[bridge:uart->host] C
[bridge:uart->host] L
[bridge:uart->host] I
[bridge:uart->host] P
[bridge:uart->host] -
[bridge:uart->host] B
[bridge:uart->host] U
[bridge:uart->host] F
[bridge:uart->host]  
[bridge:uart->host] E
[bridge:uart->host] D
[bridge:uart->host] I
[bridge:uart->host] T
[bridge:uart->host] -
[bridge:uart->host] P
[bridge:uart->host] A
[bridge:uart->host] T
[bridge:uart->host] H
[bridge:uart->host] -
[bridge:uart->host] B
[bridge:uart->host] U
[bridge:uart->host] F
[bridge:uart->host]  
[bridge:uart->host] E
[bridge:uart->host] D
[bridge:uart->host] I
[bridge:uart->host] T
[bridge:uart->host] -
[bridge:uart->host] L
[bridge:uart->host] I
[bridge:uart->host] N
[bridge:uart->host] E
[bridge:uart->host] -
[bridge:uart->host] A
[bridge:uart->host] D
[bridge:uart->host] D
[bridge:uart->host] R
[bridge:uart->host]  
[bridge:uart->host] E
[bridge:uart->host] D
[bridge:uart->host] I
[bridge:uart->host] T
[bridge:uart->host] -
[bridge:uart->host] L
[bridge:uart->host] I
[bridge:uart->host] N
[bridge:uart->host] E
[bridge:uart->host] -
[bridge:uart->host] L
[bridge:uart->host] E
[bridge:uart->host] N
[bridge:uart->host] !
[bridge:uart->host]  
[bridge:uart->host] E
[bridge:uart->host] D
[bridge:uart->host] I
[bridge:uart->host] T
[bridge:uart->host] -
[bridge:uart->host] L
[bridge:uart->host] I
[bridge:uart->host] N
[bridge:uart->host] E
[bridge:uart->host] -
[bridge:uart->host] L
[bridge:uart->host] E
[bridge:uart->host] N
[bridge:uart->host] @
[bridge:uart->host]  
[bridge:uart->host] E
[bridge:uart->host] D
[bridge:uart->host] I
[bridge:uart->host] T
[bridge:uart->host] -
[bridge:uart->host] L
[bridge:uart->host] I
[bridge:uart->host] N
[bridge:uart->host] E
[bridge:uart->host] -
[bridge:uart->host] T
[bridge:uart->host] E
[bridge:uart->host] X
[bridge:uart->host] T
[bridge:uart->host]  
[bridge:uart->host] E
[bridge:uart->host] D
[bridge:uart->host] I
[bridge:uart->host] T
[bridge:uart->host] -
[bridge:uart->host] L
[bridge:uart->host] I
[bridge:uart->host] N
[bridge:uart->host] E
[bridge:uart->host] -
[bridge:uart->host] F
[bridge:uart->host] L
[bridge:uart->host] A
[bridge:uart->host] G
[bridge:uart->host] S
[bridge:uart->host]  
[bridge:uart->host] E
[bridge:uart->host] D
[bridge:uart->host] I
[bridge:uart->host] T
[bridge:uart->host] -
[bridge:uart->host] L
[bridge:uart->host] I
[bridge:uart->host] N
[bridge:uart->host] E
[bridge:uart->host] -
[bridge:uart->host] L
[bridge:uart->host] E
[bridge:uart->host] N
[bridge:uart->host]  
[bridge:uart->host] E
[bridge:uart->host] D
[bridge:uart->host] I
[bridge:uart->host] T
[bridge:uart->host] -
[bridge:uart->host] L
[bridge:uart->host] I
[bridge:uart->host] N
[bridge:uart->host] E
[bridge:uart->host] -
[bridge:uart->host] P
[bridge:uart->host] R
[bridge:uart->host] E
[bridge:uart->host] V
[bridge:uart->host]  
[bridge:uart->host] E
[bridge:uart->host] D
[bridge:uart->host] I
[bridge:uart->host] T
[bridge:uart->host] -
[bridge:uart->host] L
[bridge:uart->host] I
[bridge:uart->host] N
[bridge:uart->host] E
[bridge:uart->host] -
[bridge:uart->host] N
[bridge:uart->host] E
[bridge:uart->host] X
[bridge:uart->host] T
[bridge:uart->host]  
[bridge:uart->host] E
[bridge:uart->host] T
[bridge:uart->host] 4
[bridge:uart->host]  
[bridge:uart->host] E
[bridge:uart->host] T
[bridge:uart->host] 3
[bridge:uart->host]  
[bridge:uart->host] E
[bridge:uart->host] T
[bridge:uart->host] 2
[bridge:uart->host]  
[bridge:uart->host] E
[bridge:uart->host] T
[bridge:uart->host] 1
[bridge:uart->host]  
[bridge:uart->host] E
[bridge:uart->host] D
[bridge:uart->host] I
[bridge:uart->host] T
[bridge:uart->host] -
[bridge:uart->host] C
[bridge:uart->host] L
[bridge:uart->host] I
[bridge:uart->host] P
[bridge:uart->host] -
[bridge:uart->host] B
[bridge:uart->host] U
[bridge:uart->host] F
[bridge:uart->host] #
[bridge:uart->host]  
[bridge:uart->host] E
[bridge:uart->host] D
[bridge:uart->host] I
[bridge:uart->host] T
[bridge:uart->host] -
[bridge:uart->host] C
[bridge:uart->host] L
[bridge:uart->host] I
[bridge:uart->host] P
[bridge:uart->host] -
[bridge:uart->host] L
[bridge:uart->host] E
[bridge:uart->host] N
[bridge:uart->host]  
[bridge:uart->host] E
[bridge:uart->host] D
[bridge:uart->host] I
[bridge:uart->host] T
[bridge:uart->host] -
[bridge:uart->host] P
[bridge:uart->host] A
[bridge:uart->host] T
[bridge:uart->host] H
[bridge:uart->host] -
[bridge:uart->host] B
[bridge:uart->host] U
[bridge:uart->host] F
[bridge:uart->host] #
[bridge:uart->host]  
[bridge:uart->host] E
[bridge:uart->host] D
[bridge:uart->host] I
[bridge:uart->host] T
[bridge:uart->host] -
[bridge:uart->host] P
[bridge:uart->host] A
[bridge:uart->host] T
[bridge:uart->host] H
[bridge:uart->host] -
[bridge:uart->host] L
[bridge:uart->host] E
[bridge:uart->host] N
[bridge:uart->host]  
[bridge:uart->host] E
[bridge:uart->host] D
[bridge:uart->host] I
[bridge:uart->host] T
[bridge:uart->host] -
[bridge:uart->host] M
[bridge:uart->host] S
[bridge:uart->host] G
[bridge:uart->host]  
[bridge:uart->host] E
[bridge:uart->host] D
[bridge:uart->host] I
[bridge:uart->host] T
[bridge:uart->host] -
[bridge:uart->host] R
[bridge:uart->host] U
[bridge:uart->host] N
[bridge:uart->host] N
[bridge:uart->host] I
[bridge:uart->host] N
[bridge:uart->host] G
[bridge:uart->host]  
[bridge:uart->host] E
[bridge:uart->host] D
[bridge:uart->host] I
[bridge:uart->host] T
[bridge:uart->host] -
[bridge:uart->host] I
[bridge:uart->host] N
[bridge:uart->host] S
[bridge:uart->host] E
[bridge:uart->host] R
[bridge:uart->host] T
[bridge:uart->host]  
[bridge:uart->host] E
[bridge:uart->host] D
[bridge:uart->host] I
[bridge:uart->host] T
[bridge:uart->host] -
[bridge:uart->host] M
[bridge:uart->host] O
[bridge:uart->host] D
[bridge:uart->host] I
[bridge:uart->host] F
[bridge:uart->host] I
[bridge:uart->host] E
[bridge:uart->host] D
[bridge:uart->host]  
[bridge:uart->host] E
[bridge:uart->host] D
[bridge:uart->host] I
[bridge:uart->host] T
[bridge:uart->host] -
[bridge:uart->host] P
[bridge:uart->host] R
[bridge:uart->host] E
[bridge:uart->host] F
[bridge:uart->host]  
[bridge:uart->host] E
[bridge:uart->host] D
[bridge:uart->host] I
[bridge:uart->host] T
[bridge:uart->host] -
[bridge:uart->host] C
[bridge:uart->host] O
[bridge:uart->host] L
[bridge:uart->host]  
[bridge:uart->host] E
[bridge:uart->host] D
[bridge:uart->host] I
[bridge:uart->host] T
[bridge:uart->host] -
[bridge:uart->host] T
[bridge:uart->host] O
[bridge:uart->host] P
[bridge:uart->host] #
[bridge:uart->host]  
[bridge:uart->host] E
[bridge:uart->host] D
[bridge:uart->host] I
[bridge:uart->host] T
[bridge:uart->host] -
[bridge:uart->host] C
[bridge:uart->host] U
[bridge:uart->host] R
[bridge:uart->host] #
[bridge:uart->host]  
[bridge:uart->host] E
[bridge:uart->host] D
[bridge:uart->host] I
[bridge:uart->host] T
[bridge:uart->host] -
[bridge:uart->host] L
[bridge:uart->host] I
[bridge:uart->host] N
[bridge:uart->host] E
[bridge:uart->host] S
[bridge:uart->host]  
[bridge:uart->host] E
[bridge:uart->host] D
[bridge:uart->host] I
[bridge:uart->host] T
[bridge:uart->host] -
[bridge:uart->host] T
[bridge:uart->host] O
[bridge:uart->host] P
[bridge:uart->host]  
[bridge:uart->host] E
[bridge:uart->host] D
[bridge:uart->host] I
[bridge:uart->host] T
[bridge:uart->host] -
[bridge:uart->host] C
[bridge:uart->host] U
[bridge:uart->host] R
[bridge:uart->host]  
[bridge:uart->host] E
[bridge:uart->host] D
[bridge:uart->host] I
[bridge:uart->host] T
[bridge:uart->host] -
[bridge:uart->host] T
[bridge:uart->host] A
[bridge:uart->host] I
[bridge:uart->host] L
[bridge:uart->host]  
[bridge:uart->host] E
[bridge:uart->host] D
[bridge:uart->host] I
[bridge:uart->host] T
[bridge:uart->host] -
[bridge:uart->host] H
[bridge:uart->host] E
[bridge:uart->host] A
[bridge:uart->host] D
[bridge:uart->host]  
[bridge:uart->host] E
[bridge:uart->host] D
[bridge:uart->host] I
[bridge:uart->host] T
[bridge:uart->host] -
[bridge:uart->host] F
[bridge:uart->host] R
[bridge:uart->host] E
[bridge:uart->host] E
[bridge:uart->host]  
[bridge:uart->host] E
[bridge:uart->host] D
[bridge:uart->host] I
[bridge:uart->host] T
[bridge:uart->host] -
[bridge:uart->host] L
[bridge:uart->host] I
[bridge:uart->host] M
[bridge:uart->host] I
[bridge:uart->host] T
[bridge:uart->host]  
[bridge:uart->host] E
[bridge:uart->host] D
[bridge:uart->host] I
[bridge:uart->host] T
[bridge:uart->host] -
[bridge:uart->host] H
[bridge:uart->host] E
[bridge:uart->host] R
[bridge:uart->host] E
[bridge:uart->host]  
[bridge:uart->host] E
[bridge:uart->host] D
[bridge:uart->host] I
[bridge:uart->host] T
[bridge:uart->host] -
[bridge:uart->host] B
[bridge:uart->host] A
[bridge:uart->host] S
[bridge:uart->host] E
[bridge:uart->host]  
[bridge:uart->host] E
[bridge:uart->host] D
[bridge:uart->host] I
[bridge:uart->host] T
[bridge:uart->host] -
[bridge:uart->host] M
[bridge:uart->host] A
[bridge:uart->host] R
[bridge:uart->host] K
[bridge:uart->host]  
[bridge:uart->host] E
[bridge:uart->host] D
[bridge:uart->host] I
[bridge:uart->host] T
[bridge:uart->host] -
[bridge:uart->host] P
[bridge:uart->host] A
[bridge:uart->host] T
[bridge:uart->host] H
[bridge:uart->host] -
[bridge:uart->host] S
[bridge:uart->host] I
[bridge:uart->host] Z
[bridge:uart->host] E
[bridge:uart->host]  
[bridge:uart->host] E
[bridge:uart->host] D
[bridge:uart->host] I
[bridge:uart->host] T
[bridge:uart->host] -
[bridge:uart->host] U
[bridge:uart->host] S
[bridge:uart->host] E
[bridge:uart->host] R
[bridge:uart->host] -
[bridge:uart->host] O
[bridge:uart->host] F
[bridge:uart->host] F
[bridge:uart->host] S
[bridge:uart->host] E
[bridge:uart->host] T
[bridge:uart->host]  
[bridge:uart->host] E
[bridge:uart->host] D
[bridge:uart->host] I
[bridge:uart->host] T
[bridge:uart->host] -
[bridge:uart->host] M
[bridge:uart->host] S
[bridge:uart->host] G
[bridge:uart->host] -
[bridge:uart->host] U
[bridge:uart->host] N
[bridge:uart->host] S
[bridge:uart->host] U
[bridge:uart->host] P
[bridge:uart->host]  
[bridge:uart->host] E
[bridge:uart->host] D
[bridge:uart->host] I
[bridge:uart->host] T
[bridge:uart->host] -
[bridge:uart->host] M
[bridge:uart->host] S
[bridge:uart->host] G
[bridge:uart->host] -
[bridge:uart->host] N
[bridge:uart->host] A
[bridge:uart->host] M
[bridge:uart->host] E
[bridge:uart->host]  
[bridge:uart->host] E
[bridge:uart->host] D
[bridge:uart->host] I
[bridge:uart->host] T
[bridge:uart->host] -
[bridge:uart->host] M
[bridge:uart->host] S
[bridge:uart->host] G
[bridge:uart->host] -
[bridge:uart->host] N
[bridge:uart->host] E
[bridge:uart->host] W
[bridge:uart->host]  
[bridge:uart->host] E
[bridge:uart->host] D
[bridge:uart->host] I
[bridge:uart->host] T
[bridge:uart->host] -
[bridge:uart->host] M
[bridge:uart->host] S
[bridge:uart->host] G
[bridge:uart->host] -
[bridge:uart->host] W
[bridge:uart->host] R
[bridge:uart->host] I
[bridge:uart->host] T
[bridge:uart->host] E
[bridge:uart->host]  
[bridge:uart->host] E
[bridge:uart->host] D
[bridge:uart->host] I
[bridge:uart->host] T
[bridge:uart->host] -
[bridge:uart->host] M
[bridge:uart->host] S
[bridge:uart->host] G
[bridge:uart->host] -
[bridge:uart->host] R
[bridge:uart->host] E
[bridge:uart->host] A
[bridge:uart->host] D
[bridge:uart->host]  
[bridge:uart->host] E
[bridge:uart->host] D
[bridge:uart->host] I
[bridge:uart->host] T
[bridge:uart->host] -
[bridge:uart->host] M
[bridge:uart->host] S
[bridge:uart->host] G
[bridge:uart->host] -
[bridge:uart->host] O
[bridge:uart->host] P
[bridge:uart->host] E
[bridge:uart->host] N
[bridge:uart->host]  
[bridge:uart->host] E
[bridge:uart->host] D
[bridge:uart->host] I
[bridge:uart->host] T
[bridge:uart->host] -
[bridge:uart->host] M
[bridge:uart->host] S
[bridge:uart->host] G
[bridge:uart->host] -
[bridge:uart->host] L
[bridge:uart->host] O
[bridge:uart->host] N
[bridge:uart->host] G
[bridge:uart->host]  
[bridge:uart->host] E
[bridge:uart->host] D
[bridge:uart->host] I
[bridge:uart->host] T
[bridge:uart->host] -
[bridge:uart->host] M
[bridge:uart->host] S
[bridge:uart->host] G
[bridge:uart->host] -
[bridge:uart->host] B
[bridge:uart->host] U
[bridge:uart->host] F
[bridge:uart->host] F
[bridge:uart->host] E
[bridge:uart->host] R
[bridge:uart->host]  
[bridge:uart->host] E
[bridge:uart->host] D
[bridge:uart->host] I
[bridge:uart->host] T
[bridge:uart->host] -
[bridge:uart->host] M
[bridge:uart->host] S
[bridge:uart->host] G
[bridge:uart->host] -
[bridge:uart->host] S
[bridge:uart->host] A
[bridge:uart->host] V
[bridge:uart->host] E
[bridge:uart->host] D
[bridge:uart->host]  
[bridge:uart->host] E
[bridge:uart->host] D
[bridge:uart->host] I
[bridge:uart->host] T
[bridge:uart->host] -
[bridge:uart->host] M
[bridge:uart->host] S
[bridge:uart->host] G
[bridge:uart->host] -
[bridge:uart->host] N
[bridge:uart->host] O
[bridge:uart->host] N
[bridge:uart->host] E
[bridge:uart->host]  
[bridge:uart->host] E
[bridge:uart->host] D
[bridge:uart->host] I
[bridge:uart->host] T
[bridge:uart->host] -
[bridge:uart->host] H
[bridge:uart->host] E
[bridge:uart->host] L
[bridge:uart->host] P
[bridge:uart->host] -
[bridge:uart->host] R
[bridge:uart->host] O
[bridge:uart->host] W
[bridge:uart->host]  
[bridge:uart->host] E
[bridge:uart->host] D
[bridge:uart->host] I
[bridge:uart->host] T
[bridge:uart->host] -
[bridge:uart->host] S
[bridge:uart->host] T
[bridge:uart->host] A
[bridge:uart->host] T
[bridge:uart->host] U
[bridge:uart->host] S
[bridge:uart->host] -
[bridge:uart->host] R
[bridge:uart->host] O
[bridge:uart->host] W
[bridge:uart->host]  
[bridge:uart->host] E
[bridge:uart->host] D
[bridge:uart->host] I
[bridge:uart->host] T
[bridge:uart->host] -
[bridge:uart->host] T
[bridge:uart->host] E
[bridge:uart->host] X
[bridge:uart->host] T
[bridge:uart->host] -
[bridge:uart->host] H
[bridge:uart->host]  
[bridge:uart->host] E
[bridge:uart->host] D
[bridge:uart->host] I
[bridge:uart->host] T
[bridge:uart->host] -
[bridge:uart->host] T
[bridge:uart->host] E
[bridge:uart->host] X
[bridge:uart->host] T
[bridge:uart->host] -
[bridge:uart->host] W
[bridge:uart->host]  
[bridge:uart->host] E
[bridge:uart->host] D
[bridge:uart->host] I
[bridge:uart->host] T
[bridge:uart->host] -
[bridge:uart->host] A
[bridge:uart->host] R
[bridge:uart->host] E
[bridge:uart->host] N
[bridge:uart->host] A
[bridge:uart->host] -
[bridge:uart->host] S
[bridge:uart->host] I
[bridge:uart->host] Z
[bridge:uart->host] E
[bridge:uart->host]  
[bridge:uart->host] E
[bridge:uart->host] D
[bridge:uart->host] I
[bridge:uart->host] T
[bridge:uart->host] -
[bridge:uart->host] R
[bridge:uart->host] E
[bridge:uart->host] C
[bridge:uart->host] -
[bridge:uart->host] S
[bridge:uart->host] I
[bridge:uart->host] Z
[bridge:uart->host] E
[bridge:uart->host]  
[bridge:uart->host] E
[bridge:uart->host] D
[bridge:uart->host] I
[bridge:uart->host] T
[bridge:uart->host] -
[bridge:uart->host] L
[bridge:uart->host] I
[bridge:uart->host] N
[bridge:uart->host] E
[bridge:uart->host] -
[bridge:uart->host] C
[bridge:uart->host] A
[bridge:uart->host] P
[bridge:uart->host]  
[bridge:uart->host] E
[bridge:uart->host] X
[bridge:uart->host] P
[bridge:uart->host] 2
[bridge:uart->host]  
[bridge:uart->host] E
[bridge:uart->host] X
[bridge:uart->host] P
[bridge:uart->host] 2
[bridge:uart->host] -
[bridge:uart->host] F
[bridge:uart->host] R
[bridge:uart->host] A
[bridge:uart->host] C
[bridge:uart->host]  
[bridge:uart->host] E
[bridge:uart->host] M
[bridge:uart->host] I
[bridge:uart->host] T
[bridge:uart->host] -
[bridge:uart->host] I
[bridge:uart->host] M
[bridge:uart->host] A
[bridge:uart->host] G
[bridge:uart->host] E
[bridge:uart->host]  
[bridge:uart->host] E
[bridge:uart->host] S
[bridge:uart->host] C
[bridge:uart->host]  
[bridge:uart->host] E
[bridge:uart->host] M
[bridge:uart->host] I
[bridge:uart->host] T
[bridge:uart->host] -
[bridge:uart->host] I
[bridge:uart->host] M
[bridge:uart->host] A
[bridge:uart->host] G
[bridge:uart->host] E
[bridge:uart->host]  
[bridge:uart->host] E
[bridge:uart->host] X
[bridge:uart->host] I
[bridge:uart->host] T
[bridge:uart->host]  
[bridge:uart->host] E
[bridge:uart->host] M
[bridge:uart->host] P
[bridge:uart->host] T
[bridge:uart->host] Y
[bridge:uart->host]  
[bridge:uart->host] E
[bridge:uart->host] N
[bridge:uart->host] D
[bridge:uart->host] -
[bridge:uart->host] M
[bridge:uart->host] O
[bridge:uart->host] D
[bridge:uart->host] U
[bridge:uart->host] L
[bridge:uart->host] E
[bridge:uart->host]  
[bridge:uart->host] E
[bridge:uart->host] M
[bridge:uart->host] P
[bridge:uart->host] T
[bridge:uart->host] Y
[bridge:uart->host] ?
[bridge:uart->host]  
[bridge:uart->host] E
[bridge:uart->host] L
[bridge:uart->host] S
[bridge:uart->host] E
[bridge:uart->host]  
[bridge:uart->host] E
[bridge:uart->host] S
[bridge:uart->host] C
[bridge:uart->host] ,
[bridge:uart->host] "
[bridge:uart->host]  
[bridge:uart->host] E
[bridge:uart->host] V
[bridge:uart->host] A
[bridge:uart->host] L
[bridge:uart->host]  
[bridge:uart->host] E
[bridge:uart->host] X
[bridge:uart->host] P
[bridge:uart->host] E
[bridge:uart->host] C
[bridge:uart->host] T
[bridge:uart->host]  
[bridge:uart->host] E
[bridge:uart->host] S
[bridge:uart->host] C
[bridge:uart->host] E
[bridge:uart->host] R
[bridge:uart->host] R
[bridge:uart->host]  
[bridge:uart->host] E
[bridge:uart->host] M
[bridge:uart->host] I
[bridge:uart->host] T
[bridge:uart->host] -
[bridge:uart->host] R
[bridge:uart->host] O
[bridge:uart->host] W
[bridge:uart->host] 7
[bridge:uart->host]  
[bridge:uart->host] E
[bridge:uart->host] M
[bridge:uart->host] I
[bridge:uart->host] T
[bridge:uart->host] -
[bridge:uart->host] C
[bridge:uart->host] E
[bridge:uart->host] L
[bridge:uart->host] L
[bridge:uart->host] 7
[bridge:uart->host]  
[bridge:uart->host] E
[bridge:uart->host] M
[bridge:uart->host] I
[bridge:uart->host] T
[bridge:uart->host]  
[bridge:uart->host] E
[bridge:uart->host] K
[bridge:uart->host] E
[bridge:uart->host] Y
[bridge:uart->host]  
[bridge:uart->host] E
[bridge:uart->host] X
[bridge:uart->host] T
[bridge:uart->host] R
[bridge:uart->host] A
[bridge:uart->host] C
[bridge:uart->host] T
[bridge:uart->host]  
[bridge:uart->host] F
[bridge:uart->host] "
[bridge:uart->host]  
[bridge:uart->host] F
[bridge:uart->host] G
[bridge:uart->host] !
[bridge:uart->host]  
[bridge:uart->host] F
[bridge:uart->host] O
[bridge:uart->host] R
[bridge:uart->host] G
[bridge:uart->host] E
[bridge:uart->host] T
[bridge:uart->host]  
[bridge:uart->host] F
[bridge:uart->host] O
[bridge:uart->host] R
[bridge:uart->host]  
[bridge:uart->host] F
[bridge:uart->host] L
[bridge:uart->host] U
[bridge:uart->host] S
[bridge:uart->host] H
[bridge:uart->host] -
[bridge:uart->host] F
[bridge:uart->host] I
[bridge:uart->host] L
[bridge:uart->host] E
[bridge:uart->host]  
[bridge:uart->host] F
[bridge:uart->host] I
[bridge:uart->host] L
[bridge:uart->host] E
[bridge:uart->host] -
[bridge:uart->host] S
[bridge:uart->host] I
[bridge:uart->host] Z
[bridge:uart->host] E
[bridge:uart->host]  
[bridge:uart->host] F
[bridge:uart->host] I
[bridge:uart->host] L
[bridge:uart->host] E
[bridge:uart->host] -
[bridge:uart->host] P
[bridge:uart->host] O
[bridge:uart->host] S
[bridge:uart->host] I
[bridge:uart->host] T
[bridge:uart->host] I
[bridge:uart->host] O
[bridge:uart->host] N
[bridge:uart->host]  
[bridge:uart->host] F
[bridge:uart->host] I
[bridge:uart->host] L
[bridge:uart->host] E
[bridge:uart->host]  
[bridge:uart->host] F
[bridge:uart->host] I
[bridge:uart->host] N
[bridge:uart->host] D
[bridge:uart->host] -
[bridge:uart->host] O
[bridge:uart->host] F
[bridge:uart->host] F
[bridge:uart->host]  
[bridge:uart->host] F
[bridge:uart->host] I
[bridge:uart->host] N
[bridge:uart->host] D
[bridge:uart->host] -
[bridge:uart->host] O
[bridge:uart->host] N
[bridge:uart->host]  
[bridge:uart->host] F
[bridge:uart->host] I
[bridge:uart->host] L
[bridge:uart->host] L
[bridge:uart->host]  
[bridge:uart->host] F
[bridge:uart->host] O
[bridge:uart->host] R
[bridge:uart->host] T
[bridge:uart->host] H
[bridge:uart->host]  
[bridge:uart->host] F
[bridge:uart->host] I
[bridge:uart->host] N
[bridge:uart->host] D
[bridge:uart->host] _
[bridge:uart->host] B
[bridge:uart->host] U
[bridge:uart->host] C
[bridge:uart->host] K
[bridge:uart->host] E
[bridge:uart->host] T
[bridge:uart->host]  
[bridge:uart->host] F
[bridge:uart->host] I
[bridge:uart->host] N
[bridge:uart->host] D
[bridge:uart->host] _
[bridge:uart->host] H
[bridge:uart->host] I
[bridge:uart->host] T
[bridge:uart->host]  
[bridge:uart->host] F
[bridge:uart->host] I
[bridge:uart->host] N
[bridge:uart->host] D
[bridge:uart->host] _
[bridge:uart->host] F
[bridge:uart->host] U
[bridge:uart->host] L
[bridge:uart->host] L
[bridge:uart->host] S
[bridge:uart->host]  
[bridge:uart->host] F
[bridge:uart->host] I
[bridge:uart->host] N
[bridge:uart->host] D
[bridge:uart->host] _
[bridge:uart->host] V
[bridge:uart->host] I
[bridge:uart->host] S
[bridge:uart->host] I
[bridge:uart->host] T
[bridge:uart->host] S
[bridge:uart->host]  
[bridge:uart->host] F
[bridge:uart->host] I
[bridge:uart->host] N
[bridge:uart->host] D
[bridge:uart->host] _
[bridge:uart->host] S
[bridge:uart->host] T
[bridge:uart->host] A
[bridge:uart->host] T
[bridge:uart->host] S
[bridge:uart->host]  
[bridge:uart->host] F
[bridge:uart->host] I
[bridge:uart->host] N
[bridge:uart->host] D
[bridge:uart->host] _
[bridge:uart->host] P
[bridge:uart->host] R
[bridge:uart->host] I
[bridge:uart->host] V
[bridge:uart->host] A
[bridge:uart->host] T
[bridge:uart->host] E
[bridge:uart->host]  
[bridge:uart->host] F
[bridge:uart->host] I
[bridge:uart->host] N
[bridge:uart->host] D
[bridge:uart->host] _
[bridge:uart->host] L
[bridge:uart->host] E
[bridge:uart->host] X
[bridge:uart->host]  
[bridge:uart->host] F
[bridge:uart->host] I
[bridge:uart->host] N
[bridge:uart->host] D
[bridge:uart->host] _
[bridge:uart->host] C
[bridge:uart->host] H
[bridge:uart->host] A
[bridge:uart->host] R
[bridge:uart->host]  
[bridge:uart->host] F
[bridge:uart->host] I
[bridge:uart->host] N
[bridge:uart->host] D
[bridge:uart->host] _
[bridge:uart->host] T
[bridge:uart->host] O
[bridge:uart->host] K
[bridge:uart->host] E
[bridge:uart->host] N
[bridge:uart->host]  
[bridge:uart->host] F
[bridge:uart->host] O
[bridge:uart->host] R
[bridge:uart->host] T
[bridge:uart->host] H
[bridge:uart->host] V
[bridge:uart->host] O
[bridge:uart->host] C
[bridge:uart->host]  
[bridge:uart->host] G
[bridge:uart->host] R
[bridge:uart->host] A
[bridge:uart->host] Y
[bridge:uart->host]  
[bridge:uart->host] H
[bridge:uart->host] S
[bridge:uart->host] L
[bridge:uart->host] _
[bridge:uart->host] R
[bridge:uart->host] O
[bridge:uart->host] S
[bridge:uart->host] E
[bridge:uart->host]  
[bridge:uart->host] H
[bridge:uart->host] S
[bridge:uart->host] L
[bridge:uart->host] _
[bridge:uart->host] M
[bridge:uart->host] A
[bridge:uart->host] G
[bridge:uart->host] E
[bridge:uart->host] N
[bridge:uart->host] T
[bridge:uart->host] A
[bridge:uart->host]  
[bridge:uart->host] H
[bridge:uart->host] S
[bridge:uart->host] L
[bridge:uart->host] _
[bridge:uart->host] V
[bridge:uart->host] I
[bridge:uart->host] O
[bridge:uart->host] L
[bridge:uart->host] E
[bridge:uart->host] T
[bridge:uart->host]  
[bridge:uart->host] H
[bridge:uart->host] S
[bridge:uart->host] L
[bridge:uart->host] _
[bridge:uart->host] B
[bridge:uart->host] L
[bridge:uart->host] U
[bridge:uart->host] E
[bridge:uart->host]  
[bridge:uart->host] H
[bridge:uart->host] S
[bridge:uart->host] L
[bridge:uart->host] _
[bridge:uart->host] A
[bridge:uart->host] Z
[bridge:uart->host] U
[bridge:uart->host] R
[bridge:uart->host] E
[bridge:uart->host]  
[bridge:uart->host] H
[bridge:uart->host] S
[bridge:uart->host] L
[bridge:uart->host] _
[bridge:uart->host] C
[bridge:uart->host] Y
[bridge:uart->host] A
[bridge:uart->host] N
[bridge:uart->host]  
[bridge:uart->host] H
[bridge:uart->host] S
[bridge:uart->host] L
[bridge:uart->host] _
[bridge:uart->host] G
[bridge:uart->host] C
[bridge:uart->host] Y
[bridge:uart->host] A
[bridge:uart->host] N
[bridge:uart->host]  
[bridge:uart->host] H
[bridge:uart->host] S
[bridge:uart->host] L
[bridge:uart->host] _
[bridge:uart->host] G
[bridge:uart->host] R
[bridge:uart->host] E
[bridge:uart->host] E
[bridge:uart->host] N
[bridge:uart->host]  
[bridge:uart->host] H
[bridge:uart->host] S
[bridge:uart->host] L
[bridge:uart->host] _
[bridge:uart->host] Y
[bridge:uart->host] G
[bridge:uart->host] R
[bridge:uart->host] E
[bridge:uart->host] E
[bridge:uart->host] N
[bridge:uart->host]  
[bridge:uart->host] H
[bridge:uart->host] S
[bridge:uart->host] L
[bridge:uart->host] _
[bridge:uart->host] Y
[bridge:uart->host] E
[bridge:uart->host] L
[bridge:uart->host] L
[bridge:uart->host] O
[bridge:uart->host] W
[bridge:uart->host]  
[bridge:uart->host] H
[bridge:uart->host] S
[bridge:uart->host] L
[bridge:uart->host] _
[bridge:uart->host] O
[bridge:uart->host] R
[bridge:uart->host] A
[bridge:uart->host] N
[bridge:uart->host] G
[bridge:uart->host] E
[bridge:uart->host]  
[bridge:uart->host] H
[bridge:uart->host] S
[bridge:uart->host] L
[bridge:uart->host] _
[bridge:uart->host] R
[bridge:uart->host] E
[bridge:uart->host] D
[bridge:uart->host]  
[bridge:uart->host] H
[bridge:uart->host] -
[bridge:uart->host]  
[bridge:uart->host] H
[bridge:uart->host] +
[bridge:uart->host]  
[bridge:uart->host] H
[bridge:uart->host] @
[bridge:uart->host]  
[bridge:uart->host] H
[bridge:uart->host] S
[bridge:uart->host] L
[bridge:uart->host]  
[bridge:uart->host] H
[bridge:uart->host] O
[bridge:uart->host] M
[bridge:uart->host] E
[bridge:uart->host]  
[bridge:uart->host] H
[bridge:uart->host] A
[bridge:uart->host] N
[bridge:uart->host] D
[bridge:uart->host]  
[bridge:uart->host] H
[bridge:uart->host] E
[bridge:uart->host] X
[bridge:uart->host] ?
[bridge:uart->host]  
[bridge:uart->host] H
[bridge:uart->host] E
[bridge:uart->host] X
[bridge:uart->host]  
[bridge:uart->host] H
[bridge:uart->host] O
[bridge:uart->host] L
[bridge:uart->host] D
[bridge:uart->host]  
[bridge:uart->host] H
[bridge:uart->host] E
[bridge:uart->host] R
[bridge:uart->host] E
[bridge:uart->host]  
[bridge:uart->host] H
[bridge:uart->host] A
[bridge:uart->host] N
[bridge:uart->host] D
[bridge:uart->host] L
[bridge:uart->host] E
[bridge:uart->host] R
[bridge:uart->host]  
[bridge:uart->host] H
[bridge:uart->host] L
[bridge:uart->host] D
[bridge:uart->host]  
[bridge:uart->host] I
[bridge:uart->host] *
[bridge:uart->host] F
[bridge:uart->host]  
[bridge:uart->host] I
[bridge:uart->host] M
[bridge:uart->host] G
[bridge:uart->host] "
[bridge:uart->host]  
[bridge:uart->host] I
[bridge:uart->host] M
[bridge:uart->host] G
[bridge:uart->host] -
[bridge:uart->host] D
[bridge:uart->host] A
[bridge:uart->host] T
[bridge:uart->host] A
[bridge:uart->host]  
[bridge:uart->host] I
[bridge:uart->host] M
[bridge:uart->host] G
[bridge:uart->host] -
[bridge:uart->host] H
[bridge:uart->host] E
[bridge:uart->host] I
[bridge:uart->host] G
[bridge:uart->host] H
[bridge:uart->host] T
[bridge:uart->host]  
[bridge:uart->host] I
[bridge:uart->host] M
[bridge:uart->host] G
[bridge:uart->host] -
[bridge:uart->host] W
[bridge:uart->host] I
[bridge:uart->host] D
[bridge:uart->host] T
[bridge:uart->host] H
[bridge:uart->host]  
[bridge:uart->host] I
[bridge:uart->host] M
[bridge:uart->host] G
[bridge:uart->host] "
[bridge:uart->host]  
[bridge:uart->host] I
[bridge:uart->host] M
[bridge:uart->host] G
[bridge:uart->host] -
[bridge:uart->host] D
[bridge:uart->host] A
[bridge:uart->host] T
[bridge:uart->host] A
[bridge:uart->host]  
[bridge:uart->host] I
[bridge:uart->host] M
[bridge:uart->host] G
[bridge:uart->host] -
[bridge:uart->host] H
[bridge:uart->host] E
[bridge:uart->host] I
[bridge:uart->host] G
[bridge:uart->host] H
[bridge:uart->host] T
[bridge:uart->host]  
[bridge:uart->host] I
[bridge:uart->host] M
[bridge:uart->host] G
[bridge:uart->host] -
[bridge:uart->host] W
[bridge:uart->host] I
[bridge:uart->host] D
[bridge:uart->host] T
[bridge:uart->host] H
[bridge:uart->host]  
[bridge:uart->host] I
[bridge:uart->host] N
[bridge:uart->host] C
[bridge:uart->host]  
[bridge:uart->host] I
[bridge:uart->host] M
[bridge:uart->host] M
[bridge:uart->host] E
[bridge:uart->host] D
[bridge:uart->host] I
[bridge:uart->host] A
[bridge:uart->host] T
[bridge:uart->host] E
[bridge:uart->host]  
[bridge:uart->host] I
[bridge:uart->host] F
[bridge:uart->host]  
[bridge:uart->host] I
[bridge:uart->host] N
[bridge:uart->host] C
[bridge:uart->host] L
[bridge:uart->host] U
[bridge:uart->host] D
[bridge:uart->host] E
[bridge:uart->host] D
[bridge:uart->host]  
[bridge:uart->host] I
[bridge:uart->host] N
[bridge:uart->host] C
[bridge:uart->host] L
[bridge:uart->host] U
[bridge:uart->host] D
[bridge:uart->host] E
[bridge:uart->host] -
[bridge:uart->host] F
[bridge:uart->host] I
[bridge:uart->host] L
[bridge:uart->host] E
[bridge:uart->host]  
[bridge:uart->host] I
[bridge:uart->host] M
[bridge:uart->host] G
[bridge:uart->host] -
[bridge:uart->host] C
[bridge:uart->host] H
[bridge:uart->host] E
[bridge:uart->host] C
[bridge:uart->host] K
[bridge:uart->host]  
[bridge:uart->host] I
[bridge:uart->host] M
[bridge:uart->host] G
[bridge:uart->host] E
[bridge:uart->host] R
[bridge:uart->host] R
[bridge:uart->host]  
[bridge:uart->host] I
[bridge:uart->host] M
[bridge:uart->host] G
[bridge:uart->host] W
[bridge:uart->host]  
[bridge:uart->host] I
[bridge:uart->host] M
[bridge:uart->host] G
[bridge:uart->host] -
[bridge:uart->host] C
[bridge:uart->host] E
[bridge:uart->host] L
[bridge:uart->host] L
[bridge:uart->host] S
[bridge:uart->host]  
[bridge:uart->host] K
[bridge:uart->host] E
[bridge:uart->host] Y
[bridge:uart->host] _
[bridge:uart->host] F
[bridge:uart->host] 1
[bridge:uart->host] 0
[bridge:uart->host]  
[bridge:uart->host] K
[bridge:uart->host] E
[bridge:uart->host] Y
[bridge:uart->host] _
[bridge:uart->host] F
[bridge:uart->host] 9
[bridge:uart->host]  
[bridge:uart->host] K
[bridge:uart->host] E
[bridge:uart->host] Y
[bridge:uart->host] _
[bridge:uart->host] F
[bridge:uart->host] 8
[bridge:uart->host]  
[bridge:uart->host] K
[bridge:uart->host] E
[bridge:uart->host] Y
[bridge:uart->host] _
[bridge:uart->host] F
[bridge:uart->host] 7
[bridge:uart->host]  
[bridge:uart->host] K
[bridge:uart->host] E
[bridge:uart->host] Y
[bridge:uart->host] _
[bridge:uart->host] F
[bridge:uart->host] 6
[bridge:uart->host]  
[bridge:uart->host] K
[bridge:uart->host] E
[bridge:uart->host] Y
[bridge:uart->host] _
[bridge:uart->host] F
[bridge:uart->host] 5
[bridge:uart->host]  
[bridge:uart->host] K
[bridge:uart->host] E
[bridge:uart->host] Y
[bridge:uart->host] _
[bridge:uart->host] F
[bridge:uart->host] 4
[bridge:uart->host]  
[bridge:uart->host] K
[bridge:uart->host] E
[bridge:uart->host] Y
[bridge:uart->host] _
[bridge:uart->host] F
[bridge:uart->host] 3
[bridge:uart->host]  
[bridge:uart->host] K
[bridge:uart->host] E
[bridge:uart->host] Y
[bridge:uart->host] _
[bridge:uart->host] F
[bridge:uart->host] 2
[bridge:uart->host]  
[bridge:uart->host] K
[bridge:uart->host] E
[bridge:uart->host] Y
[bridge:uart->host] _
[bridge:uart->host] F
[bridge:uart->host] 1
[bridge:uart->host]  
[bridge:uart->host] K
[bridge:uart->host] E
[bridge:uart->host] Y
[bridge:uart->host] _
[bridge:uart->host] E
[bridge:uart->host] N
[bridge:uart->host] T
[bridge:uart->host] E
[bridge:uart->host] R
[bridge:uart->host]  
[bridge:uart->host] K
[bridge:uart->host] E
[bridge:uart->host] Y
[bridge:uart->host] _
[bridge:uart->host] B
[bridge:uart->host] A
[bridge:uart->host] C
[bridge:uart->host] K
[bridge:uart->host] S
[bridge:uart->host] P
[bridge:uart->host] A
[bridge:uart->host] C
[bridge:uart->host] E
[bridge:uart->host]  
[bridge:uart->host] K
[bridge:uart->host] E
[bridge:uart->host] Y
[bridge:uart->host] _
[bridge:uart->host] D
[bridge:uart->host] E
[bridge:uart->host] L
[bridge:uart->host]  
[bridge:uart->host] K
[bridge:uart->host] E
[bridge:uart->host] Y
[bridge:uart->host] _
[bridge:uart->host] I
[bridge:uart->host] N
[bridge:uart->host] S
[bridge:uart->host]  
[bridge:uart->host] K
[bridge:uart->host] E
[bridge:uart->host] Y
[bridge:uart->host] _
[bridge:uart->host] P
[bridge:uart->host] G
[bridge:uart->host] D
[bridge:uart->host] N
[bridge:uart->host]  
[bridge:uart->host] K
[bridge:uart->host] E
[bridge:uart->host] Y
[bridge:uart->host] _
[bridge:uart->host] P
[bridge:uart->host] G
[bridge:uart->host] U
[bridge:uart->host] P
[bridge:uart->host]  
[bridge:uart->host] K
[bridge:uart->host] E
[bridge:uart->host] Y
[bridge:uart->host] _
[bridge:uart->host] E
[bridge:uart->host] N
[bridge:uart->host] D
[bridge:uart->host]  
[bridge:uart->host] K
[bridge:uart->host] E
[bridge:uart->host] Y
[bridge:uart->host] _
[bridge:uart->host] H
[bridge:uart->host] O
[bridge:uart->host] M
[bridge:uart->host] E
[bridge:uart->host]  
[bridge:uart->host] K
[bridge:uart->host] E
[bridge:uart->host] Y
[bridge:uart->host] _
[bridge:uart->host] R
[bridge:uart->host] I
[bridge:uart->host] G
[bridge:uart->host] H
[bridge:uart->host] T
[bridge:uart->host]  
[bridge:uart->host] K
[bridge:uart->host] E
[bridge:uart->host] Y
[bridge:uart->host] _
[bridge:uart->host] L
[bridge:uart->host] E
[bridge:uart->host] F
[bridge:uart->host] T
[bridge:uart->host]  
[bridge:uart->host] K
[bridge:uart->host] E
[bridge:uart->host] Y
[bridge:uart->host] _
[bridge:uart->host] D
[bridge:uart->host] O
[bridge:uart->host] W
[bridge:uart->host] N
[bridge:uart->host]  
[bridge:uart->host] K
[bridge:uart->host] E
[bridge:uart->host] Y
[bridge:uart->host] _
[bridge:uart->host] U
[bridge:uart->host] P
[bridge:uart->host]  
[bridge:uart->host] K
[bridge:uart->host] E
[bridge:uart->host] Y
[bridge:uart->host]  
[bridge:uart->host] L
[bridge:uart->host] O
[bridge:uart->host] G
[bridge:uart->host] 2
[bridge:uart->host]  
[bridge:uart->host] L
[bridge:uart->host] O
[bridge:uart->host] G
[bridge:uart->host] 2
[bridge:uart->host] -
[bridge:uart->host] F
[bridge:uart->host] R
[bridge:uart->host] A
[bridge:uart->host] C
[bridge:uart->host]  
[bridge:uart->host] L
[bridge:uart->host] O
[bridge:uart->host] G
[bridge:uart->host] 2
[bridge:uart->host] -
[bridge:uart->host] N
[bridge:uart->host] O
[bridge:uart->host] R
[bridge:uart->host] M
[bridge:uart->host]  
[bridge:uart->host] L
[bridge:uart->host] I
[bridge:uart->host] G
[bridge:uart->host] H
[bridge:uart->host] T
[bridge:uart->host] E
[bridge:uart->host] R
[bridge:uart->host]  
[bridge:uart->host] L
[bridge:uart->host] -
[bridge:uart->host]  
[bridge:uart->host] L
[bridge:uart->host] +
[bridge:uart->host]  
[bridge:uart->host] L
[bridge:uart->host] @
[bridge:uart->host]  
[bridge:uart->host] L
[bridge:uart->host] E
[bridge:uart->host] F
[bridge:uart->host] T
[bridge:uart->host]  
[bridge:uart->host] L
[bridge:uart->host] E
[bridge:uart->host] N
[bridge:uart->host]  
[bridge:uart->host] L
[bridge:uart->host] I
[bridge:uart->host] T
[bridge:uart->host] E
[bridge:uart->host] R
[bridge:uart->host] A
[bridge:uart->host] L
[bridge:uart->host]  
[bridge:uart->host] L
[bridge:uart->host] A
[bridge:uart->host] S
[bridge:uart->host] T
[bridge:uart->host]  
[bridge:uart->host] L
[bridge:uart->host] P
[bridge:uart->host]  
[bridge:uart->host] M
[bridge:uart->host] U
[bridge:uart->host] L
[bridge:uart->host] _
[bridge:uart->host] S
[bridge:uart->host] T
[bridge:uart->host] E
[bridge:uart->host] P
[bridge:uart->host] _
[bridge:uart->host] A
[bridge:uart->host] C
[bridge:uart->host] C
[bridge:uart->host]  
[bridge:uart->host] M
[bridge:uart->host] U
[bridge:uart->host] L
[bridge:uart->host] _
[bridge:uart->host] S
[bridge:uart->host] E
[bridge:uart->host] T
[bridge:uart->host] U
[bridge:uart->host] P
[bridge:uart->host]  
[bridge:uart->host] M
[bridge:uart->host] O
[bridge:uart->host] V
[bridge:uart->host] E
[bridge:uart->host]  
[bridge:uart->host] M
[bridge:uart->host] O
[bridge:uart->host] D
[bridge:uart->host] U
[bridge:uart->host] L
[bridge:uart->host] E
[bridge:uart->host]  
[bridge:uart->host] M
[bridge:uart->host] A
[bridge:uart->host] R
[bridge:uart->host] K
[bridge:uart->host] E
[bridge:uart->host] R
[bridge:uart->host]  
[bridge:uart->host] M
[bridge:uart->host] A
[bridge:uart->host] T
[bridge:uart->host] C
[bridge:uart->host] H
[bridge:uart->host] ?
[bridge:uart->host]  
[bridge:uart->host] M
[bridge:uart->host] *
[bridge:uart->host]  
[bridge:uart->host] M
[bridge:uart->host] O
[bridge:uart->host] D
[bridge:uart->host]  
[bridge:uart->host] M
[bridge:uart->host] /
[bridge:uart->host] M
[bridge:uart->host] O
[bridge:uart->host] D
[bridge:uart->host]  
[bridge:uart->host] M
[bridge:uart->host] I
[bridge:uart->host] N
[bridge:uart->host]  
[bridge:uart->host] M
[bridge:uart->host] A
[bridge:uart->host] X
[bridge:uart->host]  
[bridge:uart->host] N
[bridge:uart->host] E
[bridge:uart->host] W
[bridge:uart->host] -
[bridge:uart->host] E
[bridge:uart->host] D
[bridge:uart->host] I
[bridge:uart->host] T
[bridge:uart->host]  
[bridge:uart->host] N
[bridge:uart->host] E
[bridge:uart->host] U
[bridge:uart->host] T
[bridge:uart->host] R
[bridge:uart->host] A
[bridge:uart->host] L
[bridge:uart->host] ?
[bridge:uart->host]  
[bridge:uart->host] N
[bridge:uart->host] O
[bridge:uart->host] R
[bridge:uart->host] M
[bridge:uart->host] A
[bridge:uart->host] L
[bridge:uart->host]  
[bridge:uart->host] N
[bridge:uart->host] E
[bridge:uart->host] G
[bridge:uart->host] A
[bridge:uart->host] T
[bridge:uart->host] E
[bridge:uart->host]  
[bridge:uart->host] N
[bridge:uart->host] O
[bridge:uart->host] T
[bridge:uart->host]  
[bridge:uart->host] N
[bridge:uart->host] E
[bridge:uart->host] X
[bridge:uart->host] T
[bridge:uart->host]  
[bridge:uart->host] N
[bridge:uart->host] A
[bridge:uart->host] M
[bridge:uart->host] E
[bridge:uart->host] >
[bridge:uart->host]  
[bridge:uart->host] N
[bridge:uart->host] U
[bridge:uart->host] F
[bridge:uart->host] ?
[bridge:uart->host]  
[bridge:uart->host] N
[bridge:uart->host] U
[bridge:uart->host] M
[bridge:uart->host] B
[bridge:uart->host] E
[bridge:uart->host] R
[bridge:uart->host] ?
[bridge:uart->host]  
[bridge:uart->host] O
[bridge:uart->host] R
[bridge:uart->host]  
[bridge:uart->host] O
[bridge:uart->host] V
[bridge:uart->host] E
[bridge:uart->host] R
[bridge:uart->host]  
[bridge:uart->host] O
[bridge:uart->host] P
[bridge:uart->host] E
[bridge:uart->host] N
[bridge:uart->host] -
[bridge:uart->host] F
[bridge:uart->host] I
[bridge:uart->host] L
[bridge:uart->host] E
[bridge:uart->host]  
[bridge:uart->host] P
[bridge:uart->host] R
[bridge:uart->host] I
[bridge:uart->host] V
[bridge:uart->host] A
[bridge:uart->host] T
[bridge:uart->host] E
[bridge:uart->host]  
[bridge:uart->host] P
[bridge:uart->host] R
[bridge:uart->host] E
[bridge:uart->host] P
[bridge:uart->host] E
[bridge:uart->host] N
[bridge:uart->host] D
[bridge:uart->host]  
[bridge:uart->host] P
[bridge:uart->host] R
[bridge:uart->host] E
[bridge:uart->host] S
[bridge:uart->host] E
[bridge:uart->host] T
[bridge:uart->host]  
[bridge:uart->host] P
[bridge:uart->host] R
[bridge:uart->host] O
[bridge:uart->host] F
[bridge:uart->host] I
[bridge:uart->host] L
[bridge:uart->host] E
[bridge:uart->host] -
[bridge:uart->host] F
[bridge:uart->host] I
[bridge:uart->host] N
[bridge:uart->host] D
[bridge:uart->host]  
[bridge:uart->host] P
[bridge:uart->host] A
[bridge:uart->host] R
[bridge:uart->host] S
[bridge:uart->host] E
[bridge:uart->host]  
[bridge:uart->host] P
[bridge:uart->host] A
[bridge:uart->host] C
[bridge:uart->host] E
[bridge:uart->host]  
[bridge:uart->host] P
[bridge:uart->host] A
[bridge:uart->host] C
[bridge:uart->host] K
[bridge:uart->host] $
[bridge:uart->host]  
[bridge:uart->host] P
[bridge:uart->host] A
[bridge:uart->host] D
[bridge:uart->host]  
[bridge:uart->host] P
[bridge:uart->host] I
[bridge:uart->host] C
[bridge:uart->host] K
[bridge:uart->host]  
[bridge:uart->host] Q
[bridge:uart->host] 1
[bridge:uart->host] 5
[bridge:uart->host] >
[bridge:uart->host] R
[bridge:uart->host]  
[bridge:uart->host] Q
[bridge:uart->host] 1
[bridge:uart->host] 5
[bridge:uart->host] >
[bridge:uart->host]  
[bridge:uart->host] Q
[bridge:uart->host] U
[bridge:uart->host] I
[bridge:uart->host] T
[bridge:uart->host]  
[bridge:uart->host] Q
[bridge:uart->host] U
[bridge:uart->host] E
[bridge:uart->host] R
[bridge:uart->host] Y
[bridge:uart->host]  
[bridge:uart->host] R
[bridge:uart->host] A
[bridge:uart->host] T
[bridge:uart->host] I
[bridge:uart->host] O
[bridge:uart->host] Q
[bridge:uart->host] 1
[bridge:uart->host] 2
[bridge:uart->host]  
[bridge:uart->host] R
[bridge:uart->host] E
[bridge:uart->host] V
[bridge:uart->host] E
[bridge:uart->host] R
[bridge:uart->host] S
[bridge:uart->host] E
[bridge:uart->host]  
[bridge:uart->host] R
[bridge:uart->host] E
[bridge:uart->host] S
[bridge:uart->host] T
[bridge:uart->host] O
[bridge:uart->host] R
[bridge:uart->host] E
[bridge:uart->host] -
[bridge:uart->host] C
[bridge:uart->host] U
[bridge:uart->host] R
[bridge:uart->host] S
[bridge:uart->host] O
[bridge:uart->host] R
[bridge:uart->host]  
[bridge:uart->host] R
[bridge:uart->host] @
[bridge:uart->host]  
[bridge:uart->host] R
[bridge:uart->host] >
[bridge:uart->host]  
[bridge:uart->host] R
[bridge:uart->host] P
[bridge:uart->host] @
[bridge:uart->host]  
[bridge:uart->host] R
[bridge:uart->host] P
[bridge:uart->host] !
[bridge:uart->host]  
[bridge:uart->host] R
[bridge:uart->host] I
[bridge:uart->host] G
[bridge:uart->host] H
[bridge:uart->host] T
[bridge:uart->host]  
[bridge:uart->host] R
[bridge:uart->host] E
[bridge:uart->host] P
[bridge:uart->host] E
[bridge:uart->host] A
[bridge:uart->host] T
[bridge:uart->host]  
[bridge:uart->host] R
[bridge:uart->host] E
[bridge:uart->host] C
[bridge:uart->host] U
[bridge:uart->host] R
[bridge:uart->host] S
[bridge:uart->host] E
[bridge:uart->host]  
[bridge:uart->host] R
[bridge:uart->host] E
[bridge:uart->host] N
[bridge:uart->host] A
[bridge:uart->host] M
[bridge:uart->host] E
[bridge:uart->host] -
[bridge:uart->host] F
[bridge:uart->host] I
[bridge:uart->host] L
[bridge:uart->host] E
[bridge:uart->host]  
[bridge:uart->host] R
[bridge:uart->host] E
[bridge:uart->host] P
[bridge:uart->host] O
[bridge:uart->host] S
[bridge:uart->host] I
[bridge:uart->host] T
[bridge:uart->host] I
[bridge:uart->host] O
[bridge:uart->host] N
[bridge:uart->host] -
[bridge:uart->host] F
[bridge:uart->host] I
[bridge:uart->host] L
[bridge:uart->host] E
[bridge:uart->host]  
[bridge:uart->host] R
[bridge:uart->host] E
[bridge:uart->host] A
[bridge:uart->host] D
[bridge:uart->host] -
[bridge:uart->host] L
[bridge:uart->host] I
[bridge:uart->host] N
[bridge:uart->host] E
[bridge:uart->host]  
[bridge:uart->host] R
[bridge:uart->host] /
[bridge:uart->host] W
[bridge:uart->host]  
[bridge:uart->host] R
[bridge:uart->host] /
[bridge:uart->host] O
[bridge:uart->host]  
[bridge:uart->host] R
[bridge:uart->host] O
[bridge:uart->host] T
[bridge:uart->host]  
[bridge:uart->host] R
[bridge:uart->host] P
[bridge:uart->host] 0
[bridge:uart->host]  
[bridge:uart->host] S
[bridge:uart->host] Q
[bridge:uart->host] R
[bridge:uart->host] T
[bridge:uart->host]  
[bridge:uart->host] S
[bridge:uart->host] I
[bridge:uart->host] N
[bridge:uart->host]  
[bridge:uart->host] S
[bridge:uart->host] I
[bridge:uart->host] N
[bridge:uart->host] Q
[bridge:uart->host]  
[bridge:uart->host] S
[bridge:uart->host] T
[bridge:uart->host] E
[bridge:uart->host] P
[bridge:uart->host] 1
[bridge:uart->host] 6
[bridge:uart->host]  
[bridge:uart->host] S
[bridge:uart->host] A
[bridge:uart->host] T
[bridge:uart->host] U
[bridge:uart->host] R
[bridge:uart->host] A
[bridge:uart->host] T
[bridge:uart->host] E
[bridge:uart->host]  
[bridge:uart->host] S
[bridge:uart->host] -
[bridge:uart->host]  
[bridge:uart->host] S
[bridge:uart->host] +
[bridge:uart->host]  
[bridge:uart->host] S
[bridge:uart->host] E
[bridge:uart->host] T
[bridge:uart->host] -
[bridge:uart->host] L
[bridge:uart->host]  
[bridge:uart->host] S
[bridge:uart->host] E
[bridge:uart->host] T
[bridge:uart->host] -
[bridge:uart->host] S
[bridge:uart->host]  
[bridge:uart->host] S
[bridge:uart->host] E
[bridge:uart->host] T
[bridge:uart->host] -
[bridge:uart->host] H
[bridge:uart->host]  
[bridge:uart->host] S
[bridge:uart->host] @
[bridge:uart->host]  
[bridge:uart->host] S
[bridge:uart->host] A
[bridge:uart->host] V
[bridge:uart->host] E
[bridge:uart->host] -
[bridge:uart->host] C
[bridge:uart->host] U
[bridge:uart->host] R
[bridge:uart->host] S
[bridge:uart->host] O
[bridge:uart->host] R
[bridge:uart->host]  
[bridge:uart->host] S
[bridge:uart->host] U
[bridge:uart->host] B
[bridge:uart->host]  
[bridge:uart->host] S
[bridge:uart->host] W
[bridge:uart->host] A
[bridge:uart->host] P
[bridge:uart->host]  
[bridge:uart->host] S
[bridge:uart->host] P
[bridge:uart->host] !
[bridge:uart->host]  
[bridge:uart->host] S
[bridge:uart->host] P
[bridge:uart->host] @
[bridge:uart->host]  
[bridge:uart->host] S
[bridge:uart->host] E
[bridge:uart->host] E
[bridge:uart->host]  
[bridge:uart->host] S
[bridge:uart->host] T
[bridge:uart->host] R
[bridge:uart->host] I
[bridge:uart->host] N
[bridge:uart->host] G
[bridge:uart->host]  
[bridge:uart->host] S
[bridge:uart->host] U
[bridge:uart->host] B
[bridge:uart->host] S
[bridge:uart->host] T
[bridge:uart->host] R
[bridge:uart->host]  
[bridge:uart->host] S
[bridge:uart->host] T
[bridge:uart->host] R
[bridge:uart->host] <
[bridge:uart->host] >
[bridge:uart->host]  
[bridge:uart->host] S
[bridge:uart->host] T
[bridge:uart->host] R
[bridge:uart->host] =
[bridge:uart->host]  
[bridge:uart->host] S
[bridge:uart->host] "
[bridge:uart->host]  
[bridge:uart->host] S
[bridge:uart->host] A
[bridge:uart->host] M
[bridge:uart->host] E
[bridge:uart->host] ?
[bridge:uart->host]  
[bridge:uart->host] S
[bridge:uart->host] P
[bridge:uart->host] A
[bridge:uart->host] C
[bridge:uart->host] E
[bridge:uart->host] S
[bridge:uart->host]  
[bridge:uart->host] S
[bridge:uart->host] P
[bridge:uart->host] A
[bridge:uart->host] C
[bridge:uart->host] E
[bridge:uart->host]  
[bridge:uart->host] S
[bridge:uart->host] I
[bridge:uart->host] G
[bridge:uart->host] N
[bridge:uart->host]  
[bridge:uart->host] S
[bridge:uart->host] T
[bridge:uart->host] A
[bridge:uart->host] T
[bridge:uart->host] E
[bridge:uart->host]  
[bridge:uart->host] S
[bridge:uart->host] P
[bridge:uart->host] A
[bridge:uart->host] N
[bridge:uart->host]  
[bridge:uart->host] S
[bridge:uart->host] T
[bridge:uart->host] R
[bridge:uart->host] X
[bridge:uart->host]  
[bridge:uart->host] S
[bridge:uart->host] P
[bridge:uart->host] 0
[bridge:uart->host]  
[bridge:uart->host] T
[bridge:uart->host] O
[bridge:uart->host] S
[bridge:uart->host] T
[bridge:uart->host] R
[bridge:uart->host] N
[bridge:uart->host]  
[bridge:uart->host] T
[bridge:uart->host] O
[bridge:uart->host] S
[bridge:uart->host] T
[bridge:uart->host] R
[bridge:uart->host]  
[bridge:uart->host] T
[bridge:uart->host] H
[bridge:uart->host] E
[bridge:uart->host] N
[bridge:uart->host]  
[bridge:uart->host] T
[bridge:uart->host] H
[bridge:uart->host] R
[bridge:uart->host] O
[bridge:uart->host] W
[bridge:uart->host]  
[bridge:uart->host] T
[bridge:uart->host] A
[bridge:uart->host] P
[bridge:uart->host]  
[bridge:uart->host] T
[bridge:uart->host] O
[bridge:uart->host] K
[bridge:uart->host] E
[bridge:uart->host] N
[bridge:uart->host]  
[bridge:uart->host] T
[bridge:uart->host] Y
[bridge:uart->host] P
[bridge:uart->host] E
[bridge:uart->host]  
[bridge:uart->host] T
[bridge:uart->host] I
[bridge:uart->host] B
[bridge:uart->host]  
[bridge:uart->host] T
[bridge:uart->host] O
[bridge:uart->host] K
[bridge:uart->host] B
[bridge:uart->host] U
[bridge:uart->host] F
[bridge:uart->host]  
[bridge:uart->host] U
[bridge:uart->host] *
[bridge:uart->host] /
[bridge:uart->host]  
[bridge:uart->host] U
[bridge:uart->host] /
[bridge:uart->host]  
[bridge:uart->host] U
[bridge:uart->host] /
[bridge:uart->host] M
[bridge:uart->host] O
[bridge:uart->host] D
[bridge:uart->host]  
[bridge:uart->host] U
[bridge:uart->host] N
[bridge:uart->host] D
[bridge:uart->host] E
[bridge:uart->host] R
[bridge:uart->host] L
[bridge:uart->host] I
[bridge:uart->host] N
[bridge:uart->host] E
[bridge:uart->host]  
[bridge:uart->host] U
[bridge:uart->host] N
[bridge:uart->host] B
[bridge:uart->host] L
[bridge:uart->host] I
[bridge:uart->host] N
[bridge:uart->host] K
[bridge:uart->host]  
[bridge:uart->host] U
[bridge:uart->host] +
[bridge:uart->host]  
[bridge:uart->host] U
[bridge:uart->host] M
[bridge:uart->host] +
[bridge:uart->host]  
[bridge:uart->host] U
[bridge:uart->host] S
[bridge:uart->host] E
[bridge:uart->host] R
[bridge:uart->host]  
[bridge:uart->host] U
[bridge:uart->host] <
[bridge:uart->host] =
[bridge:uart->host]  
[bridge:uart->host] U
[bridge:uart->host] N
[bridge:uart->host] T
[bridge:uart->host] I
[bridge:uart->host] L
[bridge:uart->host]  
[bridge:uart->host] U
[bridge:uart->host] N
[bridge:uart->host] E
[bridge:uart->host] S
[bridge:uart->host] C
[bridge:uart->host] A
[bridge:uart->host] P
[bridge:uart->host] E
[bridge:uart->host]  
[bridge:uart->host] U
[bridge:uart->host] .
[bridge:uart->host]  
[bridge:uart->host] U
[bridge:uart->host] .
[bridge:uart->host] R
[bridge:uart->host]  
[bridge:uart->host] U
[bridge:uart->host] M
[bridge:uart->host] *
[bridge:uart->host]  
[bridge:uart->host] U
[bridge:uart->host] M
[bridge:uart->host] /
[bridge:uart->host] M
[bridge:uart->host] O
[bridge:uart->host] D
[bridge:uart->host]  
[bridge:uart->host] U
[bridge:uart->host] <
[bridge:uart->host]  
[bridge:uart->host] U
[bridge:uart->host] P
[bridge:uart->host]  
[bridge:uart->host] V
[bridge:uart->host] E
[bridge:uart->host] R
[bridge:uart->host]  
[bridge:uart->host] V
[bridge:uart->host] A
[bridge:uart->host] R
[bridge:uart->host] I
[bridge:uart->host] A
[bridge:uart->host] B
[bridge:uart->host] L
[bridge:uart->host] E
[bridge:uart->host]  
[bridge:uart->host] V
[bridge:uart->host] O
[bridge:uart->host] C
[bridge:uart->host] A
[bridge:uart->host] B
[bridge:uart->host] U
[bridge:uart->host] L
[bridge:uart->host] A
[bridge:uart->host] R
[bridge:uart->host] Y
[bridge:uart->host]  
[bridge:uart->host] W
[bridge:uart->host] H
[bridge:uart->host] I
[bridge:uart->host] T
[bridge:uart->host] E
[bridge:uart->host]  
[bridge:uart->host] W
[bridge:uart->host] O
[bridge:uart->host] R
[bridge:uart->host] D
[bridge:uart->host] S
[bridge:uart->host]  
[bridge:uart->host] W
[bridge:uart->host] H
[bridge:uart->host] I
[bridge:uart->host] L
[bridge:uart->host] E
[bridge:uart->host]  
[bridge:uart->host] W
[bridge:uart->host] R
[bridge:uart->host] I
[bridge:uart->host] T
[bridge:uart->host] E
[bridge:uart->host] -
[bridge:uart->host] L
[bridge:uart->host] I
[bridge:uart->host] N
[bridge:uart->host] E
[bridge:uart->host]  
[bridge:uart->host] W
[bridge:uart->host] /
[bridge:uart->host] O
[bridge:uart->host]  
[bridge:uart->host] W
[bridge:uart->host] O
[bridge:uart->host] R
[bridge:uart->host] D
[bridge:uart->host]  
[bridge:uart->host] W
[bridge:uart->host] I
[bridge:uart->host] T
[bridge:uart->host] H
[bridge:uart->host] I
[bridge:uart->host] N
[bridge:uart->host]  
[bridge:uart->host] X
[bridge:uart->host] C
[bridge:uart->host] O
[bridge:uart->host] M
[bridge:uart->host] P
[bridge:uart->host]  
[bridge:uart->host] X
[bridge:uart->host] O
[bridge:uart->host] R
[bridge:uart->host]  
[bridge:uart->host] Y
[bridge:uart->host] C
[bridge:uart->host] O
[bridge:uart->host] M
[bridge:uart->host] P
[bridge:uart->host]  
[bridge:uart->host] Z
[bridge:uart->host] E
[bridge:uart->host] R
[bridge:uart->host] O
[bridge:uart->host]  
[bridge:uart->host] [
[bridge:uart->host] C
[bridge:uart->host] H
[bridge:uart->host] A
[bridge:uart->host] R
[bridge:uart->host] ]
[bridge:uart->host]  
[bridge:uart->host] [
[bridge:uart->host] C
[bridge:uart->host] O
[bridge:uart->host] M
[bridge:uart->host] P
[bridge:uart->host] I
[bridge:uart->host] L
[bridge:uart->host] E
[bridge:uart->host] ]
[bridge:uart->host]  
[bridge:uart->host] [
[bridge:uart->host]  
[bridge:uart->host] \
[bridge:uart->host]  
[bridge:uart->host] ]
[bridge:uart->host]  
[bridge:uart->host] ^
[bridge:uart->host] H
[bridge:uart->host]  
[bridge:uart->host] _
[bridge:uart->host] T
[bridge:uart->host] Y
[bridge:uart->host] P
[bridge:uart->host] E
[bridge:uart->host]  
[bridge:uart->host] _
[bridge:uart->host] b
[bridge:uart->host] r
[bridge:uart->host] a
[bridge:uart->host] n
[bridge:uart->host] c
[bridge:uart->host] h
[bridge:uart->host]  
[bridge:uart->host] _
[bridge:uart->host] ?
[bridge:uart->host] b
[bridge:uart->host] r
[bridge:uart->host] a
[bridge:uart->host] n
[bridge:uart->host] c
[bridge:uart->host] h
[bridge:uart->host]  
[bridge:uart->host] _
[bridge:uart->host] d
[bridge:uart->host] o
[bridge:uart->host] N
[bridge:uart->host] E
[bridge:uart->host] X
[bridge:uart->host] T
[bridge:uart->host]  
[bridge:uart->host] a
[bridge:uart->host] c
[bridge:uart->host] c
[bridge:uart->host] e
[bridge:uart->host] p
[bridge:uart->host] t
[bridge:uart->host]  
[bridge:uart->host] d
[bridge:uart->host] m
[bridge:uart->host] +
[bridge:uart->host]  
[bridge:uart->host] f
[bridge:uart->host] r
[bridge:uart->host] e
[bridge:uart->host] d
[bridge:uart->host]  
[bridge:uart->host] h
[bridge:uart->host] i
[bridge:uart->host]  
[bridge:uart->host] k
[bridge:uart->host] T
[bridge:uart->host] A
[bridge:uart->host] P
[bridge:uart->host]  
[bridge:uart->host] p
[bridge:uart->host] a
[bridge:uart->host] r
[bridge:uart->host] s
[bridge:uart->host] e
[bridge:uart->host]  
[bridge:uart->host] s
[bridge:uart->host] t
[bridge:uart->host] r
[bridge:uart->host]  
[bridge:uart->host] t
[bridge:uart->host] x
[bridge:uart->host] !
[bridge:uart->host]  
[bridge:uart->host] o
[bridge:uart->host] k
[bridge:uart->host] 
[bridge:uart->host] 
[bridge:uart->host] 
[bridge:host->uart] B
[bridge:uart->host] B
[bridge:host->uart] I
[bridge:uart->host] I
[bridge:host->uart] N
[bridge:uart->host] N
[bridge:host->uart] 0
[bridge:uart->host] 0
[bridge:host->uart] 3
[bridge:uart->host] 3
[bridge:host->uart] 0
[bridge:uart->host] 0
[bridge:host->uart]  
[bridge:uart->host]  
[bridge:host->uart] C
[bridge:uart->host] C
[bridge:host->uart] O
[bridge:uart->host] O
[bridge:host->uart] S
[bridge:uart->host] S
[bridge:host->uart]  
[bridge:uart->host]  
[bridge:host->uart] 1
[bridge:uart->host] 1
[bridge:host->uart] 0
[bridge:uart->host] 0
[bridge:host->uart] 0
[bridge:uart->host] 0
[bridge:host->uart] 0
[bridge:uart->host] 0
[bridge:host->uart]  
[bridge:uart->host]  
[bridge:host->uart] I
[bridge:uart->host] I
[bridge:host->uart] *
[bridge:uart->host] *
[bridge:host->uart] F
[bridge:uart->host] F
[bridge:host->uart]  
[bridge:uart->host]  
[bridge:host->uart] .
[bridge:uart->host] .
[bridge:host->uart] 
[bridge:uart->host]  
[bridge:uart->host] B
[bridge:uart->host] I
[bridge:uart->host] N
[bridge:uart->host] 0
[bridge:uart->host] 3
[bridge:uart->host] 0
[bridge:uart->host]  
[bridge:uart->host] ?
[bridge:uart->host]  
[bridge:host->uart] 
[bridge:uart->host]  
[bridge:uart->host] o
[bridge:uart->host] k
[bridge:uart->host] 
[bridge:uart->host] 
[bridge:uart->host] 
[bridge:host->uart] 
[bridge:uart->host]  
[bridge:uart->host] o
[bridge:uart->host] k
[bridge:uart->host] 
[bridge:uart->host] 
[bridge:uart->host] 
[bridge:host->uart] B
[bridge:uart->host] B
[bridge:host->uart] 0
[bridge:uart->host] 0
[bridge:host->uart] 3
[bridge:uart->host] 3
[bridge:host->uart] 0
[bridge:uart->host] 0
[bridge:host->uart]  
[bridge:uart->host]  
[bridge:host->uart] C
[bridge:uart->host] C
[bridge:host->uart] O
[bridge:uart->host] O
[bridge:host->uart] S
[bridge:uart->host] S
[bridge:host->uart]  
[bridge:uart->host]  
[bridge:host->uart] 1
[bridge:uart->host] 1
[bridge:host->uart] 0
[bridge:uart->host] 0
[bridge:host->uart] 0
[bridge:uart->host] 0
[bridge:host->uart] 0
[bridge:uart->host] 0
[bridge:host->uart]  
[bridge:uart->host]  
[bridge:host->uart] I
[bridge:uart->host] I
[bridge:host->uart] *
[bridge:uart->host] *
[bridge:host->uart] F
[bridge:uart->host] F
[bridge:host->uart]  
[bridge:uart->host]  
[bridge:host->uart] .
[bridge:uart->host] .
[bridge:host->uart] 
[bridge:uart->host]  
[bridge:uart->host] 5
[bridge:uart->host]  
[bridge:uart->host] o
[bridge:uart->host] k
[bridge:uart->host] 
[bridge:uart->host] 
[bridge:uart->host] 
[bridge:host->uart] .
[bridge:uart->host] .
[bridge:host->uart] S
[bridge:uart->host] S
[bridge:host->uart] 
[bridge:uart->host] 
[bridge:uart->host] 
[bridge:uart->host] 
[bridge:uart->host]  
[bridge:uart->host] <
[bridge:uart->host] s
[bridge:uart->host] p
[bridge:uart->host]  
[bridge:uart->host] o
[bridge:uart->host] k
[bridge:uart->host] 
[bridge:uart->host] 
[bridge:uart->host] 
[bridge:host->uart] 8
[bridge:uart->host] 8
[bridge:host->uart] 6
[bridge:uart->host] 6
[bridge:host->uart] 6
[bridge:uart->host] 6
[bridge:host->uart] 
[bridge:uart->host]  
[bridge:uart->host] o
[bridge:uart->host] k
[bridge:uart->host] 
[bridge:uart->host] 
[bridge:uart->host] 
[bridge:host->uart] .
[bridge:uart->host] .
[bridge:host->uart] 
[bridge:uart->host]  
[bridge:uart->host] 8
[bridge:uart->host] 6
[bridge:uart->host] 6
[bridge:uart->host]  
[bridge:uart->host] o
[bridge:uart->host] k
[bridge:uart->host] 
[bridge:uart->host] 
[bridge:uart->host] 
[bridge:host->uart] B
[bridge:uart->host] B
[bridge:host->uart] 0
[bridge:uart->host] 0
[bridge:host->uart] 3
[bridge:uart->host] 3
[bridge:host->uart] 0
[bridge:uart->host] 0
[bridge:host->uart]  
[bridge:uart->host]  
[bridge:host->uart] D
[bridge:uart->host] D
[bridge:host->uart] U
[bridge:uart->host] U
[bridge:host->uart] P
[bridge:uart->host] P
[bridge:host->uart]  
[bridge:uart->host]  
[bridge:host->uart] .
[bridge:uart->host] .
[bridge:host->uart] 
[bridge:uart->host]  
[bridge:uart->host] 5
[bridge:uart->host] 4
[bridge:uart->host] 6
[bridge:uart->host] 1
[bridge:uart->host]  
[bridge:uart->host] o
[bridge:uart->host] k
[bridge:uart->host] 
[bridge:uart->host] 
[bridge:uart->host] 
[bridge:host->uart] B
[bridge:uart->host] B
[bridge:host->uart] 0
[bridge:uart->host] 0
[bridge:host->uart] 3
[bridge:uart->host] 3
[bridge:host->uart] 0
[bridge:uart->host] 0
[bridge:host->uart]  
[bridge:uart->host]  
[bridge:host->uart] C
[bridge:uart->host] C
[bridge:host->uart] O
[bridge:uart->host] O
[bridge:host->uart] S
[bridge:uart->host] S
[bridge:host->uart]  
[bridge:uart->host]  
[bridge:host->uart] D
[bridge:uart->host] D
[bridge:host->uart] U
[bridge:uart->host] U
[bridge:host->uart] P
[bridge:uart->host] P
[bridge:host->uart]  
[bridge:uart->host]  
[bridge:host->uart] .
[bridge:uart->host] .
[bridge:host->uart] 
[bridge:uart->host]  
[bridge:uart->host] 2
[bridge:uart->host] 8
[bridge:uart->host] 3
[bridge:uart->host] 1
[bridge:uart->host] 0
[bridge:uart->host]  
[bridge:uart->host] o
[bridge:uart->host] k
[bridge:uart->host] 
[bridge:uart->host] 
[bridge:uart->host] 
[bridge:host->uart] 1
[bridge:uart->host] 1
[bridge:host->uart] 0
[bridge:uart->host] 0
[bridge:host->uart] 0
[bridge:uart->host] 0
[bridge:host->uart] 0
[bridge:uart->host] 0
[bridge:host->uart] 
[bridge:uart->host]  
[bridge:uart->host] o
[bridge:uart->host] k
[bridge:uart->host] 
[bridge:uart->host] 
[bridge:uart->host] 
[bridge:host->uart] .
[bridge:uart->host] .
[bridge:host->uart] S
[bridge:uart->host] S
[bridge:host->uart] 
[bridge:uart->host] 
[bridge:uart->host] 
[bridge:uart->host] 
[bridge:uart->host]  
[bridge:uart->host] 2
[bridge:uart->host] 8
[bridge:uart->host] 3
[bridge:uart->host] 1
[bridge:uart->host] 0
[bridge:uart->host]  
[bridge:uart->host] 1
[bridge:uart->host] 0
[bridge:uart->host] 0
[bridge:uart->host] 0
[bridge:uart->host]  
[bridge:uart->host] -
[bridge:uart->host] 1
[bridge:uart->host] 6
[bridge:uart->host] 6
[bridge:uart->host] 8
[bridge:uart->host]  
[bridge:uart->host] <
[bridge:uart->host] s
[bridge:uart->host] p
[bridge:uart->host]  
[bridge:uart->host] o
[bridge:uart->host] k
[bridge:uart->host] 
[bridge:uart->host] 
[bridge:uart->host] 
[bridge:host->uart] .
[bridge:uart->host] .
[bridge:host->uart] S
[bridge:uart->host] S
[bridge:host->uart] 
[bridge:uart->host] 
[bridge:uart->host] 
[bridge:uart->host] 
[bridge:uart->host]  
[bridge:uart->host] 2
[bridge:uart->host] 8
[bridge:uart->host] 3
[bridge:uart->host] 1
[bridge:uart->host] 0
[bridge:uart->host]  
[bridge:uart->host] 1
[bridge:uart->host] 0
[bridge:uart->host] 0
[bridge:uart->host] 0
[bridge:uart->host]  
[bridge:uart->host] -
[bridge:uart->host] 1
[bridge:uart->host] 6
[bridge:uart->host] 6
[bridge:uart->host] 8
[bridge:uart->host]  
[bridge:uart->host] <
[bridge:uart->host] s
[bridge:uart->host] p
[bridge:uart->host]  
[bridge:uart->host] o
[bridge:uart->host] k
[bridge:uart->host] 
[bridge:uart->host] 
[bridge:uart->host] 
[bridge:host->uart] D
[bridge:uart->host] D
[bridge:host->uart] R
[bridge:uart->host] R
[bridge:host->uart] O
[bridge:uart->host] O
[bridge:host->uart] P
[bridge:uart->host] P
[bridge:host->uart] 
[bridge:uart->host]  
[bridge:uart->host] o
[bridge:uart->host] k
[bridge:uart->host] 
[bridge:uart->host] 
[bridge:uart->host] 
[bridge:host->uart] I
[bridge:uart->host] I
[bridge:host->uart] *
[bridge:uart->host] *
[bridge:host->uart] F
[bridge:uart->host] F
[bridge:host->uart]  
[bridge:uart->host]  
[bridge:host->uart] .
[bridge:uart->host] .
[bridge:host->uart] 
[bridge:uart->host]  
[bridge:uart->host] 8
[bridge:uart->host]  
[bridge:uart->host] o
[bridge:uart->host] k
[bridge:uart->host] 
[bridge:uart->host] 
[bridge:uart->host] 
[bridge:host->uart] .
[bridge:uart->host] .
[bridge:host->uart] S
[bridge:uart->host] S
[bridge:host->uart] 
[bridge:uart->host] 
[bridge:uart->host] 
[bridge:uart->host] 
[bridge:uart->host]  
[bridge:uart->host] <
[bridge:uart->host] s
[bridge:uart->host] p
[bridge:uart->host]  
[bridge:uart->host] o
[bridge:uart->host] k
[bridge:uart->host] 
[bridge:uart->host] 
[bridge:uart->host] 
[bridge:host->uart] B
[bridge:uart->host] B
[bridge:host->uart] 0
[bridge:uart->host] 0
[bridge:host->uart] 3
[bridge:uart->host] 3
[bridge:host->uart] 0
[bridge:uart->host] 0
[bridge:host->uart]  
[bridge:uart->host]  
[bridge:host->uart] C
[bridge:uart->host] C
[bridge:host->uart] O
[bridge:uart->host] O
[bridge:host->uart] S
[bridge:uart->host] S
[bridge:host->uart]  
[bridge:uart->host]  
[bridge:host->uart] .
[bridge:uart->host] .
[bridge:host->uart] S
[bridge:uart->host] S
[bridge:host->uart]  
[bridge:uart->host]  
[bridge:host->uart] 1
[bridge:uart->host] 1
[bridge:host->uart] 0
[bridge:uart->host] 0
[bridge:host->uart] 0
[bridge:uart->host] 0
[bridge:host->uart] 0
[bridge:uart->host] 0
[bridge:host->uart]  
[bridge:uart->host]  
[bridge:host->uart] .
[bridge:uart->host] .
[bridge:host->uart] S
[bridge:uart->host] S
[bridge:host->uart]  
[bridge:uart->host]  
[bridge:host->uart] I
[bridge:uart->host] I
[bridge:host->uart] *
[bridge:uart->host] *
[bridge:host->uart] F
[bridge:uart->host] F
[bridge:host->uart]  
[bridge:uart->host]  
[bridge:host->uart] .
[bridge:uart->host] .
[bridge:host->uart] S
[bridge:uart->host] S
[bridge:host->uart]  
[bridge:uart->host]  
[bridge:host->uart] .
[bridge:uart->host] .
[bridge:host->uart] 
[bridge:uart->host] 
[bridge:uart->host] 
[bridge:uart->host] 
[bridge:uart->host]  
[bridge:uart->host] -
[bridge:uart->host] 1
[bridge:uart->host] 6
[bridge:uart->host] 6
[bridge:uart->host] 6
[bridge:uart->host]  
[bridge:uart->host] <
[bridge:uart->host] s
[bridge:uart->host] p
[bridge:uart->host] 
[bridge:uart->host] 
[bridge:uart->host] 
[bridge:uart->host]  
[bridge:uart->host] 1
[bridge:uart->host] 0
[bridge:uart->host] 0
[bridge:uart->host] 0
[bridge:uart->host]  
[bridge:uart->host] -
[bridge:uart->host] 1
[bridge:uart->host] 6
[bridge:uart->host] 6
[bridge:uart->host] 7
[bridge:uart->host]  
[bridge:uart->host] <
[bridge:uart->host] s
[bridge:uart->host] p
[bridge:uart->host] 
[bridge:uart->host] 
[bridge:uart->host] 
[bridge:uart->host]  
[bridge:uart->host] -
[bridge:uart->host] 1
[bridge:uart->host] 6
[bridge:uart->host] 6
[bridge:uart->host] 6
[bridge:uart->host]  
[bridge:uart->host] <
[bridge:uart->host] s
[bridge:uart->host] p
[bridge:uart->host]  
[bridge:uart->host] 5
[bridge:uart->host]  
[bridge:uart->host] o
[bridge:uart->host] k
[bridge:uart->host] 
[bridge:uart->host] 
[bridge:uart->host] 
[bridge:host->uart] B
[bridge:uart->host] B
[bridge:host->uart] 0
[bridge:uart->host] 0
[bridge:host->uart] 3
[bridge:uart->host] 3
[bridge:host->uart] 0
[bridge:uart->host] 0
[bridge:host->uart]  
[bridge:uart->host]  
[bridge:host->uart] .
[bridge:uart->host] .
[bridge:host->uart] S
[bridge:uart->host] S
[bridge:host->uart]  
[bridge:uart->host]  
[bridge:host->uart] C
[bridge:uart->host] C
[bridge:host->uart] O
[bridge:uart->host] O
[bridge:host->uart] S
[bridge:uart->host] S
[bridge:host->uart]  
[bridge:uart->host]  
[bridge:host->uart] .
[bridge:uart->host] .
[bridge:host->uart] S
[bridge:uart->host] S
[bridge:host->uart]  
[bridge:uart->host]  
[bridge:host->uart] 1
[bridge:uart->host] 1
[bridge:host->uart] 0
[bridge:uart->host] 0
[bridge:host->uart] 0
[bridge:uart->host] 0
[bridge:host->uart] 0
[bridge:uart->host] 0
[bridge:host->uart]  
[bridge:uart->host]  
[bridge:host->uart] .
[bridge:uart->host] .
[bridge:host->uart] S
[bridge:uart->host] S
[bridge:host->uart]  
[bridge:uart->host]  
[bridge:host->uart] I
[bridge:uart->host] I
[bridge:host->uart] *
[bridge:uart->host] *
[bridge:host->uart] F
[bridge:uart->host] F
[bridge:host->uart]  
[bridge:uart->host]  
[bridge:host->uart] .
[bridge:uart->host] .
[bridge:host->uart] S
[bridge:uart->host] S
[bridge:host->uart]  
[bridge:uart->host]  
[bridge:host->uart] .
[bridge:uart->host] .
[bridge:host->uart]  
[bridge:uart->host]  
[bridge:host->uart] .
[bridge:uart->host] .
[bridge:host->uart] S
[bridge:uart->host] S
[bridge:host->uart] 
[bridge:uart->host] 
[bridge:uart->host] 
[bridge:uart->host] 
[bridge:uart->host]  
[bridge:uart->host] -
[bridge:uart->host] 1
[bridge:uart->host] 6
[bridge:uart->host] 6
[bridge:uart->host] 6
[bridge:uart->host]  
[bridge:uart->host] <
[bridge:uart->host] s
[bridge:uart->host] p
[bridge:uart->host] 
[bridge:uart->host] 
[bridge:uart->host] 
[bridge:uart->host]  
[bridge:uart->host] -
[bridge:uart->host] 1
[bridge:uart->host] 6
[bridge:uart->host] 6
[bridge:uart->host] 6
[bridge:uart->host]  
[bridge:uart->host] <
[bridge:uart->host] s
[bridge:uart->host] p
[bridge:uart->host] 
[bridge:uart->host] 
[bridge:uart->host] 
[bridge:uart->host]  
[bridge:uart->host] 1
[bridge:uart->host] 0
[bridge:uart->host] 0
[bridge:uart->host] 0
[bridge:uart->host]  
[bridge:uart->host] -
[bridge:uart->host] 1
[bridge:uart->host] 6
[bridge:uart->host] 6
[bridge:uart->host] 7
[bridge:uart->host]  
[bridge:uart->host] <
[bridge:uart->host] s
[bridge:uart->host] p
[bridge:uart->host] 
[bridge:uart->host] 
[bridge:uart->host] 
[bridge:uart->host]  
[bridge:uart->host] -
[bridge:uart->host] 1
[bridge:uart->host] 6
[bridge:uart->host] 6
[bridge:uart->host] 6
[bridge:uart->host]  
[bridge:uart->host] <
[bridge:uart->host] s
[bridge:uart->host] p
[bridge:uart->host]  
[bridge:uart->host] 5
[bridge:uart->host] 
[bridge:uart->host] 
[bridge:uart->host] 
[bridge:uart->host]  
[bridge:uart->host] <
[bridge:uart->host] s
[bridge:uart->host] p
[bridge:uart->host]  
[bridge:uart->host] o
[bridge:uart->host] k
[bridge:uart->host] 
[bridge:uart->host] 
[bridge:uart->host] 
[bridge:host->uart] 1
[bridge:uart->host] 1
[bridge:host->uart] 6
[bridge:uart->host] 6
[bridge:host->uart] 6
[bridge:uart->host] 6
[bridge:host->uart] 6
[bridge:uart->host] 6
[bridge:host->uart]  
[bridge:uart->host]  
[bridge:host->uart] C
[bridge:uart->host] C
[bridge:host->uart] O
[bridge:uart->host] O
[bridge:host->uart] S
[bridge:uart->host] S
[bridge:host->uart]  
[bridge:uart->host]  
[bridge:host->uart] 1
[bridge:uart->host] 1
[bridge:host->uart] 0
[bridge:uart->host] 0
[bridge:host->uart] 0
[bridge:uart->host] 0
[bridge:host->uart] 0
[bridge:uart->host] 0
[bridge:host->uart]  
[bridge:uart->host]  
[bridge:host->uart] .
[bridge:uart->host] .
[bridge:host->uart] S
[bridge:uart->host] S
[bridge:host->uart] \x08
[bridge:uart->host] \x08
[bridge:uart->host]  
[bridge:uart->host] \x08
[bridge:host->uart] \x08
[bridge:uart->host] \x08
[bridge:uart->host]  
[bridge:uart->host] \x08
[bridge:host->uart] I
[bridge:uart->host] I
[bridge:host->uart] *
[bridge:uart->host] *
[bridge:host->uart] F
[bridge:uart->host] F
[bridge:host->uart]  
[bridge:uart->host]  
[bridge:host->uart] .
[bridge:uart->host] .
[bridge:host->uart] 
[bridge:uart->host]  
[bridge:uart->host] 6
[bridge:uart->host]  
[bridge:uart->host] o
[bridge:uart->host] k
[bridge:uart->host] 
[bridge:uart->host] 
[bridge:uart->host] 
[bridge:host->uart] .
[bridge:uart->host] .
[bridge:host->uart] S
[bridge:uart->host] S
[bridge:host->uart] 
[bridge:uart->host] 
[bridge:uart->host] 
[bridge:uart->host] 
[bridge:uart->host]  
[bridge:uart->host] <
[bridge:uart->host] s
[bridge:uart->host] p
[bridge:uart->host]  
[bridge:uart->host] o
[bridge:uart->host] k
[bridge:uart->host] 
[bridge:uart->host] 
[bridge:uart->host] 
[bridge:host->uart] B
[bridge:uart->host] B
[bridge:host->uart] 0
[bridge:uart->host] 0
[bridge:host->uart] 3
[bridge:uart->host] 3
[bridge:host->uart] 0
[bridge:uart->host] 0
[bridge:host->uart]  
[bridge:uart->host]  
[bridge:host->uart] .
[bridge:uart->host] .
[bridge:host->uart] 
[bridge:uart->host]  
[bridge:uart->host] 5
[bridge:uart->host] 4
[bridge:uart->host] 6
[bridge:uart->host] 1
[bridge:uart->host]  
[bridge:uart->host] o
[bridge:uart->host] k
[bridge:uart->host] 
[bridge:uart->host] 
[bridge:uart->host] 
[bridge:host->uart] :
[bridge:uart->host] :
[bridge:host->uart]  
[bridge:uart->host]  
[bridge:host->uart] f
[bridge:uart->host] f
[bridge:host->uart] r
[bridge:uart->host] r
[bridge:host->uart] e
[bridge:uart->host] e
[bridge:host->uart] d
[bridge:uart->host] d
[bridge:host->uart]  
[bridge:uart->host]  
[bridge:host->uart] B
[bridge:uart->host] B
[bridge:host->uart] 0
[bridge:uart->host] 0
[bridge:host->uart] 3
[bridge:uart->host] 3
[bridge:host->uart] 0
[bridge:uart->host] 0
[bridge:host->uart]  
[bridge:uart->host]  
[bridge:host->uart] C
[bridge:uart->host] C
[bridge:host->uart] O
[bridge:uart->host] O
[bridge:host->uart] S
[bridge:uart->host] S
[bridge:host->uart]  
[bridge:uart->host]  
[bridge:host->uart] 1
[bridge:uart->host] 1
[bridge:host->uart] 0
[bridge:uart->host] 0
[bridge:host->uart] 0
[bridge:uart->host] 0
[bridge:host->uart] 0
[bridge:uart->host] 0
[bridge:host->uart]  
[bridge:uart->host]  
[bridge:host->uart] I
[bridge:uart->host] I
[bridge:host->uart] *
[bridge:uart->host] *
[bridge:host->uart] F
[bridge:uart->host] F
[bridge:host->uart]  
[bridge:uart->host]  
[bridge:host->uart] .
[bridge:uart->host] .
[bridge:host->uart]  
[bridge:uart->host]  
[bridge:host->uart] ;
[bridge:uart->host] ;
[bridge:host->uart] 
[bridge:uart->host]  
[bridge:uart->host] o
[bridge:uart->host] k
[bridge:uart->host] 
[bridge:uart->host] 
[bridge:uart->host] 
[bridge:host->uart] f
[bridge:uart->host] f
[bridge:host->uart] r
[bridge:uart->host] r
[bridge:host->uart] e
[bridge:uart->host] e
[bridge:host->uart] d
[bridge:uart->host] d
[bridge:host->uart] 
[bridge:uart->host]  
[bridge:uart->host] 5
[bridge:uart->host]  
[bridge:uart->host] o
[bridge:uart->host] k
[bridge:uart->host] 
[bridge:uart->host] 
[bridge:uart->host] 
