#line 1 "C:\\Users\\pdr0663\\PDR-16_XT\\firmware\\mega\\pdr_vm\\generated\\pdr16_xt_forth_image.h"
#ifndef PDR16_XT_FORTH_IMAGE_H
#define PDR16_XT_FORTH_IMAGE_H

#include <avr/pgmspace.h>
#include <stdint.h>

#define PDR16_XT_ROM_WORDS 32768u
#define PDR16_XT_ROM_CHUNK_WORDS 8192u
#define PDR16_XT_ROM_CHUNK_COUNT 4u

static const uint16_t pdr16_xt_forth_rom_chunk_0[8192] PROGMEM = {
    0x0001, 0x2861, 0x0000, 0x0000, 0x0000, 0x0000, 0xF97F, 0xFE7F,
    0x0002, 0x0003, 0x1262, 0x123D, 0x0003, 0x1337, 0x27D2, 0x1066,
    0x000A, 0x000A, 0x0000, 0x0000, 0x0000, 0x0000, 0x0000, 0x0000,
    0x0000, 0x0000, 0x0000, 0x0000, 0x0000, 0xFA80, 0x0000, 0x0000,
    0x0000, 0x0000, 0x0000, 0x0000, 0x0000, 0x0000, 0x0000, 0x0000,
    0x0000, 0x0000, 0x0000, 0x0000, 0x0000, 0x0000, 0x0000, 0x0000,
    0x0000, 0x0000, 0x0000, 0x0000, 0xFEE2, 0x0000, 0x0000, 0x0000,
    0x0000, 0x0000, 0x0000, 0x0000, 0x0000, 0x0000, 0x0000, 0x0000,
    0x0000, 0x0000, 0x8000, 0xF580, 0xFA00, 0x50E9, 0x0000, 0x0000,
    0x0000, 0x0000, 0x0000, 0x0000, 0x0000, 0x0000, 0x0000, 0x0000,
    0x0000, 0x0000, 0x0000, 0x0000, 0x0000, 0x0000, 0x0000, 0x0000,
    0x0000, 0x0000, 0x0000, 0x0000, 0x0000, 0x0000, 0x0000, 0x0000,
    0x0000, 0x0000, 0x0000, 0x0000, 0x0000, 0x289C, 0x0000, 0x0895,
    0x18AB, 0x0D6A, 0x0000, 0x166F, 0x0EEA, 0x0000, 0x3A99, 0x29DE,
    0x298D, 0x29B2, 0x270E, 0x29AB, 0x2935, 0x2941, 0x29A2, 0x0000,
    0x0000, 0x0000, 0x0000, 0x0000, 0x0000, 0x0000, 0x29EC, 0x29E3,
    0x29D0, 0x29B7, 0x29D7, 0x2886, 0x28A1, 0x3DB6, 0x3D19, 0x3D7C,
    0x3AF0, 0x50D5, 0x41DD, 0x30C3, 0x30B1, 0x3AB5, 0x0000, 0x0B3F,
    0x3BAC, 0x284B, 0x50E9, 0x290C, 0x233F, 0x3A69, 0x3B51, 0x3DFC,
    0x1D1A, 0x3A8D, 0x27C6, 0x30DA, 0x3D85, 0x3D8F, 0x2979, 0x16D3,
    0x0EF2, 0x1667, 0x11FE, 0x2599, 0x0000, 0x125A, 0x0000, 0x0000,
    0x25B5, 0x0000, 0x0000, 0x0000, 0x27CE, 0x0000, 0x0000, 0x1237,
    0x0000, 0x0000, 0x0000, 0x0000, 0x0E6F, 0x0000, 0x0000, 0x08A0,
    0x288D, 0x0000, 0x0000, 0x0000, 0x0000, 0x0000, 0x0000, 0x0000,
    0x0000, 0x0000, 0x41D6, 0x0000, 0x0000, 0x0000, 0x0000, 0x0000,
    0x0000, 0x0000, 0x0000, 0x0000, 0x0000, 0x0000, 0x0000, 0x0000,
    0x0000, 0x0000, 0x0000, 0x0000, 0x0000, 0x0000, 0x0000, 0x0000,
    0x0000, 0x0000, 0x0000, 0x0000, 0x0000, 0x0000, 0x0000, 0x0000,
    0x0000, 0x0000, 0x0000, 0x0000, 0x0000, 0x0000, 0x0000, 0x0000,
    0x0000, 0x0000, 0x0000, 0x0000, 0x0000, 0x0000, 0x0000, 0x0000,
    0x0000, 0x0000, 0x0000, 0x0000, 0x0000, 0x0000, 0x0000, 0x0000,
    0x0000, 0x0000, 0x0000, 0x0000, 0x0000, 0x0000, 0x0000, 0x0000,
    0x0000, 0x0000, 0x0000, 0x0000, 0x0000, 0x0000, 0x0000, 0x0000,
    0x0000, 0x0000, 0x0000, 0x0000, 0x0000, 0x0000, 0x0000, 0x0000,
    0x0000, 0x0000, 0x0000, 0x0000, 0x0000, 0x0000, 0x0000, 0x0000,
    0x0000, 0x0000, 0x0000, 0x0000, 0x0000, 0x0000, 0x0000, 0x0000,
    0x0000, 0x0000, 0x0000, 0x0000, 0x0000, 0x0000, 0x0000, 0x0000,
    0x0000, 0x0000, 0x0000, 0x0000, 0x0000, 0x0000, 0x0000, 0x0000,
    0x0000, 0x0000, 0x0000, 0x0000, 0x0000, 0x0000, 0x0000, 0x0000,
    0x0000, 0x0000, 0x0000, 0x0000, 0x0000, 0x0000, 0x0000, 0x0000,
    0x0000, 0x0000, 0x0000, 0x0000, 0x0000, 0x0000, 0x0000, 0x0000,
    0x0000, 0x0000, 0x0000, 0x0000, 0x0000, 0x0000, 0x0000, 0x0000,
    0x0000, 0x0000, 0x0000, 0x0000, 0x0000, 0x0000, 0x0000, 0x0000,
    0x0000, 0x0000, 0x0000, 0x0000, 0x0000, 0x0000, 0x0000, 0x0000,
    0x0000, 0x0000, 0x0000, 0x0000, 0x0000, 0x0000, 0x0000, 0x0000,
    0x0000, 0x0000, 0x0000, 0x0000, 0x0000, 0x0000, 0x0000, 0x0000,
    0x0000, 0x0000, 0x0000, 0x0000, 0x0000, 0x0000, 0x0000, 0x0000,
    0x0000, 0x0000, 0x0000, 0x0000, 0x0000, 0x0000, 0x0000, 0x0000,
    0x0000, 0x0000, 0x0000, 0x0000, 0x0000, 0x0000, 0x0000, 0x0000,
    0x0000, 0x0000, 0x0000, 0x0000, 0x0000, 0x0000, 0x0000, 0x0000,
    0x0000, 0x0000, 0x0000, 0x0000, 0x0000, 0x0000, 0x0000, 0x0000,
    0x0000, 0x0000, 0x0000, 0x0000, 0x0000, 0x0000, 0x0000, 0x0000,
    0x0000, 0x0000, 0x0000, 0x0000, 0x0000, 0x0000, 0x0000, 0x0000,
    0x0000, 0x0000, 0x0000, 0x0000, 0x0000, 0x0000, 0x0000, 0x0000,
    0x0000, 0x0000, 0x0000, 0x0000, 0x0000, 0x0000, 0x0000, 0x0000,
    0x0000, 0x0000, 0x0000, 0x0000, 0x0000, 0x0000, 0x0000, 0x0000,
    0x0000, 0x0000, 0x0000, 0x0000, 0x0000, 0x0000, 0x0000, 0x0000,
    0x0000, 0x0000, 0x0000, 0x0000, 0x0000, 0x0000, 0x0000, 0x0000,
    0x0000, 0x0000, 0x0000, 0x0000, 0x0000, 0x0000, 0x0000, 0x0000,
    0x0000, 0x0000, 0x0000, 0x0000, 0x0000, 0x0000, 0x0000, 0x0000,
    0x0000, 0x0000, 0x0000, 0x0000, 0x0000, 0x0000, 0x0000, 0x0000,
    0x0000, 0x0000, 0x0000, 0x0000, 0x0000, 0x0000, 0x0000, 0x0000,
    0x0000, 0x0000, 0x0000, 0x0000, 0x0000, 0x0000, 0x0000, 0x0000,
    0x0000, 0x0000, 0x0000, 0x0000, 0x0000, 0x0000, 0x0000, 0x0000,
    0x0000, 0x6003, 0x0053, 0x0050, 0x0030, 0x0004, 0x0004, 0x04A4,
    0x000D, 0x29E1, 0x000B, 0x0000, 0x6003, 0x0052, 0x0050, 0x0030,
    0x0004, 0x0005, 0x04A4, 0x000D, 0x29E1, 0x000B, 0x0000, 0xB205,
    0x0027, 0x003F, 0x004B, 0x0045, 0x0059, 0x0004, 0x0006, 0x04A4,
    0x000D, 0x29E1, 0x000B, 0x0216, 0xA805, 0x0027, 0x0045, 0x004D,
    0x0049, 0x0054, 0x0004, 0x0007, 0x04A4, 0x000D, 0x29E1, 0x000B,
    0x0223, 0xA807, 0x0027, 0x0045, 0x0058, 0x0050, 0x0045, 0x0043,
    0x0054, 0x0004, 0x0008, 0x04A4, 0x000D, 0x29E1, 0x000B, 0x0230,
    0xA004, 0x0027, 0x0054, 0x0041, 0x0050, 0x0004, 0x0009, 0x04A4,
    0x000D, 0x29E1, 0x000B, 0x023F, 0x9E05, 0x0027, 0x0045, 0x0043,
    0x0048, 0x004F, 0x0004, 0x000A, 0x04A4, 0x000D, 0x29E1, 0x000B,
    0x024B, 0xA807, 0x0027, 0x0050, 0x0052, 0x004F, 0x004D, 0x0050,
    0x0054, 0x0004, 0x000B, 0x04A4, 0x000D, 0x29E1, 0x000B, 0x0258,
    0xA805, 0x0027, 0x0042, 0x004F, 0x004F, 0x0054, 0x0004, 0x000C,
    0x04A4, 0x000D, 0x29E1, 0x000B, 0x0267, 0x8805, 0x0027, 0x0046,
    0x0049, 0x004E, 0x0044, 0x0004, 0x000D, 0x04A4, 0x000D, 0x29E1,
    0x000B, 0x0000, 0x8A04, 0x0042, 0x0041, 0x0053, 0x0045, 0x0004,
    0x000E, 0x04A4, 0x000D, 0x29E1, 0x000B, 0x0281, 0x8808, 0x0042,
    0x0041, 0x0053, 0x0045, 0x0048, 0x004F, 0x004C, 0x0044, 0x0004,
    0x000F, 0x04A4, 0x000D, 0x29E1, 0x000B, 0x0000, 0xE043, 0x0074,
    0x006D, 0x0070, 0x0004, 0x0010, 0x04A4, 0x000D, 0x29E1, 0x000B,
    0x0200, 0xB004, 0x0053, 0x0054, 0x0052, 0x0058, 0x0004, 0x0011,
    0x04A4, 0x000D, 0x29E1, 0x000B, 0x0000, 0xC204, 0x0025, 0x006D,
    0x0074, 0x0061, 0x0004, 0x0012, 0x04A4, 0x000D, 0x29E1, 0x000B,
    0x02B4, 0xEA04, 0x0025, 0x006D, 0x0074, 0x0075, 0x0004, 0x0013,
    0x04A4, 0x000D, 0x29E1, 0x000B, 0x02C0, 0xEE04, 0x0025, 0x006D,
    0x0074, 0x0077, 0x0004, 0x0014, 0x04A4, 0x000D, 0x29E1, 0x000B,
    0x02CC, 0xE004, 0x0025, 0x006D, 0x0074, 0x0070, 0x0004, 0x0015,
    0x04A4, 0x000D, 0x29E1, 0x000B, 0x02D8, 0xCC04, 0x0025, 0x006D,
    0x0074, 0x0066, 0x0004, 0x0016, 0x04A4, 0x000D, 0x29E1, 0x000B,
    0x02E4, 0xD804, 0x0025, 0x006D, 0x0074, 0x006C, 0x0004, 0x0017,
    0x04A4, 0x000D, 0x29E1, 0x000B, 0x02A8, 0x9C04, 0x0053, 0x0050,
    0x0041, 0x004E, 0x0004, 0x0018, 0x04A4, 0x000D, 0x29E1, 0x000B,
    0x0000, 0x9C03, 0x003E, 0x0049, 0x004E, 0x0004, 0x0019, 0x04A4,
    0x000D, 0x29E1, 0x000B, 0x0000, 0x8404, 0x0023, 0x0054, 0x0049,
    0x0042, 0x0004, 0x001A, 0x04A4, 0x000D, 0x29E1, 0x000B, 0x0000,
    0xA003, 0x0043, 0x0053, 0x0050, 0x0004, 0x001C, 0x04A4, 0x000D,
    0x29E1, 0x000B, 0x02FC, 0x8A05, 0x0053, 0x0054, 0x0041, 0x0054,
    0x0045, 0x0004, 0x001D, 0x04A4, 0x000D, 0x29E1, 0x000B, 0x0000,
    0x8803, 0x0048, 0x004C, 0x0044, 0x0004, 0x001E, 0x04A4, 0x000D,
    0x29E1, 0x000B, 0x0337, 0xA407, 0x0048, 0x0041, 0x004E, 0x0044,
    0x004C, 0x0045, 0x0052, 0x0004, 0x001F, 0x04A4, 0x000D, 0x29E1,
    0x000B, 0x0000, 0x8809, 0x0045, 0x004B, 0x0045, 0x0059, 0x002D,
    0x0048, 0x0045, 0x0041, 0x0044, 0x0004, 0x0020, 0x04A4, 0x000D,
    0x29E1, 0x000B, 0x0000, 0x9809, 0x0045, 0x004B, 0x0045, 0x0059,
    0x002D, 0x0054, 0x0041, 0x0049, 0x004C, 0x0004, 0x0021, 0x04A4,
    0x000D, 0x29E1, 0x000B, 0x0000, 0x8608, 0x0046, 0x004F, 0x0052,
    0x0054, 0x0048, 0x0056, 0x004F, 0x0043, 0x0004, 0x0032, 0x04A4,
    0x000D, 0x29E1, 0x000B, 0x031F, 0xA807, 0x0043, 0x004F, 0x004E,
    0x0054, 0x0045, 0x0058, 0x0054, 0x0004, 0x0035, 0x04A4, 0x000D,
    0x29E1, 0x000B, 0x0383, 0xA807, 0x0043, 0x0055, 0x0052, 0x0052,
    0x0045, 0x004E, 0x0054, 0x0004, 0x003E, 0x04A4, 0x000D, 0x29E1,
    0x000B, 0x0392, 0xA002, 0x0043, 0x0050, 0x0004, 0x0040, 0x04A4,
    0x000D, 0x29E1, 0x000B, 0x0000, 0x8C06, 0x0054, 0x004F, 0x004B,
    0x0042, 0x0055, 0x0046, 0x0004, 0x0041, 0x04A4, 0x000D, 0x29E1,
    0x000B, 0x0000, 0xA002, 0x004C, 0x0050, 0x0004, 0x0042, 0x04A4,
    0x000D, 0x29E1, 0x000B, 0x03B9, 0xA804, 0x004C, 0x0041, 0x0053,
    0x0054, 0x0004, 0x0043, 0x04A4, 0x000D, 0x29E1, 0x000B, 0x0373,
    0x9C0A, 0x0046, 0x0049, 0x004E, 0x0044, 0x005F, 0x0054, 0x004F,
    0x004B, 0x0045, 0x004E, 0x0004, 0x0044, 0x04A4, 0x000D, 0x29E1,
    0x000B, 0x03CF, 0xA409, 0x0046, 0x0049, 0x004E, 0x0044, 0x005F,
    0x0043, 0x0048, 0x0041, 0x0052, 0x0004, 0x0045, 0x04A4, 0x000D,
    0x29E1, 0x000B, 0x03E1, 0xB008, 0x0046, 0x0049, 0x004E, 0x0044,
    0x005F, 0x004C, 0x0045, 0x0058, 0x0004, 0x0046, 0x04A4, 0x000D,
    0x29E1, 0x000B, 0x03F2, 0x8A0C, 0x0046, 0x0049, 0x004E, 0x0044,
    0x005F, 0x0050, 0x0052, 0x0049, 0x0056, 0x0041, 0x0054, 0x0045,
    0x0004, 0x0047, 0x04A4, 0x000D, 0x29E1, 0x000B, 0x0402, 0xA60A,
    0x0046, 0x0049, 0x004E, 0x0044, 0x005F, 0x0053, 0x0054, 0x0041,
    0x0054, 0x0053, 0x0004, 0x0048, 0x04A4, 0x000D, 0x29E1, 0x000B,
    0x0416, 0xA60B, 0x0046, 0x0049, 0x004E, 0x0044, 0x005F, 0x0056,
    0x0049, 0x0053, 0x0049, 0x0054, 0x0053, 0x0004, 0x0049, 0x04A4,
    0x000D, 0x29E1, 0x000B, 0x0428, 0xA60A, 0x0046, 0x0049, 0x004E,
    0x0044, 0x005F, 0x0046, 0x0055, 0x004C, 0x004C, 0x0053, 0x0004,
    0x004A, 0x04A4, 0x000D, 0x29E1, 0x000B, 0x043B, 0xA808, 0x0046,
    0x0049, 0x004E, 0x0044, 0x005F, 0x0048, 0x0049, 0x0054, 0x0004,
    0x004B, 0x04A4, 0x000D, 0x29E1, 0x000B, 0x0000, 0xA609, 0x0049,
    0x004D, 0x0047, 0x002D, 0x0043, 0x0045, 0x004C, 0x004C, 0x0053,
    0x0004, 0x004C, 0x04A4, 0x000D, 0x29E1, 0x000B, 0x045D, 0xAE04,
    0x0049, 0x004D, 0x0047, 0x0057, 0x0004, 0x004D, 0x04A4, 0x000D,
    0x29E1, 0x000B, 0x044D, 0xA80B, 0x0046, 0x0049, 0x004E, 0x0044,
    0x005F, 0x0042, 0x0055, 0x0043, 0x004B, 0x0045, 0x0054, 0x0004,
    0x004E, 0x04A4, 0x000D, 0x29E1, 0x000B, 0x028D, 0x880B, 0x0042,
    0x0055, 0x0043, 0x004B, 0x0045, 0x0054, 0x005F, 0x0048, 0x0045,
    0x0041, 0x0044, 0x0004, 0x004F, 0x04A4, 0x000D, 0x29E1, 0x000B,
    0x0000, 0xA002, 0x0055, 0x0050, 0x0006, 0xFE80, 0x0000, 0xA446,
    0x0064, 0x006F, 0x0055, 0x0053, 0x0045, 0x0052, 0x0012, 0x000D,
    0x04A4, 0x000D, 0x29E1, 0x000B, 0x0000, 0x8A0D, 0x004D, 0x004F,
    0x0044, 0x0055, 0x004C, 0x0045, 0x005F, 0x0041, 0x0043, 0x0054,
    0x0049, 0x0056, 0x0045, 0x0004, 0x0050, 0x04A4, 0x000D, 0x29E1,
    0x000B, 0x0000, 0x880D, 0x004D, 0x004F, 0x0044, 0x0055, 0x004C,
    0x0045, 0x005F, 0x0046, 0x0041, 0x0049, 0x004C, 0x0045, 0x0044,
    0x0004, 0x0051, 0x04A4, 0x000D, 0x29E1, 0x000B, 0x0000, 0xA80B,
    0x004D, 0x004F, 0x0044, 0x0055, 0x004C, 0x0045, 0x005F, 0x004C,
    0x0041, 0x0053, 0x0054, 0x0004, 0x0052, 0x04A4, 0x000D, 0x29E1,
    0x000B, 0x0000, 0xA009, 0x004D, 0x004F, 0x0044, 0x0055, 0x004C,
    0x0045, 0x005F, 0x0043, 0x0050, 0x0004, 0x0053, 0x04A4, 0x000D,
    0x29E1, 0x000B, 0x0000, 0x860F, 0x004D, 0x004F, 0x0044, 0x0055,
    0x004C, 0x0045, 0x005F, 0x0046, 0x004F, 0x0052, 0x0054, 0x0048,
    0x0056, 0x004F, 0x0043, 0x0004, 0x0054, 0x04A4, 0x000D, 0x29E1,
    0x000B, 0x0000, 0xA80E, 0x004D, 0x004F, 0x0044, 0x0055, 0x004C,
    0x0045, 0x005F, 0x0043, 0x004F, 0x004E, 0x0054, 0x0045, 0x0058,
    0x0054, 0x0004, 0x0057, 0x04A4, 0x000D, 0x29E1, 0x000B, 0x0000,
    0xA80E, 0x004D, 0x004F, 0x0044, 0x0055, 0x004C, 0x0045, 0x005F,
    0x0043, 0x0055, 0x0052, 0x0052, 0x0045, 0x004E, 0x0054, 0x0004,
    0x0060, 0x04A4, 0x000D, 0x29E1, 0x000B, 0x0000, 0x8645, 0x0064,
    0x006F, 0x0056, 0x004F, 0x0043, 0x0012, 0x000D, 0x0FB8, 0x038C,
    0x06B0, 0x000C, 0x037D, 0x038C, 0x06B0, 0x06B0, 0x000C, 0x0004,
    0x0000, 0x038C, 0x06B0, 0x06B0, 0x06B0, 0x000C, 0x038C, 0x06B0,
    0x038C, 0x000C, 0x000B, 0x047A, 0x9005, 0x0046, 0x004F, 0x0052,
    0x0054, 0x0048, 0x037D, 0x0018, 0x038C, 0x000C, 0x0017, 0x000B,
    0x0000, 0xA004, 0x003F, 0x0044, 0x0055, 0x0050, 0x0018, 0x0008,
    0x057B, 0x0018, 0x000B, 0x000B, 0x020B, 0xA803, 0x0052, 0x004F,
    0x0054, 0x0014, 0x0019, 0x0012, 0x0019, 0x000B, 0x0000, 0xA005,
    0x0032, 0x0044, 0x0052, 0x004F, 0x0050, 0x0017, 0x0017, 0x000B,
    0x0000, 0x8A07, 0x0044, 0x004E, 0x0045, 0x0047, 0x0041, 0x0054,
    0x0045, 0x0004, 0xFFFF, 0x001E, 0x0014, 0x0004, 0xFFFF, 0x001E,
    0x0004, 0x0001, 0x001F, 0x0012, 0x001F, 0x0017, 0x000B, 0x0590,
    0x5602, 0x0044, 0x002B, 0x0014, 0x0019, 0x0014, 0x001F, 0x0012,
    0x0012, 0x001F, 0x0017, 0x001F, 0x0017, 0x000B, 0x04A0, 0x7802,
    0x0055, 0x003C, 0x001A, 0x001A, 0x001E, 0x001B, 0x0008, 0x05C4,
    0x0019, 0x0017, 0x001B, 0x000B, 0x29B5, 0x001B, 0x000B, 0x0000,
    0x7801, 0x003C, 0x29A8, 0x001E, 0x001B, 0x0008, 0x05D2, 0x0017,
    0x001B, 0x000B, 0x29B5, 0x001B, 0x000B, 0x0000, 0xB003, 0x004D,
    0x0041, 0x0058, 0x29A8, 0x05CA, 0x0008, 0x05DF, 0x0019, 0x0017,
    0x000B, 0x05D5, 0x9C03, 0x004D, 0x0049, 0x004E, 0x29A8, 0x0019,
    0x05CA, 0x0008, 0x05EC, 0x0019, 0x0017, 0x000B, 0x0000, 0x9C06,
    0x0057, 0x0049, 0x0054, 0x0048, 0x0049, 0x004E, 0x001A, 0x29B5,
    0x0014, 0x29B5, 0x0012, 0x05BA, 0x000B, 0x05B6, 0x8806, 0x0055,
    0x004D, 0x002F, 0x004D, 0x004F, 0x0044, 0x29A8, 0x05BA, 0x0008,
    0x0631, 0x0037, 0x0004, 0xFFF0, 0x0014, 0x0014, 0x0018, 0x001F,
    0x0014, 0x0014, 0x0018, 0x001F, 0x0012, 0x29E1, 0x0018, 0x0012,
    0x0013, 0x0019, 0x0014, 0x001F, 0x0012, 0x001D, 0x0008, 0x0628,
    0x0014, 0x0017, 0x0004, 0x0001, 0x29E1, 0x0012, 0x0009, 0x0629,
    0x0017, 0x0012, 0x0007, 0x060D, 0x0012, 0x0017, 0x0017, 0x0019,
    0x000B, 0x0017, 0x058D, 0x0004, 0xFFFF, 0x0018, 0x000B, 0x05E1,
    0x8805, 0x004D, 0x002F, 0x004D, 0x004F, 0x0044, 0x0018, 0x001B,
    0x0018, 0x0014, 0x0008, 0x0648, 0x0037, 0x0014, 0x0599, 0x0012,
    0x0014, 0x0018, 0x001B, 0x0008, 0x064F, 0x0013, 0x29E1, 0x0012,
    0x0605, 0x0012, 0x0008, 0x0657, 0x0019, 0x0037, 0x0019, 0x000B,
    0x0000, 0x8804, 0x002F, 0x004D, 0x004F, 0x0044, 0x001A, 0x001B,
    0x0019, 0x063E, 0x000B, 0x0637, 0x8803, 0x004D, 0x004F, 0x0044,
    0x065E, 0x0017, 0x000B, 0x05FD, 0x5423, 0x0055, 0x004D, 0x002A,
    0x0033, 0x000B, 0x0000, 0x5401, 0x002A, 0x0033, 0x0017, 0x000B,
    0x0663, 0x5402, 0x004D, 0x002A, 0x29A8, 0x001E, 0x001B, 0x0014,
    0x299C, 0x0019, 0x299C, 0x0033, 0x0012, 0x0008, 0x0688, 0x0599,
    0x000B, 0x0672, 0x8805, 0x002A, 0x002F, 0x004D, 0x004F, 0x0044,
    0x0014, 0x067C, 0x0012, 0x063E, 0x000B, 0x0689, 0x5E02, 0x002A,
    0x002F, 0x0690, 0x0019, 0x0017, 0x000B, 0x03A1, 0x5A05, 0x0043,
    0x0045, 0x004C, 0x004C, 0x002D, 0x0004, 0xFFFF, 0x001F, 0x0017,
    0x000B, 0x069D, 0x5605, 0x0043, 0x0045, 0x004C, 0x004C, 0x002B,
    0x0004, 0x0001, 0x001F, 0x0017, 0x000B, 0x06A9, 0xA605, 0x0043,
    0x0045, 0x004C, 0x004C, 0x0053, 0x000B, 0x0000, 0x8807, 0x0041,
    0x004C, 0x0049, 0x0047, 0x004E, 0x0045, 0x0044, 0x000B, 0x048D,
    0x9802, 0x0042, 0x004C, 0x0004, 0x0020, 0x000B, 0x0308, 0xA405,
    0x003E, 0x0043, 0x0048, 0x0041, 0x0052, 0x0004, 0x007F, 0x001C,
    0x0018, 0x0004, 0x007F, 0x06CB, 0x05F6, 0x0008, 0x06E2, 0x0017,
    0x0004, 0x005F, 0x000B, 0x05A7, 0x9005, 0x0044, 0x0045, 0x0050,
    0x0054, 0x0048, 0x0205, 0x000D, 0x0015, 0x29B5, 0x0004, 0x0001,
    0x29B5, 0x000B, 0x0000, 0x9604, 0x0050, 0x0049, 0x0043, 0x004B,
    0x0004, 0x0001, 0x29E1, 0x06BC, 0x0015, 0x29E1, 0x000D, 0x000B,
    0x0000, 0x4202, 0x002B, 0x0021, 0x0019, 0x001A, 0x000D, 0x001F,
    0x0017, 0x0019, 0x000C, 0x000B, 0x0586, 0x4202, 0x0032, 0x0021,
    0x0019, 0x001A, 0x000C, 0x0004, 0x0001, 0x001F, 0x0017, 0x000C,
    0x000B, 0x070C, 0x8002, 0x0032, 0x0040, 0x0018, 0x0004, 0x0001,
    0x001F, 0x0017, 0x000D, 0x0019, 0x000D, 0x000B, 0x06B5, 0xA805,
    0x0043, 0x004F, 0x0055, 0x004E, 0x0054, 0x0018, 0x0004, 0x0001,
    0x001F, 0x0017, 0x0019, 0x000F, 0x000B, 0x0342, 0x8A04, 0x0048,
    0x0045, 0x0052, 0x0045, 0x03A5, 0x000D, 0x000B, 0x06F2, 0x8803,
    0x0050, 0x0041, 0x0044, 0x073B, 0x0004, 0x0050, 0x29E1, 0x000B,
    0x03AB, 0x8403, 0x0054, 0x0049, 0x0042, 0x0319, 0x06B0, 0x000D,
    0x000B, 0x0000, 0x8C07, 0x004C, 0x0049, 0x004E, 0x0045, 0x0042,
    0x0055, 0x0046, 0x0004, 0xFA00, 0x000B, 0x0000, 0xA84A, 0x004C,
    0x0049, 0x004E, 0x0045, 0x002D, 0x0052, 0x0045, 0x0053, 0x0045,
    0x0054, 0x0004, 0xFA00, 0x03BD, 0x000C, 0x000B, 0x0000, 0x5845,
    0x004C, 0x0049, 0x004E, 0x0045, 0x002C, 0x03BD, 0x000D, 0x0018,
    0x06B0, 0x03BD, 0x000C, 0x000C, 0x000B, 0x0000, 0xA848, 0x004C,
    0x0049, 0x004E, 0x0045, 0x002D, 0x004C, 0x0049, 0x0054, 0x0004,
    0x0004, 0x0775, 0x0775, 0x000B, 0x0000, 0x9C48, 0x004C, 0x0049,
    0x004E, 0x0045, 0x002D, 0x0052, 0x0055, 0x004E, 0x0004, 0x000B,
    0x0775, 0x0004, 0xFA00, 0x0014, 0x000B, 0x0000, 0xA846, 0x0052,
    0x0055, 0x004E, 0x002D, 0x0058, 0x0054, 0x0769, 0x0775, 0x0796,
    0x0000, 0x8848, 0x004C, 0x0049, 0x004E, 0x0045, 0x002D, 0x0045,
    0x004E, 0x0044, 0x0004, 0x1337, 0x0775, 0x0004, 0x000B, 0x0775,
    0x0004, 0xFA00, 0x0014, 0x000B, 0x0726, 0x8A05, 0x0043, 0x004D,
    0x004F, 0x0056, 0x0045, 0x0009, 0x07D6, 0x0014, 0x001A, 0x000F,
    0x001A, 0x000E, 0x0004, 0x0001, 0x29E1, 0x0019, 0x0004, 0x0001,
    0x29E1, 0x0019, 0x0012, 0x0004, 0xFFFF, 0x29E1, 0x0018, 0x0008,
    0x07DB, 0x0009, 0x07C5, 0x0017, 0x058D, 0x000B, 0x0563, 0x9804,
    0x0046, 0x0049, 0x004C, 0x004C, 0x0019, 0x0037, 0x0014, 0x0019,
    0x0009, 0x07EF, 0x29A8, 0x000E, 0x0004, 0x0001, 0x29E1, 0x0007,
    0x07EA, 0x0012, 0x0017, 0x058D, 0x000B, 0x0000, 0x8E09, 0x002D,
    0x0054, 0x0052, 0x0041, 0x0049, 0x004C, 0x0049, 0x004E, 0x0047,
    0x0037, 0x0014, 0x0009, 0x0811, 0x06CB, 0x001A, 0x0013, 0x29E1,
    0x000F, 0x05CA, 0x0008, 0x0811, 0x0012, 0x0004, 0x0001, 0x29E1,
    0x000B, 0x0007, 0x0804, 0x0012, 0x0017, 0x0004, 0x0000, 0x000B,
    0x073E, 0x4805, 0x0050, 0x0041, 0x0043, 0x004B, 0x0024, 0x06C6,
    0x0018, 0x0014, 0x001A, 0x0018, 0x0004, 0x0000, 0x0004, 0x0001,
    0x0605, 0x0017, 0x29B5, 0x001A, 0x29E1, 0x0004, 0x0000, 0x0019,
    0x000C, 0x29A8, 0x000E, 0x0004, 0x0001, 0x29E1, 0x0019, 0x07C3,
    0x0012, 0x000B, 0x06E3, 0xA805, 0x0044, 0x0049, 0x0047, 0x0049,
    0x0054, 0x0004, 0x0009, 0x001A, 0x05CA, 0x0004, 0x0007, 0x001C,
    0x29E1, 0x0004, 0x0030, 0x29E1, 0x000B, 0x0000, 0xA807, 0x0045,
    0x0058, 0x0054, 0x0052, 0x0041, 0x0043, 0x0054, 0x0004, 0x0000,
    0x0019, 0x0605, 0x0019, 0x0841, 0x000B, 0x05C7, 0x4602, 0x003C,
    0x0023, 0x0743, 0x033C, 0x000C, 0x000B, 0x0735, 0x8804, 0x0048,
    0x004F, 0x004C, 0x0044, 0x033C, 0x000D, 0x0004, 0x0001, 0x29B5,
    0x0018, 0x033C, 0x000C, 0x000E, 0x000B, 0x0313, 0x4601, 0x0023,
    0x0287, 0x000D, 0x0856, 0x086B, 0x000B, 0x0875, 0xA602, 0x0023,
    0x0053, 0x0878, 0x0018, 0x0008, 0x0887, 0x0009, 0x0881, 0x000B,
    0x032A, 0x9C04, 0x0053, 0x0049, 0x0047, 0x004E, 0x001B, 0x0008,
    0x0894, 0x0004, 0x002D, 0x086B, 0x000B, 0x087D, 0x7C02, 0x0023,
    0x003E, 0x0017, 0x033C, 0x000D, 0x0743, 0x001A, 0x29B5, 0x000B,
    0x0000, 0xE403, 0x0073, 0x0074, 0x0072, 0x0018, 0x0014, 0x299C,
    0x0861, 0x0881, 0x0012, 0x088E, 0x0899, 0x000B, 0x0865, 0xB003,
    0x0048, 0x0045, 0x0058, 0x0004, 0x0010, 0x0287, 0x000C, 0x000B,
    0x083A, 0x9807, 0x0044, 0x0045, 0x0043, 0x0049, 0x004D, 0x0041,
    0x004C, 0x0004, 0x000A, 0x0287, 0x000C, 0x000B, 0x06CE, 0x8A05,
    0x003E, 0x0042, 0x0041, 0x0053, 0x0045, 0x0287, 0x000D, 0x0297,
    0x000C, 0x000B, 0x06C7, 0x7C05, 0x0042, 0x0041, 0x0053, 0x0045,
    0x003E, 0x0297, 0x000D, 0x0287, 0x000C, 0x000B, 0x0000, 0xA402,
    0x002E, 0x0052, 0x0014, 0x08A5, 0x0012, 0x001A, 0x29B5, 0x0B99,
    0x0BA2, 0x000B, 0x066B, 0xA403, 0x0055, 0x002E, 0x0052, 0x0014,
    0x0861, 0x0881, 0x0899, 0x0012, 0x001A, 0x29B5, 0x0B99, 0x0BA2,
    0x000B, 0x08EA, 0x5C02, 0x0055, 0x002E, 0x0861, 0x0881, 0x0899,
    0x0B74, 0x0BA2, 0x000B, 0x08DE, 0x5C01, 0x002E, 0x0287, 0x000D,
    0x0004, 0x000A, 0x001E, 0x0008, 0x090F, 0x08FD, 0x000B, 0x08A5,
    0x0B74, 0x0BA2, 0x000B, 0x0570, 0x7E01, 0x003F, 0x000D, 0x0906,
    0x000B, 0x08B8, 0x7E06, 0x0044, 0x0049, 0x0047, 0x0049, 0x0054,
    0x003F, 0x0014, 0x0004, 0x0030, 0x29B5, 0x0004, 0x0009, 0x001A,
    0x05CA, 0x0008, 0x0933, 0x0004, 0x0007, 0x29B5, 0x0018, 0x0004,
    0x000A, 0x05CA, 0x001D, 0x0018, 0x0012, 0x05BA, 0x000B, 0x0000,
    0x7E07, 0x004E, 0x0055, 0x004D, 0x0042, 0x0045, 0x0052, 0x003F,
    0x0287, 0x000D, 0x0014, 0x0018, 0x072D, 0x001A, 0x000F, 0x0004,
    0x0024, 0x29BA, 0x0008, 0x0955, 0x08B3, 0x0019, 0x0004, 0x0001,
    0x29E1, 0x0019, 0x0004, 0x0001, 0x29B5, 0x001A, 0x000F, 0x0004,
    0x002D, 0x29BA, 0x0018, 0x02A2, 0x000C, 0x0008, 0x0967, 0x0019,
    0x0004, 0x0001, 0x29E1, 0x0019, 0x0004, 0x0001, 0x29B5, 0x0018,
    0x0008, 0x09E8, 0x0287, 0x000D, 0x0004, 0x0010, 0x001E, 0x0008,
    0x0993, 0x0287, 0x000D, 0x0004, 0x000A, 0x001E, 0x0008, 0x09AA,
    0x0037, 0x0014, 0x0004, 0x0000, 0x001A, 0x000F, 0x0287, 0x000D,
    0x0921, 0x0008, 0x09D4, 0x0019, 0x0287, 0x000D, 0x0675, 0x29E1,
    0x0019, 0x0004, 0x0001, 0x29E1, 0x0019, 0x0007, 0x097C, 0x0012,
    0x0017, 0x0009, 0x09C5, 0x0037, 0x0014, 0x0004, 0x0000, 0x001A,
    0x000F, 0x0D7B, 0x0008, 0x09D4, 0x0019, 0x0020, 0x29E1, 0x0019,
    0x0004, 0x0001, 0x29E1, 0x0019, 0x0007, 0x0997, 0x0012, 0x0017,
    0x0009, 0x09C5, 0x0037, 0x0014, 0x0004, 0x0000, 0x001A, 0x000F,
    0x0018, 0x0BCE, 0x0008, 0x09DE, 0x0004, 0x0030, 0x29B5, 0x0019,
    0x0004, 0x000A, 0x0675, 0x29E1, 0x0019, 0x0004, 0x0001, 0x29E1,
    0x0019, 0x0007, 0x09AE, 0x0012, 0x0017, 0x0019, 0x0017, 0x0019,
    0x0017, 0x02A2, 0x000D, 0x0008, 0x09CE, 0x0037, 0x0004, 0xFFFF,
    0x0012, 0x0287, 0x000C, 0x000B, 0x0017, 0x0012, 0x0017, 0x058D,
    0x0004, 0x0000, 0x0012, 0x0287, 0x000C, 0x000B, 0x0017, 0x0012,
    0x0017, 0x058D, 0x0004, 0x0000, 0x0012, 0x0287, 0x000C, 0x000B,
    0x0017, 0x0017, 0x0004, 0x0000, 0x0012, 0x0287, 0x000C, 0x000B,
    0x0913, 0xB204, 0x003F, 0x004B, 0x0045, 0x0059, 0x0002, 0x000B,
    0x0000, 0xB203, 0x004B, 0x0045, 0x0059, 0x09F6, 0x0008, 0x09FD,
    0x000B, 0x0000, 0x8C08, 0x0045, 0x004B, 0x0045, 0x0059, 0x002D,
    0x0042, 0x0055, 0x0046, 0x0004, 0x0022, 0x29E1, 0x04A4, 0x000D,
    0x29E1, 0x000B, 0x09F0, 0xB205, 0x003F, 0x0045, 0x004B, 0x0045,
    0x0059, 0x035C, 0x000D, 0x036D, 0x000D, 0x29BA, 0x0008, 0x0A23,
    0x0004, 0x0000, 0x000B, 0x036D, 0x000D, 0x0018, 0x0A0B, 0x000D,
    0x0019, 0x0004, 0x0001, 0x29E1, 0x0004, 0x000F, 0x001C, 0x036D,
    0x000C, 0x0004, 0xFFFF, 0x000B, 0x084D, 0xB204, 0x0045, 0x004B,
    0x0045, 0x0059, 0x0A19, 0x0008, 0x0A3A, 0x000B, 0x09F8, 0xA006,
    0x004B, 0x0045, 0x0059, 0x005F, 0x0055, 0x0050, 0x0004, 0x0001,
    0x000B, 0x0A3E, 0x9C08, 0x004B, 0x0045, 0x0059, 0x005F, 0x0044,
    0x004F, 0x0057, 0x004E, 0x0004, 0x0002, 0x000B, 0x0A49, 0xA808,
    0x004B, 0x0045, 0x0059, 0x005F, 0x004C, 0x0045, 0x0046, 0x0054,
    0x0004, 0x0003, 0x000B, 0x0A56, 0xA809, 0x004B, 0x0045, 0x0059,
    0x005F, 0x0052, 0x0049, 0x0047, 0x0048, 0x0054, 0x0004, 0x0004,
    0x000B, 0x0A63, 0x8A08, 0x004B, 0x0045, 0x0059, 0x005F, 0x0048,
    0x004F, 0x004D, 0x0045, 0x0004, 0x0005, 0x000B, 0x0A71, 0x8807,
    0x004B, 0x0045, 0x0059, 0x005F, 0x0045, 0x004E, 0x0044, 0x0004,
    0x0006, 0x000B, 0x0A7E, 0xA008, 0x004B, 0x0045, 0x0059, 0x005F,
    0x0050, 0x0047, 0x0055, 0x0050, 0x0004, 0x0007, 0x000B, 0x0A8A,
    0x9C08, 0x004B, 0x0045, 0x0059, 0x005F, 0x0050, 0x0047, 0x0044,
    0x004E, 0x0004, 0x0008, 0x000B, 0x0A97, 0xA607, 0x004B, 0x0045,
    0x0059, 0x005F, 0x0049, 0x004E, 0x0053, 0x0004, 0x0009, 0x000B,
    0x0AA4, 0x9807, 0x004B, 0x0045, 0x0059, 0x005F, 0x0044, 0x0045,
    0x004C, 0x0004, 0x000A, 0x000B, 0x0AB0, 0x8A0D, 0x004B, 0x0045,
    0x0059, 0x005F, 0x0042, 0x0041, 0x0043, 0x004B, 0x0053, 0x0050,
    0x0041, 0x0043, 0x0045, 0x0004, 0x000B, 0x000B, 0x0ABC, 0xA409,
    0x004B, 0x0045, 0x0059, 0x005F, 0x0045, 0x004E, 0x0054, 0x0045,
    0x0052, 0x0004, 0x000C, 0x000B, 0x0ACE, 0x6206, 0x004B, 0x0045,
    0x0059, 0x005F, 0x0046, 0x0031, 0x0004, 0x0011, 0x000B, 0x0ADC,
    0x6406, 0x004B, 0x0045, 0x0059, 0x005F, 0x0046, 0x0032, 0x0004,
    0x0012, 0x000B, 0x0AE7, 0x6606, 0x004B, 0x0045, 0x0059, 0x005F,
    0x0046, 0x0033, 0x0004, 0x0013, 0x000B, 0x0AF2, 0x6806, 0x004B,
    0x0045, 0x0059, 0x005F, 0x0046, 0x0034, 0x0004, 0x0014, 0x000B,
    0x0AFD, 0x6A06, 0x004B, 0x0045, 0x0059, 0x005F, 0x0046, 0x0035,
    0x0004, 0x0015, 0x000B, 0x0B08, 0x6C06, 0x004B, 0x0045, 0x0059,
    0x005F, 0x0046, 0x0036, 0x0004, 0x0016, 0x000B, 0x0B13, 0x6E06,
    0x004B, 0x0045, 0x0059, 0x005F, 0x0046, 0x0037, 0x0004, 0x0017,
    0x000B, 0x0B1E, 0x7006, 0x004B, 0x0045, 0x0059, 0x005F, 0x0046,
    0x0038, 0x0004, 0x0018, 0x000B, 0x0B29, 0x7206, 0x004B, 0x0045,
    0x0059, 0x005F, 0x0046, 0x0039, 0x0004, 0x0019, 0x000B, 0x0B34,
    0x6007, 0x004B, 0x0045, 0x0059, 0x005F, 0x0046, 0x0031, 0x0030,
    0x0004, 0x001A, 0x000B, 0x0A34, 0xA804, 0x0045, 0x004D, 0x0049,
    0x0054, 0x0003, 0x000B, 0x0937, 0x7E04, 0x004E, 0x0055, 0x0046,
    0x003F, 0x09F6, 0x0018, 0x0008, 0x0B62, 0x058D, 0x09FD, 0x0004,
    0x000D, 0x29BA, 0x000B, 0x0818, 0x8A04, 0x0050, 0x0041, 0x0043,
    0x0045, 0x0004, 0x000B, 0x0B51, 0x000B, 0x0888, 0x8A05, 0x0053,
    0x0050, 0x0041, 0x0043, 0x0045, 0x06CB, 0x0B51, 0x000B, 0x07BC,
    0xA605, 0x0043, 0x0048, 0x0041, 0x0052, 0x0053, 0x0019, 0x0004,
    0x0000, 0x05DA, 0x0004, 0x0001, 0x29E1, 0x0037, 0x0014, 0x0009,
    0x0B8B, 0x0018, 0x0B51, 0x0007, 0x0B89, 0x0012, 0x0017, 0x0017,
    0x000B, 0x0B6D, 0xA606, 0x0053, 0x0050, 0x0041, 0x0043, 0x0045,
    0x0053, 0x06CB, 0x0B7E, 0x000B, 0x0748, 0x8A04, 0x0054, 0x0059,
    0x0050, 0x0045, 0x0009, 0x0BAF, 0x0019, 0x0018, 0x000F, 0x0B51,
    0x0004, 0x0001, 0x29E1, 0x0019, 0x0004, 0xFFFF, 0x29E1, 0x0018,
    0x0008, 0x0BB4, 0x0009, 0x0BA4, 0x058D, 0x000B, 0x0B77, 0xA402,
    0x0043, 0x0052, 0x0004, 0x000D, 0x0B51, 0x0004, 0x000A, 0x0B51,
    0x000B, 0x0919, 0x7E0B, 0x0044, 0x0049, 0x0047, 0x0049, 0x0054,
    0x002D, 0x0043, 0x0048, 0x0041, 0x0052, 0x003F, 0x0004, 0x0030,
    0x0004, 0x003A, 0x05F6, 0x000B, 0x0BC1, 0x8003, 0x0044, 0x0033,
    0x0040, 0x0018, 0x000F, 0x0004, 0x0030, 0x29B5, 0x0004, 0x000A,
    0x0675, 0x001A, 0x06B0, 0x000F, 0x0004, 0x0030, 0x29B5, 0x29E1,
    0x0004, 0x000A, 0x0675, 0x0019, 0x06B0, 0x06B0, 0x000F, 0x0004,
    0x0030, 0x29B5, 0x29E1, 0x000B, 0x0BD4, 0x7E05, 0x0044, 0x0045,
    0x0043, 0x0033, 0x003F, 0x0018, 0x000F, 0x0BCE, 0x001A, 0x06B0,
    0x000F, 0x0BCE, 0x001C, 0x001A, 0x06B0, 0x06B0, 0x000F, 0x0BCE,
    0x001C, 0x0008, 0x0C10, 0x0BD9, 0x0004, 0x0100, 0x05BA, 0x000B,
    0x0017, 0x0004, 0x0000, 0x000B, 0x0BB6, 0x7E06, 0x0043, 0x0045,
    0x004C, 0x004C, 0x0037, 0x003F, 0x0018, 0x000F, 0x0018, 0x0004,
    0x0020, 0x0004, 0x007F, 0x05F6, 0x0019, 0x0004, 0x0022, 0x001E,
    0x001C, 0x0008, 0x0C35, 0x0018, 0x06B0, 0x0BFB, 0x0008, 0x0C35,
    0x0004, 0x0004, 0x29E1, 0x0BFB, 0x000B, 0x0017, 0x0004, 0x0000,
    0x000B, 0x046E, 0xA406, 0x0049, 0x004D, 0x0047, 0x0045, 0x0052,
    0x0052, 0x0004, 0xFFFF, 0x18A4, 0x000E, 0x0062, 0x0061, 0x0064,
    0x0020, 0x0069, 0x006D, 0x0061, 0x0067, 0x0065, 0x0020, 0x0064,
    0x0061, 0x0074, 0x0061, 0x000B, 0x0C39, 0x9609, 0x0049, 0x004D,
    0x0047, 0x002D, 0x0043, 0x0048, 0x0045, 0x0043, 0x004B, 0x0004,
    0x0007, 0x29AE, 0x0004, 0x0001, 0x29E1, 0x0037, 0x0014, 0x0009,
    0x0C70, 0x0018, 0x0C1C, 0x0008, 0x0C76, 0x0004, 0x0007, 0x29E1,
    0x0007, 0x0C69, 0x0012, 0x0017, 0x0017, 0x000B, 0x0C41, 0x06BD,
    0xA80A, 0x0041, 0x004E, 0x0053, 0x0049, 0x002D, 0x0052, 0x0045,
    0x0053, 0x0045, 0x0054, 0x0004, 0x001B, 0x0B51, 0x0CFE, 0x0003,
    0x005B, 0x0030, 0x006D, 0x000B, 0x0B4B, 0x6E0A, 0x0045, 0x004D,
    0x0049, 0x0054, 0x002D, 0x0043, 0x0045, 0x004C, 0x004C, 0x0037,
    0x0018, 0x000F, 0x0014, 0x0004, 0x001B, 0x0B51, 0x0CFE, 0x0006,
    0x005B, 0x0033, 0x0038, 0x003B, 0x0035, 0x003B, 0x06B0, 0x0018,
    0x0004, 0x0003, 0x0BA2, 0x0CFE, 0x0006, 0x003B, 0x0034, 0x0038,
    0x003B, 0x0035, 0x003B, 0x0004, 0x0003, 0x29E1, 0x0018, 0x0004,
    0x0003, 0x0BA2, 0x0004, 0x006D, 0x0B51, 0x0012, 0x0B51, 0x0004,
    0x0003, 0x29E1, 0x000B, 0x0C8C, 0x6E09, 0x0045, 0x004D, 0x0049,
    0x0054, 0x002D, 0x0052, 0x004F, 0x0057, 0x0037, 0x0004, 0x0001,
    0x29E1, 0x0037, 0x0014, 0x0009, 0x0CD6, 0x0C98, 0x0007, 0x0CD5,
    0x0012, 0x0017, 0x000B, 0x0000, 0x4843, 0x0064, 0x006F, 0x0024,
    0x0012, 0x0013, 0x0012, 0x072D, 0x29E1, 0x06C6, 0x0014, 0x0019,
    0x0014, 0x000B, 0x0000, 0xF843, 0x0024, 0x0022, 0x007C, 0x0CE0,
    0x000B, 0x0000, 0xF843, 0x0053, 0x0022, 0x007C, 0x0CE0, 0x072D,
    0x000B, 0x0000, 0xF843, 0x002E, 0x0022, 0x007C, 0x0CE0, 0x072D,
    0x0BA2, 0x000B, 0x02F0, 0xEC04, 0x0025, 0x0061, 0x0064, 0x0076,
    0x0018, 0x02BA, 0x0704, 0x0037, 0x02C6, 0x0704, 0x000B, 0x0D02,
    0xE404, 0x0025, 0x0063, 0x006C, 0x0072, 0x0004, 0x0000, 0x02F6,
    0x000C, 0x000B, 0x0D0F, 0xC804, 0x0025, 0x0065, 0x006E, 0x0064,
    0x0004, 0xF780, 0x02F6, 0x000D, 0x29E1, 0x000B, 0x0D1A, 0xDA05,
    0x0025, 0x0072, 0x006F, 0x006F, 0x006D, 0x02F6, 0x000D, 0x29E1,
    0x0004, 0x0201, 0x05BA, 0x0008, 0x0D36, 0x000B, 0x18A4, 0x000F,
    0x0066, 0x006F, 0x0072, 0x006D, 0x0061, 0x0074, 0x0020, 0x006F,
    0x0076, 0x0065, 0x0072, 0x0066, 0x006C, 0x006F, 0x0077, 0x12BF,
    0x0D26, 0xC605, 0x0025, 0x0061, 0x0070, 0x0070, 0x0063, 0x0004,
    0x0001, 0x0D2D, 0x0D20, 0x000E, 0x0004, 0x0001, 0x02F6, 0x0704,
    0x000B, 0x0D48, 0xC405, 0x0025, 0x0061, 0x0070, 0x0070, 0x0062,
    0x0018, 0x0D2D, 0x0014, 0x0D20, 0x0013, 0x07C3, 0x0012, 0x02F6,
    0x0704, 0x000B, 0x0D59, 0xE804, 0x0025, 0x0072, 0x0065, 0x0074,
    0x0004, 0xF780, 0x02F6, 0x000D, 0x000B, 0x08AE, 0x7E04, 0x0048,
    0x0045, 0x0058, 0x003F, 0x0004, 0x0010, 0x0921, 0x000B, 0x0CC3,
    0xA406, 0x0045, 0x0053, 0x0043, 0x0045, 0x0052, 0x0052, 0x0004,
    0xFFFF, 0x18A4, 0x000E, 0x0069, 0x006E, 0x0076, 0x0061, 0x006C,
    0x0069, 0x0064, 0x0020, 0x0065, 0x0073, 0x0063, 0x0061, 0x0070,
    0x0065, 0x12BF, 0x08F9, 0x8A08, 0x0055, 0x004E, 0x0045, 0x0053,
    0x0043, 0x0041, 0x0050, 0x0045, 0x001A, 0x02BA, 0x000C, 0x0018,
    0x02C6, 0x000C, 0x0017, 0x0004, 0x0000, 0x02F6, 0x000C, 0x02C6,
    0x000D, 0x0008, 0x0E6C, 0x02BA, 0x000D, 0x000F, 0x0018, 0x0004,
    0x005C, 0x001E, 0x0008, 0x0DCA, 0x001A, 0x02F6, 0x000D, 0x29E1,
    0x000E, 0x0004, 0x0001, 0x02F6, 0x0704, 0x0004, 0x0001, 0x0D08,
    0x0009, 0x0DAF, 0x0017, 0x02C6, 0x000D, 0x0004, 0x0002, 0x05BA,
    0x0008, 0x0DD3, 0x0D87, 0x0004, 0x0001, 0x0D08, 0x02BA, 0x000D,
    0x000F, 0x0018, 0x0004, 0x006E, 0x001E, 0x0008, 0x0E05, 0x0018,
    0x0004, 0x0072, 0x001E, 0x0008, 0x0E0D, 0x0018, 0x0004, 0x0074,
    0x001E, 0x0008, 0x0E15, 0x0018, 0x0004, 0x005C, 0x001E, 0x0008,
    0x0E1D, 0x0018, 0x0004, 0x0022, 0x001E, 0x0008, 0x0E25, 0x0018,
    0x0004, 0x0030, 0x001E, 0x0008, 0x0E2D, 0x0018, 0x0004, 0x0078,
    0x001E, 0x0008, 0x0E35, 0x0017, 0x0D87, 0x0017, 0x0004, 0x000A,
    0x0004, 0x0001, 0x0D08, 0x0009, 0x0E61, 0x0017, 0x0004, 0x000D,
    0x0004, 0x0001, 0x0D08, 0x0009, 0x0E61, 0x0017, 0x0004, 0x0009,
    0x0004, 0x0001, 0x0D08, 0x0009, 0x0E61, 0x0017, 0x0004, 0x005C,
    0x0004, 0x0001, 0x0D08, 0x0009, 0x0E61, 0x0017, 0x0004, 0x0022,
    0x0004, 0x0001, 0x0D08, 0x0009, 0x0E61, 0x0017, 0x0004, 0x0000,
    0x0004, 0x0001, 0x0D08, 0x0009, 0x0E61, 0x0017, 0x02C6, 0x000D,
    0x0004, 0x0003, 0x05BA, 0x0008, 0x0E3E, 0x0D87, 0x02BA, 0x000D,
    0x0004, 0x0001, 0x29E1, 0x000F, 0x0D7B, 0x0008, 0x0E5B, 0x0014,
    0x02BA, 0x000D, 0x0004, 0x0002, 0x29E1, 0x000F, 0x0D7B, 0x0008,
    0x0E5D, 0x0012, 0x0004, 0x0010, 0x0675, 0x29E1, 0x0004, 0x0003,
    0x0D08, 0x0009, 0x0E61, 0x0017, 0x0D87, 0x0017, 0x0012, 0x0017,
    0x0D87, 0x001A, 0x02F6, 0x000D, 0x29E1, 0x000E, 0x0004, 0x0001,
    0x02F6, 0x0704, 0x0009, 0x0DAF, 0x02F6, 0x000D, 0x000B, 0x0000,
    0xCA05, 0x0070, 0x0061, 0x0072, 0x0073, 0x0065, 0x02A2, 0x000C,
    0x001A, 0x0014, 0x0018, 0x0008, 0x0EC7, 0x0004, 0x0001, 0x29B5,
    0x02A2, 0x000D, 0x06CB, 0x29BA, 0x0008, 0x0E9E, 0x0037, 0x0014,
    0x06CB, 0x001A, 0x000F, 0x29B5, 0x001B, 0x0035, 0x0008, 0x0E9D,
    0x0004, 0x0001, 0x29E1, 0x0007, 0x0E88, 0x0012, 0x0017, 0x0012,
    0x0017, 0x0004, 0x0000, 0x0018, 0x000B, 0x0012, 0x001A, 0x0019,
    0x0014, 0x02A2, 0x000D, 0x001A, 0x000F, 0x29B5, 0x02A2, 0x000D,
    0x06CB, 0x29BA, 0x0008, 0x0EAD, 0x001B, 0x0008, 0x0EBA, 0x0004,
    0x0001, 0x29E1, 0x0007, 0x0EA1, 0x0012, 0x0017, 0x0018, 0x0014,
    0x0009, 0x0EC1, 0x0012, 0x0017, 0x0018, 0x0004, 0x0001, 0x29E1,
    0x0014, 0x001A, 0x29B5, 0x0012, 0x0012, 0x29B5, 0x000B, 0x001A,
    0x0012, 0x29B5, 0x000B, 0x0B63, 0x8A05, 0x0050, 0x0041, 0x0052,
    0x0053, 0x0045, 0x0014, 0x074D, 0x030D, 0x000D, 0x29E1, 0x0319,
    0x000D, 0x030D, 0x000D, 0x29B5, 0x0012, 0x0E76, 0x030D, 0x0704,
    0x000B, 0x0903, 0x5082, 0x002E, 0x0028, 0x0004, 0x0029, 0x0ED2,
    0x0BA2, 0x000B, 0x0000, 0x5081, 0x0028, 0x0004, 0x0029, 0x0ED2,
    0x058D, 0x000B, 0x0000, 0xB881, 0x005C, 0x0319, 0x000D, 0x030D,
    0x000C, 0x000B, 0x0C14, 0xA404, 0x0043, 0x0048, 0x0041, 0x0052,
    0x06CB, 0x0ED2, 0x0017, 0x000F, 0x000B, 0x0B9C, 0x9C05, 0x0054,
    0x004F, 0x004B, 0x0045, 0x004E, 0x030D, 0x000D, 0x0319, 0x000D,
    0x05BA, 0x0008, 0x0F34, 0x074D, 0x0319, 0x000D, 0x29E1, 0x06CB,
    0x0019, 0x000E, 0x074D, 0x030D, 0x000D, 0x29E1, 0x0319, 0x000D,
    0x030D, 0x000D, 0x29B5, 0x0004, 0x0001, 0x29E1, 0x06CB, 0x0E76,
    0x030D, 0x0704, 0x0004, 0x001F, 0x05E6, 0x03B3, 0x000D, 0x001A,
    0x29B5, 0x06A4, 0x081F, 0x000B, 0x13BD, 0x000B, 0x05EE, 0x8804,
    0x0057, 0x004F, 0x0052, 0x0044, 0x0ED2, 0x073B, 0x081F, 0x000B,
    0x0000, 0xB04B, 0x0043, 0x004F, 0x0055, 0x004E, 0x0054, 0x0045,
    0x0044, 0x003E, 0x004C, 0x0045, 0x0058, 0x0018, 0x000F, 0x0004,
    0x001F, 0x001C, 0x0018, 0x0008, 0x0F60, 0x0014, 0x0018, 0x0013,
    0x29E1, 0x000F, 0x0022, 0x0019, 0x0017, 0x0012, 0x001D, 0x000B,
    0x058D, 0x0004, 0x0000, 0x000B, 0x0B53, 0x7C05, 0x004E, 0x0041,
    0x004D, 0x0045, 0x003E, 0x06B0, 0x0018, 0x000D, 0x0004, 0x001F,
    0x001C, 0x29E1, 0x06B0, 0x000B, 0x0000, 0xA847, 0x003E, 0x0042,
    0x0055, 0x0043, 0x004B, 0x0045, 0x0054, 0x001A, 0x0004, 0x0020,
    0x0004, 0x007F, 0x05F6, 0x0008, 0x0F8B, 0x0019, 0x0004, 0x0020,
    0x29B5, 0x29E1, 0x000B, 0x058D, 0x0004, 0x0000, 0x000B, 0x0000,
    0x8249, 0x0048, 0x0045, 0x0041, 0x0044, 0x0045, 0x0052, 0x003E,
    0x004E, 0x0041, 0x06B0, 0x000B, 0x0000, 0xA449, 0x004E, 0x0041,
    0x003E, 0x0048, 0x0045, 0x0041, 0x0044, 0x0045, 0x0052, 0x06A4,
    0x000B, 0x0000, 0xA64D, 0x0056, 0x004F, 0x0043, 0x0041, 0x0042,
    0x003E, 0x0042, 0x0055, 0x0043, 0x004B, 0x0045, 0x0054, 0x0053,
    0x000D, 0x000B, 0x0B91, 0x7E05, 0x0053, 0x0041, 0x004D, 0x0045,
    0x003F, 0x0018, 0x0008, 0x0FDA, 0x0014, 0x29A8, 0x000F, 0x0019,
    0x000F, 0x29B5, 0x0576, 0x0008, 0x0FD0, 0x0012, 0x0017, 0x000B,
    0x0019, 0x06B0, 0x0019, 0x06B0, 0x0012, 0x0004, 0xFFFF, 0x29E1,
    0x0009, 0x0FC1, 0x0017, 0x0004, 0x0000, 0x000B, 0x0678, 0x7E06,
    0x004D, 0x0041, 0x0054, 0x0043, 0x0048, 0x003F, 0x0018, 0x0008,
    0x100C, 0x0014, 0x29A8, 0x000F, 0x0019, 0x000F, 0x001E, 0x0576,
    0x0008, 0x0FF9, 0x0012, 0x0017, 0x0017, 0x058D, 0x0004, 0x0000,
    0x000B, 0x0019, 0x06B0, 0x0019, 0x06B0, 0x0012, 0x0004, 0xFFFF,
    0x29E1, 0x0018, 0x0008, 0x1007, 0x0014, 0x0009, 0x0FEA, 0x0017,
    0x058D, 0x0004, 0xFFFF, 0x000B, 0x0017, 0x058D, 0x0004, 0xFFFF,
    0x000B, 0x07DE, 0x9C07, 0x0046, 0x0049, 0x004E, 0x0044, 0x002D,
    0x004F, 0x004E, 0x0004, 0xFFFF, 0x0422, 0x000C, 0x000B, 0x1011,
    0x8C08, 0x0046, 0x0049, 0x004E, 0x0044, 0x002D, 0x004F, 0x0046,
    0x0046, 0x0004, 0x0000, 0x0422, 0x000C, 0x000B, 0x0EE1, 0x8805,
    0x002E, 0x0046, 0x0049, 0x004E, 0x0044, 0x0CFE, 0x0008, 0x0020,
    0x0076, 0x0069, 0x0073, 0x0069, 0x0074, 0x0073, 0x003D, 0x0435,
    0x000D, 0x0906, 0x0CFE, 0x0006, 0x0020, 0x0066, 0x0075, 0x006C,
    0x006C, 0x003D, 0x0447, 0x000D, 0x0906, 0x0CFE, 0x0005, 0x0020,
    0x0068, 0x0069, 0x0074, 0x003D, 0x0457, 0x000D, 0x0906, 0x000B,
    0x0000, 0x8A4C, 0x0046, 0x0049, 0x004E, 0x0044, 0x002D, 0x0052,
    0x0055, 0x004E, 0x0054, 0x0049, 0x004D, 0x0045, 0x0019, 0x0018,
    0x03DB, 0x000C, 0x0018, 0x0F4D, 0x03FC, 0x000C, 0x0018, 0x06B0,
    0x000F, 0x03EC, 0x000C, 0x0017, 0x0018, 0x0FB8, 0x039B, 0x000D,
    0x0FB8, 0x001E, 0x0008, 0x1082, 0x0004, 0x0000, 0x0410, 0x000C,
    0x0009, 0x1086, 0x0331, 0x000D, 0x0410, 0x000C, 0x0018, 0x0FB8,
    0x0487, 0x000C, 0x0487, 0x000D, 0x0008, 0x10E4, 0x03EC, 0x000D,
    0x0487, 0x000D, 0x0F7D, 0x0018, 0x0008, 0x10E3, 0x000D, 0x0018,
    0x0008, 0x10E3, 0x049A, 0x000C, 0x049A, 0x000D, 0x0F9A, 0x0018,
    0x000D, 0x0018, 0x02A2, 0x000C, 0x0004, 0x0100, 0x001C, 0x0008,
    0x10AD, 0x0410, 0x000D, 0x0008, 0x10D8, 0x02A2, 0x000D, 0x0004,
    0xFE1F, 0x001C, 0x03FC, 0x000D, 0x001E, 0x0008, 0x10C4, 0x0017,
    0x049A, 0x000D, 0x000D, 0x0018, 0x0008, 0x10C2, 0x049A, 0x000C,
    0x0009, 0x109C, 0x0009, 0x10E3, 0x03DB, 0x000D, 0x06B0, 0x001A,
    0x06B0, 0x03FC, 0x000D, 0x0004, 0x001F, 0x001C, 0x0FE6, 0x0008,
    0x10D8, 0x0014, 0x0017, 0x049A, 0x000D, 0x0F6B, 0x0012, 0x000B,
    0x0017, 0x049A, 0x000D, 0x000D, 0x0018, 0x0008, 0x10E3, 0x049A,
    0x000C, 0x0009, 0x109C, 0x0017, 0x0017, 0x03DB, 0x000D, 0x0004,
    0x0000, 0x000B, 0x0000, 0x8E4A, 0x0046, 0x0049, 0x004E, 0x0044,
    0x002D, 0x0044, 0x0045, 0x0042, 0x0055, 0x0047, 0x0019, 0x0018,
    0x03DB, 0x000C, 0x0018, 0x0F4D, 0x03FC, 0x000C, 0x0018, 0x06B0,
    0x000F, 0x03EC, 0x000C, 0x0017, 0x0422, 0x000D, 0x0008, 0x1114,
    0x0004, 0x0000, 0x0435, 0x000C, 0x0004, 0x0000, 0x0447, 0x000C,
    0x0004, 0x0000, 0x0457, 0x000C, 0x0018, 0x0FB8, 0x039B, 0x000D,
    0x0FB8, 0x001E, 0x0008, 0x1122, 0x0004, 0x0000, 0x0410, 0x000C,
    0x0009, 0x1126, 0x0331, 0x000D, 0x0410, 0x000C, 0x0018, 0x0FB8,
    0x0487, 0x000C, 0x0487, 0x000D, 0x0008, 0x119C, 0x03EC, 0x000D,
    0x0487, 0x000D, 0x0F7D, 0x0018, 0x0008, 0x119B, 0x000D, 0x0018,
    0x0008, 0x119B, 0x049A, 0x000C, 0x0422, 0x000D, 0x0008, 0x1144,
    0x0004, 0x0001, 0x0435, 0x0704, 0x049A, 0x000D, 0x0F9A, 0x0018,
    0x000D, 0x0018, 0x02A2, 0x000C, 0x0004, 0x0100, 0x001C, 0x0008,
    0x1155, 0x0410, 0x000D, 0x0008, 0x1190, 0x02A2, 0x000D, 0x0004,
    0xFE1F, 0x001C, 0x03FC, 0x000D, 0x001E, 0x0008, 0x116C, 0x0017,
    0x049A, 0x000D, 0x000D, 0x0018, 0x0008, 0x116A, 0x049A, 0x000C,
    0x0009, 0x113C, 0x0009, 0x119B, 0x0422, 0x000D, 0x0008, 0x1174,
    0x0004, 0x0001, 0x0447, 0x0704, 0x03DB, 0x000D, 0x06B0, 0x001A,
    0x06B0, 0x03FC, 0x000D, 0x0004, 0x001F, 0x001C, 0x0FE6, 0x0008,
    0x1190, 0x0422, 0x000D, 0x0008, 0x1189, 0x0435, 0x000D, 0x0457,
    0x000C, 0x0014, 0x0017, 0x049A, 0x000D, 0x0F6B, 0x0012, 0x000B,
    0x0017, 0x049A, 0x000D, 0x000D, 0x0018, 0x0008, 0x119B, 0x049A,
    0x000C, 0x0009, 0x113C, 0x0017, 0x0017, 0x03DB, 0x000D, 0x0004,
    0x0000, 0x000B, 0x0000, 0xC844, 0x0066, 0x0069, 0x006E, 0x0064,
    0x027B, 0x000D, 0x0014, 0x000B, 0x0000, 0xA649, 0x0046, 0x0049,
    0x004E, 0x0044, 0x002D, 0x0056, 0x004F, 0x0043, 0x0053, 0x0018,
    0x0008, 0x11CC, 0x0014, 0x0018, 0x0013, 0x11A8, 0x0576, 0x0008,
    0x11C6, 0x0581, 0x0017, 0x0012, 0x0017, 0x000B, 0x0017, 0x0012,
    0x06B0, 0x000D, 0x0009, 0x11B7, 0x0017, 0x0004, 0x0000, 0x000B,
    0x0000, 0x7E45, 0x004E, 0x0041, 0x004D, 0x0045, 0x003F, 0x038C,
    0x000D, 0x11B7, 0x000B, 0x0ECB, 0x880C, 0x0050, 0x0052, 0x004F,
    0x0046, 0x0049, 0x004C, 0x0045, 0x002D, 0x0046, 0x0049, 0x004E,
    0x0044, 0x0004, 0x10F6, 0x027B, 0x000C, 0x101A, 0x0F0C, 0x11D7,
    0x0576, 0x0008, 0x11F6, 0x058D, 0x0009, 0x11F7, 0x0017, 0x1035,
    0x1029, 0x0004, 0x1066, 0x027B, 0x000C, 0x000B, 0x0000, 0x9002,
    0x005E, 0x0048, 0x0014, 0x001A, 0x0012, 0x0019, 0x001A, 0x001E,
    0x0008, 0x1216, 0x0004, 0x0008, 0x0B51, 0x0004, 0x0001, 0x29B5,
    0x0004, 0x0020, 0x0B51, 0x0004, 0x0008, 0x0B51, 0x000B, 0x0000,
    0x8C04, 0x0058, 0x004F, 0x0046, 0x0046, 0x0004, 0x0013, 0x0B51,
    0x000B, 0x1217, 0x9C03, 0x0058, 0x004F, 0x004E, 0x0004, 0x0011,
    0x0B51, 0x000B, 0x0F05, 0xA003, 0x0054, 0x0041, 0x0050, 0x0018,
    0x0B51, 0x001A, 0x000E, 0x0004, 0x0001, 0x29E1, 0x000B, 0x0000,
    0xA004, 0x006B, 0x0054, 0x0041, 0x0050, 0x0018, 0x0004, 0x000A,
    0x001E, 0x0008, 0x1250, 0x0018, 0x0004, 0x000D, 0x001E, 0x0008,
    0x1254, 0x0004, 0x0008, 0x001E, 0x0008, 0x1252, 0x122F, 0x000B,
    0x0017, 0x000B, 0x1202, 0x000B, 0x121D, 0x0017, 0x0019, 0x0017,
    0x0018, 0x000B, 0x0000, 0xE806, 0x0061, 0x0063, 0x0063, 0x0065,
    0x0070, 0x0074, 0x001A, 0x29E1, 0x001A, 0x29A8, 0x001E, 0x0008,
    0x1277, 0x09FD, 0x0018, 0x06CB, 0x0004, 0x007F, 0x05F6, 0x0008,
    0x1274, 0x122F, 0x0009, 0x1275, 0x123D, 0x0009, 0x1265, 0x0017,
    0x001A, 0x29B5, 0x000B, 0x0D7F, 0xA806, 0x0045, 0x0058, 0x0050,
    0x0045, 0x0043, 0x0054, 0x1262, 0x0302, 0x000C, 0x0017, 0x000B,
    0x0000, 0xB205, 0x0051, 0x0055, 0x0045, 0x0052, 0x0059, 0x074D,
    0x0004, 0x0400, 0x1283, 0x0302, 0x000D, 0x0319, 0x000C, 0x0004,
    0x0000, 0x030D, 0x000C, 0x000B, 0x0EFA, 0x9005, 0x0043, 0x0041,
    0x0054, 0x0043, 0x0048, 0x0015, 0x0014, 0x034B, 0x000D, 0x0014,
    0x0011, 0x034B, 0x000C, 0x0004, 0x12B0, 0x0014, 0x0014, 0x000B,
    0x0012, 0x034B, 0x000C, 0x0012, 0x0017, 0x0004, 0x0000, 0x000B,
    0x122A, 0xAE05, 0x0054, 0x0048, 0x0052, 0x004F, 0x0057, 0x034B,
    0x000D, 0x0010, 0x0012, 0x034B, 0x000C, 0x0012, 0x0019, 0x0014,
    0x0016, 0x0017, 0x0012, 0x000B, 0x0000, 0x8848, 0x003F, 0x004E,
    0x0055, 0x004D, 0x0048, 0x0045, 0x0041, 0x0044, 0x0018, 0x06B0,
    0x000D, 0x0018, 0x0014, 0x0004, 0x0030, 0x0004, 0x003A, 0x05F6,
    0x0013, 0x0004, 0x002D, 0x29BA, 0x001D, 0x0013, 0x0004, 0x002B,
    0x29BA, 0x001D, 0x0013, 0x0004, 0x0024, 0x29BA, 0x001D, 0x0287,
    0x000D, 0x0004, 0x0010, 0x001E, 0x0008, 0x12F9, 0x0012, 0x0017,
    0x000B, 0x0013, 0x0D7B, 0x0019, 0x0017, 0x001D, 0x0012, 0x0017,
    0x000B, 0x0000, 0xA80A, 0x0024, 0x0049, 0x004E, 0x0054, 0x0045,
    0x0052, 0x0050, 0x0052, 0x0045, 0x0054, 0x12D6, 0x0008, 0x1314,
    0x0940, 0x0008, 0x1314, 0x000B, 0x11D7, 0x0576, 0x0008, 0x132D,
    0x000D, 0x0004, 0x0040, 0x001C, 0x18A4, 0x000D, 0x0020, 0x0063,
    0x006F, 0x006D, 0x0070, 0x0069, 0x006C, 0x0065, 0x0020, 0x006F,
    0x006E, 0x006C, 0x0079, 0x0014, 0x000B, 0x0940, 0x0008, 0x1331,
    0x000B, 0x12BF, 0x102E, 0x9603, 0x002E, 0x004F, 0x004B, 0x0331,
    0x000D, 0x0008, 0x133D, 0x0009, 0x1342, 0x0CFE, 0x0003, 0x0020,
    0x006F, 0x006B, 0x0BBA, 0x000B, 0x0A12, 0x9606, 0x003F, 0x0053,
    0x0054, 0x0041, 0x0043, 0x004B, 0x06EA, 0x001B, 0x18A4, 0x000A,
    0x0020, 0x0075, 0x006E, 0x0064, 0x0065, 0x0072, 0x0066, 0x006C,
    0x006F, 0x0077, 0x000B, 0x127B, 0x9804, 0x0045, 0x0056, 0x0041,
    0x004C, 0x0F0C, 0x0018, 0x000F, 0x0008, 0x1372, 0x0331, 0x000D,
    0x0008, 0x136D, 0x2275, 0x0009, 0x1361, 0x0769, 0x22B1, 0x0796,
    0x0009, 0x1361, 0x0017, 0x1337, 0x000B, 0x11DB, 0xA806, 0x0050,
    0x0052, 0x0045, 0x0053, 0x0045, 0x0054, 0x0004, 0xFA80, 0x0319,
    0x06B0, 0x000C, 0x0769, 0x000B, 0x0000, 0xDE43, 0x0078, 0x0069,
    0x006F, 0x0004, 0x1262, 0x0239, 0x0710, 0x0252, 0x0710, 0x000B,
    0x101F, 0x8A04, 0x0046, 0x0049, 0x004C, 0x0045, 0x0004, 0x0B69,
    0x0004, 0x0017, 0x0004, 0x123D, 0x1389, 0x000B, 0x0D75, 0x8804,
    0x0048, 0x0041, 0x004E, 0x0044, 0x0004, 0x1337, 0x0004, 0x0B51,
    0x0004, 0x123D, 0x1389, 0x000B, 0x0000, 0x9E03, 0x0049, 0x002F,
    0x004F, 0x0004, 0x13B4, 0x000B, 0x0002, 0x0003, 0x0000, 0x4805,
    0x004E, 0x0055, 0x004C, 0x004C, 0x0024, 0x0006, 0x0000, 0x129C,
    0x8A07, 0x0043, 0x004F, 0x004E, 0x0053, 0x004F, 0x004C, 0x0045,
    0x13B1, 0x071D, 0x021D, 0x0710, 0x13A4, 0x000B, 0x057C, 0x9E03,
    0x0052, 0x002F, 0x004F, 0x0004, 0x0001, 0x000B, 0x0F36, 0x9E03,
    0x0057, 0x002F, 0x004F, 0x0004, 0x0002, 0x000B, 0x13CE, 0xAE03,
    0x0052, 0x002F, 0x0057, 0x0004, 0x0003, 0x000B, 0x0000, 0x8A09,
    0x004F, 0x0050, 0x0045, 0x004E, 0x002D, 0x0046, 0x0049, 0x004C,
    0x0045, 0x0028, 0x000B, 0x13BF, 0x8A0B, 0x0043, 0x0052, 0x0045,
    0x0041, 0x0054, 0x0045, 0x002D, 0x0046, 0x0049, 0x004C, 0x0045,
    0x0029, 0x000B, 0x13F3, 0x8A0A, 0x0043, 0x004C, 0x004F, 0x0053,
    0x0045, 0x002D, 0x0046, 0x0049, 0x004C, 0x0045, 0x002A, 0x000B,
    0x13DE, 0x8A09, 0x0052, 0x0045, 0x0041, 0x0044, 0x002D, 0x004C,
    0x0049, 0x004E, 0x0045, 0x002B, 0x000B, 0x13D6, 0x8A0A, 0x0057,
    0x0052, 0x0049, 0x0054, 0x0045, 0x002D, 0x004C, 0x0049, 0x004E,
    0x0045, 0x002C, 0x000B, 0x1390, 0x9C0D, 0x0046, 0x0049, 0x004C,
    0x0045, 0x002D, 0x0050, 0x004F, 0x0053, 0x0049, 0x0054, 0x0049,
    0x004F, 0x004E, 0x002E, 0x000B, 0x1410, 0x8A0F, 0x0052, 0x0045,
    0x0050, 0x004F, 0x0053, 0x0049, 0x0054, 0x0049, 0x004F, 0x004E,
    0x002D, 0x0046, 0x0049, 0x004C, 0x0045, 0x002D, 0x000B, 0x142B,
    0x8A09, 0x0046, 0x0049, 0x004C, 0x0045, 0x002D, 0x0053, 0x0049,
    0x005A, 0x0045, 0x002F, 0x000B, 0x144F, 0x8A0A, 0x0046, 0x004C,
    0x0055, 0x0053, 0x0048, 0x002D, 0x0046, 0x0049, 0x004C, 0x0045,
    0x0030, 0x000B, 0x0BF4, 0x8A0B, 0x0044, 0x0045, 0x004C, 0x0045,
    0x0054, 0x0045, 0x002D, 0x0046, 0x0049, 0x004C, 0x0045, 0x0031,
    0x000B, 0x143C, 0x8A0B, 0x0052, 0x0045, 0x004E, 0x0041, 0x004D,
    0x0045, 0x002D, 0x0046, 0x0049, 0x004C, 0x0045, 0x0032, 0x000B,
    0x0C54, 0x8A0C, 0x0049, 0x004E, 0x0043, 0x004C, 0x0055, 0x0044,
    0x0045, 0x002D, 0x0046, 0x0049, 0x004C, 0x0045, 0x0017, 0x0004,
    0xFFFF, 0x000B, 0x1488, 0x8808, 0x0049, 0x004E, 0x0043, 0x004C,
    0x0055, 0x0044, 0x0045, 0x0044, 0x058D, 0x0004, 0xFFFF, 0x000B,
    0x0000, 0x8A4B, 0x004D, 0x004F, 0x0044, 0x0055, 0x004C, 0x0045,
    0x002D, 0x0053, 0x0041, 0x0056, 0x0045, 0x03C9, 0x000D, 0x04EB,
    0x000C, 0x03A5, 0x000D, 0x04FC, 0x000C, 0x037D, 0x000D, 0x0513,
    0x000C, 0x037D, 0x06B0, 0x000D, 0x0513, 0x06B0, 0x000C, 0x037D,
    0x06B0, 0x06B0, 0x000D, 0x0513, 0x06B0, 0x06B0, 0x000C, 0x038C,
    0x000D, 0x0529, 0x000C, 0x038C, 0x06B0, 0x000D, 0x0529, 0x06B0,
    0x000C, 0x038C, 0x06B0, 0x06B0, 0x000D, 0x0529, 0x06B0, 0x06B0,
    0x000C, 0x038C, 0x06B0, 0x06B0, 0x06B0, 0x000D, 0x0529, 0x06B0,
    0x06B0, 0x06B0, 0x000C, 0x038C, 0x06B0, 0x06B0, 0x06B0, 0x06B0,
    0x000D, 0x0529, 0x06B0, 0x06B0, 0x06B0, 0x06B0, 0x000C, 0x038C,
    0x06B0, 0x06B0, 0x06B0, 0x06B0, 0x06B0, 0x000D, 0x0529, 0x06B0,
    0x06B0, 0x06B0, 0x06B0, 0x06B0, 0x000C, 0x038C, 0x06B0, 0x06B0,
    0x06B0, 0x06B0, 0x06B0, 0x06B0, 0x000D, 0x0529, 0x06B0, 0x06B0,
    0x06B0, 0x06B0, 0x06B0, 0x06B0, 0x000C, 0x038C, 0x06B0, 0x06B0,
    0x06B0, 0x06B0, 0x06B0, 0x06B0, 0x06B0, 0x000D, 0x0529, 0x06B0,
    0x06B0, 0x06B0, 0x06B0, 0x06B0, 0x06B0, 0x06B0, 0x000C, 0x038C,
    0x06B0, 0x06B0, 0x06B0, 0x06B0, 0x06B0, 0x06B0, 0x06B0, 0x06B0,
    0x000D, 0x0529, 0x06B0, 0x06B0, 0x06B0, 0x06B0, 0x06B0, 0x06B0,
    0x06B0, 0x06B0, 0x000C, 0x039B, 0x000D, 0x053F, 0x000C, 0x039B,
    0x06B0, 0x000D, 0x053F, 0x06B0, 0x000C, 0x000B, 0x0000, 0xA454,
    0x004D, 0x004F, 0x0044, 0x0055, 0x004C, 0x0045, 0x002D, 0x0052,
    0x0045, 0x0053, 0x0054, 0x004F, 0x0052, 0x0045, 0x002D, 0x004F,
    0x0052, 0x0044, 0x0045, 0x0052, 0x0529, 0x000D, 0x038C, 0x000C,
    0x0529, 0x06B0, 0x000D, 0x038C, 0x06B0, 0x000C, 0x0529, 0x06B0,
    0x06B0, 0x000D, 0x038C, 0x06B0, 0x06B0, 0x000C, 0x0529, 0x06B0,
    0x06B0, 0x06B0, 0x000D, 0x038C, 0x06B0, 0x06B0, 0x06B0, 0x000C,
    0x0529, 0x06B0, 0x06B0, 0x06B0, 0x06B0, 0x000D, 0x038C, 0x06B0,
    0x06B0, 0x06B0, 0x06B0, 0x000C, 0x0529, 0x06B0, 0x06B0, 0x06B0,
    0x06B0, 0x06B0, 0x000D, 0x038C, 0x06B0, 0x06B0, 0x06B0, 0x06B0,
    0x06B0, 0x000C, 0x0529, 0x06B0, 0x06B0, 0x06B0, 0x06B0, 0x06B0,
    0x06B0, 0x000D, 0x038C, 0x06B0, 0x06B0, 0x06B0, 0x06B0, 0x06B0,
    0x06B0, 0x000C, 0x0529, 0x06B0, 0x06B0, 0x06B0, 0x06B0, 0x06B0,
    0x06B0, 0x06B0, 0x000D, 0x038C, 0x06B0, 0x06B0, 0x06B0, 0x06B0,
    0x06B0, 0x06B0, 0x06B0, 0x000C, 0x0529, 0x06B0, 0x06B0, 0x06B0,
    0x06B0, 0x06B0, 0x06B0, 0x06B0, 0x06B0, 0x000D, 0x038C, 0x06B0,
    0x06B0, 0x06B0, 0x06B0, 0x06B0, 0x06B0, 0x06B0, 0x06B0, 0x000C,
    0x053F, 0x000D, 0x039B, 0x000C, 0x053F, 0x06B0, 0x000D, 0x039B,
    0x06B0, 0x000C, 0x000B, 0x0000, 0xA44C, 0x004D, 0x004F, 0x0044,
    0x0055, 0x004C, 0x0045, 0x002D, 0x0043, 0x004C, 0x0045, 0x0041,
    0x0052, 0x0004, 0x0000, 0x04C3, 0x000C, 0x0004, 0x0000, 0x04D8,
    0x000C, 0x000B, 0x0000, 0x964F, 0x004D, 0x004F, 0x0044, 0x0055,
    0x004C, 0x0045, 0x002D, 0x0052, 0x004F, 0x004C, 0x004C, 0x0042,
    0x0041, 0x0043, 0x004B, 0x0513, 0x000D, 0x037D, 0x000C, 0x0513,
    0x06B0, 0x000D, 0x037D, 0x06B0, 0x000C, 0x0513, 0x06B0, 0x06B0,
    0x000D, 0x037D, 0x06B0, 0x06B0, 0x000C, 0x155C, 0x04EB, 0x000D,
    0x03C9, 0x000C, 0x04FC, 0x000D, 0x03A5, 0x000C, 0x04FC, 0x000D,
    0x1865, 0x0004, 0x0000, 0x04C3, 0x000C, 0x0004, 0xFFFF, 0x04D8,
    0x000C, 0x000B, 0x1288, 0xA804, 0x0051, 0x0055, 0x0049, 0x0054,
    0x0210, 0x000D, 0x0010, 0x1662, 0x0210, 0x000D, 0x0010, 0x128F,
    0x04D8, 0x000D, 0x0008, 0x1637, 0x258A, 0x0009, 0x165B, 0x0004,
    0x1361, 0x12A3, 0x0576, 0x0008, 0x162C, 0x0261, 0x000D, 0x0019,
    0x13C8, 0x13BD, 0x001A, 0x001E, 0x0008, 0x164E, 0x0B74, 0x072D,
    0x0BA2, 0x0CFE, 0x0003, 0x0020, 0x003F, 0x0020, 0x04C3, 0x000D,
    0x0008, 0x1653, 0x15FB, 0x0004, 0x1337, 0x001E, 0x0008, 0x165B,
    0x0004, 0x001B, 0x0B51, 0x137D, 0x1226, 0x0009, 0x162B, 0x0000,
    0xB681, 0x005B, 0x0004, 0x0000, 0x0331, 0x000C, 0x000B, 0x0000,
    0xBA01, 0x005D, 0x0004, 0x0001, 0x0331, 0x000C, 0x000B, 0x0274,
    0x4E01, 0x0027, 0x0F0C, 0x11D7, 0x0008, 0x1678, 0x0017, 0x000B,
    0x12BF, 0x0000, 0xA807, 0x005F, 0x0064, 0x006F, 0x004E, 0x0045,
    0x0058, 0x0054, 0x0004, 0x0007, 0x000B, 0x1679, 0xD008, 0x005F,
    0x003F, 0x0062, 0x0072, 0x0061, 0x006E, 0x0063, 0x0068, 0x0004,
    0x0008, 0x000B, 0x1685, 0xD007, 0x005F, 0x0062, 0x0072, 0x0061,
    0x006E, 0x0063, 0x0068, 0x0004, 0x0009, 0x000B, 0x0C77, 0xA805,
    0x0041, 0x004C, 0x004C, 0x004F, 0x0054, 0x03A5, 0x0704, 0x000B,
    0x165F, 0xBA89, 0x005B, 0x0043, 0x004F, 0x004D, 0x0050, 0x0049,
    0x004C, 0x0045, 0x005D, 0x1672, 0x2990, 0x000B, 0x1402, 0x8A47,
    0x0043, 0x004F, 0x004D, 0x0050, 0x0049, 0x004C, 0x0045, 0x0012,
    0x0018, 0x000D, 0x2990, 0x06B0, 0x0014, 0x000B, 0x03C3, 0x9887,
    0x004C, 0x0049, 0x0054, 0x0045, 0x0052, 0x0041, 0x004C, 0x16BF,
    0x0004, 0x2990, 0x000B, 0x16A8, 0xBA86, 0x005B, 0x0043, 0x0048,
    0x0041, 0x0052, 0x005D, 0x0F00, 0x16CF, 0x000B, 0x1301, 0x4403,
    0x0024, 0x002C, 0x0022, 0x0004, 0x0022, 0x0F3C, 0x072D, 0x29E1,
    0x06C6, 0x03A5, 0x000C, 0x000B, 0x135B, 0x4405, 0x0045, 0x0053,
    0x0043, 0x002C, 0x0022, 0x073B, 0x081F, 0x072D, 0x29E1, 0x06C6,
    0x03A5, 0x000C, 0x000B, 0x1479, 0x8A87, 0x0052, 0x0045, 0x0043,
    0x0055, 0x0052, 0x0053, 0x0045, 0x03C9, 0x000D, 0x0F6B, 0x2990,
    0x000B, 0x08D2, 0x9C85, 0x0042, 0x0045, 0x0047, 0x0049, 0x004E,
    0x073B, 0x000B, 0x145C, 0xA483, 0x0046, 0x004F, 0x0052, 0x16BF,
    0x0037, 0x16BF, 0x0014, 0x073B, 0x000B, 0x0F64, 0xA884, 0x004E,
    0x0045, 0x0058, 0x0054, 0x16BF, 0x0007, 0x2990, 0x16BF, 0x0012,
    0x16BF, 0x0017, 0x000B, 0x0D9A, 0x9885, 0x0055, 0x004E, 0x0054,
    0x0049, 0x004C, 0x0004, 0x0008, 0x2990, 0x2990, 0x000B, 0x169E,
    0x9C85, 0x0041, 0x0047, 0x0041, 0x0049, 0x004E, 0x0004, 0x0009,
    0x2990, 0x2990, 0x000B, 0x149A, 0x8C82, 0x0049, 0x0046, 0x0004,
    0x0008, 0x2990, 0x073B, 0x0004, 0x0000, 0x2990, 0x000B, 0x1737,
    0x8885, 0x0041, 0x0048, 0x0045, 0x0041, 0x0044, 0x0004, 0x0009,
    0x2990, 0x073B, 0x0004, 0x0000, 0x2990, 0x000B, 0x16FB, 0xA886,
    0x0052, 0x0045, 0x0050, 0x0045, 0x0041, 0x0054, 0x173E, 0x073B,
    0x0019, 0x000C, 0x000B, 0x12B8, 0x9C84, 0x0054, 0x0048, 0x0045,
    0x004E, 0x073B, 0x0019, 0x000C, 0x000B, 0x174F, 0xA883, 0x0041,
    0x0046, 0x0054, 0x0017, 0x1756, 0x1710, 0x0019, 0x000B, 0x16EC,
    0x8A84, 0x0045, 0x004C, 0x0053, 0x0045, 0x1756, 0x0019, 0x1771,
    0x000B, 0x141D, 0x8A85, 0x0057, 0x0048, 0x0049, 0x004C, 0x0045,
    0x1747, 0x0019, 0x000B, 0x0000, 0x8A52, 0x0043, 0x004C, 0x0045,
    0x0041, 0x0052, 0x002D, 0x0042, 0x0055, 0x0043, 0x004B, 0x0045,
    0x0054, 0x002D, 0x0054, 0x0041, 0x0042, 0x004C, 0x0045, 0x0004,
    0x005F, 0x0037, 0x0014, 0x0004, 0x0000, 0x001A, 0x000C, 0x06B0,
    0x0007, 0x17AB, 0x0012, 0x0017, 0x0017, 0x000B, 0x0000, 0x8A51,
    0x0043, 0x004F, 0x0050, 0x0059, 0x002D, 0x0042, 0x0055, 0x0043,
    0x004B, 0x0045, 0x0054, 0x002D, 0x0054, 0x0041, 0x0042, 0x004C,
    0x0045, 0x0487, 0x000C, 0x02A2, 0x000C, 0x0004, 0x005F, 0x0037,
    0x0014, 0x02A2, 0x000D, 0x000D, 0x0487, 0x000D, 0x000C, 0x02A2,
    0x000D, 0x06B0, 0x02A2, 0x000C, 0x0487, 0x000D, 0x06B0, 0x0487,
    0x000C, 0x0007, 0x17D1, 0x0012, 0x0017, 0x000B, 0x0000, 0x8A53,
    0x0052, 0x0045, 0x0057, 0x0049, 0x004E, 0x0044, 0x002D, 0x0042,
    0x0055, 0x0043, 0x004B, 0x0045, 0x0054, 0x002D, 0x0054, 0x0041,
    0x0042, 0x004C, 0x0045, 0x0019, 0x02A2, 0x000C, 0x0487, 0x000C,
    0x0004, 0x005F, 0x0037, 0x0014, 0x0487, 0x000D, 0x000D, 0x049A,
    0x000C, 0x049A, 0x000D, 0x0018, 0x0008, 0x1823, 0x0018, 0x02A2,
    0x000D, 0x05BA, 0x0008, 0x181E, 0x0487, 0x000D, 0x000C, 0x0487,
    0x000D, 0x06B0, 0x0487, 0x000C, 0x0009, 0x182E, 0x000D, 0x049A,
    0x000C, 0x0009, 0x1809, 0x0017, 0x0004, 0x0000, 0x0487, 0x000D,
    0x000C, 0x0487, 0x000D, 0x06B0, 0x0487, 0x000C, 0x0007, 0x1804,
    0x0012, 0x0017, 0x000B, 0x0000, 0xA654, 0x0052, 0x0045, 0x0057,
    0x0049, 0x004E, 0x0044, 0x002D, 0x0056, 0x004F, 0x0043, 0x0041,
    0x0042, 0x002D, 0x0042, 0x0055, 0x0043, 0x004B, 0x0045, 0x0054,
    0x0053, 0x0FB8, 0x0576, 0x0008, 0x184F, 0x17FB, 0x000B, 0x0017,
    0x000B, 0x0000, 0xA652, 0x0052, 0x0045, 0x0057, 0x0049, 0x004E,
    0x0044, 0x002D, 0x0041, 0x004C, 0x004C, 0x002D, 0x0042, 0x0055,
    0x0043, 0x004B, 0x0045, 0x0054, 0x0053, 0x037D, 0x0018, 0x0008,
    0x1870, 0x001A, 0x001A, 0x1849, 0x06B0, 0x000D, 0x0009, 0x1866,
    0x058D, 0x000B, 0x0000, 0xA652, 0x0049, 0x004E, 0x0049, 0x0054,
    0x002D, 0x0046, 0x004F, 0x0052, 0x0054, 0x0048, 0x002D, 0x0042,
    0x0055, 0x0043, 0x004B, 0x0045, 0x0054, 0x0053, 0x0004, 0x0064,
    0x0004, 0xFEE2, 0x17C9, 0x0004, 0xFEE2, 0x037D, 0x000C, 0x000B,
    0x1775, 0x4486, 0x0041, 0x0042, 0x004F, 0x0052, 0x0054, 0x0022,
    0x16BF, 0x18A4, 0x16E3, 0x000B, 0x0000, 0x4446, 0x0061, 0x0062,
    0x006F, 0x0072, 0x0074, 0x0022, 0x0008, 0x18A8, 0x0CE0, 0x12BF,
    0x0CE0, 0x0017, 0x000B, 0x16DE, 0x4482, 0x0024, 0x0022, 0x16BF,
    0x0CEF, 0x16E3, 0x000B, 0x1332, 0x4482, 0x002E, 0x0022, 0x0331,
    0x000D, 0x0008, 0x18C3, 0x0004, 0x0022, 0x0ED2, 0x0DA4, 0x16BF,
    0x0CFE, 0x16F3, 0x000B, 0x0004, 0x0022, 0x0ED2, 0x0DA4, 0x0BA2,
    0x000B, 0x0FBA, 0x4482, 0x0053, 0x0022, 0x0331, 0x000D, 0x0008,
    0x18D9, 0x0004, 0x0022, 0x0ED2, 0x0DA4, 0x16BF, 0x0CF6, 0x16F3,
    0x000B, 0x0004, 0x0022, 0x0ED2, 0x0DA4, 0x000B, 0x172B, 0x7A03,
    0x0055, 0x003C, 0x003D, 0x0004, 0x0001, 0x29E1, 0x05BA, 0x000B,
    0x1344, 0xA807, 0x003F, 0x0054, 0x0041, 0x0052, 0x0047, 0x0045,
    0x0054, 0x0F0C, 0x0018, 0x000F, 0x0008, 0x18F7, 0x000B, 0x0CEF,
    0x0005, 0x0020, 0x006E, 0x0061, 0x006D, 0x0065, 0x12BF, 0x0000,
    0xA846, 0x0046, 0x0049, 0x004E, 0x0044, 0x0058, 0x0054, 0x0018,
    0x11D7, 0x0576, 0x0008, 0x1910, 0x0017, 0x0004, 0xFFFF, 0x000B,
    0x0017, 0x0004, 0x0000, 0x000B, 0x18C9, 0x884C, 0x0053, 0x0054,
    0x0052, 0x0049, 0x004E, 0x0047, 0x002D, 0x0042, 0x0055, 0x0049,
    0x004C, 0x0044, 0x001A, 0x001B, 0x0008, 0x193A, 0x18A4, 0x0011,
    0x006E, 0x0065, 0x0067, 0x0061, 0x0074, 0x0069, 0x0076, 0x0065,
    0x0020, 0x0063, 0x0061, 0x0070, 0x0061, 0x0063, 0x0069, 0x0074,
    0x0079, 0x12BF, 0x0019, 0x0014, 0x1F19, 0x0012, 0x073B, 0x0004,
    0x0006, 0x29E1, 0x0018, 0x02A2, 0x000C, 0x0017, 0x0004, 0x0004,
    0x2990, 0x02A2, 0x000D, 0x0004, 0x0002, 0x29E1, 0x2990, 0x0004,
    0x0004, 0x2990, 0x02A2, 0x000D, 0x0004, 0x0001, 0x29E1, 0x2990,
    0x0004, 0x000D, 0x2990, 0x0004, 0x000B, 0x2990, 0x0018, 0x2990,
    0x0004, 0x0000, 0x2990, 0x16A5, 0x230F, 0x03C9, 0x000D, 0x0F6B,
    0x000B, 0x0000, 0x7E04, 0x0053, 0x0054, 0x0052, 0x003F, 0x0018,
    0x000D, 0x0004, 0x0004, 0x001E, 0x0008, 0x197A, 0x0017, 0x0004,
    0x0000, 0x000B, 0x0018, 0x06B0, 0x000D, 0x02A2, 0x000C, 0x0018,
    0x06B0, 0x06B0, 0x000D, 0x0004, 0x0004, 0x001E, 0x0008, 0x198C,
    0x0017, 0x0004, 0x0000, 0x000B, 0x0018, 0x06B0, 0x06B0, 0x06B0,
    0x000D, 0x02A2, 0x000D, 0x06A4, 0x001E, 0x0008, 0x199B, 0x0017,
    0x0004, 0x0000, 0x000B, 0x0018, 0x0004, 0x0004, 0x29E1, 0x000D,
    0x0004, 0x000D, 0x001E, 0x0008, 0x19A9, 0x0017, 0x0004, 0x0000,
    0x000B, 0x0018, 0x0004, 0x0005, 0x29E1, 0x000D, 0x0004, 0x000B,
    0x001E, 0x0008, 0x19B7, 0x0017, 0x0004, 0x0000, 0x000B, 0x0004,
    0xFFFF, 0x000B, 0x0000, 0x8C07, 0x003E, 0x0053, 0x0054, 0x0052,
    0x0042, 0x0055, 0x0046, 0x196F, 0x0008, 0x19C9, 0x06B0, 0x000D,
    0x000B, 0x18A4, 0x000A, 0x006E, 0x006F, 0x0074, 0x0020, 0x0073,
    0x0074, 0x0072, 0x0069, 0x006E, 0x0067, 0x12BF, 0x0000, 0x8208,
    0x003E, 0x0053, 0x0054, 0x0052, 0x004C, 0x0045, 0x004E, 0x0041,
    0x196F, 0x0008, 0x19E8, 0x06B0, 0x06B0, 0x06B0, 0x000D, 0x000B,
    0x18A4, 0x000A, 0x006E, 0x006F, 0x0074, 0x0020, 0x0073, 0x0074,
    0x0072, 0x0069, 0x006E, 0x0067, 0x12BF, 0x0000, 0xA007, 0x003E,
    0x0053, 0x0054, 0x0052, 0x0043, 0x0041, 0x0050, 0x19E0, 0x06A4,
    0x000D, 0x000B, 0x0000, 0x9C07, 0x003E, 0x0053, 0x0054, 0x0052,
    0x004C, 0x0045, 0x004E, 0x19E0, 0x000D, 0x000B, 0x0000, 0xA809,
    0x0053, 0x0054, 0x0052, 0x0043, 0x004C, 0x0052, 0x002D, 0x0058,
    0x0054, 0x19E0, 0x0004, 0x0000, 0x0019, 0x000C, 0x000B, 0x0000,
    0xA809, 0x0053, 0x0054, 0x0052, 0x0043, 0x0041, 0x0050, 0x002D,
    0x0058, 0x0054, 0x19FE, 0x000B, 0x0000, 0xA809, 0x0053, 0x0054,
    0x0052, 0x0053, 0x0045, 0x0054, 0x002D, 0x0058, 0x0054, 0x02AE,
    0x000C, 0x0018, 0x02AE, 0x000D, 0x19FE, 0x18E3, 0x0008, 0x1A51,
    0x0018, 0x0014, 0x001A, 0x02AE, 0x000D, 0x19C3, 0x0013, 0x07C3,
    0x0012, 0x0017, 0x0019, 0x0017, 0x02AE, 0x000D, 0x19E0, 0x000C,
    0x000B, 0x18A4, 0x000F, 0x0073, 0x0074, 0x0072, 0x0069, 0x006E,
    0x0067, 0x0020, 0x006F, 0x0076, 0x0065, 0x0072, 0x0066, 0x006C,
    0x006F, 0x0077, 0x12BF, 0x0000, 0xA80A, 0x0053, 0x0054, 0x0052,
    0x0053, 0x0045, 0x0054, 0x004E, 0x002D, 0x0058, 0x0054, 0x02AE,
    0x000C, 0x0018, 0x02AE, 0x000D, 0x19FE, 0x001E, 0x0008, 0x1A8C,
    0x18A4, 0x0011, 0x0063, 0x0061, 0x0070, 0x0061, 0x0063, 0x0069,
    0x0074, 0x0079, 0x0020, 0x006D, 0x0069, 0x0073, 0x006D, 0x0061,
    0x0074, 0x0063, 0x0068, 0x12BF, 0x0018, 0x0004, 0x0001, 0x29E1,
    0x05BA, 0x0008, 0x1A97, 0x02AE, 0x000D, 0x1A37, 0x000B, 0x18A4,
    0x000F, 0x0073, 0x0074, 0x0072, 0x0069, 0x006E, 0x0067, 0x0020,
    0x006F, 0x0076, 0x0065, 0x0072, 0x0066, 0x006C, 0x006F, 0x0077,
    0x12BF, 0x0000, 0xA809, 0x0053, 0x0054, 0x0052, 0x0041, 0x0050,
    0x0050, 0x002D, 0x0058, 0x0054, 0x02AE, 0x000C, 0x02BA, 0x000C,
    0x02C6, 0x000C, 0x0D15, 0x02AE, 0x000D, 0x19C3, 0x02AE, 0x000D,
    0x1A0B, 0x0D60, 0x02BA, 0x000D, 0x02C6, 0x000D, 0x0D60, 0x0D70,
    0x02AE, 0x000D, 0x1A37, 0x000B, 0x0000, 0xA809, 0x0053, 0x0054,
    0x0052, 0x0050, 0x0052, 0x0045, 0x002D, 0x0058, 0x0054, 0x02AE,
    0x000C, 0x02BA, 0x000C, 0x02C6, 0x000C, 0x0D15, 0x02BA, 0x000D,
    0x02C6, 0x000D, 0x0D60, 0x02AE, 0x000D, 0x19C3, 0x02AE, 0x000D,
    0x1A0B, 0x0D60, 0x0D70, 0x02AE, 0x000D, 0x1A37, 0x000B, 0x0000,
    0xA80A, 0x0053, 0x0054, 0x0052, 0x0043, 0x0041, 0x0050, 0x0050,
    0x002D, 0x0058, 0x0054, 0x02AE, 0x000C, 0x0D15, 0x02AE, 0x000D,
    0x19C3, 0x02AE, 0x000D, 0x1A0B, 0x0D60, 0x0D4F, 0x0D70, 0x02AE,
    0x000D, 0x1A37, 0x000B, 0x0000, 0xA80B, 0x0053, 0x0054, 0x0052,
    0x0043, 0x0048, 0x0041, 0x0052, 0x0021, 0x002D, 0x0058, 0x0054,
    0x0014, 0x0018, 0x001B, 0x0008, 0x1B2D, 0x18A4, 0x000D, 0x0069,
    0x006E, 0x0076, 0x0061, 0x006C, 0x0069, 0x0064, 0x0020, 0x0069,
    0x006E, 0x0064, 0x0065, 0x0078, 0x12BF, 0x0018, 0x0013, 0x1A0B,
    0x05BA, 0x0008, 0x1B3A, 0x0013, 0x19C3, 0x29E1, 0x000E, 0x0012,
    0x0017, 0x000B, 0x18A4, 0x000D, 0x0069, 0x006E, 0x0076, 0x0061,
    0x006C, 0x0069, 0x0064, 0x0020, 0x0069, 0x006E, 0x0064, 0x0065,
    0x0078, 0x12BF, 0x16C6, 0x9C03, 0x004C, 0x0045, 0x004E, 0x0019,
    0x0017, 0x000B, 0x177F, 0x7E06, 0x0045, 0x004D, 0x0050, 0x0054,
    0x0059, 0x003F, 0x0019, 0x0017, 0x0576, 0x0008, 0x1B63, 0x0017,
    0x0004, 0x0000, 0x000B, 0x0004, 0xFFFF, 0x000B, 0x1914, 0x7A04,
    0x0053, 0x0054, 0x0052, 0x003D, 0x0014, 0x001A, 0x0013, 0x001E,
    0x0008, 0x1B79, 0x0012, 0x0017, 0x058D, 0x0017, 0x0004, 0x0000,
    0x000B, 0x0019, 0x0012, 0x0017, 0x0FE6, 0x000B, 0x1B66, 0x7C05,
    0x0053, 0x0054, 0x0052, 0x003C, 0x003E, 0x1B6C, 0x0035, 0x000B,
    0x1B4A, 0xA804, 0x004C, 0x0045, 0x0046, 0x0054, 0x0018, 0x001B,
    0x0008, 0x1BA2, 0x18A4, 0x000D, 0x0069, 0x006E, 0x0076, 0x0061,
    0x006C, 0x0069, 0x0064, 0x0020, 0x0072, 0x0061, 0x006E, 0x0067,
    0x0065, 0x12BF, 0x02A2, 0x000C, 0x02A2, 0x000D, 0x001A, 0x18E3,
    0x0008, 0x1BAE, 0x0017, 0x02A2, 0x000D, 0x000B, 0x18A4, 0x000D,
    0x0069, 0x006E, 0x0076, 0x0061, 0x006C, 0x0069, 0x0064, 0x0020,
    0x0072, 0x0061, 0x006E, 0x0067, 0x0065, 0x12BF, 0x175E, 0xA805,
    0x0052, 0x0049, 0x0047, 0x0048, 0x0054, 0x0018, 0x001B, 0x0008,
    0x1BD9, 0x18A4, 0x000D, 0x0069, 0x006E, 0x0076, 0x0061, 0x006C,
    0x0069, 0x0064, 0x0020, 0x0072, 0x0061, 0x006E, 0x0067, 0x0065,
    0x12BF, 0x0018, 0x001A, 0x18E3, 0x0008, 0x1BE8, 0x0014, 0x0019,
    0x001A, 0x0013, 0x29B5, 0x29E1, 0x0012, 0x0581, 0x0017, 0x000B,
    0x18A4, 0x000D, 0x0069, 0x006E, 0x0076, 0x0061, 0x006C, 0x0069,
    0x0064, 0x0020, 0x0072, 0x0061, 0x006E, 0x0067, 0x0065, 0x12BF,
    0x1B7E, 0xA406, 0x0053, 0x0055, 0x0042, 0x0053, 0x0054, 0x0052,
    0x0014, 0x0018, 0x001B, 0x0008, 0x1C15, 0x18A4, 0x000D, 0x0069,
    0x006E, 0x0076, 0x0061, 0x006C, 0x0069, 0x0064, 0x0020, 0x0072,
    0x0061, 0x006E, 0x0067, 0x0065, 0x12BF, 0x0013, 0x001B, 0x0008,
    0x1C29, 0x18A4, 0x000D, 0x0069, 0x006E, 0x0076, 0x0061, 0x006C,
    0x0069, 0x0064, 0x0020, 0x0072, 0x0061, 0x006E, 0x0067, 0x0065,
    0x12BF, 0x02A2, 0x000C, 0x02A2, 0x000D, 0x001A, 0x18E3, 0x0008,
    0x1C3F, 0x02A2, 0x000D, 0x0013, 0x29E1, 0x001A, 0x18E3, 0x0008,
    0x1C3F, 0x0017, 0x02A2, 0x000D, 0x29E1, 0x0012, 0x000B, 0x18A4,
    0x000D, 0x0069, 0x006E, 0x0076, 0x0061, 0x006C, 0x0069, 0x0064,
    0x0020, 0x0072, 0x0061, 0x006E, 0x0067, 0x0065, 0x12BF, 0x16B6,
    0x8005, 0x0043, 0x0048, 0x0041, 0x0052, 0x0040, 0x0018, 0x001B,
    0x0008, 0x1C6A, 0x18A4, 0x000D, 0x0069, 0x006E, 0x0076, 0x0061,
    0x006C, 0x0069, 0x0064, 0x0020, 0x0069, 0x006E, 0x0064, 0x0065,
    0x0078, 0x12BF, 0x0018, 0x001A, 0x05BA, 0x0008, 0x1C74, 0x0019,
    0x0017, 0x29E1, 0x000F, 0x000B, 0x18A4, 0x000D, 0x0069, 0x006E,
    0x0076, 0x0061, 0x006C, 0x0069, 0x0064, 0x0020, 0x0069, 0x006E,
    0x0064, 0x0065, 0x0078, 0x12BF, 0x1BF8, 0x8E86, 0x0053, 0x0054,
    0x0052, 0x0049, 0x004E, 0x0047, 0x0331, 0x000D, 0x0008, 0x1CB3,
    0x18A4, 0x0020, 0x0053, 0x0054, 0x0052, 0x0049, 0x004E, 0x0047,
    0x0020, 0x0063, 0x006F, 0x006D, 0x0070, 0x0069, 0x006C, 0x0065,
    0x002D, 0x0073, 0x0074, 0x0061, 0x0074, 0x0065, 0x0020, 0x0075,
    0x006E, 0x0073, 0x0075, 0x0070, 0x0070, 0x006F, 0x0072, 0x0074,
    0x0065, 0x0064, 0x12BF, 0x18F1, 0x1907, 0x0008, 0x1CCA, 0x058D,
    0x0017, 0x18A4, 0x000E, 0x0064, 0x0075, 0x0070, 0x006C, 0x0069,
    0x0063, 0x0061, 0x0074, 0x0065, 0x0020, 0x006E, 0x0061, 0x006D,
    0x0065, 0x12BF, 0x1922, 0x0017, 0x000B, 0x176B, 0xA485, 0x0054,
    0x004F, 0x0053, 0x0054, 0x0052, 0x18F1, 0x1907, 0x0008, 0x1CEA,
    0x0019, 0x0017, 0x02AE, 0x000C, 0x0331, 0x000D, 0x0008, 0x1CE6,
    0x02AE, 0x000D, 0x16CF, 0x16BF, 0x1A37, 0x000B, 0x02AE, 0x000D,
    0x1A37, 0x000B, 0x0331, 0x000D, 0x0008, 0x1D06, 0x18A4, 0x0015,
    0x006D, 0x0069, 0x0073, 0x0073, 0x0069, 0x006E, 0x0067, 0x0020,
    0x0073, 0x0074, 0x0072, 0x0069, 0x006E, 0x0067, 0x0020, 0x0074,
    0x0061, 0x0072, 0x0067, 0x0065, 0x0074, 0x12BF, 0x0014, 0x001A,
    0x02BA, 0x000C, 0x0018, 0x02C6, 0x000C, 0x0018, 0x0012, 0x1922,
    0x02AE, 0x000C, 0x02BA, 0x000D, 0x02C6, 0x000D, 0x02AE, 0x000D,
    0x1A37, 0x000B, 0x1CCD, 0x9C86, 0x0054, 0x004F, 0x0053, 0x0054,
    0x0052, 0x004E, 0x18F1, 0x1907, 0x0008, 0x1D38, 0x0019, 0x0017,
    0x02AE, 0x000C, 0x0331, 0x000D, 0x0008, 0x1D34, 0x02AE, 0x000D,
    0x16CF, 0x16BF, 0x1A6F, 0x000B, 0x02AE, 0x000D, 0x1A6F, 0x000B,
    0x0331, 0x000D, 0x0008, 0x1D54, 0x18A4, 0x0015, 0x006D, 0x0069,
    0x0073, 0x0073, 0x0069, 0x006E, 0x0067, 0x0020, 0x0073, 0x0074,
    0x0072, 0x0069, 0x006E, 0x0067, 0x0020, 0x0074, 0x0061, 0x0072,
    0x0067, 0x0065, 0x0074, 0x12BF, 0x0014, 0x0018, 0x02D2, 0x000C,
    0x0581, 0x0018, 0x02BA, 0x000C, 0x0581, 0x0018, 0x02C6, 0x000C,
    0x0581, 0x0018, 0x0012, 0x1922, 0x02AE, 0x000C, 0x02BA, 0x000D,
    0x02C6, 0x000D, 0x02D2, 0x000D, 0x02AE, 0x000D, 0x1A6F, 0x000B,
    0x1C4F, 0xA485, 0x0043, 0x004C, 0x0045, 0x0041, 0x0052, 0x18F1,
    0x1907, 0x0008, 0x1D8D, 0x0019, 0x0017, 0x02AE, 0x000C, 0x0331,
    0x000D, 0x0008, 0x1D89, 0x02AE, 0x000D, 0x16CF, 0x16BF, 0x1A19,
    0x000B, 0x02AE, 0x000D, 0x1A19, 0x000B, 0x18A4, 0x0015, 0x006D,
    0x0069, 0x0073, 0x0073, 0x0069, 0x006E, 0x0067, 0x0020, 0x0073,
    0x0074, 0x0072, 0x0069, 0x006E, 0x0067, 0x0020, 0x0074, 0x0061,
    0x0072, 0x0067, 0x0065, 0x0074, 0x12BF, 0x1D70, 0xB288, 0x0043,
    0x0041, 0x0050, 0x0041, 0x0043, 0x0049, 0x0054, 0x0059, 0x18F1,
    0x1907, 0x0008, 0x1DC5, 0x0019, 0x0017, 0x02AE, 0x000C, 0x0331,
    0x000D, 0x0008, 0x1DC1, 0x02AE, 0x000D, 0x16CF, 0x16BF, 0x1A2A,
    0x000B, 0x02AE, 0x000D, 0x1A2A, 0x000B, 0x18A4, 0x0015, 0x006D,
    0x0069, 0x0073, 0x0073, 0x0069, 0x006E, 0x0067, 0x0020, 0x0073,
    0x0074, 0x0072, 0x0069, 0x006E, 0x0067, 0x0020, 0x0074, 0x0061,
    0x0072, 0x0067, 0x0065, 0x0074, 0x12BF, 0x1890, 0x8886, 0x0041,
    0x0050, 0x0050, 0x0045, 0x004E, 0x0044, 0x0331, 0x000D, 0x0008,
    0x1DF7, 0x18F1, 0x1907, 0x0008, 0x1E0B, 0x0019, 0x0017, 0x02AE,
    0x000C, 0x02AE, 0x000D, 0x16CF, 0x16BF, 0x1AB4, 0x000B, 0x02BA,
    0x000C, 0x02C6, 0x000C, 0x18F1, 0x1907, 0x0008, 0x1E0B, 0x0019,
    0x0017, 0x02AE, 0x000C, 0x02BA, 0x000D, 0x02C6, 0x000D, 0x02AE,
    0x000D, 0x1AB4, 0x000B, 0x18A4, 0x0015, 0x006D, 0x0069, 0x0073,
    0x0073, 0x0069, 0x006E, 0x0067, 0x0020, 0x0073, 0x0074, 0x0072,
    0x0069, 0x006E, 0x0067, 0x0020, 0x0074, 0x0061, 0x0072, 0x0067,
    0x0065, 0x0074, 0x12BF, 0x1375, 0x8887, 0x0050, 0x0052, 0x0045,
    0x0050, 0x0045, 0x004E, 0x0044, 0x0331, 0x000D, 0x0008, 0x1E3E,
    0x18F1, 0x1907, 0x0008, 0x1E52, 0x0019, 0x0017, 0x02AE, 0x000C,
    0x02AE, 0x000D, 0x16CF, 0x16BF, 0x1AD7, 0x000B, 0x02BA, 0x000C,
    0x02C6, 0x000C, 0x18F1, 0x1907, 0x0008, 0x1E52, 0x0019, 0x0017,
    0x02AE, 0x000C, 0x02BA, 0x000D, 0x02C6, 0x000D, 0x02AE, 0x000D,
    0x1AD7, 0x000B, 0x18A4, 0x0015, 0x006D, 0x0069, 0x0073, 0x0073,
    0x0069, 0x006E, 0x0067, 0x0020, 0x0073, 0x0074, 0x0072, 0x0069,
    0x006E, 0x0067, 0x0020, 0x0074, 0x0061, 0x0072, 0x0067, 0x0065,
    0x0074, 0x12BF, 0x1DA5, 0x8887, 0x0043, 0x0041, 0x0050, 0x0050,
    0x0045, 0x004E, 0x0044, 0x18F1, 0x1907, 0x0008, 0x1E89, 0x0019,
    0x0017, 0x02AE, 0x000C, 0x0331, 0x000D, 0x0008, 0x1E85, 0x02AE,
    0x000D, 0x16CF, 0x16BF, 0x1AFB, 0x000B, 0x02AE, 0x000D, 0x1AFB,
    0x000B, 0x18A4, 0x0015, 0x006D, 0x0069, 0x0073, 0x0073, 0x0069,
    0x006E, 0x0067, 0x0020, 0x0073, 0x0074, 0x0072, 0x0069, 0x006E,
    0x0067, 0x0020, 0x0074, 0x0061, 0x0072, 0x0067, 0x0065, 0x0074,
    0x12BF, 0x1E6A, 0x4285, 0x0043, 0x0048, 0x0041, 0x0052, 0x0021,
    0x18F1, 0x1907, 0x0008, 0x1EBE, 0x0019, 0x0017, 0x02AE, 0x000C,
    0x0331, 0x000D, 0x0008, 0x1EBA, 0x02AE, 0x000D, 0x16CF, 0x16BF,
    0x1B18, 0x000B, 0x02AE, 0x000D, 0x1B18, 0x000B, 0x18A4, 0x0015,
    0x006D, 0x0069, 0x0073, 0x0073, 0x0069, 0x006E, 0x0067, 0x0020,
    0x0073, 0x0074, 0x0072, 0x0069, 0x006E, 0x0067, 0x0020, 0x0074,
    0x0061, 0x0072, 0x0067, 0x0065, 0x0074, 0x12BF, 0x0000, 0x8A07,
    0x003F, 0x0055, 0x004E, 0x0049, 0x0051, 0x0055, 0x0045, 0x000B,
    0x0000, 0x5845, 0x0053, 0x004E, 0x0041, 0x0050, 0x002C, 0x0018,
    0x000D, 0x0004, 0x0004, 0x2990, 0x2990, 0x0004, 0x0004, 0x2990,
    0x0018, 0x2990, 0x0004, 0x000C, 0x2990, 0x0017, 0x000B, 0x0000,
    0x584A, 0x0053, 0x004E, 0x0041, 0x0050, 0x002D, 0x0049, 0x004E,
    0x0054, 0x004F, 0x002C, 0x0014, 0x0004, 0x0004, 0x2990, 0x2990,
    0x0004, 0x0004, 0x2990, 0x0012, 0x2990, 0x0004, 0x000C, 0x2990,
    0x000B, 0x0000, 0xA446, 0x0048, 0x0045, 0x0041, 0x0044, 0x0045,
    0x0052, 0x0018, 0x000F, 0x0008, 0x1F40, 0x1EDF, 0x0018, 0x02A2,
    0x000C, 0x073B, 0x0018, 0x03C9, 0x000C, 0x0004, 0x0000, 0x2990,
    0x02A2, 0x000D, 0x0F4D, 0x2990, 0x02A2, 0x000D, 0x06B0, 0x073B,
    0x02A2, 0x000D, 0x000F, 0x0004, 0x001F, 0x001C, 0x07C3, 0x02A2,
    0x000D, 0x000F, 0x0004, 0x001F, 0x001C, 0x16A5, 0x058D, 0x000B,
    0x0CEF, 0x0005, 0x0020, 0x006E, 0x0061, 0x006D, 0x0065, 0x12BF,
    0x0003, 0x004E, 0x004F, 0x0050, 0x0000, 0x0000, 0x0004, 0x006A,
    0x0075, 0x006D, 0x0070, 0x0001, 0x0000, 0x0003, 0x003F, 0x0072,
    0x0078, 0x0002, 0x0000, 0x0003, 0x0074, 0x0078, 0x0021, 0x0003,
    0x0000, 0x0005, 0x0064, 0x006F, 0x004C, 0x0049, 0x0054, 0x0004,
    0x0001, 0x0006, 0x0064, 0x006F, 0x004C, 0x0049, 0x0053, 0x0054,
    0x0005, 0x0000, 0x0005, 0x0064, 0x006F, 0x0056, 0x0041, 0x0052,
    0x0006, 0x0000, 0x0006, 0x0064, 0x006F, 0x004E, 0x0045, 0x0058,
    0x0054, 0x0007, 0x0000, 0x0007, 0x003F, 0x0062, 0x0072, 0x0061,
    0x006E, 0x0063, 0x0068, 0x0008, 0x0001, 0x0006, 0x0062, 0x0072,
    0x0061, 0x006E, 0x0063, 0x0068, 0x0009, 0x0001, 0x0007, 0x0045,
    0x0058, 0x0045, 0x0043, 0x0055, 0x0054, 0x0045, 0x000A, 0x0000,
    0x0004, 0x0045, 0x0058, 0x0049, 0x0054, 0x000B, 0x0000, 0x0001,
    0x0021, 0x000C, 0x0000, 0x0001, 0x0040, 0x000D, 0x0000, 0x0002,
    0x0043, 0x0021, 0x000E, 0x0000, 0x0002, 0x0043, 0x0040, 0x000F,
    0x0000, 0x0003, 0x0052, 0x0050, 0x0021, 0x0010, 0x0000, 0x0003,
    0x0052, 0x0050, 0x0040, 0x0011, 0x0000, 0x0002, 0x0052, 0x003E,
    0x0012, 0x0000, 0x0002, 0x0052, 0x0040, 0x0013, 0x0000, 0x0002,
    0x003E, 0x0052, 0x0014, 0x0000, 0x0003, 0x0053, 0x0050, 0x0040,
    0x0015, 0x0000, 0x0003, 0x0053, 0x0050, 0x0021, 0x0016, 0x0000,
    0x0004, 0x0044, 0x0052, 0x004F, 0x0050, 0x0017, 0x0000, 0x0003,
    0x0044, 0x0055, 0x0050, 0x0018, 0x0000, 0x0004, 0x0053, 0x0057,
    0x0041, 0x0050, 0x0019, 0x0000, 0x0004, 0x004F, 0x0056, 0x0045,
    0x0052, 0x001A, 0x0000, 0x0002, 0x0030, 0x003C, 0x001B, 0x0000,
};

static const uint16_t pdr16_xt_forth_rom_chunk_1[8192] PROGMEM = {
    0x0003, 0x0041, 0x004E, 0x0044, 0x001C, 0x0000, 0x0002, 0x004F,
    0x0052, 0x001D, 0x0000, 0x0003, 0x0058, 0x004F, 0x0052, 0x001E,
    0x0000, 0x0003, 0x0055, 0x004D, 0x002B, 0x001F, 0x0000, 0x0003,
    0x003C, 0x003C, 0x0034, 0x0020, 0x0000, 0x0003, 0x003C, 0x003C,
    0x0038, 0x0021, 0x0000, 0x0003, 0x003C, 0x003C, 0x0039, 0x0022,
    0x0000, 0x0002, 0x0030, 0x003D, 0x0023, 0x0000, 0x0002, 0x0031,
    0x002B, 0x0024, 0x0000, 0x0002, 0x0031, 0x002D, 0x0025, 0x0000,
    0x0002, 0x0032, 0x002B, 0x0026, 0x0000, 0x0002, 0x0032, 0x002D,
    0x0027, 0x0000, 0x0005, 0x0048, 0x004F, 0x0050, 0x0045, 0x004E,
    0x0028, 0x0000, 0x0007, 0x0048, 0x0043, 0x0052, 0x0045, 0x0041,
    0x0054, 0x0045, 0x0029, 0x0000, 0x0006, 0x0048, 0x0043, 0x004C,
    0x004F, 0x0053, 0x0045, 0x002A, 0x0000, 0x0007, 0x0048, 0x0052,
    0x0045, 0x0041, 0x0044, 0x004C, 0x004E, 0x002B, 0x0000, 0x0008,
    0x0048, 0x0057, 0x0052, 0x0049, 0x0054, 0x0045, 0x004C, 0x004E,
    0x002C, 0x0000, 0x0005, 0x0048, 0x0053, 0x0045, 0x0045, 0x004B,
    0x002D, 0x0000, 0x0005, 0x0048, 0x0054, 0x0045, 0x004C, 0x004C,
    0x002E, 0x0000, 0x0005, 0x0048, 0x0053, 0x0049, 0x005A, 0x0045,
    0x002F, 0x0000, 0x0006, 0x0048, 0x0046, 0x004C, 0x0055, 0x0053,
    0x0048, 0x0030, 0x0000, 0x0007, 0x0048, 0x0044, 0x0045, 0x004C,
    0x0045, 0x0054, 0x0045, 0x0031, 0x0000, 0x0007, 0x0048, 0x0052,
    0x0045, 0x004E, 0x0041, 0x004D, 0x0045, 0x0032, 0x0000, 0x0003,
    0x0055, 0x004D, 0x002A, 0x0033, 0x0000, 0x0003, 0x004E, 0x004F,
    0x0054, 0x0035, 0x0000, 0x0003, 0x0053, 0x0055, 0x0042, 0x0036,
    0x0000, 0x0006, 0x004E, 0x0045, 0x0047, 0x0041, 0x0054, 0x0045,
    0x0037, 0x0000, 0x0003, 0x0049, 0x004E, 0x0043, 0x0038, 0x0000,
    0x0003, 0x0044, 0x0045, 0x0043, 0x0039, 0x0000, 0x0004, 0x005A,
    0x0045, 0x0052, 0x004F, 0x003A, 0x0000, 0x0002, 0x0055, 0x002B,
    0x003B, 0x0000, 0x0002, 0x0032, 0x002A, 0x003C, 0x0000, 0x0000,
    0x0000, 0x7E45, 0x0050, 0x0052, 0x0049, 0x004D, 0x003F, 0x0018,
    0x02A2, 0x000C, 0x0018, 0x06B0, 0x000F, 0x03EC, 0x000C, 0x0017,
    0x0004, 0x1F48, 0x0018, 0x000F, 0x0008, 0x2120, 0x0018, 0x06B0,
    0x000F, 0x03EC, 0x000D, 0x001E, 0x0008, 0x2104, 0x072D, 0x29E1,
    0x06B0, 0x06B0, 0x0009, 0x20F2, 0x02A2, 0x000D, 0x0019, 0x0018,
    0x000F, 0x0FC1, 0x0008, 0x2114, 0x0019, 0x0017, 0x072D, 0x29E1,
    0x06B0, 0x06B0, 0x0009, 0x20F2, 0x0019, 0x0017, 0x072D, 0x29E1,
    0x0018, 0x000D, 0x0019, 0x06B0, 0x000D, 0x0004, 0xFFFF, 0x000B,
    0x0017, 0x02A2, 0x000D, 0x0004, 0x0000, 0x000B, 0x0003, 0x003F,
    0x0072, 0x0078, 0x0002, 0x0003, 0x0074, 0x0078, 0x0021, 0x0003,
    0x0001, 0x0021, 0x000C, 0x0001, 0x0040, 0x000D, 0x0002, 0x0043,
    0x0021, 0x000E, 0x0002, 0x0043, 0x0040, 0x000F, 0x0003, 0x0052,
    0x0050, 0x0021, 0x0010, 0x0003, 0x0052, 0x0050, 0x0040, 0x0011,
    0x0002, 0x0052, 0x003E, 0x0012, 0x0002, 0x0052, 0x0040, 0x0013,
    0x0002, 0x003E, 0x0052, 0x0014, 0x0003, 0x0053, 0x0050, 0x0040,
    0x0015, 0x0003, 0x0053, 0x0050, 0x0021, 0x0016, 0x0004, 0x0044,
    0x0052, 0x004F, 0x0050, 0x0017, 0x0003, 0x0044, 0x0055, 0x0050,
    0x0018, 0x0004, 0x0053, 0x0057, 0x0041, 0x0050, 0x0019, 0x0004,
    0x004F, 0x0056, 0x0045, 0x0052, 0x001A, 0x0002, 0x0030, 0x003C,
    0x001B, 0x0003, 0x0041, 0x004E, 0x0044, 0x001C, 0x0002, 0x004F,
    0x0052, 0x001D, 0x0003, 0x0058, 0x004F, 0x0052, 0x001E, 0x0003,
    0x0055, 0x004D, 0x002B, 0x001F, 0x0002, 0x0030, 0x003D, 0x0023,
    0x0002, 0x0031, 0x002B, 0x0024, 0x0002, 0x0031, 0x002D, 0x0025,
    0x0002, 0x0032, 0x002B, 0x0026, 0x0002, 0x0032, 0x002D, 0x0027,
    0x0005, 0x0048, 0x004F, 0x0050, 0x0045, 0x004E, 0x0028, 0x0007,
    0x0048, 0x0043, 0x0052, 0x0045, 0x0041, 0x0054, 0x0045, 0x0029,
    0x0006, 0x0048, 0x0043, 0x004C, 0x004F, 0x0053, 0x0045, 0x002A,
    0x0007, 0x0048, 0x0052, 0x0045, 0x0041, 0x0044, 0x004C, 0x004E,
    0x002B, 0x0008, 0x0048, 0x0057, 0x0052, 0x0049, 0x0054, 0x0045,
    0x004C, 0x004E, 0x002C, 0x0005, 0x0048, 0x0053, 0x0045, 0x0045,
    0x004B, 0x002D, 0x0005, 0x0048, 0x0054, 0x0045, 0x004C, 0x004C,
    0x002E, 0x0005, 0x0048, 0x0053, 0x0049, 0x005A, 0x0045, 0x002F,
    0x0006, 0x0048, 0x0046, 0x004C, 0x0055, 0x0053, 0x0048, 0x0030,
    0x0007, 0x0048, 0x0044, 0x0045, 0x004C, 0x0045, 0x0054, 0x0045,
    0x0031, 0x0007, 0x0048, 0x0052, 0x0045, 0x004E, 0x0041, 0x004D,
    0x0045, 0x0032, 0x0003, 0x0055, 0x004D, 0x002A, 0x0033, 0x0003,
    0x004E, 0x004F, 0x0054, 0x0035, 0x0003, 0x0053, 0x0055, 0x0042,
    0x0036, 0x0006, 0x004E, 0x0045, 0x0047, 0x0041, 0x0054, 0x0045,
    0x0037, 0x0003, 0x0049, 0x004E, 0x0043, 0x0038, 0x0003, 0x0044,
    0x0045, 0x0043, 0x0039, 0x0004, 0x005A, 0x0045, 0x0052, 0x004F,
    0x003A, 0x0002, 0x0055, 0x002B, 0x003B, 0x0002, 0x0032, 0x002A,
    0x003C, 0x0000, 0x0000, 0x7E46, 0x0049, 0x0050, 0x0052, 0x0049,
    0x004D, 0x003F, 0x0018, 0x02A2, 0x000C, 0x0018, 0x06B0, 0x000F,
    0x03EC, 0x000C, 0x0017, 0x0004, 0x2126, 0x0018, 0x000F, 0x0008,
    0x2265, 0x0018, 0x06B0, 0x000F, 0x03EC, 0x000D, 0x001E, 0x0008,
    0x224E, 0x072D, 0x29E1, 0x06B0, 0x0009, 0x223D, 0x0018, 0x000F,
    0x0014, 0x02A2, 0x000D, 0x06B0, 0x001A, 0x06B0, 0x0012, 0x0FE6,
    0x0008, 0x2260, 0x072D, 0x29E1, 0x000D, 0x0004, 0xFFFF, 0x000B,
    0x072D, 0x29E1, 0x06B0, 0x0009, 0x223D, 0x0017, 0x02A2, 0x000D,
    0x0004, 0x0000, 0x000B, 0x0000, 0x8A48, 0x0024, 0x0043, 0x004F,
    0x004D, 0x0050, 0x0049, 0x004C, 0x0045, 0x12D6, 0x0008, 0x2280,
    0x0940, 0x0008, 0x2280, 0x0004, 0x0004, 0x2990, 0x2990, 0x000B,
    0x11D7, 0x0576, 0x0008, 0x229C, 0x0018, 0x000D, 0x0018, 0x0004,
    0x0080, 0x001C, 0x0008, 0x2290, 0x0017, 0x0017, 0x0014, 0x000B,
    0x0004, 0x0020, 0x001C, 0x0008, 0x2299, 0x0017, 0x000D, 0x2990,
    0x000B, 0x0017, 0x2990, 0x000B, 0x0940, 0x0008, 0x22A4, 0x0004,
    0x0004, 0x2990, 0x2990, 0x000B, 0x12BF, 0x0000, 0x584A, 0x0049,
    0x004E, 0x0054, 0x0045, 0x0052, 0x0050, 0x0052, 0x0045, 0x0054,
    0x002C, 0x12D6, 0x0008, 0x22B9, 0x0940, 0x0008, 0x22B9, 0x0787,
    0x000B, 0x11D7, 0x0576, 0x0008, 0x2306, 0x0018, 0x000D, 0x0004,
    0x0040, 0x001C, 0x18A4, 0x000D, 0x0020, 0x0063, 0x006F, 0x006D,
    0x0070, 0x0069, 0x006C, 0x0065, 0x0020, 0x006F, 0x006E, 0x006C,
    0x0079, 0x001A, 0x0004, 0x1672, 0x001E, 0x0008, 0x2303, 0x001A,
    0x0004, 0x29EF, 0x001E, 0x0008, 0x2303, 0x001A, 0x0004, 0x245D,
    0x001E, 0x0008, 0x2303, 0x001A, 0x0004, 0x2562, 0x001E, 0x0008,
    0x2303, 0x001A, 0x0004, 0x2573, 0x001E, 0x0008, 0x2303, 0x001A,
    0x0004, 0x272C, 0x001E, 0x0008, 0x2303, 0x0018, 0x000D, 0x0004,
    0x0020, 0x001C, 0x0008, 0x2300, 0x0017, 0x000D, 0x0775, 0x000B,
    0x0017, 0x0775, 0x000B, 0x0017, 0x0014, 0x000B, 0x12BF, 0x0000,
    0x9846, 0x0052, 0x0045, 0x0056, 0x0045, 0x0041, 0x004C, 0x03C9,
    0x000D, 0x0018, 0x0014, 0x0F9A, 0x06B0, 0x000F, 0x039B, 0x000D,
    0x0FB8, 0x0F7D, 0x0576, 0x0008, 0x2325, 0x0018, 0x000D, 0x0013,
    0x000C, 0x0012, 0x0019, 0x000C, 0x000B, 0x0012, 0x0017, 0x000B,
    0x1743, 0x8A89, 0x0049, 0x004D, 0x004D, 0x0045, 0x0044, 0x0049,
    0x0041, 0x0054, 0x0045, 0x0004, 0x0080, 0x03C9, 0x000D, 0x06B0,
    0x0018, 0x000D, 0x0581, 0x001D, 0x0019, 0x000C, 0x000B, 0x1E23,
    0x8A07, 0x0050, 0x0052, 0x0049, 0x0056, 0x0041, 0x0054, 0x0045,
    0x0004, 0x0100, 0x03C9, 0x000D, 0x06B0, 0x0018, 0x000D, 0x0581,
    0x001D, 0x0019, 0x000C, 0x000B, 0x1EA1, 0xB20C, 0x0043, 0x004F,
    0x004D, 0x0050, 0x0049, 0x004C, 0x0045, 0x002D, 0x004F, 0x004E,
    0x004C, 0x0059, 0x0004, 0x0040, 0x03C9, 0x000D, 0x06B0, 0x0018,
    0x000D, 0x0581, 0x001D, 0x0019, 0x000C, 0x000B, 0x0FDE, 0xA406,
    0x004D, 0x0041, 0x0052, 0x004B, 0x0045, 0x0052, 0x0331, 0x000D,
    0x0008, 0x239D, 0x18A4, 0x0020, 0x004D, 0x0041, 0x0052, 0x004B,
    0x0045, 0x0052, 0x0020, 0x0063, 0x006F, 0x006D, 0x0070, 0x0069,
    0x006C, 0x0065, 0x002D, 0x0073, 0x0074, 0x0061, 0x0074, 0x0065,
    0x0020, 0x0075, 0x006E, 0x0073, 0x0075, 0x0070, 0x0070, 0x006F,
    0x0072, 0x0074, 0x0065, 0x0064, 0x12BF, 0x03C9, 0x000D, 0x02A2,
    0x000C, 0x073B, 0x02AE, 0x000C, 0x0F0C, 0x1F19, 0x037D, 0x1EE7,
    0x037D, 0x06B0, 0x1EE7, 0x037D, 0x06B0, 0x06B0, 0x1EE7, 0x038C,
    0x1EE7, 0x038C, 0x06B0, 0x1EE7, 0x038C, 0x06B0, 0x06B0, 0x1EE7,
    0x038C, 0x06B0, 0x06B0, 0x06B0, 0x1EE7, 0x038C, 0x06B0, 0x06B0,
    0x06B0, 0x06B0, 0x1EE7, 0x038C, 0x06B0, 0x06B0, 0x06B0, 0x06B0,
    0x06B0, 0x1EE7, 0x038C, 0x06B0, 0x06B0, 0x06B0, 0x06B0, 0x06B0,
    0x06B0, 0x1EE7, 0x038C, 0x06B0, 0x06B0, 0x06B0, 0x06B0, 0x06B0,
    0x06B0, 0x06B0, 0x1EE7, 0x038C, 0x06B0, 0x06B0, 0x06B0, 0x06B0,
    0x06B0, 0x06B0, 0x06B0, 0x06B0, 0x1EE7, 0x039B, 0x1EE7, 0x039B,
    0x06B0, 0x1EE7, 0x02A2, 0x000D, 0x03C9, 0x1F03, 0x02AE, 0x000D,
    0x03A5, 0x1F03, 0x0004, 0x0004, 0x2990, 0x02AE, 0x000D, 0x2990,
    0x0004, 0x1865, 0x2990, 0x03A5, 0x000D, 0x1865, 0x0004, 0x000B,
    0x2990, 0x230F, 0x000B, 0x1712, 0xA806, 0x0046, 0x004F, 0x0052,
    0x0047, 0x0045, 0x0054, 0x0331, 0x000D, 0x0008, 0x2432, 0x18A4,
    0x0020, 0x0046, 0x004F, 0x0052, 0x0047, 0x0045, 0x0054, 0x0020,
    0x0063, 0x006F, 0x006D, 0x0070, 0x0069, 0x006C, 0x0065, 0x002D,
    0x0073, 0x0074, 0x0061, 0x0074, 0x0065, 0x0020, 0x0075, 0x006E,
    0x0073, 0x0075, 0x0070, 0x0070, 0x006F, 0x0072, 0x0074, 0x0065,
    0x0064, 0x12BF, 0x0F0C, 0x039B, 0x000D, 0x11A8, 0x0576, 0x0008,
    0x2456, 0x0014, 0x058D, 0x0012, 0x0018, 0x0004, 0x8000, 0x05BA,
    0x0008, 0x244E, 0x18A4, 0x0009, 0x0070, 0x0072, 0x006F, 0x0074,
    0x0065, 0x0063, 0x0074, 0x0065, 0x0064, 0x12BF, 0x0FA7, 0x0018,
    0x03A5, 0x000C, 0x039B, 0x000D, 0x1849, 0x000B, 0x12BF, 0x18DE,
    0xA404, 0x0055, 0x0053, 0x0045, 0x0052, 0x0F0C, 0x1F19, 0x16BF,
    0x04AE, 0x2990, 0x230F, 0x000B, 0x0000, 0xB20A, 0x0056, 0x004F,
    0x0043, 0x0041, 0x0042, 0x0055, 0x004C, 0x0041, 0x0052, 0x0059,
    0x0F0C, 0x1F19, 0x073B, 0x0004, 0x0003, 0x29E1, 0x0018, 0x02A2,
    0x000C, 0x0017, 0x16BF, 0x054C, 0x02A2, 0x000D, 0x2990, 0x0004,
    0x000B, 0x2990, 0x02A2, 0x000D, 0x0004, 0x0003, 0x29E1, 0x2990,
    0x0004, 0x0000, 0x2990, 0x0004, 0x0000, 0x2990, 0x02A2, 0x000D,
    0x0004, 0x0003, 0x29E1, 0x0018, 0x0004, 0x005F, 0x16A5, 0x17A7,
    0x037D, 0x06B0, 0x000D, 0x02A2, 0x000D, 0x06B0, 0x000C, 0x02A2,
    0x000D, 0x037D, 0x06B0, 0x000C, 0x230F, 0x000B, 0x146A, 0xA60B,
    0x0044, 0x0045, 0x0046, 0x0049, 0x004E, 0x0049, 0x0054, 0x0049,
    0x004F, 0x004E, 0x0053, 0x038C, 0x000D, 0x0FB8, 0x039B, 0x06B0,
    0x000C, 0x039B, 0x06B0, 0x039B, 0x000C, 0x000B, 0x236E, 0x8A06,
    0x004D, 0x004F, 0x0044, 0x0055, 0x004C, 0x0045, 0x0331, 0x000D,
    0x0008, 0x24ED, 0x18A4, 0x0020, 0x004D, 0x004F, 0x0044, 0x0055,
    0x004C, 0x0045, 0x0020, 0x0063, 0x006F, 0x006D, 0x0070, 0x0069,
    0x006C, 0x0065, 0x002D, 0x0073, 0x0074, 0x0061, 0x0074, 0x0065,
    0x0020, 0x0075, 0x006E, 0x0073, 0x0075, 0x0070, 0x0070, 0x006F,
    0x0072, 0x0074, 0x0065, 0x0064, 0x12BF, 0x04C3, 0x000D, 0x04D8,
    0x000D, 0x001D, 0x0008, 0x2504, 0x18A4, 0x000D, 0x006D, 0x006F,
    0x0064, 0x0075, 0x006C, 0x0065, 0x0020, 0x0061, 0x0063, 0x0074,
    0x0069, 0x0076, 0x0065, 0x12BF, 0x14B5, 0x0004, 0xFFFF, 0x04C3,
    0x000C, 0x0004, 0x0000, 0x04D8, 0x000C, 0x000B, 0x1B52, 0x8A0A,
    0x0045, 0x004E, 0x0044, 0x002D, 0x004D, 0x004F, 0x0044, 0x0055,
    0x004C, 0x0045, 0x0331, 0x000D, 0x0008, 0x2545, 0x18A4, 0x0024,
    0x0045, 0x004E, 0x0044, 0x002D, 0x004D, 0x004F, 0x0044, 0x0055,
    0x004C, 0x0045, 0x0020, 0x0063, 0x006F, 0x006D, 0x0070, 0x0069,
    0x006C, 0x0065, 0x002D, 0x0073, 0x0074, 0x0061, 0x0074, 0x0065,
    0x0020, 0x0075, 0x006E, 0x0073, 0x0075, 0x0070, 0x0070, 0x006F,
    0x0072, 0x0074, 0x0065, 0x0064, 0x12BF, 0x04C3, 0x000D, 0x04D8,
    0x000D, 0x001D, 0x0008, 0x254E, 0x15E1, 0x000B, 0x18A4, 0x0009,
    0x006E, 0x006F, 0x0020, 0x006D, 0x006F, 0x0064, 0x0075, 0x006C,
    0x0065, 0x12BF, 0x2354, 0x8A06, 0x0043, 0x0052, 0x0045, 0x0041,
    0x0054, 0x0045, 0x0F0C, 0x1F19, 0x0004, 0x0006, 0x2990, 0x230F,
    0x000B, 0x2464, 0x8A08, 0x0056, 0x0041, 0x0052, 0x0049, 0x0041,
    0x0042, 0x004C, 0x0045, 0x2562, 0x0004, 0x0000, 0x2990, 0x000B,
    0x0000, 0x8A50, 0x004D, 0x004F, 0x0044, 0x0055, 0x004C, 0x0045,
    0x002D, 0x0053, 0x004B, 0x0049, 0x0050, 0x002D, 0x004C, 0x0049,
    0x004E, 0x0045, 0x0F0C, 0x11D7, 0x0008, 0x2594, 0x0004, 0x251A,
    0x001E, 0x0008, 0x2596, 0x000B, 0x0017, 0x000B, 0x15E1, 0x1337,
    0x000B, 0x1692, 0x8A05, 0x005F, 0x0054, 0x0059, 0x0050, 0x0045,
    0x0009, 0x25AE, 0x0019, 0x0018, 0x000F, 0x06D5, 0x0B51, 0x0004,
    0x0001, 0x29E1, 0x0019, 0x0004, 0xFFFF, 0x29E1, 0x0018, 0x0008,
    0x25B3, 0x0009, 0x25A2, 0x058D, 0x000B, 0x0CDB, 0x5603, 0x0064,
    0x006D, 0x002B, 0x001A, 0x0004, 0x0004, 0x08EF, 0x0B74, 0x0037,
    0x0014, 0x0009, 0x25CB, 0x0018, 0x000F, 0x0004, 0x0003, 0x08EF,
    0x0004, 0x0001, 0x29E1, 0x0007, 0x25C3, 0x0012, 0x0017, 0x000B,
    0x24A6, 0xA004, 0x0044, 0x0055, 0x004D, 0x0050, 0x0287, 0x000D,
    0x0014, 0x08B3, 0x0004, 0x0010, 0x29AE, 0x0037, 0x0014, 0x0BBA,
    0x0004, 0x0010, 0x29A8, 0x25BA, 0x0581, 0x0581, 0x0004, 0x0002,
    0x0B99, 0x25A0, 0x0B59, 0x0035, 0x0008, 0x25F4, 0x0007, 0x25DF,
    0x0012, 0x0017, 0x0009, 0x25F6, 0x0012, 0x0017, 0x0017, 0x0012,
    0x0287, 0x000C, 0x000B, 0x18B3, 0xA602, 0x002E, 0x0053, 0x0BBA,
    0x06EA, 0x0576, 0x0008, 0x261D, 0x0004, 0x0001, 0x29E1, 0x0037,
    0x0014, 0x0009, 0x2612, 0x0013, 0x0037, 0x0004, 0x0001, 0x29B5,
    0x06F8, 0x0906, 0x0007, 0x260B, 0x0012, 0x0017, 0x0CFE, 0x0004,
    0x0020, 0x003C, 0x0073, 0x0070, 0x000B, 0x0009, 0x2616, 0x25FB,
    0x8A05, 0x002E, 0x0042, 0x0041, 0x0053, 0x0045, 0x0287, 0x000D,
    0x08C1, 0x0018, 0x0906, 0x0287, 0x000C, 0x000B, 0x261F, 0x8A05,
    0x002E, 0x0046, 0x0052, 0x0045, 0x0045, 0x0205, 0x000D, 0x03A5,
    0x000D, 0x29B5, 0x08FD, 0x000B, 0x0000, 0xA004, 0x0021, 0x0043,
    0x0053, 0x0050, 0x0015, 0x0324, 0x000C, 0x000B, 0x18E8, 0xA004,
    0x003F, 0x0043, 0x0053, 0x0050, 0x0015, 0x0324, 0x000D, 0x001E,
    0x18A4, 0x0011, 0x0073, 0x0074, 0x0061, 0x0063, 0x006B, 0x0020,
    0x0064, 0x0065, 0x0070, 0x0074, 0x0068, 0x0020, 0x0065, 0x0072,
    0x0072, 0x006F, 0x0072, 0x000B, 0x0000, 0x864E, 0x0058, 0x0054,
    0x003E, 0x004E, 0x0041, 0x004D, 0x0045, 0x002D, 0x0049, 0x004E,
    0x002D, 0x0056, 0x004F, 0x0043, 0x0019, 0x02A2, 0x000C, 0x0FB8,
    0x0576, 0x0008, 0x26A4, 0x0004, 0x005F, 0x0037, 0x0014, 0x0018,
    0x000D, 0x049A, 0x000C, 0x049A, 0x000D, 0x0018, 0x0008, 0x269D,
    0x0018, 0x0F6B, 0x02A2, 0x000D, 0x001E, 0x0008, 0x2694, 0x000D,
    0x049A, 0x000C, 0x0009, 0x2683, 0x0017, 0x049A, 0x000D, 0x0F9A,
    0x0019, 0x0017, 0x0012, 0x0017, 0x000B, 0x0017, 0x06B0, 0x0007,
    0x267F, 0x0012, 0x0017, 0x0017, 0x0004, 0x0000, 0x000B, 0x0000,
    0x8A05, 0x003E, 0x004E, 0x0041, 0x004D, 0x0045, 0x037D, 0x0018,
    0x0008, 0x26C3, 0x001A, 0x001A, 0x2674, 0x0576, 0x0008, 0x26BD,
    0x0019, 0x0017, 0x0019, 0x0017, 0x000B, 0x0019, 0x0017, 0x06B0,
    0x000D, 0x0009, 0x26AF, 0x0017, 0x0004, 0x0000, 0x000B, 0x0000,
    0x8A06, 0x0050, 0x003E, 0x004E, 0x0041, 0x004D, 0x0045, 0x0004,
    0x1F48, 0x0018, 0x000F, 0x0008, 0x26E5, 0x29A8, 0x072D, 0x29E1,
    0x000D, 0x001E, 0x0008, 0x26E2, 0x072D, 0x29E1, 0x06B0, 0x06B0,
    0x0009, 0x26D1, 0x0019, 0x0017, 0x000B, 0x0019, 0x0017, 0x000B,
    0x0000, 0xA605, 0x0050, 0x003E, 0x004F, 0x0050, 0x0053, 0x0004,
    0x1F48, 0x0018, 0x000F, 0x0008, 0x2709, 0x29A8, 0x072D, 0x29E1,
    0x000D, 0x001E, 0x0008, 0x2702, 0x072D, 0x29E1, 0x06B0, 0x06B0,
    0x0009, 0x26F1, 0x0019, 0x0017, 0x072D, 0x29E1, 0x06B0, 0x000D,
    0x000B, 0x0019, 0x0017, 0x0004, 0x0000, 0x000B, 0x262E, 0x8803,
    0x002E, 0x0049, 0x0044, 0x0576, 0x0008, 0x271C, 0x072D, 0x0004,
    0x001F, 0x001C, 0x25A0, 0x000B, 0x0CFE, 0x0008, 0x007B, 0x006E,
    0x006F, 0x004E, 0x0061, 0x006D, 0x0065, 0x007D, 0x000B, 0x1C84,
    0x8A03, 0x0053, 0x0045, 0x0045, 0x0F0C, 0x11D7, 0x0018, 0x0008,
    0x2774, 0x0017, 0x0BBA, 0x0018, 0x000D, 0x0018, 0x02A2, 0x000C,
    0x0018, 0x0004, 0x0200, 0x05BA, 0x0008, 0x2741, 0x26CF, 0x0009,
    0x2742, 0x26AE, 0x0576, 0x0008, 0x2749, 0x0B74, 0x2713, 0x0009,
    0x274A, 0x08FD, 0x02A2, 0x000D, 0x0004, 0x0200, 0x05BA, 0x0008,
    0x276E, 0x02A2, 0x000D, 0x0004, 0x000B, 0x001E, 0x0008, 0x2772,
    0x02A2, 0x000D, 0x26EF, 0x0576, 0x0008, 0x276E, 0x0017, 0x0B59,
    0x0008, 0x2764, 0x0009, 0x2772, 0x06B0, 0x0018, 0x000D, 0x08FD,
    0x06B0, 0x0B59, 0x0008, 0x2733, 0x0009, 0x2772, 0x06B0, 0x0B59,
    0x0008, 0x2733, 0x0017, 0x000B, 0x12BF, 0x1789, 0xA605, 0x0057,
    0x004F, 0x0052, 0x0044, 0x0053, 0x0BBA, 0x038C, 0x000D, 0x0FB8,
    0x0576, 0x0008, 0x27C5, 0x0004, 0x005F, 0x0037, 0x0014, 0x0018,
    0x000D, 0x049A, 0x000C, 0x049A, 0x000D, 0x0018, 0x0008, 0x27BE,
    0x0F9A, 0x0018, 0x000D, 0x0004, 0x0040, 0x001C, 0x0008, 0x27A0,
    0x0017, 0x049A, 0x000D, 0x000D, 0x049A, 0x000C, 0x0009, 0x278B,
    0x0018, 0x000D, 0x0004, 0x0100, 0x001C, 0x0008, 0x27AF, 0x0017,
    0x049A, 0x000D, 0x000D, 0x049A, 0x000C, 0x0009, 0x278B, 0x0018,
    0x0B74, 0x2713, 0x0017, 0x049A, 0x000D, 0x000D, 0x049A, 0x000C,
    0x0B59, 0x0008, 0x278B, 0x0017, 0x0017, 0x000B, 0x0017, 0x06B0,
    0x0007, 0x2787, 0x0012, 0x0017, 0x0017, 0x000B, 0x2569, 0xA403,
    0x0056, 0x0045, 0x0052, 0x0004, 0x0400, 0x000B, 0x0000, 0xD202,
    0x0068, 0x0069, 0x0BBA, 0x0CFE, 0x0014, 0x0050, 0x0044, 0x0052,
    0x002D, 0x0031, 0x0036, 0x002F, 0x0058, 0x0054, 0x0020, 0x0046,
    0x006F, 0x0072, 0x0074, 0x0068, 0x0020, 0x0076, 0x0034, 0x002E,
    0x0030, 0x0BBA, 0x0CFE, 0x001F, 0x0064, 0x0065, 0x0072, 0x0069,
    0x0076, 0x0065, 0x0064, 0x0020, 0x0066, 0x0072, 0x006F, 0x006D,
    0x0020, 0x0065, 0x0046, 0x006F, 0x0072, 0x0074, 0x0068, 0x0020,
    0x0062, 0x0079, 0x0020, 0x0043, 0x002E, 0x0048, 0x002E, 0x0054,
    0x0069, 0x006E, 0x0067, 0x0BBA, 0x000B, 0x250E, 0xB205, 0x0045,
    0x004D, 0x0050, 0x0054, 0x0059, 0x0004, 0x8000, 0x03A5, 0x000C,
    0x0004, 0x50E9, 0x03C9, 0x000C, 0x0004, 0x0000, 0x037D, 0x06B0,
    0x000C, 0x0004, 0x8000, 0x1865, 0x056A, 0x24B3, 0x000B, 0x255A,
    0x7C06, 0x0043, 0x004D, 0x004F, 0x0056, 0x0045, 0x003E, 0x0018,
    0x0008, 0x2848, 0x0014, 0x001A, 0x0013, 0x29E1, 0x0004, 0x0001,
    0x29B5, 0x001A, 0x0013, 0x29E1, 0x0004, 0x0001, 0x29B5, 0x000F,
    0x0019, 0x000E, 0x0012, 0x0004, 0xFFFF, 0x29E1, 0x0009, 0x282F,
    0x0017, 0x058D, 0x000B, 0x24BE, 0x8A04, 0x004D, 0x004F, 0x0056,
    0x0045, 0x29A8, 0x0017, 0x0019, 0x05BA, 0x0008, 0x2859, 0x07C3,
    0x000B, 0x282F, 0x000B, 0x2827, 0x8804, 0x0043, 0x004F, 0x004C,
    0x0044, 0x0004, 0xF97F, 0x0016, 0x0004, 0xFE7F, 0x0010, 0x0004,
    0x0002, 0x0004, 0xFE80, 0x0004, 0x0234, 0x07C3, 0x0004, 0xFEE2,
    0x037D, 0x000C, 0x0004, 0x0000, 0x037D, 0x06B0, 0x000C, 0x137D,
    0x27D2, 0x0004, 0x50E9, 0x03C9, 0x000C, 0x056A, 0x24B3, 0x1337,
    0x0004, 0xF97F, 0x0016, 0x1628, 0x0009, 0x2861, 0x2646, 0xF023,
    0x003F, 0x0072, 0x0078, 0x0002, 0x000B, 0x029D, 0x4223, 0x0074,
    0x0078, 0x0021, 0x0003, 0x000B, 0x280D, 0xA824, 0x0045, 0x0058,
    0x0049, 0x0054, 0x000B, 0x000B, 0x263C, 0x4221, 0x0021, 0x000C,
    0x000B, 0x0000, 0x8021, 0x0040, 0x000D, 0x000B, 0x285B, 0x4222,
    0x0043, 0x0021, 0x000E, 0x000B, 0x28A6, 0x8022, 0x0043, 0x0040,
    0x000F, 0x000B, 0x1BBE, 0x4223, 0x0052, 0x0050, 0x0021, 0x0010,
    0x000B, 0x28B2, 0x8023, 0x0052, 0x0050, 0x0040, 0x0011, 0x000B,
    0x28B9, 0x7C22, 0x0052, 0x003E, 0x0012, 0x000B, 0x28C0, 0x8022,
    0x0052, 0x0040, 0x0013, 0x000B, 0x08C6, 0xA422, 0x003E, 0x0052,
    0x0014, 0x000B, 0x2727, 0x8023, 0x0053, 0x0050, 0x0040, 0x0015,
    0x000B, 0x28D2, 0x4223, 0x0053, 0x0050, 0x0021, 0x0016, 0x000B,
    0x25D0, 0xA024, 0x0044, 0x0052, 0x004F, 0x0050, 0x0017, 0x000B,
    0x28E0, 0xA023, 0x0044, 0x0055, 0x0050, 0x0018, 0x000B, 0x28D9,
    0xA024, 0x0053, 0x0057, 0x0041, 0x0050, 0x0019, 0x000B, 0x13E6,
    0xA424, 0x004F, 0x0056, 0x0045, 0x0052, 0x001A, 0x000B, 0x0000,
    0x7822, 0x0030, 0x003C, 0x001B, 0x000B, 0x1DDD, 0x8823, 0x0041,
    0x004E, 0x0044, 0x001C, 0x000B, 0x28F7, 0xA422, 0x004F, 0x0052,
    0x001D, 0x000B, 0x1221, 0xA423, 0x0058, 0x004F, 0x0052, 0x001E,
    0x000B, 0x2457, 0x5623, 0x0055, 0x004D, 0x002B, 0x001F, 0x000B,
    0x085D, 0x6823, 0x003C, 0x003C, 0x0034, 0x0020, 0x000B, 0x2920,
    0x7023, 0x003C, 0x003C, 0x0038, 0x0021, 0x000B, 0x2927, 0x7223,
    0x003C, 0x003C, 0x0039, 0x0022, 0x000B, 0x28FF, 0x7A22, 0x0030,
    0x003D, 0x0023, 0x000B, 0x0000, 0x5622, 0x0031, 0x002B, 0x0024,
    0x000B, 0x293B, 0x5A22, 0x0031, 0x002D, 0x0025, 0x000B, 0x0719,
    0x5622, 0x0032, 0x002B, 0x0026, 0x000B, 0x2947, 0x5A22, 0x0032,
    0x002D, 0x0027, 0x000B, 0x171D, 0xA823, 0x004E, 0x004F, 0x0054,
    0x0035, 0x000B, 0x28EF, 0x8423, 0x0053, 0x0055, 0x0042, 0x0036,
    0x000B, 0x2953, 0x8A26, 0x004E, 0x0045, 0x0047, 0x0041, 0x0054,
    0x0045, 0x0037, 0x000B, 0x2328, 0x8623, 0x0049, 0x004E, 0x0043,
    0x0038, 0x000B, 0x28E8, 0x8623, 0x0044, 0x0045, 0x0043, 0x0039,
    0x000B, 0x0000, 0x9E24, 0x005A, 0x0045, 0x0052, 0x004F, 0x003A,
    0x000B, 0x2919, 0x5622, 0x0055, 0x002B, 0x003B, 0x000B, 0x294D,
    0x5422, 0x0032, 0x002A, 0x003C, 0x000B, 0x0000, 0x5801, 0x002C,
    0x073B, 0x0018, 0x06B0, 0x03A5, 0x000C, 0x000C, 0x000B, 0x2905,
    0xA603, 0x0041, 0x0042, 0x0053, 0x0018, 0x001B, 0x0008, 0x29A1,
    0x0037, 0x000B, 0x2987, 0xA004, 0x0032, 0x0044, 0x0055, 0x0050,
    0x001A, 0x001A, 0x000B, 0x0658, 0x5E01, 0x002F, 0x065E, 0x0019,
    0x0017, 0x000B, 0x07F5, 0x5A01, 0x002D, 0x0036, 0x000B, 0x0000,
    0x7A01, 0x003D, 0x001E, 0x0008, 0x29C0, 0x0004, 0x0000, 0x000B,
    0x0004, 0xFFFF, 0x000B, 0x292E, 0x7C02, 0x003C, 0x003E, 0x29BA,
    0x0035, 0x000B, 0x28CC, 0x7C01, 0x003E, 0x0019, 0x05CA, 0x000B,
    0x29C3, 0x7A02, 0x003C, 0x003D, 0x29CD, 0x0035, 0x000B, 0x29CA,
    0x7A02, 0x003E, 0x003D, 0x05CA, 0x0035, 0x000B, 0x0700, 0x5601,
    0x002B, 0x003B, 0x000B, 0x0000, 0x76C1, 0x003B, 0x0004, 0x000B,
    0x2990, 0x1662, 0x230F, 0x000B, 0x0000, 0x7401, 0x003A, 0x0F0C,
    0x1F19, 0x166A, 0x000B, 0x28AC, 0x5802, 0x0043, 0x002C, 0x073B,
    0x0018, 0x06B0, 0x03A5, 0x000C, 0x000E, 0x000B, 0x296B, 0x9009,
    0x0049, 0x004D, 0x0047, 0x002D, 0x0057, 0x0049, 0x0044, 0x0054,
    0x0048, 0x000D, 0x000B, 0x29FE, 0xA80A, 0x0049, 0x004D, 0x0047,
    0x002D, 0x0048, 0x0045, 0x0049, 0x0047, 0x0048, 0x0054, 0x06B0,
    0x000D, 0x000B, 0x2A0B, 0x8208, 0x0049, 0x004D, 0x0047, 0x002D,
    0x0044, 0x0041, 0x0054, 0x0041, 0x0004, 0x0002, 0x29E1, 0x000B,
    0x2A1A, 0x4484, 0x0049, 0x004D, 0x0047, 0x0022, 0x0468, 0x000C,
    0x0004, 0x0022, 0x0ED2, 0x29A8, 0x0019, 0x0017, 0x0468, 0x000D,
    0x0004, 0x0007, 0x0675, 0x001E, 0x0008, 0x2A3F, 0x0C41, 0x29A8,
    0x0C5F, 0x073B, 0x0014, 0x29A8, 0x0019, 0x0012, 0x0581, 0x07C3,
    0x16A5, 0x0017, 0x000B, 0x2894, 0x8A0A, 0x0045, 0x004D, 0x0049,
    0x0054, 0x002D, 0x0049, 0x004D, 0x0041, 0x0047, 0x0045, 0x0018,
    0x3135, 0x0474, 0x000C, 0x0018, 0x3143, 0x0019, 0x3150, 0x0019,
    0x0018, 0x0008, 0x2A6E, 0x0019, 0x0474, 0x000D, 0x0CCE, 0x0BBA,
    0x0019, 0x0004, 0x0001, 0x29B5, 0x0009, 0x2A60, 0x058D, 0x0C83,
    0x000B, 0x2A4B, 0x8603, 0x0045, 0x0053, 0x0043, 0x0004, 0x001B,
    0x0B51, 0x000B, 0x29F3, 0x9203, 0x0043, 0x0053, 0x0049, 0x2A76,
    0x0CFE, 0x0001, 0x005B, 0x000B, 0x0000, 0x600A, 0x0043, 0x004F,
    0x004C, 0x004F, 0x0052, 0x003E, 0x0044, 0x0031, 0x0030, 0x0030,
    0x0006, 0x0031, 0x0031, 0x0031, 0x0030, 0x0032, 0x0031, 0x0031,
    0x0030, 0x0032, 0x0032, 0x0031, 0x0030, 0x0032, 0x0032, 0x0031,
    0x0031, 0x0031, 0x0031, 0x0031, 0x0030, 0x0032, 0x0031, 0x0031,
    0x0030, 0x0032, 0x0032, 0x0031, 0x0030, 0x0032, 0x0032, 0x0032,
    0x0031, 0x0031, 0x0031, 0x0031, 0x0031, 0x0032, 0x0031, 0x0031,
    0x0031, 0x0032, 0x0032, 0x0031, 0x0031, 0x0032, 0x0032, 0x0032,
    0x0031, 0x0031, 0x0031, 0x0031, 0x0030, 0x0031, 0x0031, 0x0031,
    0x0030, 0x0031, 0x0031, 0x0031, 0x0030, 0x0031, 0x0031, 0x0031,
    0x0030, 0x0031, 0x0031, 0x0030, 0x0030, 0x0031, 0x0030, 0x0030,
    0x0030, 0x0031, 0x0030, 0x0030, 0x0030, 0x0031, 0x0030, 0x0030,
    0x0030, 0x0031, 0x0031, 0x0030, 0x0030, 0x0031, 0x0030, 0x0030,
    0x0030, 0x0031, 0x0030, 0x0030, 0x0030, 0x0031, 0x0030, 0x0030,
    0x0030, 0x0031, 0x0031, 0x0030, 0x0030, 0x0031, 0x0030, 0x0030,
    0x0030, 0x0031, 0x0030, 0x0030, 0x0030, 0x0031, 0x0030, 0x0030,
    0x0030, 0x0031, 0x0031, 0x0030, 0x0030, 0x0031, 0x0030, 0x0030,
    0x0030, 0x0031, 0x0030, 0x0030, 0x0030, 0x0031, 0x0030, 0x0030,
    0x0030, 0x0031, 0x0031, 0x0030, 0x0030, 0x0031, 0x0030, 0x0030,
    0x0030, 0x0031, 0x0030, 0x0030, 0x0030, 0x0031, 0x0030, 0x0030,
    0x0030, 0x0031, 0x0031, 0x0030, 0x0030, 0x0031, 0x0031, 0x0030,
    0x0030, 0x0031, 0x0031, 0x0030, 0x0030, 0x0031, 0x0031, 0x0030,
    0x0030, 0x0031, 0x0031, 0x0031, 0x0030, 0x0032, 0x0031, 0x0031,
    0x0030, 0x0032, 0x0032, 0x0031, 0x0030, 0x0032, 0x0032, 0x0032,
    0x0031, 0x0031, 0x0031, 0x0031, 0x0030, 0x0032, 0x0031, 0x0031,
    0x0030, 0x0032, 0x0032, 0x0031, 0x0030, 0x0032, 0x0032, 0x0031,
    0x0031, 0x0030, 0x0030, 0x0030, 0x0030, 0x0030, 0x0030, 0x0030,
    0x0030, 0x0030, 0x0030, 0x0030, 0x0030, 0x0030, 0x0030, 0x0030,
    0x0030, 0x0030, 0x0030, 0x0030, 0x0030, 0x0030, 0x0030, 0x0030,
    0x0030, 0x0030, 0x0030, 0x0030, 0x0030, 0x0030, 0x0030, 0x0030,
    0x0030, 0x0030, 0x0030, 0x0030, 0x0030, 0x0030, 0x0030, 0x0030,
    0x0030, 0x0030, 0x0030, 0x0030, 0x0030, 0x0030, 0x0030, 0x0030,
    0x0030, 0x0032, 0x0032, 0x0032, 0x0032, 0x0032, 0x0032, 0x0032,
    0x0032, 0x0032, 0x0032, 0x0032, 0x0032, 0x0032, 0x0032, 0x0032,
    0x0032, 0x0000, 0x6009, 0x0043, 0x004F, 0x004C, 0x004F, 0x0052,
    0x003E, 0x0044, 0x0031, 0x0030, 0x0006, 0x0038, 0x0037, 0x0033,
    0x0038, 0x0031, 0x0036, 0x0036, 0x0038, 0x0031, 0x0030, 0x0036,
    0x0038, 0x0031, 0x0030, 0x0039, 0x0032, 0x0038, 0x0038, 0x0033,
    0x0039, 0x0032, 0x0037, 0x0037, 0x0039, 0x0032, 0x0031, 0x0037,
    0x0039, 0x0032, 0x0031, 0x0030, 0x0033, 0x0038, 0x0038, 0x0034,
    0x0030, 0x0032, 0x0038, 0x0038, 0x0030, 0x0032, 0x0032, 0x0038,
    0x0030, 0x0032, 0x0032, 0x0032, 0x0034, 0x0038, 0x0035, 0x0030,
    0x0036, 0x0039, 0x0034, 0x0031, 0x0036, 0x0039, 0x0035, 0x0031,
    0x0036, 0x0039, 0x0035, 0x0031, 0x0037, 0x0035, 0x0031, 0x0037,
    0x0032, 0x0035, 0x0037, 0x0034, 0x0032, 0x0035, 0x0038, 0x0034,
    0x0032, 0x0032, 0x0038, 0x0034, 0x0033, 0x0035, 0x0031, 0x0037,
    0x0032, 0x0035, 0x0037, 0x0034, 0x0032, 0x0035, 0x0038, 0x0034,
    0x0032, 0x0032, 0x0038, 0x0034, 0x0033, 0x0035, 0x0031, 0x0037,
    0x0033, 0x0035, 0x0038, 0x0034, 0x0033, 0x0035, 0x0038, 0x0034,
    0x0033, 0x0032, 0x0038, 0x0035, 0x0033, 0x0035, 0x0031, 0x0036,
    0x0032, 0x0035, 0x0037, 0x0033, 0x0032, 0x0035, 0x0037, 0x0033,
    0x0032, 0x0031, 0x0037, 0x0033, 0x0032, 0x0034, 0x0030, 0x0036,
    0x0031, 0x0034, 0x0036, 0x0032, 0x0031, 0x0034, 0x0036, 0x0032,
    0x0031, 0x0030, 0x0036, 0x0032, 0x0031, 0x0038, 0x0034, 0x0039,
    0x0035, 0x0038, 0x0033, 0x0039, 0x0035, 0x0038, 0x0033, 0x0039,
    0x0035, 0x0037, 0x0033, 0x0039, 0x0035, 0x0038, 0x0037, 0x0033,
    0x0039, 0x0031, 0x0037, 0x0036, 0x0039, 0x0031, 0x0030, 0x0036,
    0x0039, 0x0031, 0x0030, 0x0030, 0x0032, 0x0038, 0x0037, 0x0033,
    0x0038, 0x0031, 0x0036, 0x0036, 0x0038, 0x0031, 0x0030, 0x0036,
    0x0038, 0x0031, 0x0030, 0x0039, 0x0032, 0x0031, 0x0031, 0x0031,
    0x0031, 0x0031, 0x0031, 0x0031, 0x0031, 0x0031, 0x0031, 0x0031,
    0x0031, 0x0031, 0x0031, 0x0031, 0x0031, 0x0031, 0x0031, 0x0031,
    0x0031, 0x0031, 0x0031, 0x0031, 0x0031, 0x0031, 0x0031, 0x0031,
    0x0031, 0x0031, 0x0031, 0x0031, 0x0031, 0x0031, 0x0031, 0x0031,
    0x0031, 0x0031, 0x0031, 0x0031, 0x0031, 0x0031, 0x0031, 0x0031,
    0x0031, 0x0031, 0x0031, 0x0031, 0x0031, 0x0035, 0x0035, 0x0035,
    0x0035, 0x0034, 0x0034, 0x0034, 0x0034, 0x0034, 0x0034, 0x0034,
    0x0033, 0x0033, 0x0033, 0x0033, 0x0033, 0x0000, 0x6208, 0x0043,
    0x004F, 0x004C, 0x004F, 0x0052, 0x003E, 0x0044, 0x0031, 0x0006,
    0x0031, 0x0034, 0x0031, 0x0038, 0x0037, 0x0037, 0x0030, 0x0038,
    0x0037, 0x0033, 0x0030, 0x0038, 0x0030, 0x0033, 0x0036, 0x0034,
    0x0037, 0x0030, 0x0037, 0x0034, 0x0033, 0x0039, 0x0032, 0x0034,
    0x0033, 0x0035, 0x0032, 0x0034, 0x0032, 0x0035, 0x0038, 0x0030,
    0x0037, 0x0036, 0x0033, 0x0030, 0x0039, 0x0035, 0x0034, 0x0030,
    0x0039, 0x0037, 0x0034, 0x0030, 0x0038, 0x0037, 0x0036, 0x0032,
    0x0037, 0x0030, 0x0037, 0x0034, 0x0033, 0x0039, 0x0032, 0x0034,
    0x0033, 0x0035, 0x0032, 0x0034, 0x0032, 0x0035, 0x0038, 0x0030,
    0x0031, 0x0034, 0x0031, 0x0038, 0x0037, 0x0037, 0x0030, 0x0038,
    0x0037, 0x0033, 0x0030, 0x0038, 0x0030, 0x0033, 0x0036, 0x0034,
    0x0032, 0x0035, 0x0032, 0x0039, 0x0038, 0x0039, 0x0032, 0x0039,
    0x0038, 0x0035, 0x0032, 0x0039, 0x0032, 0x0035, 0x0038, 0x0035,
    0x0032, 0x0036, 0x0033, 0x0030, 0x0039, 0x0030, 0x0034, 0x0030,
    0x0039, 0x0037, 0x0034, 0x0030, 0x0033, 0x0037, 0x0031, 0x0037,
    0x0032, 0x0030, 0x0037, 0x0034, 0x0033, 0x0034, 0x0032, 0x0034,
    0x0033, 0x0035, 0x0032, 0x0034, 0x0037, 0x0035, 0x0033, 0x0035,
    0x0036, 0x0034, 0x0031, 0x0038, 0x0037, 0x0032, 0x0030, 0x0038,
    0x0037, 0x0033, 0x0030, 0x0038, 0x0035, 0x0033, 0x0031, 0x0039,
    0x0032, 0x0030, 0x0037, 0x0034, 0x0033, 0x0034, 0x0032, 0x0034,
    0x0033, 0x0035, 0x0032, 0x0034, 0x0037, 0x0035, 0x0033, 0x0035,
    0x0032, 0x0036, 0x0033, 0x0030, 0x0039, 0x0030, 0x0034, 0x0030,
    0x0039, 0x0037, 0x0034, 0x0030, 0x0033, 0x0037, 0x0031, 0x0037,
    0x0032, 0x0035, 0x0032, 0x0039, 0x0038, 0x0039, 0x0032, 0x0039,
    0x0038, 0x0035, 0x0032, 0x0039, 0x0032, 0x0035, 0x0038, 0x0035,
    0x0036, 0x0036, 0x0036, 0x0036, 0x0036, 0x0036, 0x0036, 0x0036,
    0x0036, 0x0036, 0x0036, 0x0036, 0x0036, 0x0036, 0x0036, 0x0036,
    0x0036, 0x0036, 0x0036, 0x0036, 0x0036, 0x0036, 0x0036, 0x0036,
    0x0036, 0x0036, 0x0036, 0x0036, 0x0036, 0x0036, 0x0036, 0x0036,
    0x0036, 0x0036, 0x0036, 0x0036, 0x0036, 0x0036, 0x0036, 0x0036,
    0x0036, 0x0036, 0x0036, 0x0036, 0x0036, 0x0036, 0x0036, 0x0036,
    0x0035, 0x0033, 0x0032, 0x0030, 0x0039, 0x0037, 0x0036, 0x0034,
    0x0033, 0x0031, 0x0030, 0x0038, 0x0037, 0x0035, 0x0034, 0x0032,
    0x0000, 0x8006, 0x0044, 0x0049, 0x0047, 0x0049, 0x0054, 0x0040,
    0x0019, 0x29E1, 0x000F, 0x000B, 0x0000, 0x8807, 0x0043, 0x004F,
    0x004C, 0x004F, 0x0052, 0x003E, 0x0044, 0x0018, 0x2CA7, 0x2DB0,
    0x0019, 0x0018, 0x2B9C, 0x2DB0, 0x0019, 0x2A90, 0x2DB0, 0x000B,
    0x2403, 0x4203, 0x0046, 0x0047, 0x0021, 0x2A7F, 0x0CFE, 0x0005,
    0x0033, 0x0038, 0x003B, 0x0035, 0x003B, 0x2DBD, 0x0B51, 0x0B51,
    0x0B51, 0x0004, 0x006D, 0x0B51, 0x000B, 0x1709, 0x4203, 0x0042,
    0x0047, 0x0021, 0x2A7F, 0x0CFE, 0x0005, 0x0034, 0x0038, 0x003B,
    0x0035, 0x003B, 0x2DBD, 0x0B51, 0x0B51, 0x0B51, 0x0004, 0x006D,
    0x0B51, 0x000B, 0x2997, 0x4605, 0x0041, 0x004E, 0x0053, 0x0049,
    0x0023, 0x0861, 0x0881, 0x0899, 0x0BA2, 0x000B, 0x2A7A, 0x6606,
    0x0043, 0x004C, 0x0041, 0x004D, 0x0050, 0x0033, 0x0004, 0x0000,
    0x05DA, 0x0004, 0x0003, 0x05E6, 0x000B, 0x2DF2, 0xA802, 0x0041,
    0x0054, 0x2A7F, 0x2DF9, 0x0004, 0x003B, 0x0B51, 0x2DF9, 0x0004,
    0x0048, 0x0B51, 0x000B, 0x139E, 0x8A04, 0x0048, 0x004F, 0x004D,
    0x0045, 0x2A7F, 0x0CFE, 0x0001, 0x0048, 0x000B, 0x295A, 0xA40B,
    0x0053, 0x0041, 0x0056, 0x0045, 0x002D, 0x0043, 0x0055, 0x0052,
    0x0053, 0x004F, 0x0052, 0x2A7F, 0x0CFE, 0x0001, 0x0073, 0x000B,
    0x28C6, 0xA40E, 0x0052, 0x0045, 0x0053, 0x0054, 0x004F, 0x0052,
    0x0045, 0x002D, 0x0043, 0x0055, 0x0052, 0x0053, 0x004F, 0x0052,
    0x2A7F, 0x0CFE, 0x0001, 0x0075, 0x000B, 0x2DFE, 0xA603, 0x0043,
    0x004C, 0x0053, 0x2A7F, 0x0CFE, 0x0002, 0x0032, 0x004A, 0x000B,
    0x2E4D, 0x8A07, 0x0043, 0x004C, 0x002D, 0x004C, 0x0049, 0x004E,
    0x0045, 0x2A7F, 0x0CFE, 0x0002, 0x0032, 0x004B, 0x000B, 0x2E58,
    0x9806, 0x0043, 0x004C, 0x002D, 0x0045, 0x004F, 0x004C, 0x2A7F,
    0x0CFE, 0x0001, 0x004B, 0x000B, 0x2E67, 0xA606, 0x0043, 0x004C,
    0x002D, 0x0045, 0x004F, 0x0053, 0x2A7F, 0x0CFE, 0x0001, 0x004A,
    0x000B, 0x2E74, 0x9C09, 0x0043, 0x0055, 0x0052, 0x0053, 0x004F,
    0x0052, 0x002D, 0x004F, 0x004E, 0x2A7F, 0x0CFE, 0x0004, 0x003F,
    0x0032, 0x0035, 0x0068, 0x000B, 0x2E81, 0x8C0A, 0x0043, 0x0055,
    0x0052, 0x0053, 0x004F, 0x0052, 0x002D, 0x004F, 0x0046, 0x0046,
    0x2A7F, 0x0CFE, 0x0004, 0x003F, 0x0032, 0x0035, 0x006C, 0x000B,
    0x2961, 0x9806, 0x004E, 0x004F, 0x0052, 0x004D, 0x0041, 0x004C,
    0x0C83, 0x000B, 0x2DDD, 0x8804, 0x0042, 0x004F, 0x004C, 0x0044,
    0x2A7F, 0x0CFE, 0x0002, 0x0031, 0x006D, 0x000B, 0x2972, 0x9A03,
    0x0044, 0x0049, 0x004D, 0x2A7F, 0x0CFE, 0x0002, 0x0032, 0x006D,
    0x000B, 0x2EB2, 0x9605, 0x0042, 0x004C, 0x0049, 0x004E, 0x004B,
    0x2A7F, 0x0CFE, 0x0002, 0x0035, 0x006D, 0x000B, 0x2981, 0x9607,
    0x0055, 0x004E, 0x0042, 0x004C, 0x0049, 0x004E, 0x004B, 0x2A7F,
    0x0CFE, 0x0003, 0x0032, 0x0035, 0x006D, 0x000B, 0x2ED6, 0x8A09,
    0x0055, 0x004E, 0x0044, 0x0045, 0x0052, 0x004C, 0x0049, 0x004E,
    0x0045, 0x2A7F, 0x0CFE, 0x0002, 0x0034, 0x006D, 0x000B, 0x2E38,
    0x8A07, 0x0052, 0x0045, 0x0056, 0x0045, 0x0052, 0x0053, 0x0045,
    0x2A7F, 0x0CFE, 0x0002, 0x0037, 0x006D, 0x000B, 0x2EC9, 0x9804,
    0x0042, 0x0045, 0x004C, 0x004C, 0x0004, 0x0007, 0x0B51, 0x000B,
    0x2E1B, 0x9803, 0x0048, 0x0053, 0x004C, 0x0014, 0x0004, 0x0004,
    0x0675, 0x0019, 0x0004, 0x0010, 0x0675, 0x29E1, 0x0012, 0x29E1,
    0x000B, 0x2F10, 0x8002, 0x0048, 0x0040, 0x0004, 0x0010, 0x29AE,
    0x000B, 0x2E26, 0x8002, 0x0053, 0x0040, 0x0004, 0x0004, 0x29AE,
    0x0004, 0x0004, 0x0668, 0x000B, 0x1B88, 0x8002, 0x004C, 0x0040,
    0x0004, 0x0004, 0x0668, 0x000B, 0x2F29, 0x9005, 0x0053, 0x0045,
    0x0054, 0x002D, 0x0048, 0x0019, 0x0004, 0x0010, 0x0668, 0x0019,
    0x0004, 0x0010, 0x0675, 0x29E1, 0x000B, 0x2F3C, 0xA605, 0x0053,
    0x0045, 0x0054, 0x002D, 0x0053, 0x0014, 0x0018, 0x0004, 0x0004,
    0x0668, 0x0019, 0x0004, 0x0010, 0x29AE, 0x0004, 0x0010, 0x0675,
    0x29E1, 0x0012, 0x0004, 0x0004, 0x0675, 0x29E1, 0x000B, 0x2F4D,
    0x9805, 0x0053, 0x0045, 0x0054, 0x002D, 0x004C, 0x0019, 0x0004,
    0x0004, 0x29AE, 0x0004, 0x0004, 0x0675, 0x29E1, 0x000B, 0x2EA8,
    0x7E08, 0x004E, 0x0045, 0x0055, 0x0054, 0x0052, 0x0041, 0x004C,
    0x003F, 0x2F25, 0x0004, 0x000F, 0x29BA, 0x000B, 0x2F21, 0x5602,
    0x0048, 0x002B, 0x0018, 0x2F81, 0x0008, 0x2F90, 0x0009, 0x2F99,
    0x0018, 0x2F25, 0x0004, 0x0001, 0x29E1, 0x0004, 0x000C, 0x0668,
    0x2F43, 0x000B, 0x2F86, 0x5A02, 0x0048, 0x002D, 0x0018, 0x2F81,
    0x0008, 0x2FA4, 0x0009, 0x2FAD, 0x0018, 0x2F25, 0x0004, 0x000B,
    0x29E1, 0x0004, 0x000C, 0x0668, 0x2F43, 0x000B, 0x2F67, 0x5602,
    0x0053, 0x002B, 0x0018, 0x2F2D, 0x0004, 0x0001, 0x29E1, 0x2E06,
    0x2F54, 0x000B, 0x2FAE, 0x5A02, 0x0053, 0x002D, 0x0018, 0x2F2D,
    0x0004, 0x0001, 0x29B5, 0x2E06, 0x2F54, 0x000B, 0x2F34, 0x5602,
    0x004C, 0x002B, 0x0018, 0x2F38, 0x0004, 0x0001, 0x29E1, 0x2E06,
    0x2F6E, 0x000B, 0x2FC6, 0x5A02, 0x004C, 0x002D, 0x0018, 0x2F38,
    0x0004, 0x0001, 0x29B5, 0x2E06, 0x2F6E, 0x000B, 0x2F9A, 0x8807,
    0x0048, 0x0053, 0x004C, 0x005F, 0x0052, 0x0045, 0x0044, 0x0004,
    0x0000, 0x0004, 0x0003, 0x0004, 0x0001, 0x2F15, 0x000B, 0x2FDE,
    0x8A0A, 0x0048, 0x0053, 0x004C, 0x005F, 0x004F, 0x0052, 0x0041,
    0x004E, 0x0047, 0x0045, 0x0004, 0x0001, 0x0004, 0x0003, 0x0004,
    0x0001, 0x2F15, 0x000B, 0x2FEF, 0xAE0A, 0x0048, 0x0053, 0x004C,
    0x005F, 0x0059, 0x0045, 0x004C, 0x004C, 0x004F, 0x0057, 0x0004,
    0x0002, 0x0004, 0x0003, 0x0004, 0x0001, 0x2F15, 0x000B, 0x3003,
    0x9C0A, 0x0048, 0x0053, 0x004C, 0x005F, 0x0059, 0x0047, 0x0052,
    0x0045, 0x0045, 0x004E, 0x0004, 0x0003, 0x0004, 0x0003, 0x0004,
    0x0001, 0x2F15, 0x000B, 0x3017, 0x9C09, 0x0048, 0x0053, 0x004C,
    0x005F, 0x0047, 0x0052, 0x0045, 0x0045, 0x004E, 0x0004, 0x0004,
    0x0004, 0x0003, 0x0004, 0x0001, 0x2F15, 0x000B, 0x302B, 0x9C09,
    0x0048, 0x0053, 0x004C, 0x005F, 0x0047, 0x0043, 0x0059, 0x0041,
    0x004E, 0x0004, 0x0005, 0x0004, 0x0003, 0x0004, 0x0001, 0x2F15,
    0x000B, 0x303E, 0x9C08, 0x0048, 0x0053, 0x004C, 0x005F, 0x0043,
    0x0059, 0x0041, 0x004E, 0x0004, 0x0006, 0x0004, 0x0003, 0x0004,
    0x0001, 0x2F15, 0x000B, 0x3051, 0x8A09, 0x0048, 0x0053, 0x004C,
    0x005F, 0x0041, 0x005A, 0x0055, 0x0052, 0x0045, 0x0004, 0x0007,
    0x0004, 0x0003, 0x0004, 0x0001, 0x2F15, 0x000B, 0x3063, 0x8A08,
    0x0048, 0x0053, 0x004C, 0x005F, 0x0042, 0x004C, 0x0055, 0x0045,
    0x0004, 0x0008, 0x0004, 0x0003, 0x0004, 0x0001, 0x2F15, 0x000B,
    0x3076, 0xA80A, 0x0048, 0x0053, 0x004C, 0x005F, 0x0056, 0x0049,
    0x004F, 0x004C, 0x0045, 0x0054, 0x0004, 0x0009, 0x0004, 0x0003,
    0x0004, 0x0001, 0x2F15, 0x000B, 0x3088, 0x820B, 0x0048, 0x0053,
    0x004C, 0x005F, 0x004D, 0x0041, 0x0047, 0x0045, 0x004E, 0x0054,
    0x0041, 0x0004, 0x000A, 0x0004, 0x0003, 0x0004, 0x0001, 0x2F15,
    0x000B, 0x309C, 0x8A08, 0x0048, 0x0053, 0x004C, 0x005F, 0x0052,
    0x004F, 0x0053, 0x0045, 0x0004, 0x000B, 0x0004, 0x0003, 0x0004,
    0x0001, 0x2F15, 0x000B, 0x0000, 0xB204, 0x0047, 0x0052, 0x0041,
    0x0059, 0x0004, 0x0000, 0x05DA, 0x0004, 0x000F, 0x05E6, 0x0004,
    0x0004, 0x065E, 0x0019, 0x0014, 0x0004, 0x000F, 0x0019, 0x0012,
    0x2F15, 0x000B, 0x2775, 0x8A05, 0x0057, 0x0048, 0x0049, 0x0054,
    0x0045, 0x0004, 0x0000, 0x30C9, 0x000B, 0x2F06, 0x9605, 0x0042,
    0x004C, 0x0041, 0x0043, 0x004B, 0x0004, 0x000F, 0x30C9, 0x000B,
    0x2FD2, 0xA407, 0x004C, 0x0049, 0x0047, 0x0048, 0x0054, 0x0045,
    0x0052, 0x2FCA, 0x000B, 0x2EBE, 0xA406, 0x0044, 0x0041, 0x0052,
    0x004B, 0x0045, 0x0052, 0x2FD6, 0x000B, 0x2FBA, 0x8A08, 0x0053,
    0x0041, 0x0054, 0x0055, 0x0052, 0x0041, 0x0054, 0x0045, 0x2FB2,
    0x000B, 0x30FB, 0x8A0A, 0x0044, 0x0045, 0x0053, 0x0041, 0x0054,
    0x0055, 0x0052, 0x0041, 0x0054, 0x0045, 0x2FBE, 0x000B, 0x2E94,
    0x5802, 0x0043, 0x002C, 0x073B, 0x0018, 0x06B0, 0x03A5, 0x000C,
    0x000E, 0x000B, 0x2A28, 0x9009, 0x0049, 0x004D, 0x0047, 0x002D,
    0x0057, 0x0049, 0x0044, 0x0054, 0x0048, 0x000D, 0x000B, 0x312A,
    0xA80A, 0x0049, 0x004D, 0x0047, 0x002D, 0x0048, 0x0045, 0x0049,
    0x0047, 0x0048, 0x0054, 0x06B0, 0x000D, 0x000B, 0x3137, 0x8208,
    0x0049, 0x004D, 0x0047, 0x002D, 0x0044, 0x0041, 0x0054, 0x0041,
    0x0004, 0x0002, 0x29E1, 0x000B, 0x3146, 0x4484, 0x0049, 0x004D,
    0x0047, 0x0022, 0x0468, 0x000C, 0x0004, 0x0022, 0x0ED2, 0x29A8,
    0x0019, 0x0017, 0x0468, 0x000D, 0x0004, 0x0007, 0x0675, 0x001E,
    0x0008, 0x316B, 0x0C41, 0x29A8, 0x0C5F, 0x073B, 0x0014, 0x29A8,
    0x0019, 0x0012, 0x0581, 0x07C3, 0x16A5, 0x0017, 0x000B, 0x2A71,
    0x8A0A, 0x0045, 0x004D, 0x0049, 0x0054, 0x002D, 0x0049, 0x004D,
    0x0041, 0x0047, 0x0045, 0x0018, 0x3135, 0x0474, 0x000C, 0x0018,
    0x3143, 0x0019, 0x3150, 0x0019, 0x0018, 0x0008, 0x319A, 0x0019,
    0x0474, 0x000D, 0x0CCE, 0x0BBA, 0x0019, 0x0004, 0x0001, 0x29B5,
    0x0009, 0x318C, 0x058D, 0x0C83, 0x000B, 0x311F, 0x8A0B, 0x0043,
    0x0050, 0x0034, 0x0033, 0x0037, 0x002D, 0x0048, 0x004C, 0x0049,
    0x004E, 0x0045, 0x0004, 0x00C4, 0x000B, 0x319D, 0x8A0B, 0x0043,
    0x0050, 0x0034, 0x0033, 0x0037, 0x002D, 0x0056, 0x004C, 0x0049,
    0x004E, 0x0045, 0x0004, 0x00B3, 0x000B, 0x31AD, 0x9808, 0x0043,
    0x0050, 0x0034, 0x0033, 0x0037, 0x002D, 0x0054, 0x004C, 0x0004,
    0x00DA, 0x000B, 0x31BD, 0xA408, 0x0043, 0x0050, 0x0034, 0x0033,
    0x0037, 0x002D, 0x0054, 0x0052, 0x0004, 0x00BF, 0x000B, 0x31CA,
    0x9808, 0x0043, 0x0050, 0x0034, 0x0033, 0x0037, 0x002D, 0x0042,
    0x004C, 0x0004, 0x00C0, 0x000B, 0x31D7, 0xA408, 0x0043, 0x0050,
    0x0034, 0x0033, 0x0037, 0x002D, 0x0042, 0x0052, 0x0004, 0x00D9,
    0x000B, 0x31E4, 0x9C0B, 0x0043, 0x0050, 0x0034, 0x0033, 0x0037,
    0x002D, 0x0054, 0x0044, 0x004F, 0x0057, 0x004E, 0x0004, 0x00C2,
    0x000B, 0x31F1, 0xA009, 0x0043, 0x0050, 0x0034, 0x0033, 0x0037,
    0x002D, 0x0054, 0x0055, 0x0050, 0x0004, 0x00C1, 0x000B, 0x3201,
    0xA80C, 0x0043, 0x0050, 0x0034, 0x0033, 0x0037, 0x002D, 0x0054,
    0x0052, 0x0049, 0x0047, 0x0048, 0x0054, 0x0004, 0x00C3, 0x000B,
    0x320F, 0xA80B, 0x0043, 0x0050, 0x0034, 0x0033, 0x0037, 0x002D,
    0x0054, 0x004C, 0x0045, 0x0046, 0x0054, 0x0004, 0x00B4, 0x000B,
    0x3220, 0xA60B, 0x0043, 0x0050, 0x0034, 0x0033, 0x0037, 0x002D,
    0x0043, 0x0052, 0x004F, 0x0053, 0x0053, 0x0004, 0x00C5, 0x000B,
    0x0000, 0x8A0A, 0x0053, 0x0049, 0x004E, 0x0051, 0x002D, 0x0054,
    0x0041, 0x0042, 0x004C, 0x0045, 0x0006, 0x0000, 0x00C9, 0x0192,
    0x025B, 0x0324, 0x03ED, 0x04B6, 0x057F, 0x0648, 0x0711, 0x07D9,
    0x08A2, 0x096A, 0x0A33, 0x0AFB, 0x0BC4, 0x0C8C, 0x0D54, 0x0E1C,
    0x0EE3, 0x0FAB, 0x1072, 0x113A, 0x1201, 0x12C8, 0x138F, 0x1455,
    0x151C, 0x15E2, 0x16A8, 0x176E, 0x1833, 0x18F9, 0x19BE, 0x1A82,
    0x1B47, 0x1C0B, 0x1CCF, 0x1D93, 0x1E57, 0x1F1A, 0x1FDD, 0x209F,
    0x2161, 0x2223, 0x22E5, 0x23A6, 0x2467, 0x2528, 0x25E8, 0x26A8,
    0x2767, 0x2826, 0x28E5, 0x29A3, 0x2A61, 0x2B1F, 0x2BDC, 0x2C99,
    0x2D55, 0x2E11, 0x2ECC, 0x2F87, 0x3041, 0x30FB, 0x31B5, 0x326E,
    0x3326, 0x33DF, 0x3496, 0x354D, 0x3604, 0x36BA, 0x376F, 0x3824,
    0x38D9, 0x398C, 0x3A40, 0x3AF2, 0x3BA5, 0x3C56, 0x3D07, 0x3DB8,
    0x3E68, 0x3F17, 0x3FC5, 0x4073, 0x4121, 0x41CE, 0x427A, 0x4325,
    0x43D0, 0x447A, 0x4524, 0x45CD, 0x4675, 0x471C, 0x47C3, 0x4869,
    0x490F, 0x49B4, 0x4A58, 0x4AFB, 0x4B9D, 0x4C3F, 0x4CE0, 0x4D81,
    0x4E20, 0x4EBF, 0x4F5D, 0x4FFB, 0x5097, 0x5133, 0x51CE, 0x5268,
    0x5302, 0x539B, 0x5432, 0x54C9, 0x5560, 0x55F5, 0x568A, 0x571D,
    0x57B0, 0x5842, 0x58D3, 0x5964, 0x59F3, 0x5A82, 0x5B0F, 0x5B9C,
    0x5C28, 0x5CB3, 0x5D3E, 0x5DC7, 0x5E4F, 0x5ED7, 0x5F5D, 0x5FE3,
    0x6068, 0x60EB, 0x616E, 0x61F0, 0x6271, 0x62F1, 0x6370, 0x63EE,
    0x646C, 0x64E8, 0x6563, 0x65DD, 0x6656, 0x66CF, 0x6746, 0x67BC,
    0x6832, 0x68A6, 0x6919, 0x698B, 0x69FD, 0x6A6D, 0x6ADC, 0x6B4A,
    0x6BB7, 0x6C23, 0x6C8E, 0x6CF8, 0x6D61, 0x6DC9, 0x6E30, 0x6E96,
    0x6EFB, 0x6F5E, 0x6FC1, 0x7022, 0x7083, 0x70E2, 0x7140, 0x719D,
    0x71F9, 0x7254, 0x72AE, 0x7307, 0x735E, 0x73B5, 0x740A, 0x745F,
    0x74B2, 0x7504, 0x7555, 0x75A5, 0x75F3, 0x7641, 0x768D, 0x76D8,
    0x7722, 0x776B, 0x77B3, 0x77FA, 0x783F, 0x7884, 0x78C7, 0x7909,
    0x794A, 0x7989, 0x79C8, 0x7A05, 0x7A41, 0x7A7C, 0x7AB6, 0x7AEE,
    0x7B26, 0x7B5C, 0x7B91, 0x7BC5, 0x7BF8, 0x7C29, 0x7C59, 0x7C88,
    0x7CB6, 0x7CE3, 0x7D0E, 0x7D39, 0x7D62, 0x7D89, 0x7DB0, 0x7DD5,
    0x7DFA, 0x7E1D, 0x7E3E, 0x7E5F, 0x7E7E, 0x7E9C, 0x7EB9, 0x7ED5,
    0x7EEF, 0x7F09, 0x7F21, 0x7F37, 0x7F4D, 0x7F61, 0x7F74, 0x7F86,
    0x7F97, 0x7FA6, 0x7FB4, 0x7FC1, 0x7FCD, 0x7FD8, 0x7FE1, 0x7FE9,
    0x7FF0, 0x7FF5, 0x7FF9, 0x7FFD, 0x7FFE, 0x0000, 0x8A0A, 0x0050,
    0x004F, 0x0057, 0x0032, 0x002D, 0x0054, 0x0041, 0x0042, 0x004C,
    0x0045, 0x0006, 0x0001, 0x0002, 0x0004, 0x0008, 0x0010, 0x0020,
    0x0040, 0x0080, 0x0100, 0x0200, 0x0400, 0x0800, 0x1000, 0x2000,
    0x4000, 0x8000, 0x0000, 0x8A0B, 0x004C, 0x004F, 0x0047, 0x0032,
    0x0049, 0x002D, 0x0054, 0x0041, 0x0042, 0x004C, 0x0045, 0x0006,
    0x0000, 0x1000, 0x2000, 0x3000, 0x4000, 0x5000, 0x6000, 0x7000,
    0x8000, 0x9000, 0xA000, 0xB000, 0xC000, 0xD000, 0xE000, 0xF000,
    0x0000, 0x8A0B, 0x004C, 0x004F, 0x0047, 0x0032, 0x0046, 0x002D,
    0x0054, 0x0041, 0x0042, 0x004C, 0x0045, 0x0006, 0x0000, 0x0017,
    0x002E, 0x0045, 0x005C, 0x0072, 0x0089, 0x009F, 0x00B6, 0x00CC,
    0x00E2, 0x00F9, 0x010F, 0x0125, 0x013B, 0x0150, 0x0166, 0x017C,
    0x0192, 0x01A7, 0x01BD, 0x01D2, 0x01E7, 0x01FC, 0x0212, 0x0227,
    0x023C, 0x0251, 0x0265, 0x027A, 0x028F, 0x02A3, 0x02B8, 0x02CC,
    0x02E1, 0x02F5, 0x030A, 0x031E, 0x0332, 0x0346, 0x035A, 0x036E,
    0x0382, 0x0396, 0x03A9, 0x03BD, 0x03D1, 0x03E4, 0x03F8, 0x040B,
    0x041E, 0x0432, 0x0445, 0x0458, 0x046B, 0x047E, 0x0491, 0x04A4,
    0x04B7, 0x04CA, 0x04DC, 0x04EF, 0x0502, 0x0514, 0x0527, 0x0539,
    0x054B, 0x055E, 0x0570, 0x0582, 0x0594, 0x05A6, 0x05B9, 0x05CB,
    0x05DC, 0x05EE, 0x0600, 0x0612, 0x0624, 0x0635, 0x0647, 0x0658,
    0x066A, 0x067B, 0x068D, 0x069E, 0x06B0, 0x06C1, 0x06D2, 0x06E3,
    0x06F4, 0x0705, 0x0716, 0x0727, 0x0738, 0x0749, 0x075A, 0x076B,
    0x077B, 0x078C, 0x079D, 0x07AD, 0x07BE, 0x07CE, 0x07DF, 0x07EF,
    0x07FF, 0x0810, 0x0820, 0x0830, 0x0840, 0x0850, 0x0861, 0x0871,
    0x0881, 0x0890, 0x08A0, 0x08B0, 0x08C0, 0x08D0, 0x08E0, 0x08EF,
    0x08FF, 0x090F, 0x091E, 0x092E, 0x093D, 0x094D, 0x095C, 0x096B,
    0x097B, 0x098A, 0x0999, 0x09A8, 0x09B8, 0x09C7, 0x09D6, 0x09E5,
    0x09F4, 0x0A03, 0x0A12, 0x0A21, 0x0A30, 0x0A3E, 0x0A4D, 0x0A5C,
    0x0A6B, 0x0A79, 0x0A88, 0x0A97, 0x0AA5, 0x0AB4, 0x0AC2, 0x0AD1,
    0x0ADF, 0x0AEE, 0x0AFC, 0x0B0A, 0x0B19, 0x0B27, 0x0B35, 0x0B43,
    0x0B51, 0x0B5F, 0x0B6E, 0x0B7C, 0x0B8A, 0x0B98, 0x0BA6, 0x0BB3,
    0x0BC1, 0x0BCF, 0x0BDD, 0x0BEB, 0x0BF9, 0x0C06, 0x0C14, 0x0C22,
    0x0C2F, 0x0C3D, 0x0C4A, 0x0C58, 0x0C66, 0x0C73, 0x0C80, 0x0C8E,
    0x0C9B, 0x0CA9, 0x0CB6, 0x0CC3, 0x0CD0, 0x0CDE, 0x0CEB, 0x0CF8,
    0x0D05, 0x0D12, 0x0D1F, 0x0D2D, 0x0D3A, 0x0D47, 0x0D54, 0x0D60,
    0x0D6D, 0x0D7A, 0x0D87, 0x0D94, 0x0DA1, 0x0DAE, 0x0DBA, 0x0DC7,
    0x0DD4, 0x0DE0, 0x0DED, 0x0DFA, 0x0E06, 0x0E13, 0x0E1F, 0x0E2C,
    0x0E38, 0x0E45, 0x0E51, 0x0E5E, 0x0E6A, 0x0E76, 0x0E83, 0x0E8F,
    0x0E9B, 0x0EA7, 0x0EB4, 0x0EC0, 0x0ECC, 0x0ED8, 0x0EE4, 0x0EF0,
    0x0EFC, 0x0F09, 0x0F15, 0x0F21, 0x0F2D, 0x0F38, 0x0F44, 0x0F50,
    0x0F5C, 0x0F68, 0x0F74, 0x0F80, 0x0F8B, 0x0F97, 0x0FA3, 0x0FAF,
    0x0FBA, 0x0FC6, 0x0FD2, 0x0FDD, 0x0FE9, 0x0FF4, 0x1000, 0x0000,
    0x8A0B, 0x004C, 0x004F, 0x0047, 0x0032, 0x0044, 0x002D, 0x0054,
    0x0041, 0x0042, 0x004C, 0x0045, 0x0006, 0x0017, 0x0017, 0x0017,
    0x0017, 0x0016, 0x0017, 0x0016, 0x0017, 0x0016, 0x0016, 0x0017,
    0x0016, 0x0016, 0x0016, 0x0015, 0x0016, 0x0016, 0x0016, 0x0015,
    0x0016, 0x0015, 0x0015, 0x0015, 0x0016, 0x0015, 0x0015, 0x0015,
    0x0014, 0x0015, 0x0015, 0x0014, 0x0015, 0x0014, 0x0015, 0x0014,
    0x0015, 0x0014, 0x0014, 0x0014, 0x0014, 0x0014, 0x0014, 0x0014,
    0x0013, 0x0014, 0x0014, 0x0013, 0x0014, 0x0013, 0x0013, 0x0014,
    0x0013, 0x0013, 0x0013, 0x0013, 0x0013, 0x0013, 0x0013, 0x0013,
    0x0012, 0x0013, 0x0013, 0x0012, 0x0013, 0x0012, 0x0012, 0x0013,
    0x0012, 0x0012, 0x0012, 0x0012, 0x0013, 0x0012, 0x0011, 0x0012,
    0x0012, 0x0012, 0x0012, 0x0011, 0x0012, 0x0011, 0x0012, 0x0011,
    0x0012, 0x0011, 0x0012, 0x0011, 0x0011, 0x0011, 0x0011, 0x0011,
    0x0011, 0x0011, 0x0011, 0x0011, 0x0011, 0x0011, 0x0010, 0x0011,
    0x0011, 0x0010, 0x0011, 0x0010, 0x0011, 0x0010, 0x0010, 0x0011,
    0x0010, 0x0010, 0x0010, 0x0010, 0x0011, 0x0010, 0x0010, 0x000F,
    0x0010, 0x0010, 0x0010, 0x0010, 0x0010, 0x000F, 0x0010, 0x0010,
    0x000F, 0x0010, 0x000F, 0x0010, 0x000F, 0x000F, 0x0010, 0x000F,
    0x000F, 0x000F, 0x0010, 0x000F, 0x000F, 0x000F, 0x000F, 0x000F,
    0x000F, 0x000F, 0x000F, 0x000E, 0x000F, 0x000F, 0x000F, 0x000E,
    0x000F, 0x000F, 0x000E, 0x000F, 0x000E, 0x000F, 0x000E, 0x000F,
    0x000E, 0x000E, 0x000F, 0x000E, 0x000E, 0x000E, 0x000E, 0x000E,
    0x000F, 0x000E, 0x000E, 0x000E, 0x000E, 0x000D, 0x000E, 0x000E,
    0x000E, 0x000E, 0x000E, 0x000D, 0x000E, 0x000E, 0x000D, 0x000E,
    0x000D, 0x000E, 0x000E, 0x000D, 0x000D, 0x000E, 0x000D, 0x000E,
    0x000D, 0x000D, 0x000D, 0x000E, 0x000D, 0x000D, 0x000D, 0x000D,
    0x000D, 0x000E, 0x000D, 0x000D, 0x000D, 0x000C, 0x000D, 0x000D,
    0x000D, 0x000D, 0x000D, 0x000D, 0x000C, 0x000D, 0x000D, 0x000C,
    0x000D, 0x000D, 0x000C, 0x000D, 0x000C, 0x000D, 0x000C, 0x000D,
    0x000C, 0x000D, 0x000C, 0x000C, 0x000D, 0x000C, 0x000C, 0x000C,
    0x000D, 0x000C, 0x000C, 0x000C, 0x000C, 0x000C, 0x000C, 0x000D,
    0x000C, 0x000C, 0x000C, 0x000B, 0x000C, 0x000C, 0x000C, 0x000C,
    0x000C, 0x000C, 0x000B, 0x000C, 0x000C, 0x000C, 0x000B, 0x000C,
    0x000C, 0x000B, 0x000C, 0x000B, 0x000C, 0x0000, 0x8A0B, 0x0045,
    0x0058, 0x0050, 0x0032, 0x0046, 0x002D, 0x0054, 0x0041, 0x0042,
    0x004C, 0x0045, 0x0006, 0x1000, 0x100B, 0x1016, 0x1021, 0x102D,
    0x1038, 0x1043, 0x104E, 0x105A, 0x1065, 0x1070, 0x107C, 0x1087,
    0x1093, 0x109E, 0x10AA, 0x10B5, 0x10C1, 0x10CD, 0x10D8, 0x10E4,
    0x10F0, 0x10FB, 0x1107, 0x1113, 0x111F, 0x112B, 0x1137, 0x1143,
    0x114F, 0x115B, 0x1167, 0x1173, 0x117F, 0x118B, 0x1197, 0x11A3,
    0x11B0, 0x11BC, 0x11C8, 0x11D5, 0x11E1, 0x11ED, 0x11FA, 0x1206,
    0x1213, 0x121F, 0x122C, 0x1238, 0x1245, 0x1252, 0x125F, 0x126B,
    0x1278, 0x1285, 0x1292, 0x129F, 0x12AC, 0x12B8, 0x12C5, 0x12D3,
    0x12E0, 0x12ED, 0x12FA, 0x1307, 0x1314, 0x1321, 0x132F, 0x133C,
    0x1349, 0x1357, 0x1364, 0x1372, 0x137F, 0x138D, 0x139A, 0x13A8,
    0x13B5, 0x13C3, 0x13D1, 0x13DF, 0x13EC, 0x13FA, 0x1408, 0x1416,
    0x1424, 0x1432, 0x1440, 0x144E, 0x145C, 0x146A, 0x1478, 0x1487,
    0x1495, 0x14A3, 0x14B1, 0x14C0, 0x14CE, 0x14DD, 0x14EB, 0x14FA,
    0x1508, 0x1517, 0x1525, 0x1534, 0x1543, 0x1552, 0x1560, 0x156F,
    0x157E, 0x158D, 0x159C, 0x15AB, 0x15BA, 0x15C9, 0x15D8, 0x15E7,
    0x15F7, 0x1606, 0x1615, 0x1624, 0x1634, 0x1643, 0x1653, 0x1662,
    0x1672, 0x1681, 0x1691, 0x16A1, 0x16B0, 0x16C0, 0x16D0, 0x16E0,
    0x16F0, 0x16FF, 0x170F, 0x171F, 0x1730, 0x1740, 0x1750, 0x1760,
    0x1770, 0x1780, 0x1791, 0x17A1, 0x17B1, 0x17C2, 0x17D2, 0x17E3,
    0x17F4, 0x1804, 0x1815, 0x1826, 0x1836, 0x1847, 0x1858, 0x1869,
    0x187A, 0x188B, 0x189C, 0x18AD, 0x18BE, 0x18CF, 0x18E0, 0x18F2,
    0x1903, 0x1914, 0x1926, 0x1937, 0x1949, 0x195A, 0x196C, 0x197E,
    0x198F, 0x19A1, 0x19B3, 0x19C5, 0x19D6, 0x19E8, 0x19FA, 0x1A0C,
    0x1A1E, 0x1A31, 0x1A43, 0x1A55, 0x1A67, 0x1A7A, 0x1A8C, 0x1A9E,
    0x1AB1, 0x1AC3, 0x1AD6, 0x1AE9, 0x1AFB, 0x1B0E, 0x1B21, 0x1B34,
    0x1B47, 0x1B59, 0x1B6C, 0x1B7F, 0x1B93, 0x1BA6, 0x1BB9, 0x1BCC,
    0x1BDF, 0x1BF3, 0x1C06, 0x1C1A, 0x1C2D, 0x1C41, 0x1C54, 0x1C68,
    0x1C7C, 0x1C8F, 0x1CA3, 0x1CB7, 0x1CCB, 0x1CDF, 0x1CF3, 0x1D07,
    0x1D1B, 0x1D30, 0x1D44, 0x1D58, 0x1D6C, 0x1D81, 0x1D95, 0x1DAA,
    0x1DBE, 0x1DD3, 0x1DE8, 0x1DFD, 0x1E11, 0x1E26, 0x1E3B, 0x1E50,
    0x1E65, 0x1E7A, 0x1E8F, 0x1EA5, 0x1EBA, 0x1ECF, 0x1EE5, 0x1EFA,
    0x1F10, 0x1F25, 0x1F3B, 0x1F50, 0x1F66, 0x1F7C, 0x1F92, 0x1FA8,
    0x1FBE, 0x1FD4, 0x1FEA, 0x2000, 0x0000, 0x8A0B, 0x0045, 0x0058,
    0x0050, 0x0032, 0x0044, 0x002D, 0x0054, 0x0041, 0x0042, 0x004C,
    0x0045, 0x0006, 0x000B, 0x000B, 0x000B, 0x000C, 0x000B, 0x000B,
    0x000B, 0x000C, 0x000B, 0x000B, 0x000C, 0x000B, 0x000C, 0x000B,
    0x000C, 0x000B, 0x000C, 0x000C, 0x000B, 0x000C, 0x000C, 0x000B,
    0x000C, 0x000C, 0x000C, 0x000C, 0x000C, 0x000C, 0x000C, 0x000C,
    0x000C, 0x000C, 0x000C, 0x000C, 0x000C, 0x000C, 0x000D, 0x000C,
    0x000C, 0x000D, 0x000C, 0x000C, 0x000D, 0x000C, 0x000D, 0x000C,
    0x000D, 0x000C, 0x000D, 0x000D, 0x000D, 0x000C, 0x000D, 0x000D,
    0x000D, 0x000D, 0x000D, 0x000C, 0x000D, 0x000E, 0x000D, 0x000D,
    0x000D, 0x000D, 0x000D, 0x000D, 0x000E, 0x000D, 0x000D, 0x000E,
    0x000D, 0x000E, 0x000D, 0x000E, 0x000D, 0x000E, 0x000D, 0x000E,
    0x000E, 0x000E, 0x000D, 0x000E, 0x000E, 0x000E, 0x000E, 0x000E,
    0x000E, 0x000E, 0x000E, 0x000E, 0x000E, 0x000F, 0x000E, 0x000E,
    0x000E, 0x000F, 0x000E, 0x000F, 0x000E, 0x000F, 0x000E, 0x000F,
    0x000E, 0x000F, 0x000F, 0x000F, 0x000E, 0x000F, 0x000F, 0x000F,
    0x000F, 0x000F, 0x000F, 0x000F, 0x000F, 0x000F, 0x0010, 0x000F,
    0x000F, 0x000F, 0x0010, 0x000F, 0x0010, 0x000F, 0x0010, 0x000F,
    0x0010, 0x0010, 0x000F, 0x0010, 0x0010, 0x0010, 0x0010, 0x000F,
    0x0010, 0x0010, 0x0011, 0x0010, 0x0010, 0x0010, 0x0010, 0x0010,
    0x0011, 0x0010, 0x0010, 0x0011, 0x0010, 0x0011, 0x0011, 0x0010,
    0x0011, 0x0011, 0x0010, 0x0011, 0x0011, 0x0011, 0x0011, 0x0011,
    0x0011, 0x0011, 0x0011, 0x0011, 0x0011, 0x0012, 0x0011, 0x0011,
    0x0012, 0x0011, 0x0012, 0x0011, 0x0012, 0x0012, 0x0011, 0x0012,
    0x0012, 0x0012, 0x0011, 0x0012, 0x0012, 0x0012, 0x0012, 0x0013,
    0x0012, 0x0012, 0x0012, 0x0013, 0x0012, 0x0012, 0x0013, 0x0012,
    0x0013, 0x0013, 0x0012, 0x0013, 0x0013, 0x0013, 0x0013, 0x0012,
    0x0013, 0x0013, 0x0014, 0x0013, 0x0013, 0x0013, 0x0013, 0x0014,
    0x0013, 0x0014, 0x0013, 0x0014, 0x0013, 0x0014, 0x0014, 0x0013,
    0x0014, 0x0014, 0x0014, 0x0014, 0x0014, 0x0014, 0x0014, 0x0015,
    0x0014, 0x0014, 0x0014, 0x0015, 0x0014, 0x0015, 0x0014, 0x0015,
    0x0015, 0x0015, 0x0014, 0x0015, 0x0015, 0x0015, 0x0015, 0x0015,
    0x0015, 0x0016, 0x0015, 0x0015, 0x0016, 0x0015, 0x0016, 0x0015,
    0x0016, 0x0015, 0x0016, 0x0016, 0x0016, 0x0016, 0x0016, 0x0016,
    0x0016, 0x0016, 0x0000, 0x8A0B, 0x0041, 0x0054, 0x0041, 0x004E,
    0x0046, 0x002D, 0x0054, 0x0041, 0x0042, 0x004C, 0x0045, 0x0006,
    0x0000, 0x0029, 0x0051, 0x007A, 0x00A3, 0x00CC, 0x00F4, 0x011D,
    0x0146, 0x016F, 0x0197, 0x01C0, 0x01E9, 0x0211, 0x023A, 0x0262,
    0x028B, 0x02B4, 0x02DC, 0x0305, 0x032D, 0x0356, 0x037E, 0x03A7,
    0x03CF, 0x03F7, 0x0420, 0x0448, 0x0470, 0x0499, 0x04C1, 0x04E9,
    0x0511, 0x0539, 0x0561, 0x0589, 0x05B1, 0x05D9, 0x0601, 0x0629,
    0x0651, 0x0678, 0x06A0, 0x06C8, 0x06EF, 0x0717, 0x073E, 0x0766,
    0x078D, 0x07B5, 0x07DC, 0x0803, 0x082A, 0x0851, 0x0878, 0x089F,
    0x08C6, 0x08ED, 0x0914, 0x093B, 0x0961, 0x0988, 0x09AE, 0x09D5,
    0x09FB, 0x0A22, 0x0A48, 0x0A6E, 0x0A94, 0x0ABA, 0x0AE0, 0x0B06,
    0x0B2C, 0x0B51, 0x0B77, 0x0B9D, 0x0BC2, 0x0BE7, 0x0C0D, 0x0C32,
    0x0C57, 0x0C7C, 0x0CA1, 0x0CC6, 0x0CEB, 0x0D10, 0x0D34, 0x0D59,
    0x0D7D, 0x0DA2, 0x0DC6, 0x0DEA, 0x0E0F, 0x0E33, 0x0E56, 0x0E7A,
    0x0E9E, 0x0EC2, 0x0EE5, 0x0F09, 0x0F2C, 0x0F50, 0x0F73, 0x0F96,
    0x0FB9, 0x0FDC, 0x0FFF, 0x1021, 0x1044, 0x1067, 0x1089, 0x10AB,
    0x10CE, 0x10F0, 0x1112, 0x1134, 0x1156, 0x1177, 0x1199, 0x11BB,
    0x11DC, 0x11FD, 0x121F, 0x1240, 0x1261, 0x1282, 0x12A3, 0x12C3,
    0x12E4, 0x1305, 0x1325, 0x1345, 0x1366, 0x1386, 0x13A6, 0x13C6,
    0x13E6, 0x1405, 0x1425, 0x1444, 0x1464, 0x1483, 0x14A2, 0x14C1,
    0x14E0, 0x14FF, 0x151E, 0x153D, 0x155B, 0x157A, 0x1598, 0x15B7,
    0x15D5, 0x15F3, 0x1611, 0x162F, 0x164C, 0x166A, 0x1688, 0x16A5,
    0x16C2, 0x16E0, 0x16FD, 0x171A, 0x1737, 0x1754, 0x1770, 0x178D,
    0x17AA, 0x17C6, 0x17E2, 0x17FE, 0x181B, 0x1837, 0x1853, 0x186E,
    0x188A, 0x18A6, 0x18C1, 0x18DD, 0x18F8, 0x1913, 0x192E, 0x1949,
    0x1964, 0x197F, 0x199A, 0x19B4, 0x19CF, 0x19E9, 0x1A04, 0x1A1E,
    0x1A38, 0x1A52, 0x1A6C, 0x1A86, 0x1A9F, 0x1AB9, 0x1AD3, 0x1AEC,
    0x1B05, 0x1B1F, 0x1B38, 0x1B51, 0x1B6A, 0x1B83, 0x1B9C, 0x1BB4,
    0x1BCD, 0x1BE5, 0x1BFE, 0x1C16, 0x1C2E, 0x1C46, 0x1C5E, 0x1C76,
    0x1C8E, 0x1CA6, 0x1CBE, 0x1CD5, 0x1CED, 0x1D04, 0x1D1B, 0x1D33,
    0x1D4A, 0x1D61, 0x1D78, 0x1D8E, 0x1DA5, 0x1DBC, 0x1DD3, 0x1DE9,
    0x1DFF, 0x1E16, 0x1E2C, 0x1E42, 0x1E58, 0x1E6E, 0x1E84, 0x1E9A,
    0x1EB0, 0x1EC5, 0x1EDB, 0x1EF0, 0x1F06, 0x1F1B, 0x1F30, 0x1F45,
    0x1F5A, 0x1F6F, 0x1F84, 0x1F99, 0x1FAE, 0x1FC3, 0x1FD7, 0x1FEC,
    0x2000, 0x0000, 0x8A0B, 0x0041, 0x0054, 0x0041, 0x004E, 0x0044,
    0x002D, 0x0054, 0x0041, 0x0042, 0x004C, 0x0045, 0x0006, 0x0029,
    0x0028, 0x0029, 0x0029, 0x0029, 0x0028, 0x0029, 0x0029, 0x0029,
    0x0028, 0x0029, 0x0029, 0x0028, 0x0029, 0x0028, 0x0029, 0x0029,
    0x0028, 0x0029, 0x0028, 0x0029, 0x0028, 0x0029, 0x0028, 0x0028,
    0x0029, 0x0028, 0x0028, 0x0029, 0x0028, 0x0028, 0x0028, 0x0028,
    0x0028, 0x0028, 0x0028, 0x0028, 0x0028, 0x0028, 0x0028, 0x0027,
    0x0028, 0x0028, 0x0027, 0x0028, 0x0027, 0x0028, 0x0027, 0x0028,
    0x0027, 0x0027, 0x0027, 0x0027, 0x0027, 0x0027, 0x0027, 0x0027,
    0x0027, 0x0027, 0x0026, 0x0027, 0x0026, 0x0027, 0x0026, 0x0027,
    0x0026, 0x0026, 0x0026, 0x0026, 0x0026, 0x0026, 0x0026, 0x0025,
    0x0026, 0x0026, 0x0025, 0x0025, 0x0026, 0x0025, 0x0025, 0x0025,
    0x0025, 0x0025, 0x0025, 0x0025, 0x0024, 0x0025, 0x0024, 0x0025,
    0x0024, 0x0024, 0x0025, 0x0024, 0x0023, 0x0024, 0x0024, 0x0024,
    0x0023, 0x0024, 0x0023, 0x0024, 0x0023, 0x0023, 0x0023, 0x0023,
    0x0023, 0x0022, 0x0023, 0x0023, 0x0022, 0x0022, 0x0023, 0x0022,
    0x0022, 0x0022, 0x0022, 0x0021, 0x0022, 0x0022, 0x0021, 0x0021,
    0x0022, 0x0021, 0x0021, 0x0021, 0x0021, 0x0020, 0x0021, 0x0021,
    0x0020, 0x0020, 0x0021, 0x0020, 0x0020, 0x0020, 0x0020, 0x001F,
    0x0020, 0x001F, 0x0020, 0x001F, 0x001F, 0x001F, 0x001F, 0x001F,
    0x001F, 0x001F, 0x001E, 0x001F, 0x001E, 0x001F, 0x001E, 0x001E,
    0x001E, 0x001E, 0x001D, 0x001E, 0x001E, 0x001D, 0x001D, 0x001E,
    0x001D, 0x001D, 0x001D, 0x001D, 0x001C, 0x001D, 0x001D, 0x001C,
    0x001C, 0x001C, 0x001D, 0x001C, 0x001C, 0x001B, 0x001C, 0x001C,
    0x001B, 0x001C, 0x001B, 0x001B, 0x001B, 0x001B, 0x001B, 0x001B,
    0x001B, 0x001A, 0x001B, 0x001A, 0x001B, 0x001A, 0x001A, 0x001A,
    0x001A, 0x001A, 0x0019, 0x001A, 0x001A, 0x0019, 0x0019, 0x001A,
    0x0019, 0x0019, 0x0019, 0x0019, 0x0019, 0x0018, 0x0019, 0x0018,
    0x0019, 0x0018, 0x0018, 0x0018, 0x0018, 0x0018, 0x0018, 0x0018,
    0x0018, 0x0017, 0x0018, 0x0017, 0x0017, 0x0018, 0x0017, 0x0017,
    0x0017, 0x0016, 0x0017, 0x0017, 0x0017, 0x0016, 0x0016, 0x0017,
    0x0016, 0x0016, 0x0016, 0x0016, 0x0016, 0x0016, 0x0016, 0x0015,
    0x0016, 0x0015, 0x0016, 0x0015, 0x0015, 0x0015, 0x0015, 0x0015,
    0x0015, 0x0015, 0x0015, 0x0015, 0x0014, 0x0015, 0x0014, 0x0000,
    0x8005, 0x0053, 0x0049, 0x004E, 0x0051, 0x0040, 0x324C, 0x0019,
    0x06BC, 0x29E1, 0x000D, 0x000B, 0x0000, 0x8005, 0x0050, 0x004F,
    0x0057, 0x0032, 0x0040, 0x3359, 0x0019, 0x06BC, 0x29E1, 0x000D,
    0x000B, 0x0000, 0x8006, 0x004C, 0x004F, 0x0047, 0x0032, 0x0049,
    0x0040, 0x3377, 0x0019, 0x06BC, 0x29E1, 0x000D, 0x000B, 0x0000,
    0x8006, 0x004C, 0x004F, 0x0047, 0x0032, 0x0046, 0x0040, 0x3395,
    0x0019, 0x06BC, 0x29E1, 0x000D, 0x000B, 0x0000, 0x8006, 0x004C,
    0x004F, 0x0047, 0x0032, 0x0044, 0x0040, 0x34A4, 0x0019, 0x06BC,
    0x29E1, 0x000D, 0x000B, 0x0000, 0x8006, 0x0045, 0x0058, 0x0050,
    0x0032, 0x0046, 0x0040, 0x35B2, 0x0019, 0x06BC, 0x29E1, 0x000D,
    0x000B, 0x0000, 0x8006, 0x0045, 0x0058, 0x0050, 0x0032, 0x0044,
    0x0040, 0x36C1, 0x0019, 0x06BC, 0x29E1, 0x000D, 0x000B, 0x0000,
    0x8006, 0x0041, 0x0054, 0x0041, 0x004E, 0x0046, 0x0040, 0x37CF,
    0x0019, 0x06BC, 0x29E1, 0x000D, 0x000B, 0x0000, 0x8006, 0x0041,
    0x0054, 0x0041, 0x004E, 0x0044, 0x0040, 0x38DE, 0x0019, 0x06BC,
    0x29E1, 0x000D, 0x000B, 0x1622, 0x7C04, 0x0051, 0x0031, 0x0035,
    0x003E, 0x0018, 0x29E1, 0x0014, 0x001B, 0x0037, 0x0012, 0x29E1,
    0x000B, 0x3A5B, 0xA405, 0x0051, 0x0031, 0x0035, 0x003E, 0x0052,
    0x0019, 0x0004, 0x4000, 0x001F, 0x0581, 0x29E1, 0x3A61, 0x000B,
    0x2EE6, 0x8805, 0x0055, 0x002F, 0x004D, 0x004F, 0x0044, 0x0014,
    0x0004, 0x0000, 0x0012, 0x0605, 0x000B, 0x3A78, 0x5E02, 0x0055,
    0x002F, 0x3A7F, 0x0019, 0x0017, 0x000B, 0x3A85, 0x5E03, 0x0055,
    0x002A, 0x002F, 0x0014, 0x0033, 0x0012, 0x0605, 0x0019, 0x0017,
    0x000B, 0x0695, 0x8807, 0x002A, 0x002F, 0x0052, 0x004F, 0x0055,
    0x004E, 0x0044, 0x0018, 0x299C, 0x0014, 0x0690, 0x0019, 0x299C,
    0x0018, 0x29E1, 0x0013, 0x05BA, 0x0035, 0x0008, 0x3AB2, 0x0004,
    0x0001, 0x29E1, 0x0012, 0x0017, 0x000B, 0x3154, 0x8C03, 0x0049,
    0x002A, 0x0046, 0x067C, 0x3A61, 0x000B, 0x30E5, 0x8E07, 0x0042,
    0x0049, 0x004E, 0x003E, 0x0044, 0x0045, 0x0047, 0x0004, 0x002D,
    0x0004, 0x2000, 0x3AA2, 0x000B, 0x3111, 0x9C07, 0x0044, 0x0045,
    0x0047, 0x003E, 0x0042, 0x0049, 0x004E, 0x0004, 0x0168, 0x0668,
    0x0004, 0x2000, 0x0004, 0x002D, 0x3AA2, 0x000B, 0x3ABD, 0xA609,
    0x0042, 0x0049, 0x004E, 0x003E, 0x0044, 0x0045, 0x0047, 0x002E,
    0x0053, 0x0004, 0x002D, 0x0675, 0x0004, 0x2000, 0x3AA2, 0x000B,
    0x3ACC, 0x9C09, 0x0044, 0x0045, 0x0047, 0x002E, 0x0053, 0x003E,
    0x0042, 0x0049, 0x004E, 0x0018, 0x0004, 0x0168, 0x0675, 0x0014,
    0x0019, 0x0013, 0x0668, 0x0019, 0x0004, 0x002D, 0x0675, 0x0004,
    0x2000, 0x0019, 0x3AA2, 0x0012, 0x0017, 0x000B, 0x3105, 0x6C06,
    0x0053, 0x0054, 0x0045, 0x0050, 0x0031, 0x0036, 0x0004, 0x0000,
    0x0014, 0x0018, 0x0004, 0x0008, 0x001C, 0x0008, 0x3B26, 0x001A,
    0x0004, 0x0002, 0x29AE, 0x0012, 0x29E1, 0x0014, 0x0018, 0x0004,
    0x0004, 0x001C, 0x0008, 0x3B33, 0x001A, 0x0004, 0x0004, 0x29AE,
    0x0012, 0x29E1, 0x0014, 0x0018, 0x0004, 0x0002, 0x001C, 0x0008,
    0x3B40, 0x001A, 0x0004, 0x0008, 0x29AE, 0x0012, 0x29E1, 0x0014,
    0x0018, 0x0004, 0x0001, 0x001C, 0x0008, 0x3B4D, 0x001A, 0x0004,
    0x0010, 0x29AE, 0x0012, 0x29E1, 0x0014, 0x0017, 0x0017, 0x0012,
    0x000B, 0x2EF7, 0x6408, 0x0052, 0x0041, 0x0054, 0x0049, 0x004F,
    0x0051, 0x0031, 0x0032, 0x0019, 0x0004, 0x1000, 0x0581, 0x3A92,
    0x000B, 0x30F0, 0x9A09, 0x004C, 0x004F, 0x0047, 0x0032, 0x002D,
    0x004E, 0x004F, 0x0052, 0x004D, 0x0004, 0x000C, 0x0019, 0x0018,
    0x0004, 0x2000, 0x05BA, 0x0004, 0x0000, 0x29BA, 0x0008, 0x3B82,
    0x0004, 0x0002, 0x3A89, 0x0019, 0x0004, 0x0001, 0x29E1, 0x0019,
    0x0009, 0x3B6F, 0x0018, 0x0004, 0x1000, 0x05BA, 0x0008, 0x3B91,
    0x0018, 0x29E1, 0x0019, 0x0004, 0x0001, 0x29B5, 0x0019, 0x0009,
    0x3B82, 0x000B, 0x3B61, 0x8609, 0x004C, 0x004F, 0x0047, 0x0032,
    0x002D, 0x0046, 0x0052, 0x0041, 0x0043, 0x0004, 0x1000, 0x29B5,
    0x0004, 0x0010, 0x065E, 0x0018, 0x3A1D, 0x0014, 0x3A0F, 0x0012,
    0x0581, 0x3B16, 0x29E1, 0x000B, 0x3B92, 0x6404, 0x004C, 0x004F,
    0x0047, 0x0032, 0x0018, 0x0004, 0x0000, 0x29BA, 0x0008, 0x3BBD,
    0x0017, 0x0004, 0x0000, 0x0009, 0x3BC3, 0x3B6C, 0x0019, 0x3A01,
    0x0019, 0x3B9D, 0x29E1, 0x000B, 0x3177, 0x8609, 0x0045, 0x0058,
    0x0050, 0x0032, 0x002D, 0x0046, 0x0052, 0x0041, 0x0043, 0x0018,
    0x0004, 0x0FFF, 0x0019, 0x05CA, 0x0008, 0x3BDB, 0x0017, 0x0004,
    0x2000, 0x0009, 0x3BE6, 0x0004, 0x0010, 0x065E, 0x0018, 0x3A39,
    0x0014, 0x3A2B, 0x0012, 0x0581, 0x3B16, 0x29E1, 0x000B, 0x3BC4,
    0x6404, 0x0045, 0x0058, 0x0050, 0x0032, 0x0004, 0x1000, 0x3A7F,
    0x0014, 0x3BCF, 0x0012, 0x39F3, 0x0004, 0x1000, 0x3A92, 0x000B,
    0x3ADE, 0x6004, 0x0042, 0x0030, 0x0030, 0x0030, 0x0004, 0x0000,
    0x000B, 0x3BF8, 0x6204, 0x0042, 0x0030, 0x0030, 0x0031, 0x0004,
    0x00B6, 0x000B, 0x3C01, 0x6404, 0x0042, 0x0030, 0x0030, 0x0032,
    0x0004, 0x016C, 0x000B, 0x3C0A, 0x6604, 0x0042, 0x0030, 0x0030,
    0x0033, 0x0004, 0x0222, 0x000B, 0x3C13, 0x6A04, 0x0042, 0x0030,
    0x0030, 0x0035, 0x0004, 0x038E, 0x000B, 0x3C1C, 0x6004, 0x0042,
    0x0030, 0x0031, 0x0030, 0x0004, 0x071C, 0x000B, 0x3C25, 0x6A04,
    0x0042, 0x0030, 0x0031, 0x0035, 0x0004, 0x0AAB, 0x000B, 0x3C2E,
    0x6004, 0x0042, 0x0030, 0x0033, 0x0030, 0x0004, 0x1555, 0x000B,
    0x3C37, 0x6A04, 0x0042, 0x0030, 0x0034, 0x0035, 0x0004, 0x2000,
    0x000B, 0x3C40, 0x6808, 0x0042, 0x0049, 0x004E, 0x0049, 0x0041,
    0x004E, 0x002F, 0x0034, 0x0004, 0x4000, 0x000B, 0x3C49, 0x6004,
    0x0042, 0x0030, 0x0036, 0x0030, 0x0004, 0x2AAB, 0x000B, 0x3C56,
    0x6A04, 0x0042, 0x0030, 0x0037, 0x0035, 0x0004, 0x3555, 0x000B,
    0x3C5F, 0x6004, 0x0042, 0x0030, 0x0039, 0x0030, 0x3C53, 0x000B,
    0x3C68, 0x6A04, 0x0042, 0x0031, 0x0030, 0x0035, 0x0004, 0x4AAB,
    0x000B, 0x3C70, 0x6004, 0x0042, 0x0031, 0x0032, 0x0030, 0x0004,
    0x5555, 0x000B, 0x3C79, 0x6A04, 0x0042, 0x0031, 0x0033, 0x0035,
    0x0004, 0x6000, 0x000B, 0x3C82, 0x6004, 0x0042, 0x0031, 0x0035,
    0x0030, 0x0004, 0x6AAB, 0x000B, 0x3C8B, 0x6A04, 0x0042, 0x0031,
    0x0036, 0x0035, 0x0004, 0x7555, 0x000B, 0x3C94, 0x6408, 0x0042,
    0x0049, 0x004E, 0x0049, 0x0041, 0x004E, 0x002F, 0x0032, 0x0004,
    0x8000, 0x000B, 0x3C9D, 0x6004, 0x0042, 0x0031, 0x0038, 0x0030,
    0x3CA7, 0x000B, 0x3CAA, 0x6A04, 0x0042, 0x0031, 0x0039, 0x0035,
    0x0004, 0x8AAB, 0x000B, 0x3CB2, 0x6004, 0x0042, 0x0032, 0x0031,
    0x0030, 0x0004, 0x9555, 0x000B, 0x3CBB, 0x6A04, 0x0042, 0x0032,
    0x0032, 0x0035, 0x0004, 0xA000, 0x000B, 0x3CC4, 0x6004, 0x0042,
    0x0032, 0x0034, 0x0030, 0x0004, 0xAAAB, 0x000B, 0x3CCD, 0x6A04,
    0x0042, 0x0032, 0x0035, 0x0035, 0x0004, 0xB555, 0x000B, 0x3CD6,
    0x6809, 0x0042, 0x0049, 0x004E, 0x0049, 0x0041, 0x004E, 0x0033,
    0x002F, 0x0034, 0x0004, 0xC000, 0x000B, 0x3CDF, 0x6004, 0x0042,
    0x0032, 0x0037, 0x0030, 0x3CEA, 0x000B, 0x3CED, 0x6A04, 0x0042,
    0x0032, 0x0038, 0x0035, 0x0004, 0xCAAB, 0x000B, 0x3CF5, 0x6004,
    0x0042, 0x0033, 0x0030, 0x0030, 0x0004, 0xD555, 0x000B, 0x3CFE,
    0x6A04, 0x0042, 0x0033, 0x0031, 0x0035, 0x0004, 0xE000, 0x000B,
    0x3D07, 0x6004, 0x0042, 0x0033, 0x0033, 0x0030, 0x0004, 0xEAAB,
    0x000B, 0x3D10, 0x6A04, 0x0042, 0x0033, 0x0034, 0x0035, 0x0004,
    0xF555, 0x000B, 0x3B0E, 0xA204, 0x0053, 0x0049, 0x004E, 0x0051,
    0x0004, 0x0040, 0x29AE, 0x39E6, 0x000B, 0x3D22, 0x9C03, 0x0053,
    0x0049, 0x004E, 0x0018, 0x0004, 0x0000, 0x29BA, 0x0008, 0x3D3D,
    0x0017, 0x0004, 0x0000, 0x0009, 0x3D7B, 0x0018, 0x3C53, 0x29BA,
    0x0008, 0x3D47, 0x0017, 0x0004, 0x7FFF, 0x0009, 0x3D7B, 0x0018,
    0x3CA7, 0x29BA, 0x0008, 0x3D51, 0x0017, 0x0004, 0x0000, 0x0009,
    0x3D7B, 0x0018, 0x3CEA, 0x29BA, 0x0008, 0x3D5B, 0x0017, 0x0004,
    0x8000, 0x0009, 0x3D7B, 0x0018, 0x001B, 0x0008, 0x3D6F, 0x0018,
    0x3CEA, 0x05CA, 0x0008, 0x3D6A, 0x3CA7, 0x29E1, 0x3D28, 0x0037,
    0x0009, 0x3D6D, 0x0037, 0x3D28, 0x0037, 0x0009, 0x3D7B, 0x0018,
    0x3C53, 0x05CA, 0x0008, 0x3D77, 0x3D28, 0x0009, 0x3D7B, 0x0037,
    0x3CA7, 0x29E1, 0x3D28, 0x000B, 0x3230, 0xA603, 0x0043, 0x004F,
    0x0053, 0x3C53, 0x29E1, 0x3D32, 0x000B, 0x2912, 0xA005, 0x0058,
    0x0043, 0x004F, 0x004D, 0x0050, 0x3D81, 0x3ABA, 0x000B, 0x0000,
    0xA005, 0x0059, 0x0043, 0x004F, 0x004D, 0x0050, 0x3D32, 0x3ABA,
    0x000B, 0x2E0D, 0xA405, 0x0041, 0x0054, 0x0041, 0x004E, 0x0052,
    0x0018, 0x0004, 0x1000, 0x29BA, 0x0008, 0x3DAA, 0x0017, 0x3C46,
    0x0009, 0x3DB5, 0x0004, 0x0010, 0x065E, 0x0018, 0x3A55, 0x0014,
    0x3A47, 0x0012, 0x0581, 0x3B16, 0x29E1, 0x000B, 0x3D99, 0x6405,
    0x0041, 0x0054, 0x0041, 0x004E, 0x0032, 0x29A8, 0x001D, 0x0004,
    0x0000, 0x29BA, 0x0008, 0x3DC9, 0x058D, 0x0004, 0x0000, 0x0009,
    0x3DFB, 0x29A8, 0x299C, 0x0019, 0x299C, 0x29A8, 0x05BA, 0x0008,
    0x3DD8, 0x3B5B, 0x3DA0, 0x3C6E, 0x0019, 0x29B5, 0x0009, 0x3DDB,
    0x0019, 0x3B5B, 0x3DA0, 0x0014, 0x0018, 0x001B, 0x0008, 0x3DF0,
    0x0019, 0x001B, 0x0008, 0x3DEA, 0x0017, 0x3CB0, 0x0012, 0x29E1,
    0x0009, 0x3DEE, 0x0017, 0x3CB0, 0x0012, 0x29B5, 0x0009, 0x3DFB,
    0x0019, 0x001B, 0x0008, 0x3DF9, 0x0017, 0x0012, 0x0037, 0x0009,
    0x3DFB, 0x0017, 0x0012, 0x000B, 0x3D2D, 0xA804, 0x0053, 0x0051,
    0x0052, 0x0054, 0x0004, 0x0000, 0x0019, 0x0004, 0x0001, 0x001A,
    0x001A, 0x05BA, 0x0004, 0x0000, 0x29BA, 0x0008, 0x3E21, 0x001A,
    0x001A, 0x29B5, 0x0014, 0x0019, 0x0017, 0x0004, 0x0002, 0x29E1,
    0x0019, 0x0004, 0x0001, 0x29E1, 0x0019, 0x0012, 0x0019, 0x0009,
    0x3E07, 0x0017, 0x0017, 0x000B, 0x0000, 0xE404, 0x007E, 0x0065,
    0x0072, 0x0072, 0x0004, 0xFFFF, 0x18A4, 0x000C, 0x0062, 0x0061,
    0x0064, 0x0020, 0x0066, 0x002D, 0x0073, 0x0074, 0x0072, 0x0069,
    0x006E, 0x0067, 0x000B, 0x0000, 0xC804, 0x007E, 0x0070, 0x0061,
    0x0064, 0x0004, 0x0000, 0x05DA, 0x0018, 0x0008, 0x3E4F, 0x0004,
    0x0001, 0x29B5, 0x3E41, 0x06CB, 0x0D4F, 0x0009, 0x3E50, 0x0017,
    0x000B, 0x0000, 0xCA06, 0x007E, 0x0077, 0x0074, 0x0079, 0x0070,
    0x0065, 0x02D2, 0x000D, 0x001A, 0x29B5, 0x3E41, 0x0D60, 0x000B,
    0x0000, 0xE405, 0x007E, 0x0063, 0x0068, 0x0061, 0x0072, 0x0018,
    0x0004, 0x0100, 0x05BA, 0x0008, 0x3E6E, 0x000B, 0x0004, 0x0100,
    0x065E, 0x0019, 0x0017, 0x000B, 0x0000, 0xE40A, 0x007E, 0x006E,
    0x0065, 0x0078, 0x0074, 0x002D, 0x0063, 0x0068, 0x0061, 0x0072,
    0x0019, 0x0004, 0x0001, 0x29E1, 0x0019, 0x0004, 0x0001, 0x29B5,
    0x000B, 0x0000, 0xDC06, 0x007E, 0x006E, 0x007A, 0x006C, 0x0065,
    0x006E, 0x0018, 0x0008, 0x3EA6, 0x001A, 0x000F, 0x3E67, 0x0008,
    0x3E9D, 0x0004, 0x0001, 0x0009, 0x3E9F, 0x0004, 0x0000, 0x0014,
    0x3E80, 0x3E91, 0x0012, 0x29E1, 0x0009, 0x3EA9, 0x058D, 0x0004,
    0x0000, 0x000B, 0x0000, 0xF406, 0x007E, 0x0061, 0x0070, 0x0070,
    0x006E, 0x007A, 0x0018, 0x0008, 0x3EC3, 0x001A, 0x000F, 0x3E67,
    0x0576, 0x0008, 0x3EBE, 0x0D4F, 0x0009, 0x3EBF, 0x0017, 0x3E80,
    0x3EB2, 0x0009, 0x3EC4, 0x058D, 0x000B, 0x0000, 0xF409, 0x007E,
    0x0077, 0x0074, 0x0079, 0x0070, 0x0065, 0x002D, 0x006E, 0x007A,
    0x29A8, 0x3E91, 0x02D2, 0x000D, 0x0019, 0x29B5, 0x3E41, 0x3EB2,
    0x000B, 0x0000, 0xE405, 0x007E, 0x0078, 0x0073, 0x0074, 0x0072,
    0x0287, 0x000D, 0x0014, 0x08B3, 0x0861, 0x0881, 0x0899, 0x0012,
    0x0287, 0x000C, 0x000B, 0x0000, 0xE608, 0x007E, 0x0070, 0x0064,
    0x0069, 0x0067, 0x0069, 0x0074, 0x0073, 0x0018, 0x0008, 0x3F01,
    0x0004, 0x0001, 0x29B5, 0x0014, 0x0878, 0x0012, 0x3EF5, 0x0009,
    0x3F02, 0x0017, 0x000B, 0x0000, 0xE405, 0x007E, 0x0070, 0x0073,
    0x0074, 0x0072, 0x0018, 0x0014, 0x299C, 0x0861, 0x02DE, 0x000D,
    0x0018, 0x0008, 0x3F19, 0x3EF5, 0x0004, 0x002E, 0x086B, 0x0009,
    0x3F1A, 0x0017, 0x0881, 0x0012, 0x088E, 0x0899, 0x000B, 0x0000,
    0xC805, 0x007E, 0x006F, 0x0075, 0x0074, 0x0064, 0x02DE, 0x000D,
    0x001B, 0x0008, 0x3F2F, 0x08A5, 0x3ED0, 0x0009, 0x3F31, 0x3F0A,
    0x3ED0, 0x000B, 0x0000, 0xEA05, 0x007E, 0x006F, 0x0075, 0x0074,
    0x0075, 0x02DE, 0x000D, 0x001B, 0x0008, 0x3F44, 0x0861, 0x0881,
    0x0899, 0x3ED0, 0x0009, 0x3F45, 0x3E2A, 0x000B, 0x0000, 0xF005,
    0x007E, 0x006F, 0x0075, 0x0074, 0x0078, 0x02DE, 0x000D, 0x001B,
    0x0008, 0x3F56, 0x3EE0, 0x3ED0, 0x0009, 0x3F57, 0x3E2A, 0x000B,
    0x0000, 0xC605, 0x007E, 0x006F, 0x0075, 0x0074, 0x0063, 0x02DE,
    0x000D, 0x001B, 0x0008, 0x3F6D, 0x02D2, 0x000D, 0x0004, 0x0001,
    0x29B5, 0x3E41, 0x0D4F, 0x0009, 0x3F6E, 0x3E2A, 0x000B, 0x0000,
    0xE605, 0x007E, 0x006F, 0x0075, 0x0074, 0x0073, 0x02DE, 0x000D,
    0x001B, 0x0008, 0x3F7E, 0x3E59, 0x0009, 0x3F7F, 0x3E2A, 0x000B,
    0x0000, 0x6006, 0x007E, 0x0070, 0x006F, 0x0077, 0x0031, 0x0030,
    0x0018, 0x0008, 0x3F94, 0x0004, 0x0001, 0x29B5, 0x3F88, 0x0004,
    0x000A, 0x0675, 0x0009, 0x3F97, 0x0017, 0x0004, 0x0001, 0x000B,
    0x0000, 0xC205, 0x007E, 0x006F, 0x0075, 0x0074, 0x0061, 0x02DE,
    0x000D, 0x001B, 0x0008, 0x3FA8, 0x0004, 0x0000, 0x02DE, 0x000C,
    0x02DE, 0x000D, 0x0008, 0x3FB2, 0x02DE, 0x000D, 0x3F88, 0x3AE9,
    0x0009, 0x3FB3, 0x3AC6, 0x3F26, 0x000B, 0x0000, 0x8003, 0x007E,
    0x0063, 0x0040, 0x02BA, 0x000D, 0x000F, 0x000B, 0x0000, 0xE60D,
    0x007E, 0x0077, 0x0069, 0x0064, 0x0074, 0x0068, 0x002D, 0x0064,
    0x0069, 0x0067, 0x0069, 0x0074, 0x0073, 0x02C6, 0x000D, 0x0008,
    0x3FE9, 0x3FBA, 0x0004, 0x0030, 0x0004, 0x003A, 0x05F6, 0x0008,
    0x3FE9, 0x3FBA, 0x0004, 0x0030, 0x29B5, 0x02D2, 0x000D, 0x0004,
    0x000A, 0x0675, 0x29E1, 0x02D2, 0x000C, 0x0004, 0x0001, 0x0D08,
    0x3FCD, 0x000B, 0x0000, 0xE60C, 0x007E, 0x0070, 0x0072, 0x0065,
    0x0063, 0x002D, 0x0064, 0x0069, 0x0067, 0x0069, 0x0074, 0x0073,
    0x02C6, 0x000D, 0x0008, 0x4018, 0x3FBA, 0x0004, 0x0030, 0x0004,
};

static const uint16_t pdr16_xt_forth_rom_chunk_2[8192] PROGMEM = {
    0x003A, 0x05F6, 0x0008, 0x4018, 0x0004, 0xFFFF, 0x02EA, 0x000C,
    0x3FBA, 0x0004, 0x0030, 0x29B5, 0x02DE, 0x000D, 0x0004, 0x000A,
    0x0675, 0x29E1, 0x02DE, 0x000C, 0x0004, 0x0001, 0x0D08, 0x3FF8,
    0x000B, 0x0000, 0x7E09, 0x007E, 0x0064, 0x0065, 0x0066, 0x0061,
    0x0075, 0x006C, 0x0074, 0x003F, 0x3FBA, 0x0004, 0x007D, 0x29BA,
    0x000B, 0x0000, 0xC208, 0x007E, 0x0074, 0x0079, 0x0070, 0x0065,
    0x002D, 0x0073, 0x0061, 0x0018, 0x0004, 0x0073, 0x29BA, 0x0008,
    0x403D, 0x0017, 0x3F76, 0x0009, 0x4049, 0x0018, 0x0004, 0x0061,
    0x29BA, 0x0008, 0x4047, 0x0017, 0x3F9F, 0x0009, 0x4049, 0x0017,
    0x3E2A, 0x000B, 0x0000, 0xD00E, 0x007E, 0x0074, 0x0079, 0x0070,
    0x0065, 0x002D, 0x0064, 0x0069, 0x0073, 0x0070, 0x0061, 0x0074,
    0x0063, 0x0068, 0x0018, 0x0004, 0x0064, 0x29BA, 0x0008, 0x4064,
    0x0017, 0x3F26, 0x0009, 0x4083, 0x0018, 0x0004, 0x0075, 0x29BA,
    0x0008, 0x406E, 0x0017, 0x3F39, 0x0009, 0x4083, 0x0018, 0x0004,
    0x0078, 0x29BA, 0x0008, 0x4078, 0x0017, 0x3F4D, 0x0009, 0x4083,
    0x0018, 0x0004, 0x0063, 0x29BA, 0x0008, 0x4082, 0x0017, 0x3F5F,
    0x0009, 0x4083, 0x4033, 0x000B, 0x0000, 0xD80B, 0x007E, 0x0066,
    0x0069, 0x0065, 0x006C, 0x0064, 0x002D, 0x0074, 0x0061, 0x0069,
    0x006C, 0x0004, 0x0001, 0x0D08, 0x02C6, 0x000D, 0x0576, 0x0008,
    0x409C, 0x0017, 0x0009, 0x40AA, 0x18A4, 0x000C, 0x0062, 0x0061,
    0x0064, 0x0020, 0x0066, 0x002D, 0x0073, 0x0074, 0x0072, 0x0069,
    0x006E, 0x0067, 0x3FBA, 0x0004, 0x007D, 0x001E, 0x18A4, 0x000C,
    0x0062, 0x0061, 0x0064, 0x0020, 0x0066, 0x002D, 0x0073, 0x0074,
    0x0072, 0x0069, 0x006E, 0x0067, 0x0004, 0x0001, 0x0D08, 0x405A,
    0x000B, 0x0000, 0xC806, 0x007E, 0x0066, 0x0069, 0x0065, 0x006C,
    0x0064, 0x0004, 0x0001, 0x0D08, 0x0004, 0x0000, 0x02D2, 0x000C,
    0x0004, 0xFFFF, 0x02DE, 0x000C, 0x02C6, 0x000D, 0x0576, 0x0008,
    0x40DC, 0x0017, 0x0009, 0x40EA, 0x18A4, 0x000C, 0x0062, 0x0061,
    0x0064, 0x0020, 0x0066, 0x002D, 0x0073, 0x0074, 0x0072, 0x0069,
    0x006E, 0x0067, 0x4024, 0x0008, 0x40F3, 0x0004, 0x0001, 0x0D08,
    0x3F26, 0x0009, 0x4141, 0x3FCD, 0x02C6, 0x000D, 0x0576, 0x0008,
    0x40FC, 0x0017, 0x0009, 0x410A, 0x18A4, 0x000C, 0x0062, 0x0061,
    0x0064, 0x0020, 0x0066, 0x002D, 0x0073, 0x0074, 0x0072, 0x0069,
    0x006E, 0x0067, 0x3FBA, 0x0004, 0x002E, 0x29BA, 0x0008, 0x4132,
    0x0004, 0x0001, 0x0D08, 0x0004, 0x0000, 0x02DE, 0x000C, 0x0004,
    0x0000, 0x02EA, 0x000C, 0x3FF8, 0x02EA, 0x000D, 0x0576, 0x0008,
    0x4124, 0x0017, 0x0009, 0x4132, 0x18A4, 0x000C, 0x0062, 0x0061,
    0x0064, 0x0020, 0x0066, 0x002D, 0x0073, 0x0074, 0x0072, 0x0069,
    0x006E, 0x0067, 0x3FBA, 0x0018, 0x0004, 0x007D, 0x29BA, 0x0008,
    0x4140, 0x0017, 0x0004, 0x0001, 0x0D08, 0x3F26, 0x0009, 0x4141,
    0x4091, 0x000B, 0x0000, 0xCA0C, 0x007E, 0x0065, 0x0076, 0x0061,
    0x006C, 0x002D, 0x006C, 0x0062, 0x0072, 0x0061, 0x0063, 0x0065,
    0x0004, 0x0001, 0x02C6, 0x000D, 0x05BA, 0x0008, 0x416D, 0x02BA,
    0x000D, 0x0004, 0x0001, 0x29E1, 0x000F, 0x0004, 0x007B, 0x29BA,
    0x0008, 0x416A, 0x0004, 0x007B, 0x0D4F, 0x0004, 0x0002, 0x0D08,
    0x0009, 0x416B, 0x40C9, 0x0009, 0x416E, 0x40C9, 0x000B, 0x0000,
    0xCA0C, 0x007E, 0x0065, 0x0076, 0x0061, 0x006C, 0x002D, 0x0072,
    0x0062, 0x0072, 0x0061, 0x0063, 0x0065, 0x0004, 0x0001, 0x02C6,
    0x000D, 0x05BA, 0x0008, 0x419A, 0x02BA, 0x000D, 0x0004, 0x0001,
    0x29E1, 0x000F, 0x0004, 0x007D, 0x29BA, 0x0008, 0x4197, 0x0004,
    0x007D, 0x0D4F, 0x0004, 0x0002, 0x0D08, 0x0009, 0x4198, 0x3E2A,
    0x0009, 0x419B, 0x3E2A, 0x000B, 0x0000, 0xD805, 0x007E, 0x0065,
    0x0076, 0x0061, 0x006C, 0x29A8, 0x0017, 0x02BA, 0x000C, 0x02C6,
    0x000C, 0x0017, 0x0D15, 0x02C6, 0x000D, 0x0008, 0x41CA, 0x3FBA,
    0x0018, 0x0004, 0x007B, 0x29BA, 0x0008, 0x41BA, 0x0017, 0x4150,
    0x0009, 0x41C8, 0x0018, 0x0004, 0x007D, 0x29BA, 0x0008, 0x41C4,
    0x0017, 0x417D, 0x0009, 0x41C8, 0x0D4F, 0x0004, 0x0001, 0x0D08,
    0x0009, 0x41AB, 0x0D70, 0x000B, 0x0000, 0xDC44, 0x007E, 0x0072,
    0x0075, 0x006E, 0x0CE0, 0x072D, 0x41A3, 0x000B, 0x41CC, 0xF843,
    0x007E, 0x0022, 0x007C, 0x41D2, 0x000B, 0x2DC8, 0x4482, 0x0046,
    0x0022, 0x0331, 0x000D, 0x0008, 0x41EE, 0x0004, 0x0022, 0x0ED2,
    0x0DA4, 0x16BF, 0x41D2, 0x16F3, 0x0009, 0x41F3, 0x0004, 0x0022,
    0x0ED2, 0x0DA4, 0x41A3, 0x000B, 0x3BE7, 0xA00D, 0x0045, 0x0044,
    0x0049, 0x0054, 0x002D, 0x004C, 0x0049, 0x004E, 0x0045, 0x002D,
    0x0043, 0x0041, 0x0050, 0x0004, 0x00A0, 0x000B, 0x41F4, 0x8A0D,
    0x0045, 0x0044, 0x0049, 0x0054, 0x002D, 0x0052, 0x0045, 0x0043,
    0x002D, 0x0053, 0x0049, 0x005A, 0x0045, 0x0004, 0x00A4, 0x000B,
    0x4206, 0x8A0F, 0x0045, 0x0044, 0x0049, 0x0054, 0x002D, 0x0041,
    0x0052, 0x0045, 0x004E, 0x0041, 0x002D, 0x0053, 0x0049, 0x005A,
    0x0045, 0x0004, 0x2000, 0x000B, 0x4218, 0xAE0B, 0x0045, 0x0044,
    0x0049, 0x0054, 0x002D, 0x0054, 0x0045, 0x0058, 0x0054, 0x002D,
    0x0057, 0x0004, 0x0050, 0x000B, 0x422C, 0x900B, 0x0045, 0x0044,
    0x0049, 0x0054, 0x002D, 0x0054, 0x0045, 0x0058, 0x0054, 0x002D,
    0x0048, 0x0004, 0x0017, 0x000B, 0x423C, 0xAE0F, 0x0045, 0x0044,
    0x0049, 0x0054, 0x002D, 0x0053, 0x0054, 0x0041, 0x0054, 0x0055,
    0x0053, 0x002D, 0x0052, 0x004F, 0x0057, 0x0004, 0x0018, 0x000B,
    0x424C, 0xAE0D, 0x0045, 0x0044, 0x0049, 0x0054, 0x002D, 0x0048,
    0x0045, 0x004C, 0x0050, 0x002D, 0x0052, 0x004F, 0x0057, 0x0004,
    0x0019, 0x000B, 0x4260, 0x8A0D, 0x0045, 0x0044, 0x0049, 0x0054,
    0x002D, 0x004D, 0x0053, 0x0047, 0x002D, 0x004E, 0x004F, 0x004E,
    0x0045, 0x0004, 0x0000, 0x000B, 0x4272, 0x880E, 0x0045, 0x0044,
    0x0049, 0x0054, 0x002D, 0x004D, 0x0053, 0x0047, 0x002D, 0x0053,
    0x0041, 0x0056, 0x0045, 0x0044, 0x0004, 0x0001, 0x000B, 0x4284,
    0xA40F, 0x0045, 0x0044, 0x0049, 0x0054, 0x002D, 0x004D, 0x0053,
    0x0047, 0x002D, 0x0042, 0x0055, 0x0046, 0x0046, 0x0045, 0x0052,
    0x0004, 0x0002, 0x000B, 0x4297, 0x8E0D, 0x0045, 0x0044, 0x0049,
    0x0054, 0x002D, 0x004D, 0x0053, 0x0047, 0x002D, 0x004C, 0x004F,
    0x004E, 0x0047, 0x0004, 0x0003, 0x000B, 0x42AB, 0x9C0D, 0x0045,
    0x0044, 0x0049, 0x0054, 0x002D, 0x004D, 0x0053, 0x0047, 0x002D,
    0x004F, 0x0050, 0x0045, 0x004E, 0x0004, 0x0004, 0x000B, 0x42BD,
    0x880D, 0x0045, 0x0044, 0x0049, 0x0054, 0x002D, 0x004D, 0x0053,
    0x0047, 0x002D, 0x0052, 0x0045, 0x0041, 0x0044, 0x0004, 0x0005,
    0x000B, 0x42CF, 0x8A0E, 0x0045, 0x0044, 0x0049, 0x0054, 0x002D,
    0x004D, 0x0053, 0x0047, 0x002D, 0x0057, 0x0052, 0x0049, 0x0054,
    0x0045, 0x0004, 0x0006, 0x000B, 0x42E1, 0xAE0C, 0x0045, 0x0044,
    0x0049, 0x0054, 0x002D, 0x004D, 0x0053, 0x0047, 0x002D, 0x004E,
    0x0045, 0x0057, 0x0004, 0x0007, 0x000B, 0x42F4, 0x8A0D, 0x0045,
    0x0044, 0x0049, 0x0054, 0x002D, 0x004D, 0x0053, 0x0047, 0x002D,
    0x004E, 0x0041, 0x004D, 0x0045, 0x0004, 0x0008, 0x000B, 0x4305,
    0xA00E, 0x0045, 0x0044, 0x0049, 0x0054, 0x002D, 0x004D, 0x0053,
    0x0047, 0x002D, 0x0055, 0x004E, 0x0053, 0x0055, 0x0050, 0x0004,
    0x0009, 0x000B, 0x4317, 0xA810, 0x0045, 0x0044, 0x0049, 0x0054,
    0x002D, 0x0055, 0x0053, 0x0045, 0x0052, 0x002D, 0x004F, 0x0046,
    0x0046, 0x0053, 0x0045, 0x0054, 0x0004, 0x0100, 0x000B, 0x432A,
    0x8A0E, 0x0045, 0x0044, 0x0049, 0x0054, 0x002D, 0x0050, 0x0041,
    0x0054, 0x0048, 0x002D, 0x0053, 0x0049, 0x005A, 0x0045, 0x0004,
    0x0104, 0x000B, 0x433F, 0x9609, 0x0045, 0x0044, 0x0049, 0x0054,
    0x002D, 0x004D, 0x0041, 0x0052, 0x004B, 0x0004, 0x0100, 0x04A4,
    0x000D, 0x29E1, 0x000B, 0x4352, 0x8A09, 0x0045, 0x0044, 0x0049,
    0x0054, 0x002D, 0x0042, 0x0041, 0x0053, 0x0045, 0x0004, 0x0101,
    0x04A4, 0x000D, 0x29E1, 0x000B, 0x4363, 0x8A09, 0x0045, 0x0044,
    0x0049, 0x0054, 0x002D, 0x0048, 0x0045, 0x0052, 0x0045, 0x0004,
    0x0102, 0x04A4, 0x000D, 0x29E1, 0x000B, 0x4374, 0xA80A, 0x0045,
    0x0044, 0x0049, 0x0054, 0x002D, 0x004C, 0x0049, 0x004D, 0x0049,
    0x0054, 0x0004, 0x0103, 0x04A4, 0x000D, 0x29E1, 0x000B, 0x4385,
    0x8A09, 0x0045, 0x0044, 0x0049, 0x0054, 0x002D, 0x0046, 0x0052,
    0x0045, 0x0045, 0x0004, 0x0104, 0x04A4, 0x000D, 0x29E1, 0x000B,
    0x4397, 0x8809, 0x0045, 0x0044, 0x0049, 0x0054, 0x002D, 0x0048,
    0x0045, 0x0041, 0x0044, 0x0004, 0x0105, 0x04A4, 0x000D, 0x29E1,
    0x000B, 0x43A8, 0x9809, 0x0045, 0x0044, 0x0049, 0x0054, 0x002D,
    0x0054, 0x0041, 0x0049, 0x004C, 0x0004, 0x0106, 0x04A4, 0x000D,
    0x29E1, 0x000B, 0x43B9, 0xA408, 0x0045, 0x0044, 0x0049, 0x0054,
    0x002D, 0x0043, 0x0055, 0x0052, 0x0004, 0x0107, 0x04A4, 0x000D,
    0x29E1, 0x000B, 0x43CA, 0xA008, 0x0045, 0x0044, 0x0049, 0x0054,
    0x002D, 0x0054, 0x004F, 0x0050, 0x0004, 0x0108, 0x04A4, 0x000D,
    0x29E1, 0x000B, 0x43DA, 0xA60A, 0x0045, 0x0044, 0x0049, 0x0054,
    0x002D, 0x004C, 0x0049, 0x004E, 0x0045, 0x0053, 0x0004, 0x0109,
    0x04A4, 0x000D, 0x29E1, 0x000B, 0x43EA, 0x4609, 0x0045, 0x0044,
    0x0049, 0x0054, 0x002D, 0x0043, 0x0055, 0x0052, 0x0023, 0x0004,
    0x010A, 0x04A4, 0x000D, 0x29E1, 0x000B, 0x43FC, 0x4609, 0x0045,
    0x0044, 0x0049, 0x0054, 0x002D, 0x0054, 0x004F, 0x0050, 0x0023,
    0x0004, 0x010B, 0x04A4, 0x000D, 0x29E1, 0x000B, 0x440D, 0x9808,
    0x0045, 0x0044, 0x0049, 0x0054, 0x002D, 0x0043, 0x004F, 0x004C,
    0x0004, 0x010C, 0x04A4, 0x000D, 0x29E1, 0x000B, 0x441E, 0x8C09,
    0x0045, 0x0044, 0x0049, 0x0054, 0x002D, 0x0050, 0x0052, 0x0045,
    0x0046, 0x0004, 0x010D, 0x04A4, 0x000D, 0x29E1, 0x000B, 0x442E,
    0x880D, 0x0045, 0x0044, 0x0049, 0x0054, 0x002D, 0x004D, 0x004F,
    0x0044, 0x0049, 0x0046, 0x0049, 0x0045, 0x0044, 0x0004, 0x010E,
    0x04A4, 0x000D, 0x29E1, 0x000B, 0x443F, 0xA80B, 0x0045, 0x0044,
    0x0049, 0x0054, 0x002D, 0x0049, 0x004E, 0x0053, 0x0045, 0x0052,
    0x0054, 0x0004, 0x010F, 0x04A4, 0x000D, 0x29E1, 0x000B, 0x4454,
    0x8E0C, 0x0045, 0x0044, 0x0049, 0x0054, 0x002D, 0x0052, 0x0055,
    0x004E, 0x004E, 0x0049, 0x004E, 0x0047, 0x0004, 0x0110, 0x04A4,
    0x000D, 0x29E1, 0x000B, 0x4467, 0x8E08, 0x0045, 0x0044, 0x0049,
    0x0054, 0x002D, 0x004D, 0x0053, 0x0047, 0x0004, 0x0111, 0x04A4,
    0x000D, 0x29E1, 0x000B, 0x447B, 0x9C0D, 0x0045, 0x0044, 0x0049,
    0x0054, 0x002D, 0x0050, 0x0041, 0x0054, 0x0048, 0x002D, 0x004C,
    0x0045, 0x004E, 0x0004, 0x0112, 0x04A4, 0x000D, 0x29E1, 0x000B,
    0x448B, 0x460E, 0x0045, 0x0044, 0x0049, 0x0054, 0x002D, 0x0050,
    0x0041, 0x0054, 0x0048, 0x002D, 0x0042, 0x0055, 0x0046, 0x0023,
    0x0004, 0x0113, 0x04A4, 0x000D, 0x29E1, 0x000B, 0x44A0, 0x9C0D,
    0x0045, 0x0044, 0x0049, 0x0054, 0x002D, 0x0043, 0x004C, 0x0049,
    0x0050, 0x002D, 0x004C, 0x0045, 0x004E, 0x0004, 0x0114, 0x04A4,
    0x000D, 0x29E1, 0x000B, 0x44B6, 0x460E, 0x0045, 0x0044, 0x0049,
    0x0054, 0x002D, 0x0043, 0x004C, 0x0049, 0x0050, 0x002D, 0x0042,
    0x0055, 0x0046, 0x0023, 0x0004, 0x0115, 0x04A4, 0x000D, 0x29E1,
    0x000B, 0x44CB, 0x6203, 0x0045, 0x0054, 0x0031, 0x0004, 0x0116,
    0x04A4, 0x000D, 0x29E1, 0x000B, 0x44E1, 0x6403, 0x0045, 0x0054,
    0x0032, 0x0004, 0x0117, 0x04A4, 0x000D, 0x29E1, 0x000B, 0x44EC,
    0x6603, 0x0045, 0x0054, 0x0033, 0x0004, 0x0118, 0x04A4, 0x000D,
    0x29E1, 0x000B, 0x44F7, 0x6803, 0x0045, 0x0054, 0x0034, 0x0004,
    0x0119, 0x04A4, 0x000D, 0x29E1, 0x000B, 0x4502, 0xA80E, 0x0045,
    0x0044, 0x0049, 0x0054, 0x002D, 0x004C, 0x0049, 0x004E, 0x0045,
    0x002D, 0x004E, 0x0045, 0x0058, 0x0054, 0x000B, 0x450D, 0xAC0E,
    0x0045, 0x0044, 0x0049, 0x0054, 0x002D, 0x004C, 0x0049, 0x004E,
    0x0045, 0x002D, 0x0050, 0x0052, 0x0045, 0x0056, 0x0024, 0x000B,
    0x451E, 0x9C0D, 0x0045, 0x0044, 0x0049, 0x0054, 0x002D, 0x004C,
    0x0049, 0x004E, 0x0045, 0x002D, 0x004C, 0x0045, 0x004E, 0x0004,
    0x0002, 0x29E1, 0x000B, 0x4530, 0xA60F, 0x0045, 0x0044, 0x0049,
    0x0054, 0x002D, 0x004C, 0x0049, 0x004E, 0x0045, 0x002D, 0x0046,
    0x004C, 0x0041, 0x0047, 0x0053, 0x0004, 0x0003, 0x29E1, 0x000B,
    0x4543, 0xA80E, 0x0045, 0x0044, 0x0049, 0x0054, 0x002D, 0x004C,
    0x0049, 0x004E, 0x0045, 0x002D, 0x0054, 0x0045, 0x0058, 0x0054,
    0x0004, 0x0004, 0x29E1, 0x000B, 0x4558, 0x800E, 0x0045, 0x0044,
    0x0049, 0x0054, 0x002D, 0x004C, 0x0049, 0x004E, 0x0045, 0x002D,
    0x004C, 0x0045, 0x004E, 0x0040, 0x453F, 0x000D, 0x000B, 0x456C,
    0x420E, 0x0045, 0x0044, 0x0049, 0x0054, 0x002D, 0x004C, 0x0049,
    0x004E, 0x0045, 0x002D, 0x004C, 0x0045, 0x004E, 0x0021, 0x453F,
    0x000C, 0x000B, 0x457F, 0xA40E, 0x0045, 0x0044, 0x0049, 0x0054,
    0x002D, 0x004C, 0x0049, 0x004E, 0x0045, 0x002D, 0x0041, 0x0044,
    0x0044, 0x0052, 0x0019, 0x4568, 0x29E1, 0x000B, 0x4592, 0x8C0D,
    0x0045, 0x0044, 0x0049, 0x0054, 0x002D, 0x0050, 0x0041, 0x0054,
    0x0048, 0x002D, 0x0042, 0x0055, 0x0046, 0x44B0, 0x000D, 0x000B,
    0x45A6, 0x8C0D, 0x0045, 0x0044, 0x0049, 0x0054, 0x002D, 0x0043,
    0x004C, 0x0049, 0x0050, 0x002D, 0x0042, 0x0055, 0x0046, 0x44DB,
    0x000D, 0x000B, 0x45B8, 0x480A, 0x0045, 0x0044, 0x0049, 0x0054,
    0x002D, 0x0050, 0x0041, 0x0054, 0x0048, 0x0024, 0x45B5, 0x449A,
    0x000D, 0x000B, 0x45CA, 0x420A, 0x0045, 0x0044, 0x0049, 0x0054,
    0x002D, 0x0050, 0x0041, 0x0054, 0x0048, 0x0021, 0x0018, 0x449A,
    0x000C, 0x45B5, 0x0019, 0x07C3, 0x000B, 0x45DA, 0x4209, 0x0045,
    0x0044, 0x0049, 0x0054, 0x002D, 0x004D, 0x0053, 0x0047, 0x0021,
    0x4485, 0x000C, 0x000B, 0x45ED, 0x9C0C, 0x0045, 0x0044, 0x0049,
    0x0054, 0x002D, 0x0043, 0x0055, 0x0052, 0x002D, 0x004C, 0x0045,
    0x004E, 0x43D4, 0x000D, 0x457C, 0x000B, 0x45FB, 0xA40D, 0x0045,
    0x0044, 0x0049, 0x0054, 0x002D, 0x0043, 0x0055, 0x0052, 0x002D,
    0x0041, 0x0044, 0x0044, 0x0052, 0x43D4, 0x000D, 0x4568, 0x000B,
    0x460D, 0xA80F, 0x0045, 0x0044, 0x0049, 0x0054, 0x002D, 0x004C,
    0x0049, 0x004E, 0x0045, 0x002D, 0x0043, 0x004F, 0x0055, 0x004E,
    0x0054, 0x43F6, 0x000D, 0x000B, 0x4620, 0x4209, 0x0045, 0x0044,
    0x0049, 0x0054, 0x002D, 0x0043, 0x004F, 0x004C, 0x0021, 0x0018,
    0x4428, 0x000C, 0x4439, 0x000C, 0x000B, 0x4634, 0x8A0F, 0x0045,
    0x0044, 0x0049, 0x0054, 0x002D, 0x0043, 0x004C, 0x0045, 0x0041,
    0x0052, 0x002D, 0x004C, 0x0049, 0x004E, 0x0045, 0x0004, 0x0000,
    0x001A, 0x453F, 0x000C, 0x0017, 0x000B, 0x4645, 0x8608, 0x0045,
    0x0044, 0x002D, 0x0041, 0x004C, 0x004C, 0x004F, 0x0043, 0x43A2,
    0x000D, 0x0576, 0x0008, 0x4672, 0x0018, 0x000D, 0x43A2, 0x000C,
    0x0009, 0x4686, 0x437F, 0x000D, 0x0018, 0x4215, 0x29E1, 0x4391,
    0x000D, 0x0019, 0x05BA, 0x0008, 0x4681, 0x0017, 0x0004, 0x0000,
    0x000B, 0x0018, 0x4215, 0x29E1, 0x437F, 0x000C, 0x0018, 0x0004,
    0x0000, 0x001A, 0x000C, 0x0019, 0x0017, 0x0018, 0x452E, 0x0004,
    0x0000, 0x0019, 0x000C, 0x0018, 0x453F, 0x0004, 0x0000, 0x0019,
    0x000C, 0x0018, 0x4554, 0x0004, 0x0000, 0x0019, 0x000C, 0x000B,
    0x465D, 0x8A0E, 0x0045, 0x0044, 0x0049, 0x0054, 0x002D, 0x0046,
    0x0052, 0x0045, 0x0045, 0x002D, 0x004C, 0x0049, 0x004E, 0x0045,
    0x43A2, 0x000D, 0x001A, 0x000C, 0x43A2, 0x000C, 0x000B, 0x46A0,
    0xA40F, 0x0045, 0x0044, 0x0049, 0x0054, 0x002D, 0x004C, 0x0049,
    0x004E, 0x004B, 0x002D, 0x0041, 0x0046, 0x0054, 0x0045, 0x0052,
    0x44E6, 0x000C, 0x44F1, 0x000C, 0x44E6, 0x000D, 0x000D, 0x44F1,
    0x000D, 0x000C, 0x44E6, 0x000D, 0x44F1, 0x000D, 0x452E, 0x000C,
    0x44F1, 0x000D, 0x000D, 0x0576, 0x0008, 0x46E5, 0x44F1, 0x000D,
    0x0019, 0x452E, 0x000C, 0x0009, 0x46E9, 0x44E6, 0x000D, 0x43C4,
    0x000C, 0x44E6, 0x000D, 0x44F1, 0x000D, 0x000C, 0x000B, 0x46B7,
    0x960B, 0x0045, 0x0044, 0x0049, 0x0054, 0x002D, 0x0055, 0x004E,
    0x004C, 0x0049, 0x004E, 0x004B, 0x0018, 0x000D, 0x44E6, 0x000C,
    0x0018, 0x452E, 0x000D, 0x44F1, 0x000C, 0x44F1, 0x000D, 0x0008,
    0x4710, 0x44E6, 0x000D, 0x44F1, 0x000D, 0x000C, 0x0009, 0x4714,
    0x44E6, 0x000D, 0x43B3, 0x000C, 0x44E6, 0x000D, 0x0008, 0x4720,
    0x44F1, 0x000D, 0x44E6, 0x000D, 0x452E, 0x000C, 0x0009, 0x4724,
    0x44F1, 0x000D, 0x43C4, 0x000C, 0x000B, 0x46EF, 0xA411, 0x0045,
    0x0044, 0x0049, 0x0054, 0x002D, 0x0052, 0x0045, 0x0053, 0x0045,
    0x0054, 0x002D, 0x0042, 0x0055, 0x0046, 0x0046, 0x0045, 0x0052,
    0x0004, 0x0000, 0x43A2, 0x000C, 0x436E, 0x000D, 0x437F, 0x000C,
    0x0004, 0x0000, 0x444E, 0x000C, 0x0004, 0x0000, 0x4485, 0x000C,
    0x0004, 0x0000, 0x4428, 0x000C, 0x0004, 0x0000, 0x4439, 0x000C,
    0x0004, 0x0000, 0x44C5, 0x000C, 0x4667, 0x0018, 0x0023, 0x0008,
    0x475E, 0x0017, 0x42A8, 0x4485, 0x000C, 0x000B, 0x0018, 0x43B3,
    0x000C, 0x0018, 0x43C4, 0x000C, 0x0018, 0x43D4, 0x000C, 0x0018,
    0x43E4, 0x000C, 0x0017, 0x0004, 0x0001, 0x43F6, 0x000C, 0x0004,
    0x0001, 0x4407, 0x000C, 0x0004, 0x0001, 0x4418, 0x000C, 0x000B,
    0x4725, 0xA809, 0x0045, 0x0044, 0x0049, 0x0054, 0x002D, 0x0049,
    0x004E, 0x0049, 0x0054, 0x03A5, 0x000D, 0x435D, 0x000C, 0x03A5,
    0x000D, 0x0018, 0x44B0, 0x000C, 0x434F, 0x29E1, 0x0018, 0x44DB,
    0x000C, 0x4203, 0x29E1, 0x0018, 0x436E, 0x000C, 0x0018, 0x437F,
    0x000C, 0x4229, 0x29E1, 0x4391, 0x000C, 0x4391, 0x000D, 0x03A5,
    0x000C, 0x0004, 0x0001, 0x4461, 0x000C, 0x4281, 0x4485, 0x000C,
    0x0004, 0x0000, 0x449A, 0x000C, 0x4738, 0x000B, 0x4778, 0x8A09,
    0x0045, 0x0044, 0x0049, 0x0054, 0x002D, 0x0044, 0x004F, 0x004E,
    0x0045, 0x435D, 0x000D, 0x03A5, 0x000C, 0x2EB0, 0x2E8C, 0x000B,
    0x47AE, 0x9C0D, 0x0045, 0x0044, 0x0049, 0x0054, 0x002D, 0x0054,
    0x0052, 0x0049, 0x004D, 0x002D, 0x004C, 0x0045, 0x004E, 0x0018,
    0x457C, 0x44E6, 0x000C, 0x44E6, 0x000D, 0x0008, 0x47EF, 0x0018,
    0x4568, 0x44E6, 0x000D, 0x0025, 0x29E1, 0x000F, 0x06CB, 0x29BA,
    0x0008, 0x47E9, 0x44E6, 0x000D, 0x0025, 0x44E6, 0x000C, 0x0009,
    0x47ED, 0x0017, 0x44E6, 0x000D, 0x000B, 0x0009, 0x47D3, 0x0017,
    0x0004, 0x0000, 0x000B, 0x47C0, 0xA40F, 0x0045, 0x0044, 0x0049,
    0x0054, 0x002D, 0x0045, 0x0058, 0x0054, 0x0045, 0x004E, 0x0044,
    0x002D, 0x0043, 0x0055, 0x0052, 0x0018, 0x4203, 0x29CD, 0x0008,
    0x4810, 0x0017, 0x42BA, 0x4485, 0x000C, 0x0004, 0x0000, 0x000B,
    0x0018, 0x4609, 0x29D4, 0x0008, 0x4819, 0x0017, 0x0004, 0xFFFF,
    0x000B, 0x0018, 0x44E6, 0x000C, 0x4609, 0x44F1, 0x000C, 0x43D4,
    0x000D, 0x4568, 0x44F1, 0x000D, 0x29E1, 0x44E6, 0x000D, 0x44F1,
    0x000D, 0x29B5, 0x06CB, 0x07E4, 0x44E6, 0x000D, 0x43D4, 0x000D,
    0x453F, 0x000C, 0x0017, 0x0004, 0xFFFF, 0x000B, 0x47F3, 0x8A13,
    0x0045, 0x0044, 0x0049, 0x0054, 0x002D, 0x0045, 0x004E, 0x0053,
    0x0055, 0x0052, 0x0045, 0x002D, 0x0056, 0x0049, 0x0053, 0x0049,
    0x0042, 0x004C, 0x0045, 0x4407, 0x000D, 0x4418, 0x000D, 0x05CA,
    0x0008, 0x485F, 0x43E4, 0x000D, 0x452E, 0x000D, 0x43E4, 0x000C,
    0x4418, 0x000D, 0x0025, 0x4418, 0x000C, 0x0009, 0x484B, 0x4407,
    0x000D, 0x4418, 0x000D, 0x4249, 0x29E1, 0x29DB, 0x0008, 0x4874,
    0x43E4, 0x000D, 0x000D, 0x43E4, 0x000C, 0x4418, 0x000D, 0x0024,
    0x4418, 0x000C, 0x0009, 0x485F, 0x000B, 0x4836, 0xA00C, 0x0045,
    0x0044, 0x0049, 0x0054, 0x002D, 0x004D, 0x004F, 0x0056, 0x0045,
    0x002D, 0x0055, 0x0050, 0x43D4, 0x000D, 0x452E, 0x000D, 0x0576,
    0x0008, 0x4896, 0x43D4, 0x000C, 0x4407, 0x000D, 0x0025, 0x4407,
    0x000C, 0x4439, 0x000D, 0x4428, 0x000C, 0x484B, 0x000B, 0x4875,
    0x9C0E, 0x0045, 0x0044, 0x0049, 0x0054, 0x002D, 0x004D, 0x004F,
    0x0056, 0x0045, 0x002D, 0x0044, 0x004F, 0x0057, 0x004E, 0x43D4,
    0x000D, 0x000D, 0x0576, 0x0008, 0x48B9, 0x43D4, 0x000C, 0x4407,
    0x000D, 0x0024, 0x4407, 0x000C, 0x4439, 0x000D, 0x4428, 0x000C,
    0x484B, 0x000B, 0x4897, 0xA80E, 0x0045, 0x0044, 0x0049, 0x0054,
    0x002D, 0x004D, 0x004F, 0x0056, 0x0045, 0x002D, 0x004C, 0x0045,
    0x0046, 0x0054, 0x4428, 0x000D, 0x0008, 0x48D7, 0x4428, 0x000D,
    0x0025, 0x4428, 0x000C, 0x4428, 0x000D, 0x4439, 0x000C, 0x000B,
    0x48BA, 0xA80F, 0x0045, 0x0044, 0x0049, 0x0054, 0x002D, 0x004D,
    0x004F, 0x0056, 0x0045, 0x002D, 0x0052, 0x0049, 0x0047, 0x0048,
    0x0054, 0x4428, 0x000D, 0x0024, 0x0018, 0x4428, 0x000C, 0x4439,
    0x000C, 0x000B, 0x48D8, 0x8A0E, 0x0045, 0x0044, 0x0049, 0x0054,
    0x002D, 0x004D, 0x004F, 0x0056, 0x0045, 0x002D, 0x0048, 0x004F,
    0x004D, 0x0045, 0x0004, 0x0000, 0x463F, 0x000B, 0x48F2, 0x880D,
    0x0045, 0x0044, 0x0049, 0x0054, 0x002D, 0x004D, 0x004F, 0x0056,
    0x0045, 0x002D, 0x0045, 0x004E, 0x0044, 0x4609, 0x463F, 0x000B,
    0x4906, 0xA00C, 0x0045, 0x0044, 0x0049, 0x0054, 0x002D, 0x0050,
    0x0041, 0x0047, 0x0045, 0x002D, 0x0055, 0x0050, 0x0004, 0x0000,
    0x44E6, 0x000C, 0x44E6, 0x000D, 0x4249, 0x05CA, 0x0008, 0x4938,
    0x4883, 0x44E6, 0x000D, 0x0024, 0x44E6, 0x000C, 0x0009, 0x492A,
    0x000B, 0x4918, 0x9C0E, 0x0045, 0x0044, 0x0049, 0x0054, 0x002D,
    0x0050, 0x0041, 0x0047, 0x0045, 0x002D, 0x0044, 0x004F, 0x0057,
    0x004E, 0x0004, 0x0000, 0x44E6, 0x000C, 0x44E6, 0x000D, 0x4249,
    0x05CA, 0x0008, 0x495B, 0x48A7, 0x44E6, 0x000D, 0x0024, 0x44E6,
    0x000C, 0x0009, 0x494D, 0x000B, 0x4939, 0x8811, 0x0045, 0x0044,
    0x0049, 0x0054, 0x002D, 0x0053, 0x0045, 0x0054, 0x002D, 0x004D,
    0x004F, 0x0044, 0x0049, 0x0046, 0x0049, 0x0045, 0x0044, 0x0004,
    0xFFFF, 0x444E, 0x000C, 0x4281, 0x4485, 0x000C, 0x000B, 0x495C,
    0xA413, 0x0045, 0x0044, 0x0049, 0x0054, 0x002D, 0x004F, 0x0056,
    0x0045, 0x0052, 0x0057, 0x0052, 0x0049, 0x0054, 0x0045, 0x002D,
    0x0043, 0x0048, 0x0041, 0x0052, 0x4428, 0x000D, 0x0024, 0x4804,
    0x0023, 0x0008, 0x4995, 0x0017, 0x000B, 0x4428, 0x000D, 0x43D4,
    0x000D, 0x45A2, 0x000E, 0x4428, 0x000D, 0x0024, 0x463F, 0x496F,
    0x000B, 0x4977, 0xA410, 0x0045, 0x0044, 0x0049, 0x0054, 0x002D,
    0x0049, 0x004E, 0x0053, 0x0045, 0x0052, 0x0054, 0x002D, 0x0043,
    0x0048, 0x0041, 0x0052, 0x4428, 0x000D, 0x44FC, 0x000C, 0x4609,
    0x4507, 0x000C, 0x44FC, 0x000D, 0x4507, 0x000D, 0x29DB, 0x0008,
    0x49D2, 0x44FC, 0x000D, 0x0024, 0x4804, 0x0023, 0x0008, 0x49CA,
    0x0017, 0x000B, 0x4428, 0x000D, 0x43D4, 0x000D, 0x45A2, 0x000E,
    0x0009, 0x49EF, 0x4507, 0x000D, 0x0024, 0x4804, 0x0023, 0x0008,
    0x49DB, 0x0017, 0x000B, 0x44FC, 0x000D, 0x43D4, 0x000D, 0x45A2,
    0x0018, 0x0024, 0x0019, 0x4507, 0x000D, 0x44FC, 0x000D, 0x29B5,
    0x282F, 0x4428, 0x000D, 0x43D4, 0x000D, 0x45A2, 0x000E, 0x4428,
    0x000D, 0x0024, 0x463F, 0x496F, 0x000B, 0x49A1, 0xA80E, 0x0045,
    0x0044, 0x0049, 0x0054, 0x002D, 0x004A, 0x004F, 0x0049, 0x004E,
    0x002D, 0x004E, 0x0045, 0x0058, 0x0054, 0x43D4, 0x000D, 0x000D,
    0x0576, 0x0023, 0x0008, 0x4A0E, 0x0017, 0x000B, 0x0018, 0x44E6,
    0x000C, 0x4609, 0x44F1, 0x000C, 0x44E6, 0x000D, 0x457C, 0x44FC,
    0x000C, 0x44F1, 0x000D, 0x44FC, 0x000D, 0x29E1, 0x4203, 0x29CD,
    0x0008, 0x4A26, 0x42BA, 0x4485, 0x000C, 0x000B, 0x44E6, 0x000D,
    0x4568, 0x43D4, 0x000D, 0x4568, 0x44F1, 0x000D, 0x29E1, 0x44FC,
    0x000D, 0x07C3, 0x44F1, 0x000D, 0x44FC, 0x000D, 0x29E1, 0x43D4,
    0x000D, 0x453F, 0x000C, 0x44E6, 0x000D, 0x46FC, 0x44E6, 0x000D,
    0x46B0, 0x43F6, 0x000D, 0x0025, 0x43F6, 0x000C, 0x496F, 0x000B,
    0x49F5, 0xA410, 0x0045, 0x0044, 0x0049, 0x0054, 0x002D, 0x0044,
    0x0045, 0x004C, 0x0045, 0x0054, 0x0045, 0x002D, 0x0043, 0x0048,
    0x0041, 0x0052, 0x4428, 0x000D, 0x44E6, 0x000C, 0x4609, 0x44F1,
    0x000C, 0x44E6, 0x000D, 0x44F1, 0x000D, 0x05CA, 0x0008, 0x4A83,
    0x43D4, 0x000D, 0x44E6, 0x000D, 0x0024, 0x45A2, 0x43D4, 0x000D,
    0x44E6, 0x000D, 0x45A2, 0x44F1, 0x000D, 0x44E6, 0x000D, 0x29B5,
    0x0025, 0x07C3, 0x44F1, 0x000D, 0x0025, 0x43D4, 0x000D, 0x453F,
    0x000C, 0x496F, 0x000B, 0x44E6, 0x000D, 0x44F1, 0x000D, 0x29BA,
    0x0008, 0x4A8B, 0x4A05, 0x000B, 0x4A48, 0x8A0F, 0x0045, 0x0044,
    0x0049, 0x0054, 0x002D, 0x0053, 0x0050, 0x004C, 0x0049, 0x0054,
    0x002D, 0x004C, 0x0049, 0x004E, 0x0045, 0x4667, 0x0018, 0x0023,
    0x0008, 0x4AA7, 0x0017, 0x42A8, 0x4485, 0x000C, 0x000B, 0x0018,
    0x44E6, 0x000C, 0x43D4, 0x000D, 0x44F1, 0x000C, 0x4428, 0x000D,
    0x44FC, 0x000C, 0x44F1, 0x000D, 0x457C, 0x4507, 0x000C, 0x44FC,
    0x000D, 0x4507, 0x000D, 0x05CA, 0x0008, 0x4ADB, 0x4507, 0x000D,
    0x44FC, 0x000D, 0x29B5, 0x0018, 0x44E6, 0x000D, 0x453F, 0x000C,
    0x44F1, 0x000D, 0x4568, 0x44FC, 0x000D, 0x29E1, 0x44E6, 0x000D,
    0x4568, 0x0581, 0x07C3, 0x44FC, 0x000D, 0x44F1, 0x000D, 0x453F,
    0x000C, 0x0009, 0x4AE1, 0x0004, 0x0000, 0x44E6, 0x000D, 0x453F,
    0x000C, 0x44E6, 0x000D, 0x44F1, 0x000D, 0x46C8, 0x43F6, 0x000D,
    0x0024, 0x43F6, 0x000C, 0x44E6, 0x000D, 0x43D4, 0x000C, 0x4407,
    0x000D, 0x0024, 0x4407, 0x000C, 0x0004, 0x0000, 0x463F, 0x484B,
    0x496F, 0x000B, 0x4A8C, 0x8A0E, 0x0045, 0x0044, 0x0049, 0x0054,
    0x002D, 0x0042, 0x0041, 0x0043, 0x004B, 0x0053, 0x0050, 0x0041,
    0x0043, 0x0045, 0x4428, 0x000D, 0x0023, 0x0008, 0x4B27, 0x43D4,
    0x000D, 0x452E, 0x000D, 0x0576, 0x0008, 0x4B26, 0x0018, 0x457C,
    0x44E6, 0x000C, 0x43D4, 0x000C, 0x4407, 0x000D, 0x0025, 0x4407,
    0x000C, 0x44E6, 0x000D, 0x463F, 0x4A05, 0x484B, 0x000B, 0x4428,
    0x000D, 0x0025, 0x0018, 0x4428, 0x000C, 0x4439, 0x000C, 0x4428,
    0x000D, 0x4609, 0x29DB, 0x0008, 0x4B36, 0x000B, 0x4A5A, 0x000B,
    0x4AFA, 0x8A10, 0x0045, 0x0044, 0x0049, 0x0054, 0x002D, 0x0044,
    0x0045, 0x004C, 0x0045, 0x0054, 0x0045, 0x002D, 0x004C, 0x0049,
    0x004E, 0x0045, 0x43F6, 0x000D, 0x0004, 0x0001, 0x29BA, 0x0008,
    0x4B59, 0x43D4, 0x000D, 0x4656, 0x0004, 0x0000, 0x463F, 0x496F,
    0x000B, 0x43D4, 0x000D, 0x44E6, 0x000C, 0x44E6, 0x000D, 0x000D,
    0x0576, 0x0008, 0x4B68, 0x0018, 0x43D4, 0x000C, 0x0009, 0x4B74,
    0x44E6, 0x000D, 0x452E, 0x000D, 0x0018, 0x43D4, 0x000C, 0x4407,
    0x000D, 0x0025, 0x4407, 0x000C, 0x44E6, 0x000D, 0x43E4, 0x000D,
    0x29BA, 0x0008, 0x4B83, 0x43D4, 0x000D, 0x43E4, 0x000C, 0x4407,
    0x000D, 0x4418, 0x000C, 0x44E6, 0x000D, 0x46FC, 0x44E6, 0x000D,
    0x46B0, 0x43F6, 0x000D, 0x0025, 0x43F6, 0x000C, 0x4609, 0x4428,
    0x000D, 0x05E6, 0x463F, 0x484B, 0x496F, 0x000B, 0x4B38, 0x8A0E,
    0x0045, 0x0044, 0x0049, 0x0054, 0x002D, 0x0043, 0x004F, 0x0050,
    0x0059, 0x002D, 0x004C, 0x0049, 0x004E, 0x0045, 0x43D4, 0x000D,
    0x457C, 0x0018, 0x44C5, 0x000C, 0x43D4, 0x000D, 0x4568, 0x45C7,
    0x0581, 0x07C3, 0x4281, 0x4485, 0x000C, 0x000B, 0x4B96, 0x8A0F,
    0x0045, 0x0044, 0x0049, 0x0054, 0x002D, 0x0050, 0x0041, 0x0053,
    0x0054, 0x0045, 0x002D, 0x004C, 0x0049, 0x004E, 0x0045, 0x4667,
    0x0018, 0x0023, 0x0008, 0x4BD1, 0x0017, 0x42A8, 0x4485, 0x000C,
    0x000B, 0x0018, 0x44E6, 0x000C, 0x44C5, 0x000D, 0x0018, 0x44E6,
    0x000D, 0x453F, 0x000C, 0x45C7, 0x44E6, 0x000D, 0x4568, 0x0581,
    0x07C3, 0x44E6, 0x000D, 0x43D4, 0x000D, 0x46C8, 0x44E6, 0x000D,
    0x43D4, 0x000C, 0x43F6, 0x000D, 0x0024, 0x43F6, 0x000C, 0x4407,
    0x000D, 0x0024, 0x4407, 0x000C, 0x0004, 0x0000, 0x463F, 0x484B,
    0x496F, 0x000B, 0x4BB6, 0xAE08, 0x0045, 0x0044, 0x0049, 0x0054,
    0x002D, 0x004E, 0x0045, 0x0057, 0x4738, 0x4302, 0x4485, 0x000C,
    0x000B, 0x4BFA, 0x8809, 0x0045, 0x0044, 0x0049, 0x0054, 0x002D,
    0x004C, 0x004F, 0x0041, 0x0044, 0x45E6, 0x4738, 0x45D6, 0x13D3,
    0x13F1, 0x0018, 0x0008, 0x4C22, 0x0019, 0x0017, 0x42CC, 0x4485,
    0x000C, 0x000B, 0x0017, 0x0014, 0x43B3, 0x000D, 0x44F1, 0x000C,
    0x0004, 0xFFFF, 0x44FC, 0x000C, 0x074D, 0x4203, 0x0013, 0x141B,
    0x0018, 0x0008, 0x4C3F, 0x0017, 0x0017, 0x0017, 0x0012, 0x140E,
    0x0017, 0x42DE, 0x4485, 0x000C, 0x0004, 0x0001, 0x000B, 0x0017,
    0x0008, 0x4C76, 0x44FC, 0x000D, 0x0023, 0x0008, 0x4C65, 0x4667,
    0x0018, 0x0023, 0x0008, 0x4C56, 0x0017, 0x0012, 0x140E, 0x0017,
    0x42A8, 0x4485, 0x000C, 0x0004, 0x0002, 0x000B, 0x0018, 0x43C4,
    0x000D, 0x46C8, 0x0018, 0x44F1, 0x000C, 0x43F6, 0x000D, 0x0024,
    0x43F6, 0x000C, 0x0017, 0x0009, 0x4C69, 0x0004, 0x0000, 0x44FC,
    0x000C, 0x0018, 0x44F1, 0x000D, 0x453F, 0x000C, 0x074D, 0x44F1,
    0x000D, 0x4568, 0x0581, 0x07C3, 0x0009, 0x4C2C, 0x0017, 0x0012,
    0x140E, 0x0017, 0x43B3, 0x000D, 0x43D4, 0x000C, 0x43B3, 0x000D,
    0x43E4, 0x000C, 0x0004, 0x0001, 0x4407, 0x000C, 0x0004, 0x0001,
    0x4418, 0x000C, 0x0004, 0x0000, 0x463F, 0x0004, 0x0000, 0x444E,
    0x000C, 0x4281, 0x4485, 0x000C, 0x0004, 0x0000, 0x000B, 0x4C09,
    0x8A09, 0x0045, 0x0044, 0x0049, 0x0054, 0x002D, 0x0053, 0x0041,
    0x0056, 0x0045, 0x449A, 0x000D, 0x0023, 0x0008, 0x4CAD, 0x4314,
    0x4485, 0x000C, 0x0004, 0x0001, 0x000B, 0x45D6, 0x1477, 0x0017,
    0x45D6, 0x13E3, 0x1400, 0x0018, 0x0008, 0x4CBC, 0x0019, 0x0017,
    0x42F1, 0x4485, 0x000C, 0x000B, 0x0017, 0x4507, 0x000C, 0x43B3,
    0x000D, 0x0018, 0x0008, 0x4CE2, 0x0018, 0x47CF, 0x0018, 0x44F1,
    0x000C, 0x001A, 0x4568, 0x44F1, 0x000D, 0x4507, 0x000D, 0x1429,
    0x0018, 0x0008, 0x4CDE, 0x0017, 0x4507, 0x000D, 0x140E, 0x0017,
    0x42F1, 0x4485, 0x000C, 0x0004, 0x0001, 0x000B, 0x0017, 0x000D,
    0x0009, 0x4CC1, 0x0017, 0x4507, 0x000D, 0x1468, 0x0017, 0x4507,
    0x000D, 0x140E, 0x0017, 0x0004, 0x0000, 0x444E, 0x000C, 0x4294,
    0x4485, 0x000C, 0x0004, 0x0000, 0x000B, 0x4C97, 0x8E09, 0x0045,
    0x0044, 0x0049, 0x0054, 0x002D, 0x002E, 0x004D, 0x0053, 0x0047,
    0x4485, 0x000D, 0x0018, 0x4294, 0x29BA, 0x0008, 0x4D11, 0x0017,
    0x0CFE, 0x0006, 0x0020, 0x0053, 0x0061, 0x0076, 0x0065, 0x0064,
    0x000B, 0x0018, 0x42A8, 0x29BA, 0x0008, 0x4D26, 0x0017, 0x0CFE,
    0x000C, 0x0020, 0x0042, 0x0075, 0x0066, 0x0066, 0x0065, 0x0072,
    0x0020, 0x0066, 0x0075, 0x006C, 0x006C, 0x000B, 0x0018, 0x42BA,
    0x29BA, 0x0008, 0x4D3D, 0x0017, 0x0CFE, 0x000E, 0x0020, 0x004C,
    0x0069, 0x006E, 0x0065, 0x0020, 0x0074, 0x006F, 0x006F, 0x0020,
    0x006C, 0x006F, 0x006E, 0x0067, 0x000B, 0x0018, 0x42CC, 0x29BA,
    0x0008, 0x4D52, 0x0017, 0x0CFE, 0x000C, 0x0020, 0x004F, 0x0070,
    0x0065, 0x006E, 0x0020, 0x0066, 0x0061, 0x0069, 0x006C, 0x0065,
    0x0064, 0x000B, 0x0018, 0x42DE, 0x29BA, 0x0008, 0x4D67, 0x0017,
    0x0CFE, 0x000C, 0x0020, 0x0052, 0x0065, 0x0061, 0x0064, 0x0020,
    0x0066, 0x0061, 0x0069, 0x006C, 0x0065, 0x0064, 0x000B, 0x0018,
    0x42F1, 0x29BA, 0x0008, 0x4D7D, 0x0017, 0x0CFE, 0x000D, 0x0020,
    0x0057, 0x0072, 0x0069, 0x0074, 0x0065, 0x0020, 0x0066, 0x0061,
    0x0069, 0x006C, 0x0065, 0x0064, 0x000B, 0x0018, 0x4302, 0x29BA,
    0x0008, 0x4D91, 0x0017, 0x0CFE, 0x000B, 0x0020, 0x004E, 0x0065,
    0x0077, 0x0020, 0x0062, 0x0075, 0x0066, 0x0066, 0x0065, 0x0072,
    0x000B, 0x0018, 0x4314, 0x29BA, 0x0008, 0x4DA6, 0x0017, 0x0CFE,
    0x000C, 0x0020, 0x004E, 0x006F, 0x0020, 0x0066, 0x0069, 0x006C,
    0x0065, 0x006E, 0x0061, 0x006D, 0x0065, 0x000B, 0x0018, 0x4327,
    0x29BA, 0x0008, 0x4DBA, 0x0017, 0x0CFE, 0x000B, 0x0020, 0x004E,
    0x006F, 0x0074, 0x0020, 0x0069, 0x006E, 0x0020, 0x004D, 0x0056,
    0x0050, 0x000B, 0x0017, 0x000B, 0x4CF5, 0xAE0D, 0x0045, 0x0044,
    0x0049, 0x0054, 0x002D, 0x0044, 0x0052, 0x0041, 0x0057, 0x002D,
    0x0052, 0x004F, 0x0057, 0x44E6, 0x000C, 0x44F1, 0x000C, 0x0004,
    0x0001, 0x44E6, 0x000D, 0x2E11, 0x2E61, 0x44F1, 0x000D, 0x0576,
    0x0008, 0x4DFB, 0x44F1, 0x000D, 0x457C, 0x4239, 0x05E6, 0x44FC,
    0x000C, 0x0004, 0x0000, 0x4507, 0x000C, 0x4507, 0x000D, 0x44FC,
    0x000D, 0x05CA, 0x0008, 0x4DFB, 0x44F1, 0x000D, 0x4568, 0x4507,
    0x000D, 0x29E1, 0x000F, 0x0B51, 0x4507, 0x000D, 0x0024, 0x4507,
    0x000C, 0x0009, 0x4DE5, 0x000B, 0x4DBC, 0xA80E, 0x0045, 0x0044,
    0x0049, 0x0054, 0x002D, 0x0044, 0x0052, 0x0041, 0x0057, 0x002D,
    0x0054, 0x0045, 0x0058, 0x0054, 0x43E4, 0x000D, 0x44E6, 0x000C,
    0x0004, 0x0001, 0x44F1, 0x000C, 0x44F1, 0x000D, 0x4249, 0x29D4,
    0x0008, 0x4E2F, 0x44E6, 0x000D, 0x44F1, 0x000D, 0x4DCB, 0x44E6,
    0x000D, 0x0008, 0x4E28, 0x44E6, 0x000D, 0x000D, 0x44E6, 0x000C,
    0x44F1, 0x000D, 0x0024, 0x44F1, 0x000C, 0x0009, 0x4E14, 0x000B,
    0x4DFC, 0xA610, 0x0045, 0x0044, 0x0049, 0x0054, 0x002D, 0x0044,
    0x0052, 0x0041, 0x0057, 0x002D, 0x0053, 0x0054, 0x0041, 0x0054,
    0x0055, 0x0053, 0x2F00, 0x0004, 0x0001, 0x425D, 0x2E11, 0x2E61,
    0x45D6, 0x0BA2, 0x444E, 0x000D, 0x0008, 0x4E54, 0x0CFE, 0x0002,
    0x0020, 0x002A, 0x0009, 0x4E58, 0x0CFE, 0x0002, 0x0020, 0x002D,
    0x0CFE, 0x0004, 0x0020, 0x004C, 0x006E, 0x0020, 0x4407, 0x000D,
    0x2DF9, 0x0CFE, 0x0005, 0x0020, 0x0043, 0x006F, 0x006C, 0x0020,
    0x4428, 0x000D, 0x0024, 0x2DF9, 0x4461, 0x000D, 0x0008, 0x4E78,
    0x0CFE, 0x0004, 0x0020, 0x0049, 0x004E, 0x0053, 0x0009, 0x4E7E,
    0x0CFE, 0x0004, 0x0020, 0x004F, 0x0056, 0x0052, 0x4D00, 0x2EB0,
    0x000B, 0x4E30, 0xA00E, 0x0045, 0x0044, 0x0049, 0x0054, 0x002D,
    0x0044, 0x0052, 0x0041, 0x0057, 0x002D, 0x0048, 0x0045, 0x004C,
    0x0050, 0x0004, 0x0001, 0x426F, 0x2E11, 0x2E61, 0x2EB0, 0x0CFE,
    0x0001, 0x0031, 0x305B, 0x2DE2, 0x30EC, 0x2DCD, 0x0CFE, 0x0006,
    0x0020, 0x0020, 0x0020, 0x0020, 0x0020, 0x0020, 0x2EB0, 0x0CFE,
    0x0001, 0x0032, 0x305B, 0x2DE2, 0x30EC, 0x2DCD, 0x0CFE, 0x0006,
    0x0053, 0x0061, 0x0076, 0x0065, 0x0020, 0x0020, 0x2EB0, 0x0CFE,
    0x0001, 0x0033, 0x305B, 0x2DE2, 0x30EC, 0x2DCD, 0x0CFE, 0x0006,
    0x0020, 0x0020, 0x0020, 0x0020, 0x0020, 0x0020, 0x2EB0, 0x0CFE,
    0x0001, 0x0034, 0x305B, 0x2DE2, 0x30EC, 0x2DCD, 0x0CFE, 0x0006,
    0x004E, 0x0065, 0x0077, 0x0020, 0x0020, 0x0020, 0x2EB0, 0x0CFE,
    0x0001, 0x0035, 0x305B, 0x2DE2, 0x30EC, 0x2DCD, 0x0CFE, 0x0006,
    0x0043, 0x006F, 0x0070, 0x0079, 0x0020, 0x0020, 0x2EB0, 0x0CFE,
    0x0001, 0x0036, 0x305B, 0x2DE2, 0x30EC, 0x2DCD, 0x0CFE, 0x0006,
    0x0020, 0x0020, 0x0020, 0x0020, 0x0020, 0x0020, 0x2EB0, 0x0CFE,
    0x0001, 0x0037, 0x305B, 0x2DE2, 0x30EC, 0x2DCD, 0x0CFE, 0x0006,
    0x0050, 0x0061, 0x0073, 0x0074, 0x0065, 0x0020, 0x2EB0, 0x0CFE,
    0x0001, 0x0038, 0x305B, 0x2DE2, 0x30EC, 0x2DCD, 0x0CFE, 0x0006,
    0x0044, 0x0065, 0x006C, 0x004C, 0x006E, 0x0020, 0x2EB0, 0x0CFE,
    0x0001, 0x0039, 0x305B, 0x2DE2, 0x30EC, 0x2DCD, 0x0CFE, 0x0006,
    0x0020, 0x0020, 0x0020, 0x0020, 0x0020, 0x0020, 0x2EB0, 0x0CFE,
    0x0002, 0x0031, 0x0030, 0x305B, 0x2DE2, 0x30EC, 0x2DCD, 0x0CFE,
    0x0006, 0x0045, 0x0078, 0x0069, 0x0074, 0x0020, 0x0020, 0x2EB0,
    0x000B, 0x4E81, 0xA411, 0x0045, 0x0044, 0x0049, 0x0054, 0x002D,
    0x0050, 0x004C, 0x0041, 0x0043, 0x0045, 0x002D, 0x0043, 0x0055,
    0x0052, 0x0053, 0x004F, 0x0052, 0x4407, 0x000D, 0x4418, 0x000D,
    0x29B5, 0x0024, 0x0004, 0x0001, 0x05DA, 0x4249, 0x05E6, 0x44E6,
    0x000C, 0x4428, 0x000D, 0x0024, 0x0004, 0x0001, 0x05DA, 0x4239,
    0x05E6, 0x44F1, 0x000C, 0x44F1, 0x000D, 0x44E6, 0x000D, 0x2E11,
    0x000B, 0x4F39, 0xAE0B, 0x0045, 0x0044, 0x0049, 0x0054, 0x002D,
    0x0052, 0x0045, 0x0044, 0x0052, 0x0041, 0x0057, 0x2EA0, 0x2E52,
    0x2E21, 0x4E0C, 0x4E42, 0x4E91, 0x4F4C, 0x2E8C, 0x000B, 0x4F69,
    0x8A15, 0x0045, 0x0044, 0x0049, 0x0054, 0x002D, 0x0048, 0x0041,
    0x004E, 0x0044, 0x004C, 0x0045, 0x002D, 0x0050, 0x0052, 0x0049,
    0x004E, 0x0054, 0x0041, 0x0042, 0x004C, 0x0045, 0x0018, 0x0004,
    0x0020, 0x0004, 0x007F, 0x05F6, 0x0008, 0x4FA7, 0x4461, 0x000D,
    0x0008, 0x4FA5, 0x49B3, 0x0009, 0x4FA6, 0x498C, 0x000B, 0x0017,
    0x000B, 0x4F7F, 0xA410, 0x0045, 0x0044, 0x0049, 0x0054, 0x002D,
    0x0048, 0x0041, 0x004E, 0x0044, 0x004C, 0x0045, 0x002D, 0x0043,
    0x0048, 0x0041, 0x0052, 0x0018, 0x0004, 0x0008, 0x29BA, 0x0008,
    0x4FC4, 0x0017, 0x4B0A, 0x000B, 0x0018, 0x0004, 0x007F, 0x29BA,
    0x0008, 0x4FCD, 0x0017, 0x4B0A, 0x000B, 0x0018, 0x0004, 0x000D,
    0x29BA, 0x0008, 0x4FD6, 0x0017, 0x4A9D, 0x000B, 0x0018, 0x0004,
    0x000A, 0x29BA, 0x0008, 0x4FDF, 0x0017, 0x4A9D, 0x000B, 0x0018,
    0x0004, 0x0009, 0x29BA, 0x0008, 0x4FEB, 0x0017, 0x06CB, 0x4F96,
    0x06CB, 0x4F96, 0x000B, 0x4F96, 0x000B, 0x4FA9, 0xB210, 0x0045,
    0x0044, 0x0049, 0x0054, 0x002D, 0x0048, 0x0041, 0x004E, 0x0044,
    0x004C, 0x0045, 0x002D, 0x0045, 0x004B, 0x0045, 0x0059, 0x0018,
    0x0A60, 0x29BA, 0x0008, 0x5007, 0x0017, 0x48CA, 0x000B, 0x0018,
    0x0A6E, 0x29BA, 0x0008, 0x500F, 0x0017, 0x48E9, 0x000B, 0x0018,
    0x0A46, 0x29BA, 0x0008, 0x5017, 0x0017, 0x4883, 0x000B, 0x0018,
    0x0A53, 0x29BA, 0x0008, 0x501F, 0x0017, 0x48A7, 0x000B, 0x0018,
    0x0A7B, 0x29BA, 0x0008, 0x5027, 0x0017, 0x4902, 0x000B, 0x0018,
    0x0A87, 0x29BA, 0x0008, 0x502F, 0x0017, 0x4915, 0x000B, 0x0018,
    0x0A94, 0x29BA, 0x0008, 0x5037, 0x0017, 0x4926, 0x000B, 0x0018,
    0x0AA1, 0x29BA, 0x0008, 0x503F, 0x0017, 0x4949, 0x000B, 0x0018,
    0x0ACB, 0x29BA, 0x0008, 0x5047, 0x0017, 0x4B0A, 0x000B, 0x0018,
    0x0AB9, 0x29BA, 0x0008, 0x504F, 0x0017, 0x4A5A, 0x000B, 0x0018,
    0x0AD9, 0x29BA, 0x0008, 0x5057, 0x0017, 0x4A9D, 0x000B, 0x0018,
    0x0AAD, 0x29BA, 0x0008, 0x5063, 0x0017, 0x4461, 0x000D, 0x0023,
    0x4461, 0x000C, 0x000B, 0x0018, 0x0AEF, 0x29BA, 0x0008, 0x506C,
    0x0017, 0x4CA2, 0x0017, 0x000B, 0x0018, 0x0B05, 0x29BA, 0x0008,
    0x5074, 0x0017, 0x4C04, 0x000B, 0x0018, 0x0B10, 0x29BA, 0x0008,
    0x507C, 0x0017, 0x4BA6, 0x000B, 0x0018, 0x0B26, 0x29BA, 0x0008,
    0x5084, 0x0017, 0x4BC7, 0x000B, 0x0018, 0x0B31, 0x29BA, 0x0008,
    0x508C, 0x0017, 0x4B4A, 0x000B, 0x0018, 0x0B48, 0x29BA, 0x0008,
    0x5097, 0x0017, 0x0004, 0x0000, 0x4475, 0x000C, 0x000B, 0x0017,
    0x4327, 0x4485, 0x000C, 0x000B, 0x4FED, 0xA80F, 0x0045, 0x0044,
    0x0049, 0x0054, 0x002D, 0x0057, 0x0041, 0x0049, 0x0054, 0x002D,
    0x0049, 0x004E, 0x0050, 0x0055, 0x0054, 0x0A19, 0x0008, 0x50B2,
    0x4FFF, 0x000B, 0x09F6, 0x0008, 0x50B7, 0x4FBB, 0x000B, 0x0009,
    0x50AD, 0x000B, 0x509C, 0x9C08, 0x0045, 0x0044, 0x0049, 0x0054,
    0x002D, 0x0052, 0x0055, 0x004E, 0x0004, 0xFFFF, 0x4475, 0x000C,
    0x4475, 0x000D, 0x0008, 0x50D0, 0x4F76, 0x50AD, 0x0009, 0x50C8,
    0x2EB0, 0x2E8C, 0x2E52, 0x2E21, 0x000B, 0x50BA, 0xA804, 0x0045,
    0x0044, 0x0049, 0x0054, 0x4783, 0x29A8, 0x4C14, 0x0018, 0x0008,
    0x50E3, 0x47B9, 0x000B, 0x0017, 0x50C4, 0x47B9, 0x0004, 0x0000,
    0x000B, 0x2F77, 0xA808, 0x004E, 0x0045, 0x0057, 0x002D, 0x0045,
    0x0044, 0x0049, 0x0054, 0x4783, 0x45E6, 0x4C04, 0x50C4, 0x47B9,
    0x000B, 0x0000, 0x0000, 0x0000, 0x0000, 0x0000, 0x0000, 0x0000,
    0x0000, 0x0000, 0x0000, 0x0000, 0x0000, 0x0000, 0x0000, 0x0000,
    0x0000, 0x0000, 0x0000, 0x0000, 0x0000, 0x0000, 0x0000, 0x0000,
    0x0000, 0x0000, 0x0000, 0x0000, 0x0000, 0x0000, 0x0000, 0x0000,
    0x0000, 0x0000, 0x0000, 0x0000, 0x0000, 0x0000, 0x0000, 0x0000,
    0x0000, 0x0000, 0x0000, 0x0000, 0x0000, 0x0000, 0x0000, 0x0000,
    0x0000, 0x0000, 0x0000, 0x0000, 0x0000, 0x0000, 0x0000, 0x0000,
    0x0000, 0x0000, 0x0000, 0x0000, 0x0000, 0x0000, 0x0000, 0x0000,
    0x0000, 0x0000, 0x0000, 0x0000, 0x0000, 0x0000, 0x0000, 0x0000,
    0x0000, 0x0000, 0x0000, 0x0000, 0x0000, 0x0000, 0x0000, 0x0000,
    0x0000, 0x0000, 0x0000, 0x0000, 0x0000, 0x0000, 0x0000, 0x0000,
    0x0000, 0x0000, 0x0000, 0x0000, 0x0000, 0x0000, 0x0000, 0x0000,
    0x0000, 0x0000, 0x0000, 0x0000, 0x0000, 0x0000, 0x0000, 0x0000,
    0x0000, 0x0000, 0x0000, 0x0000, 0x0000, 0x0000, 0x0000, 0x0000,
    0x0000, 0x0000, 0x0000, 0x0000, 0x0000, 0x0000, 0x0000, 0x0000,
    0x0000, 0x0000, 0x0000, 0x0000, 0x0000, 0x0000, 0x0000, 0x0000,
    0x0000, 0x0000, 0x0000, 0x0000, 0x0000, 0x0000, 0x0000, 0x0000,
    0x0000, 0x0000, 0x0000, 0x0000, 0x0000, 0x0000, 0x0000, 0x0000,
    0x0000, 0x0000, 0x0000, 0x0000, 0x0000, 0x0000, 0x0000, 0x0000,
    0x0000, 0x0000, 0x0000, 0x0000, 0x0000, 0x0000, 0x0000, 0x0000,
    0x0000, 0x0000, 0x0000, 0x0000, 0x0000, 0x0000, 0x0000, 0x0000,
    0x0000, 0x0000, 0x0000, 0x0000, 0x0000, 0x0000, 0x0000, 0x0000,
    0x0000, 0x0000, 0x0000, 0x0000, 0x0000, 0x0000, 0x0000, 0x0000,
    0x0000, 0x0000, 0x0000, 0x0000, 0x0000, 0x0000, 0x0000, 0x0000,
    0x0000, 0x0000, 0x0000, 0x0000, 0x0000, 0x0000, 0x0000, 0x0000,
    0x0000, 0x0000, 0x0000, 0x0000, 0x0000, 0x0000, 0x0000, 0x0000,
    0x0000, 0x0000, 0x0000, 0x0000, 0x0000, 0x0000, 0x0000, 0x0000,
    0x0000, 0x0000, 0x0000, 0x0000, 0x0000, 0x0000, 0x0000, 0x0000,
    0x0000, 0x0000, 0x0000, 0x0000, 0x0000, 0x0000, 0x0000, 0x0000,
    0x0000, 0x0000, 0x0000, 0x0000, 0x0000, 0x0000, 0x0000, 0x0000,
    0x0000, 0x0000, 0x0000, 0x0000, 0x0000, 0x0000, 0x0000, 0x0000,
    0x0000, 0x0000, 0x0000, 0x0000, 0x0000, 0x0000, 0x0000, 0x0000,
    0x0000, 0x0000, 0x0000, 0x0000, 0x0000, 0x0000, 0x0000, 0x0000,
    0x0000, 0x0000, 0x0000, 0x0000, 0x0000, 0x0000, 0x0000, 0x0000,
    0x0000, 0x0000, 0x0000, 0x0000, 0x0000, 0x0000, 0x0000, 0x0000,
    0x0000, 0x0000, 0x0000, 0x0000, 0x0000, 0x0000, 0x0000, 0x0000,
    0x0000, 0x0000, 0x0000, 0x0000, 0x0000, 0x0000, 0x0000, 0x0000,
    0x0000, 0x0000, 0x0000, 0x0000, 0x0000, 0x0000, 0x0000, 0x0000,
    0x0000, 0x0000, 0x0000, 0x0000, 0x0000, 0x0000, 0x0000, 0x0000,
    0x0000, 0x0000, 0x0000, 0x0000, 0x0000, 0x0000, 0x0000, 0x0000,
    0x0000, 0x0000, 0x0000, 0x0000, 0x0000, 0x0000, 0x0000, 0x0000,
    0x0000, 0x0000, 0x0000, 0x0000, 0x0000, 0x0000, 0x0000, 0x0000,
    0x0000, 0x0000, 0x0000, 0x0000, 0x0000, 0x0000, 0x0000, 0x0000,
    0x0000, 0x0000, 0x0000, 0x0000, 0x0000, 0x0000, 0x0000, 0x0000,
    0x0000, 0x0000, 0x0000, 0x0000, 0x0000, 0x0000, 0x0000, 0x0000,
    0x0000, 0x0000, 0x0000, 0x0000, 0x0000, 0x0000, 0x0000, 0x0000,
    0x0000, 0x0000, 0x0000, 0x0000, 0x0000, 0x0000, 0x0000, 0x0000,
    0x0000, 0x0000, 0x0000, 0x0000, 0x0000, 0x0000, 0x0000, 0x0000,
    0x0000, 0x0000, 0x0000, 0x0000, 0x0000, 0x0000, 0x0000, 0x0000,
    0x0000, 0x0000, 0x0000, 0x0000, 0x0000, 0x0000, 0x0000, 0x0000,
    0x0000, 0x0000, 0x0000, 0x0000, 0x0000, 0x0000, 0x0000, 0x0000,
    0x0000, 0x0000, 0x0000, 0x0000, 0x0000, 0x0000, 0x0000, 0x0000,
    0x0000, 0x0000, 0x0000, 0x0000, 0x0000, 0x0000, 0x0000, 0x0000,
    0x0000, 0x0000, 0x0000, 0x0000, 0x0000, 0x0000, 0x0000, 0x0000,
    0x0000, 0x0000, 0x0000, 0x0000, 0x0000, 0x0000, 0x0000, 0x0000,
    0x0000, 0x0000, 0x0000, 0x0000, 0x0000, 0x0000, 0x0000, 0x0000,
    0x0000, 0x0000, 0x0000, 0x0000, 0x0000, 0x0000, 0x0000, 0x0000,
    0x0000, 0x0000, 0x0000, 0x0000, 0x0000, 0x0000, 0x0000, 0x0000,
    0x0000, 0x0000, 0x0000, 0x0000, 0x0000, 0x0000, 0x0000, 0x0000,
    0x0000, 0x0000, 0x0000, 0x0000, 0x0000, 0x0000, 0x0000, 0x0000,
    0x0000, 0x0000, 0x0000, 0x0000, 0x0000, 0x0000, 0x0000, 0x0000,
    0x0000, 0x0000, 0x0000, 0x0000, 0x0000, 0x0000, 0x0000, 0x0000,
    0x0000, 0x0000, 0x0000, 0x0000, 0x0000, 0x0000, 0x0000, 0x0000,
    0x0000, 0x0000, 0x0000, 0x0000, 0x0000, 0x0000, 0x0000, 0x0000,
    0x0000, 0x0000, 0x0000, 0x0000, 0x0000, 0x0000, 0x0000, 0x0000,
    0x0000, 0x0000, 0x0000, 0x0000, 0x0000, 0x0000, 0x0000, 0x0000,
    0x0000, 0x0000, 0x0000, 0x0000, 0x0000, 0x0000, 0x0000, 0x0000,
    0x0000, 0x0000, 0x0000, 0x0000, 0x0000, 0x0000, 0x0000, 0x0000,
    0x0000, 0x0000, 0x0000, 0x0000, 0x0000, 0x0000, 0x0000, 0x0000,
    0x0000, 0x0000, 0x0000, 0x0000, 0x0000, 0x0000, 0x0000, 0x0000,
    0x0000, 0x0000, 0x0000, 0x0000, 0x0000, 0x0000, 0x0000, 0x0000,
    0x0000, 0x0000, 0x0000, 0x0000, 0x0000, 0x0000, 0x0000, 0x0000,
    0x0000, 0x0000, 0x0000, 0x0000, 0x0000, 0x0000, 0x0000, 0x0000,
    0x0000, 0x0000, 0x0000, 0x0000, 0x0000, 0x0000, 0x0000, 0x0000,
    0x0000, 0x0000, 0x0000, 0x0000, 0x0000, 0x0000, 0x0000, 0x0000,
    0x0000, 0x0000, 0x0000, 0x0000, 0x0000, 0x0000, 0x0000, 0x0000,
    0x0000, 0x0000, 0x0000, 0x0000, 0x0000, 0x0000, 0x0000, 0x0000,
    0x0000, 0x0000, 0x0000, 0x0000, 0x0000, 0x0000, 0x0000, 0x0000,
    0x0000, 0x0000, 0x0000, 0x0000, 0x0000, 0x0000, 0x0000, 0x0000,
    0x0000, 0x0000, 0x0000, 0x0000, 0x0000, 0x0000, 0x0000, 0x0000,
    0x0000, 0x0000, 0x0000, 0x0000, 0x0000, 0x0000, 0x0000, 0x0000,
    0x0000, 0x0000, 0x0000, 0x0000, 0x0000, 0x0000, 0x0000, 0x0000,
    0x0000, 0x0000, 0x0000, 0x0000, 0x0000, 0x0000, 0x0000, 0x0000,
    0x0000, 0x0000, 0x0000, 0x0000, 0x0000, 0x0000, 0x0000, 0x0000,
    0x0000, 0x0000, 0x0000, 0x0000, 0x0000, 0x0000, 0x0000, 0x0000,
    0x0000, 0x0000, 0x0000, 0x0000, 0x0000, 0x0000, 0x0000, 0x0000,
    0x0000, 0x0000, 0x0000, 0x0000, 0x0000, 0x0000, 0x0000, 0x0000,
    0x0000, 0x0000, 0x0000, 0x0000, 0x0000, 0x0000, 0x0000, 0x0000,
    0x0000, 0x0000, 0x0000, 0x0000, 0x0000, 0x0000, 0x0000, 0x0000,
    0x0000, 0x0000, 0x0000, 0x0000, 0x0000, 0x0000, 0x0000, 0x0000,
    0x0000, 0x0000, 0x0000, 0x0000, 0x0000, 0x0000, 0x0000, 0x0000,
    0x0000, 0x0000, 0x0000, 0x0000, 0x0000, 0x0000, 0x0000, 0x0000,
    0x0000, 0x0000, 0x0000, 0x0000, 0x0000, 0x0000, 0x0000, 0x0000,
    0x0000, 0x0000, 0x0000, 0x0000, 0x0000, 0x0000, 0x0000, 0x0000,
    0x0000, 0x0000, 0x0000, 0x0000, 0x0000, 0x0000, 0x0000, 0x0000,
    0x0000, 0x0000, 0x0000, 0x0000, 0x0000, 0x0000, 0x0000, 0x0000,
    0x0000, 0x0000, 0x0000, 0x0000, 0x0000, 0x0000, 0x0000, 0x0000,
    0x0000, 0x0000, 0x0000, 0x0000, 0x0000, 0x0000, 0x0000, 0x0000,
    0x0000, 0x0000, 0x0000, 0x0000, 0x0000, 0x0000, 0x0000, 0x0000,
    0x0000, 0x0000, 0x0000, 0x0000, 0x0000, 0x0000, 0x0000, 0x0000,
    0x0000, 0x0000, 0x0000, 0x0000, 0x0000, 0x0000, 0x0000, 0x0000,
    0x0000, 0x0000, 0x0000, 0x0000, 0x0000, 0x0000, 0x0000, 0x0000,
    0x0000, 0x0000, 0x0000, 0x0000, 0x0000, 0x0000, 0x0000, 0x0000,
    0x0000, 0x0000, 0x0000, 0x0000, 0x0000, 0x0000, 0x0000, 0x0000,
    0x0000, 0x0000, 0x0000, 0x0000, 0x0000, 0x0000, 0x0000, 0x0000,
    0x0000, 0x0000, 0x0000, 0x0000, 0x0000, 0x0000, 0x0000, 0x0000,
    0x0000, 0x0000, 0x0000, 0x0000, 0x0000, 0x0000, 0x0000, 0x0000,
    0x0000, 0x0000, 0x0000, 0x0000, 0x0000, 0x0000, 0x0000, 0x0000,
    0x0000, 0x0000, 0x0000, 0x0000, 0x0000, 0x0000, 0x0000, 0x0000,
    0x0000, 0x0000, 0x0000, 0x0000, 0x0000, 0x0000, 0x0000, 0x0000,
    0x0000, 0x0000, 0x0000, 0x0000, 0x0000, 0x0000, 0x0000, 0x0000,
    0x0000, 0x0000, 0x0000, 0x0000, 0x0000, 0x0000, 0x0000, 0x0000,
    0x0000, 0x0000, 0x0000, 0x0000, 0x0000, 0x0000, 0x0000, 0x0000,
    0x0000, 0x0000, 0x0000, 0x0000, 0x0000, 0x0000, 0x0000, 0x0000,
    0x0000, 0x0000, 0x0000, 0x0000, 0x0000, 0x0000, 0x0000, 0x0000,
    0x0000, 0x0000, 0x0000, 0x0000, 0x0000, 0x0000, 0x0000, 0x0000,
    0x0000, 0x0000, 0x0000, 0x0000, 0x0000, 0x0000, 0x0000, 0x0000,
    0x0000, 0x0000, 0x0000, 0x0000, 0x0000, 0x0000, 0x0000, 0x0000,
    0x0000, 0x0000, 0x0000, 0x0000, 0x0000, 0x0000, 0x0000, 0x0000,
    0x0000, 0x0000, 0x0000, 0x0000, 0x0000, 0x0000, 0x0000, 0x0000,
    0x0000, 0x0000, 0x0000, 0x0000, 0x0000, 0x0000, 0x0000, 0x0000,
    0x0000, 0x0000, 0x0000, 0x0000, 0x0000, 0x0000, 0x0000, 0x0000,
    0x0000, 0x0000, 0x0000, 0x0000, 0x0000, 0x0000, 0x0000, 0x0000,
    0x0000, 0x0000, 0x0000, 0x0000, 0x0000, 0x0000, 0x0000, 0x0000,
    0x0000, 0x0000, 0x0000, 0x0000, 0x0000, 0x0000, 0x0000, 0x0000,
    0x0000, 0x0000, 0x0000, 0x0000, 0x0000, 0x0000, 0x0000, 0x0000,
    0x0000, 0x0000, 0x0000, 0x0000, 0x0000, 0x0000, 0x0000, 0x0000,
    0x0000, 0x0000, 0x0000, 0x0000, 0x0000, 0x0000, 0x0000, 0x0000,
    0x0000, 0x0000, 0x0000, 0x0000, 0x0000, 0x0000, 0x0000, 0x0000,
    0x0000, 0x0000, 0x0000, 0x0000, 0x0000, 0x0000, 0x0000, 0x0000,
    0x0000, 0x0000, 0x0000, 0x0000, 0x0000, 0x0000, 0x0000, 0x0000,
    0x0000, 0x0000, 0x0000, 0x0000, 0x0000, 0x0000, 0x0000, 0x0000,
    0x0000, 0x0000, 0x0000, 0x0000, 0x0000, 0x0000, 0x0000, 0x0000,
    0x0000, 0x0000, 0x0000, 0x0000, 0x0000, 0x0000, 0x0000, 0x0000,
    0x0000, 0x0000, 0x0000, 0x0000, 0x0000, 0x0000, 0x0000, 0x0000,
    0x0000, 0x0000, 0x0000, 0x0000, 0x0000, 0x0000, 0x0000, 0x0000,
    0x0000, 0x0000, 0x0000, 0x0000, 0x0000, 0x0000, 0x0000, 0x0000,
    0x0000, 0x0000, 0x0000, 0x0000, 0x0000, 0x0000, 0x0000, 0x0000,
    0x0000, 0x0000, 0x0000, 0x0000, 0x0000, 0x0000, 0x0000, 0x0000,
    0x0000, 0x0000, 0x0000, 0x0000, 0x0000, 0x0000, 0x0000, 0x0000,
    0x0000, 0x0000, 0x0000, 0x0000, 0x0000, 0x0000, 0x0000, 0x0000,
    0x0000, 0x0000, 0x0000, 0x0000, 0x0000, 0x0000, 0x0000, 0x0000,
    0x0000, 0x0000, 0x0000, 0x0000, 0x0000, 0x0000, 0x0000, 0x0000,
    0x0000, 0x0000, 0x0000, 0x0000, 0x0000, 0x0000, 0x0000, 0x0000,
    0x0000, 0x0000, 0x0000, 0x0000, 0x0000, 0x0000, 0x0000, 0x0000,
    0x0000, 0x0000, 0x0000, 0x0000, 0x0000, 0x0000, 0x0000, 0x0000,
    0x0000, 0x0000, 0x0000, 0x0000, 0x0000, 0x0000, 0x0000, 0x0000,
    0x0000, 0x0000, 0x0000, 0x0000, 0x0000, 0x0000, 0x0000, 0x0000,
    0x0000, 0x0000, 0x0000, 0x0000, 0x0000, 0x0000, 0x0000, 0x0000,
    0x0000, 0x0000, 0x0000, 0x0000, 0x0000, 0x0000, 0x0000, 0x0000,
    0x0000, 0x0000, 0x0000, 0x0000, 0x0000, 0x0000, 0x0000, 0x0000,
    0x0000, 0x0000, 0x0000, 0x0000, 0x0000, 0x0000, 0x0000, 0x0000,
    0x0000, 0x0000, 0x0000, 0x0000, 0x0000, 0x0000, 0x0000, 0x0000,
    0x0000, 0x0000, 0x0000, 0x0000, 0x0000, 0x0000, 0x0000, 0x0000,
    0x0000, 0x0000, 0x0000, 0x0000, 0x0000, 0x0000, 0x0000, 0x0000,
    0x0000, 0x0000, 0x0000, 0x0000, 0x0000, 0x0000, 0x0000, 0x0000,
    0x0000, 0x0000, 0x0000, 0x0000, 0x0000, 0x0000, 0x0000, 0x0000,
    0x0000, 0x0000, 0x0000, 0x0000, 0x0000, 0x0000, 0x0000, 0x0000,
    0x0000, 0x0000, 0x0000, 0x0000, 0x0000, 0x0000, 0x0000, 0x0000,
    0x0000, 0x0000, 0x0000, 0x0000, 0x0000, 0x0000, 0x0000, 0x0000,
    0x0000, 0x0000, 0x0000, 0x0000, 0x0000, 0x0000, 0x0000, 0x0000,
    0x0000, 0x0000, 0x0000, 0x0000, 0x0000, 0x0000, 0x0000, 0x0000,
    0x0000, 0x0000, 0x0000, 0x0000, 0x0000, 0x0000, 0x0000, 0x0000,
    0x0000, 0x0000, 0x0000, 0x0000, 0x0000, 0x0000, 0x0000, 0x0000,
    0x0000, 0x0000, 0x0000, 0x0000, 0x0000, 0x0000, 0x0000, 0x0000,
    0x0000, 0x0000, 0x0000, 0x0000, 0x0000, 0x0000, 0x0000, 0x0000,
    0x0000, 0x0000, 0x0000, 0x0000, 0x0000, 0x0000, 0x0000, 0x0000,
    0x0000, 0x0000, 0x0000, 0x0000, 0x0000, 0x0000, 0x0000, 0x0000,
    0x0000, 0x0000, 0x0000, 0x0000, 0x0000, 0x0000, 0x0000, 0x0000,
    0x0000, 0x0000, 0x0000, 0x0000, 0x0000, 0x0000, 0x0000, 0x0000,
    0x0000, 0x0000, 0x0000, 0x0000, 0x0000, 0x0000, 0x0000, 0x0000,
    0x0000, 0x0000, 0x0000, 0x0000, 0x0000, 0x0000, 0x0000, 0x0000,
    0x0000, 0x0000, 0x0000, 0x0000, 0x0000, 0x0000, 0x0000, 0x0000,
    0x0000, 0x0000, 0x0000, 0x0000, 0x0000, 0x0000, 0x0000, 0x0000,
    0x0000, 0x0000, 0x0000, 0x0000, 0x0000, 0x0000, 0x0000, 0x0000,
    0x0000, 0x0000, 0x0000, 0x0000, 0x0000, 0x0000, 0x0000, 0x0000,
    0x0000, 0x0000, 0x0000, 0x0000, 0x0000, 0x0000, 0x0000, 0x0000,
    0x0000, 0x0000, 0x0000, 0x0000, 0x0000, 0x0000, 0x0000, 0x0000,
    0x0000, 0x0000, 0x0000, 0x0000, 0x0000, 0x0000, 0x0000, 0x0000,
    0x0000, 0x0000, 0x0000, 0x0000, 0x0000, 0x0000, 0x0000, 0x0000,
    0x0000, 0x0000, 0x0000, 0x0000, 0x0000, 0x0000, 0x0000, 0x0000,
    0x0000, 0x0000, 0x0000, 0x0000, 0x0000, 0x0000, 0x0000, 0x0000,
    0x0000, 0x0000, 0x0000, 0x0000, 0x0000, 0x0000, 0x0000, 0x0000,
    0x0000, 0x0000, 0x0000, 0x0000, 0x0000, 0x0000, 0x0000, 0x0000,
    0x0000, 0x0000, 0x0000, 0x0000, 0x0000, 0x0000, 0x0000, 0x0000,
    0x0000, 0x0000, 0x0000, 0x0000, 0x0000, 0x0000, 0x0000, 0x0000,
    0x0000, 0x0000, 0x0000, 0x0000, 0x0000, 0x0000, 0x0000, 0x0000,
    0x0000, 0x0000, 0x0000, 0x0000, 0x0000, 0x0000, 0x0000, 0x0000,
    0x0000, 0x0000, 0x0000, 0x0000, 0x0000, 0x0000, 0x0000, 0x0000,
    0x0000, 0x0000, 0x0000, 0x0000, 0x0000, 0x0000, 0x0000, 0x0000,
    0x0000, 0x0000, 0x0000, 0x0000, 0x0000, 0x0000, 0x0000, 0x0000,
    0x0000, 0x0000, 0x0000, 0x0000, 0x0000, 0x0000, 0x0000, 0x0000,
    0x0000, 0x0000, 0x0000, 0x0000, 0x0000, 0x0000, 0x0000, 0x0000,
    0x0000, 0x0000, 0x0000, 0x0000, 0x0000, 0x0000, 0x0000, 0x0000,
    0x0000, 0x0000, 0x0000, 0x0000, 0x0000, 0x0000, 0x0000, 0x0000,
    0x0000, 0x0000, 0x0000, 0x0000, 0x0000, 0x0000, 0x0000, 0x0000,
    0x0000, 0x0000, 0x0000, 0x0000, 0x0000, 0x0000, 0x0000, 0x0000,
    0x0000, 0x0000, 0x0000, 0x0000, 0x0000, 0x0000, 0x0000, 0x0000,
    0x0000, 0x0000, 0x0000, 0x0000, 0x0000, 0x0000, 0x0000, 0x0000,
    0x0000, 0x0000, 0x0000, 0x0000, 0x0000, 0x0000, 0x0000, 0x0000,
    0x0000, 0x0000, 0x0000, 0x0000, 0x0000, 0x0000, 0x0000, 0x0000,
    0x0000, 0x0000, 0x0000, 0x0000, 0x0000, 0x0000, 0x0000, 0x0000,
    0x0000, 0x0000, 0x0000, 0x0000, 0x0000, 0x0000, 0x0000, 0x0000,
    0x0000, 0x0000, 0x0000, 0x0000, 0x0000, 0x0000, 0x0000, 0x0000,
    0x0000, 0x0000, 0x0000, 0x0000, 0x0000, 0x0000, 0x0000, 0x0000,
    0x0000, 0x0000, 0x0000, 0x0000, 0x0000, 0x0000, 0x0000, 0x0000,
    0x0000, 0x0000, 0x0000, 0x0000, 0x0000, 0x0000, 0x0000, 0x0000,
    0x0000, 0x0000, 0x0000, 0x0000, 0x0000, 0x0000, 0x0000, 0x0000,
    0x0000, 0x0000, 0x0000, 0x0000, 0x0000, 0x0000, 0x0000, 0x0000,
    0x0000, 0x0000, 0x0000, 0x0000, 0x0000, 0x0000, 0x0000, 0x0000,
    0x0000, 0x0000, 0x0000, 0x0000, 0x0000, 0x0000, 0x0000, 0x0000,
    0x0000, 0x0000, 0x0000, 0x0000, 0x0000, 0x0000, 0x0000, 0x0000,
    0x0000, 0x0000, 0x0000, 0x0000, 0x0000, 0x0000, 0x0000, 0x0000,
    0x0000, 0x0000, 0x0000, 0x0000, 0x0000, 0x0000, 0x0000, 0x0000,
    0x0000, 0x0000, 0x0000, 0x0000, 0x0000, 0x0000, 0x0000, 0x0000,
    0x0000, 0x0000, 0x0000, 0x0000, 0x0000, 0x0000, 0x0000, 0x0000,
    0x0000, 0x0000, 0x0000, 0x0000, 0x0000, 0x0000, 0x0000, 0x0000,
    0x0000, 0x0000, 0x0000, 0x0000, 0x0000, 0x0000, 0x0000, 0x0000,
    0x0000, 0x0000, 0x0000, 0x0000, 0x0000, 0x0000, 0x0000, 0x0000,
    0x0000, 0x0000, 0x0000, 0x0000, 0x0000, 0x0000, 0x0000, 0x0000,
    0x0000, 0x0000, 0x0000, 0x0000, 0x0000, 0x0000, 0x0000, 0x0000,
    0x0000, 0x0000, 0x0000, 0x0000, 0x0000, 0x0000, 0x0000, 0x0000,
    0x0000, 0x0000, 0x0000, 0x0000, 0x0000, 0x0000, 0x0000, 0x0000,
    0x0000, 0x0000, 0x0000, 0x0000, 0x0000, 0x0000, 0x0000, 0x0000,
    0x0000, 0x0000, 0x0000, 0x0000, 0x0000, 0x0000, 0x0000, 0x0000,
    0x0000, 0x0000, 0x0000, 0x0000, 0x0000, 0x0000, 0x0000, 0x0000,
    0x0000, 0x0000, 0x0000, 0x0000, 0x0000, 0x0000, 0x0000, 0x0000,
    0x0000, 0x0000, 0x0000, 0x0000, 0x0000, 0x0000, 0x0000, 0x0000,
    0x0000, 0x0000, 0x0000, 0x0000, 0x0000, 0x0000, 0x0000, 0x0000,
    0x0000, 0x0000, 0x0000, 0x0000, 0x0000, 0x0000, 0x0000, 0x0000,
    0x0000, 0x0000, 0x0000, 0x0000, 0x0000, 0x0000, 0x0000, 0x0000,
    0x0000, 0x0000, 0x0000, 0x0000, 0x0000, 0x0000, 0x0000, 0x0000,
    0x0000, 0x0000, 0x0000, 0x0000, 0x0000, 0x0000, 0x0000, 0x0000,
    0x0000, 0x0000, 0x0000, 0x0000, 0x0000, 0x0000, 0x0000, 0x0000,
    0x0000, 0x0000, 0x0000, 0x0000, 0x0000, 0x0000, 0x0000, 0x0000,
    0x0000, 0x0000, 0x0000, 0x0000, 0x0000, 0x0000, 0x0000, 0x0000,
    0x0000, 0x0000, 0x0000, 0x0000, 0x0000, 0x0000, 0x0000, 0x0000,
    0x0000, 0x0000, 0x0000, 0x0000, 0x0000, 0x0000, 0x0000, 0x0000,
    0x0000, 0x0000, 0x0000, 0x0000, 0x0000, 0x0000, 0x0000, 0x0000,
    0x0000, 0x0000, 0x0000, 0x0000, 0x0000, 0x0000, 0x0000, 0x0000,
    0x0000, 0x0000, 0x0000, 0x0000, 0x0000, 0x0000, 0x0000, 0x0000,
    0x0000, 0x0000, 0x0000, 0x0000, 0x0000, 0x0000, 0x0000, 0x0000,
    0x0000, 0x0000, 0x0000, 0x0000, 0x0000, 0x0000, 0x0000, 0x0000,
    0x0000, 0x0000, 0x0000, 0x0000, 0x0000, 0x0000, 0x0000, 0x0000,
    0x0000, 0x0000, 0x0000, 0x0000, 0x0000, 0x0000, 0x0000, 0x0000,
    0x0000, 0x0000, 0x0000, 0x0000, 0x0000, 0x0000, 0x0000, 0x0000,
    0x0000, 0x0000, 0x0000, 0x0000, 0x0000, 0x0000, 0x0000, 0x0000,
    0x0000, 0x0000, 0x0000, 0x0000, 0x0000, 0x0000, 0x0000, 0x0000,
    0x0000, 0x0000, 0x0000, 0x0000, 0x0000, 0x0000, 0x0000, 0x0000,
    0x0000, 0x0000, 0x0000, 0x0000, 0x0000, 0x0000, 0x0000, 0x0000,
    0x0000, 0x0000, 0x0000, 0x0000, 0x0000, 0x0000, 0x0000, 0x0000,
    0x0000, 0x0000, 0x0000, 0x0000, 0x0000, 0x0000, 0x0000, 0x0000,
    0x0000, 0x0000, 0x0000, 0x0000, 0x0000, 0x0000, 0x0000, 0x0000,
    0x0000, 0x0000, 0x0000, 0x0000, 0x0000, 0x0000, 0x0000, 0x0000,
    0x0000, 0x0000, 0x0000, 0x0000, 0x0000, 0x0000, 0x0000, 0x0000,
    0x0000, 0x0000, 0x0000, 0x0000, 0x0000, 0x0000, 0x0000, 0x0000,
    0x0000, 0x0000, 0x0000, 0x0000, 0x0000, 0x0000, 0x0000, 0x0000,
    0x0000, 0x0000, 0x0000, 0x0000, 0x0000, 0x0000, 0x0000, 0x0000,
    0x0000, 0x0000, 0x0000, 0x0000, 0x0000, 0x0000, 0x0000, 0x0000,
    0x0000, 0x0000, 0x0000, 0x0000, 0x0000, 0x0000, 0x0000, 0x0000,
    0x0000, 0x0000, 0x0000, 0x0000, 0x0000, 0x0000, 0x0000, 0x0000,
    0x0000, 0x0000, 0x0000, 0x0000, 0x0000, 0x0000, 0x0000, 0x0000,
    0x0000, 0x0000, 0x0000, 0x0000, 0x0000, 0x0000, 0x0000, 0x0000,
    0x0000, 0x0000, 0x0000, 0x0000, 0x0000, 0x0000, 0x0000, 0x0000,
    0x0000, 0x0000, 0x0000, 0x0000, 0x0000, 0x0000, 0x0000, 0x0000,
    0x0000, 0x0000, 0x0000, 0x0000, 0x0000, 0x0000, 0x0000, 0x0000,
    0x0000, 0x0000, 0x0000, 0x0000, 0x0000, 0x0000, 0x0000, 0x0000,
    0x0000, 0x0000, 0x0000, 0x0000, 0x0000, 0x0000, 0x0000, 0x0000,
    0x0000, 0x0000, 0x0000, 0x0000, 0x0000, 0x0000, 0x0000, 0x0000,
    0x0000, 0x0000, 0x0000, 0x0000, 0x0000, 0x0000, 0x0000, 0x0000,
    0x0000, 0x0000, 0x0000, 0x0000, 0x0000, 0x0000, 0x0000, 0x0000,
    0x0000, 0x0000, 0x0000, 0x0000, 0x0000, 0x0000, 0x0000, 0x0000,
    0x0000, 0x0000, 0x0000, 0x0000, 0x0000, 0x0000, 0x0000, 0x0000,
    0x0000, 0x0000, 0x0000, 0x0000, 0x0000, 0x0000, 0x0000, 0x0000,
    0x0000, 0x0000, 0x0000, 0x0000, 0x0000, 0x0000, 0x0000, 0x0000,
    0x0000, 0x0000, 0x0000, 0x0000, 0x0000, 0x0000, 0x0000, 0x0000,
    0x0000, 0x0000, 0x0000, 0x0000, 0x0000, 0x0000, 0x0000, 0x0000,
    0x0000, 0x0000, 0x0000, 0x0000, 0x0000, 0x0000, 0x0000, 0x0000,
    0x0000, 0x0000, 0x0000, 0x0000, 0x0000, 0x0000, 0x0000, 0x0000,
    0x0000, 0x0000, 0x0000, 0x0000, 0x0000, 0x0000, 0x0000, 0x0000,
    0x0000, 0x0000, 0x0000, 0x0000, 0x0000, 0x0000, 0x0000, 0x0000,
    0x0000, 0x0000, 0x0000, 0x0000, 0x0000, 0x0000, 0x0000, 0x0000,
    0x0000, 0x0000, 0x0000, 0x0000, 0x0000, 0x0000, 0x0000, 0x0000,
    0x0000, 0x0000, 0x0000, 0x0000, 0x0000, 0x0000, 0x0000, 0x0000,
    0x0000, 0x0000, 0x0000, 0x0000, 0x0000, 0x0000, 0x0000, 0x0000,
    0x0000, 0x0000, 0x0000, 0x0000, 0x0000, 0x0000, 0x0000, 0x0000,
    0x0000, 0x0000, 0x0000, 0x0000, 0x0000, 0x0000, 0x0000, 0x0000,
    0x0000, 0x0000, 0x0000, 0x0000, 0x0000, 0x0000, 0x0000, 0x0000,
    0x0000, 0x0000, 0x0000, 0x0000, 0x0000, 0x0000, 0x0000, 0x0000,
    0x0000, 0x0000, 0x0000, 0x0000, 0x0000, 0x0000, 0x0000, 0x0000,
    0x0000, 0x0000, 0x0000, 0x0000, 0x0000, 0x0000, 0x0000, 0x0000,
    0x0000, 0x0000, 0x0000, 0x0000, 0x0000, 0x0000, 0x0000, 0x0000,
    0x0000, 0x0000, 0x0000, 0x0000, 0x0000, 0x0000, 0x0000, 0x0000,
    0x0000, 0x0000, 0x0000, 0x0000, 0x0000, 0x0000, 0x0000, 0x0000,
    0x0000, 0x0000, 0x0000, 0x0000, 0x0000, 0x0000, 0x0000, 0x0000,
    0x0000, 0x0000, 0x0000, 0x0000, 0x0000, 0x0000, 0x0000, 0x0000,
    0x0000, 0x0000, 0x0000, 0x0000, 0x0000, 0x0000, 0x0000, 0x0000,
    0x0000, 0x0000, 0x0000, 0x0000, 0x0000, 0x0000, 0x0000, 0x0000,
    0x0000, 0x0000, 0x0000, 0x0000, 0x0000, 0x0000, 0x0000, 0x0000,
    0x0000, 0x0000, 0x0000, 0x0000, 0x0000, 0x0000, 0x0000, 0x0000,
    0x0000, 0x0000, 0x0000, 0x0000, 0x0000, 0x0000, 0x0000, 0x0000,
    0x0000, 0x0000, 0x0000, 0x0000, 0x0000, 0x0000, 0x0000, 0x0000,
    0x0000, 0x0000, 0x0000, 0x0000, 0x0000, 0x0000, 0x0000, 0x0000,
    0x0000, 0x0000, 0x0000, 0x0000, 0x0000, 0x0000, 0x0000, 0x0000,
    0x0000, 0x0000, 0x0000, 0x0000, 0x0000, 0x0000, 0x0000, 0x0000,
    0x0000, 0x0000, 0x0000, 0x0000, 0x0000, 0x0000, 0x0000, 0x0000,
    0x0000, 0x0000, 0x0000, 0x0000, 0x0000, 0x0000, 0x0000, 0x0000,
    0x0000, 0x0000, 0x0000, 0x0000, 0x0000, 0x0000, 0x0000, 0x0000,
    0x0000, 0x0000, 0x0000, 0x0000, 0x0000, 0x0000, 0x0000, 0x0000,
    0x0000, 0x0000, 0x0000, 0x0000, 0x0000, 0x0000, 0x0000, 0x0000,
    0x0000, 0x0000, 0x0000, 0x0000, 0x0000, 0x0000, 0x0000, 0x0000,
    0x0000, 0x0000, 0x0000, 0x0000, 0x0000, 0x0000, 0x0000, 0x0000,
    0x0000, 0x0000, 0x0000, 0x0000, 0x0000, 0x0000, 0x0000, 0x0000,
    0x0000, 0x0000, 0x0000, 0x0000, 0x0000, 0x0000, 0x0000, 0x0000,
    0x0000, 0x0000, 0x0000, 0x0000, 0x0000, 0x0000, 0x0000, 0x0000,
    0x0000, 0x0000, 0x0000, 0x0000, 0x0000, 0x0000, 0x0000, 0x0000,
    0x0000, 0x0000, 0x0000, 0x0000, 0x0000, 0x0000, 0x0000, 0x0000,
    0x0000, 0x0000, 0x0000, 0x0000, 0x0000, 0x0000, 0x0000, 0x0000,
    0x0000, 0x0000, 0x0000, 0x0000, 0x0000, 0x0000, 0x0000, 0x0000,
    0x0000, 0x0000, 0x0000, 0x0000, 0x0000, 0x0000, 0x0000, 0x0000,
    0x0000, 0x0000, 0x0000, 0x0000, 0x0000, 0x0000, 0x0000, 0x0000,
    0x0000, 0x0000, 0x0000, 0x0000, 0x0000, 0x0000, 0x0000, 0x0000,
    0x0000, 0x0000, 0x0000, 0x0000, 0x0000, 0x0000, 0x0000, 0x0000,
    0x0000, 0x0000, 0x0000, 0x0000, 0x0000, 0x0000, 0x0000, 0x0000,
    0x0000, 0x0000, 0x0000, 0x0000, 0x0000, 0x0000, 0x0000, 0x0000,
    0x0000, 0x0000, 0x0000, 0x0000, 0x0000, 0x0000, 0x0000, 0x0000,
    0x0000, 0x0000, 0x0000, 0x0000, 0x0000, 0x0000, 0x0000, 0x0000,
    0x0000, 0x0000, 0x0000, 0x0000, 0x0000, 0x0000, 0x0000, 0x0000,
    0x0000, 0x0000, 0x0000, 0x0000, 0x0000, 0x0000, 0x0000, 0x0000,
    0x0000, 0x0000, 0x0000, 0x0000, 0x0000, 0x0000, 0x0000, 0x0000,
    0x0000, 0x0000, 0x0000, 0x0000, 0x0000, 0x0000, 0x0000, 0x0000,
    0x0000, 0x0000, 0x0000, 0x0000, 0x0000, 0x0000, 0x0000, 0x0000,
    0x0000, 0x0000, 0x0000, 0x0000, 0x0000, 0x0000, 0x0000, 0x0000,
    0x0000, 0x0000, 0x0000, 0x0000, 0x0000, 0x0000, 0x0000, 0x0000,
    0x0000, 0x0000, 0x0000, 0x0000, 0x0000, 0x0000, 0x0000, 0x0000,
    0x0000, 0x0000, 0x0000, 0x0000, 0x0000, 0x0000, 0x0000, 0x0000,
    0x0000, 0x0000, 0x0000, 0x0000, 0x0000, 0x0000, 0x0000, 0x0000,
    0x0000, 0x0000, 0x0000, 0x0000, 0x0000, 0x0000, 0x0000, 0x0000,
    0x0000, 0x0000, 0x0000, 0x0000, 0x0000, 0x0000, 0x0000, 0x0000,
    0x0000, 0x0000, 0x0000, 0x0000, 0x0000, 0x0000, 0x0000, 0x0000,
    0x0000, 0x0000, 0x0000, 0x0000, 0x0000, 0x0000, 0x0000, 0x0000,
    0x0000, 0x0000, 0x0000, 0x0000, 0x0000, 0x0000, 0x0000, 0x0000,
    0x0000, 0x0000, 0x0000, 0x0000, 0x0000, 0x0000, 0x0000, 0x0000,
    0x0000, 0x0000, 0x0000, 0x0000, 0x0000, 0x0000, 0x0000, 0x0000,
    0x0000, 0x0000, 0x0000, 0x0000, 0x0000, 0x0000, 0x0000, 0x0000,
    0x0000, 0x0000, 0x0000, 0x0000, 0x0000, 0x0000, 0x0000, 0x0000,
    0x0000, 0x0000, 0x0000, 0x0000, 0x0000, 0x0000, 0x0000, 0x0000,
    0x0000, 0x0000, 0x0000, 0x0000, 0x0000, 0x0000, 0x0000, 0x0000,
    0x0000, 0x0000, 0x0000, 0x0000, 0x0000, 0x0000, 0x0000, 0x0000,
    0x0000, 0x0000, 0x0000, 0x0000, 0x0000, 0x0000, 0x0000, 0x0000,
    0x0000, 0x0000, 0x0000, 0x0000, 0x0000, 0x0000, 0x0000, 0x0000,
    0x0000, 0x0000, 0x0000, 0x0000, 0x0000, 0x0000, 0x0000, 0x0000,
    0x0000, 0x0000, 0x0000, 0x0000, 0x0000, 0x0000, 0x0000, 0x0000,
    0x0000, 0x0000, 0x0000, 0x0000, 0x0000, 0x0000, 0x0000, 0x0000,
    0x0000, 0x0000, 0x0000, 0x0000, 0x0000, 0x0000, 0x0000, 0x0000,
    0x0000, 0x0000, 0x0000, 0x0000, 0x0000, 0x0000, 0x0000, 0x0000,
    0x0000, 0x0000, 0x0000, 0x0000, 0x0000, 0x0000, 0x0000, 0x0000,
    0x0000, 0x0000, 0x0000, 0x0000, 0x0000, 0x0000, 0x0000, 0x0000,
    0x0000, 0x0000, 0x0000, 0x0000, 0x0000, 0x0000, 0x0000, 0x0000,
    0x0000, 0x0000, 0x0000, 0x0000, 0x0000, 0x0000, 0x0000, 0x0000,
    0x0000, 0x0000, 0x0000, 0x0000, 0x0000, 0x0000, 0x0000, 0x0000,
    0x0000, 0x0000, 0x0000, 0x0000, 0x0000, 0x0000, 0x0000, 0x0000,
    0x0000, 0x0000, 0x0000, 0x0000, 0x0000, 0x0000, 0x0000, 0x0000,
    0x0000, 0x0000, 0x0000, 0x0000, 0x0000, 0x0000, 0x0000, 0x0000,
    0x0000, 0x0000, 0x0000, 0x0000, 0x0000, 0x0000, 0x0000, 0x0000,
    0x0000, 0x0000, 0x0000, 0x0000, 0x0000, 0x0000, 0x0000, 0x0000,
    0x0000, 0x0000, 0x0000, 0x0000, 0x0000, 0x0000, 0x0000, 0x0000,
    0x0000, 0x0000, 0x0000, 0x0000, 0x0000, 0x0000, 0x0000, 0x0000,
    0x0000, 0x0000, 0x0000, 0x0000, 0x0000, 0x0000, 0x0000, 0x0000,
    0x0000, 0x0000, 0x0000, 0x0000, 0x0000, 0x0000, 0x0000, 0x0000,
    0x0000, 0x0000, 0x0000, 0x0000, 0x0000, 0x0000, 0x0000, 0x0000,
    0x0000, 0x0000, 0x0000, 0x0000, 0x0000, 0x0000, 0x0000, 0x0000,
    0x0000, 0x0000, 0x0000, 0x0000, 0x0000, 0x0000, 0x0000, 0x0000,
    0x0000, 0x0000, 0x0000, 0x0000, 0x0000, 0x0000, 0x0000, 0x0000,
    0x0000, 0x0000, 0x0000, 0x0000, 0x0000, 0x0000, 0x0000, 0x0000,
    0x0000, 0x0000, 0x0000, 0x0000, 0x0000, 0x0000, 0x0000, 0x0000,
    0x0000, 0x0000, 0x0000, 0x0000, 0x0000, 0x0000, 0x0000, 0x0000,
    0x0000, 0x0000, 0x0000, 0x0000, 0x0000, 0x0000, 0x0000, 0x0000,
    0x0000, 0x0000, 0x0000, 0x0000, 0x0000, 0x0000, 0x0000, 0x0000,
    0x0000, 0x0000, 0x0000, 0x0000, 0x0000, 0x0000, 0x0000, 0x0000,
    0x0000, 0x0000, 0x0000, 0x0000, 0x0000, 0x0000, 0x0000, 0x0000,
    0x0000, 0x0000, 0x0000, 0x0000, 0x0000, 0x0000, 0x0000, 0x0000,
    0x0000, 0x0000, 0x0000, 0x0000, 0x0000, 0x0000, 0x0000, 0x0000,
    0x0000, 0x0000, 0x0000, 0x0000, 0x0000, 0x0000, 0x0000, 0x0000,
    0x0000, 0x0000, 0x0000, 0x0000, 0x0000, 0x0000, 0x0000, 0x0000,
    0x0000, 0x0000, 0x0000, 0x0000, 0x0000, 0x0000, 0x0000, 0x0000,
    0x0000, 0x0000, 0x0000, 0x0000, 0x0000, 0x0000, 0x0000, 0x0000,
    0x0000, 0x0000, 0x0000, 0x0000, 0x0000, 0x0000, 0x0000, 0x0000,
    0x0000, 0x0000, 0x0000, 0x0000, 0x0000, 0x0000, 0x0000, 0x0000,
    0x0000, 0x0000, 0x0000, 0x0000, 0x0000, 0x0000, 0x0000, 0x0000,
    0x0000, 0x0000, 0x0000, 0x0000, 0x0000, 0x0000, 0x0000, 0x0000,
    0x0000, 0x0000, 0x0000, 0x0000, 0x0000, 0x0000, 0x0000, 0x0000,
    0x0000, 0x0000, 0x0000, 0x0000, 0x0000, 0x0000, 0x0000, 0x0000,
    0x0000, 0x0000, 0x0000, 0x0000, 0x0000, 0x0000, 0x0000, 0x0000,
    0x0000, 0x0000, 0x0000, 0x0000, 0x0000, 0x0000, 0x0000, 0x0000,
    0x0000, 0x0000, 0x0000, 0x0000, 0x0000, 0x0000, 0x0000, 0x0000,
    0x0000, 0x0000, 0x0000, 0x0000, 0x0000, 0x0000, 0x0000, 0x0000,
    0x0000, 0x0000, 0x0000, 0x0000, 0x0000, 0x0000, 0x0000, 0x0000,
    0x0000, 0x0000, 0x0000, 0x0000, 0x0000, 0x0000, 0x0000, 0x0000,
    0x0000, 0x0000, 0x0000, 0x0000, 0x0000, 0x0000, 0x0000, 0x0000,
    0x0000, 0x0000, 0x0000, 0x0000, 0x0000, 0x0000, 0x0000, 0x0000,
    0x0000, 0x0000, 0x0000, 0x0000, 0x0000, 0x0000, 0x0000, 0x0000,
    0x0000, 0x0000, 0x0000, 0x0000, 0x0000, 0x0000, 0x0000, 0x0000,
    0x0000, 0x0000, 0x0000, 0x0000, 0x0000, 0x0000, 0x0000, 0x0000,
    0x0000, 0x0000, 0x0000, 0x0000, 0x0000, 0x0000, 0x0000, 0x0000,
    0x0000, 0x0000, 0x0000, 0x0000, 0x0000, 0x0000, 0x0000, 0x0000,
    0x0000, 0x0000, 0x0000, 0x0000, 0x0000, 0x0000, 0x0000, 0x0000,
    0x0000, 0x0000, 0x0000, 0x0000, 0x0000, 0x0000, 0x0000, 0x0000,
    0x0000, 0x0000, 0x0000, 0x0000, 0x0000, 0x0000, 0x0000, 0x0000,
    0x0000, 0x0000, 0x0000, 0x0000, 0x0000, 0x0000, 0x0000, 0x0000,
    0x0000, 0x0000, 0x0000, 0x0000, 0x0000, 0x0000, 0x0000, 0x0000,
    0x0000, 0x0000, 0x0000, 0x0000, 0x0000, 0x0000, 0x0000, 0x0000,
    0x0000, 0x0000, 0x0000, 0x0000, 0x0000, 0x0000, 0x0000, 0x0000,
    0x0000, 0x0000, 0x0000, 0x0000, 0x0000, 0x0000, 0x0000, 0x0000,
    0x0000, 0x0000, 0x0000, 0x0000, 0x0000, 0x0000, 0x0000, 0x0000,
    0x0000, 0x0000, 0x0000, 0x0000, 0x0000, 0x0000, 0x0000, 0x0000,
    0x0000, 0x0000, 0x0000, 0x0000, 0x0000, 0x0000, 0x0000, 0x0000,
    0x0000, 0x0000, 0x0000, 0x0000, 0x0000, 0x0000, 0x0000, 0x0000,
    0x0000, 0x0000, 0x0000, 0x0000, 0x0000, 0x0000, 0x0000, 0x0000,
    0x0000, 0x0000, 0x0000, 0x0000, 0x0000, 0x0000, 0x0000, 0x0000,
    0x0000, 0x0000, 0x0000, 0x0000, 0x0000, 0x0000, 0x0000, 0x0000,
    0x0000, 0x0000, 0x0000, 0x0000, 0x0000, 0x0000, 0x0000, 0x0000,
    0x0000, 0x0000, 0x0000, 0x0000, 0x0000, 0x0000, 0x0000, 0x0000,
    0x0000, 0x0000, 0x0000, 0x0000, 0x0000, 0x0000, 0x0000, 0x0000,
    0x0000, 0x0000, 0x0000, 0x0000, 0x0000, 0x0000, 0x0000, 0x0000,
    0x0000, 0x0000, 0x0000, 0x0000, 0x0000, 0x0000, 0x0000, 0x0000,
    0x0000, 0x0000, 0x0000, 0x0000, 0x0000, 0x0000, 0x0000, 0x0000,
    0x0000, 0x0000, 0x0000, 0x0000, 0x0000, 0x0000, 0x0000, 0x0000,
    0x0000, 0x0000, 0x0000, 0x0000, 0x0000, 0x0000, 0x0000, 0x0000,
    0x0000, 0x0000, 0x0000, 0x0000, 0x0000, 0x0000, 0x0000, 0x0000,
    0x0000, 0x0000, 0x0000, 0x0000, 0x0000, 0x0000, 0x0000, 0x0000,
    0x0000, 0x0000, 0x0000, 0x0000, 0x0000, 0x0000, 0x0000, 0x0000,
    0x0000, 0x0000, 0x0000, 0x0000, 0x0000, 0x0000, 0x0000, 0x0000,
    0x0000, 0x0000, 0x0000, 0x0000, 0x0000, 0x0000, 0x0000, 0x0000,
    0x0000, 0x0000, 0x0000, 0x0000, 0x0000, 0x0000, 0x0000, 0x0000,
    0x0000, 0x0000, 0x0000, 0x0000, 0x0000, 0x0000, 0x0000, 0x0000,
    0x0000, 0x0000, 0x0000, 0x0000, 0x0000, 0x0000, 0x0000, 0x0000,
    0x0000, 0x0000, 0x0000, 0x0000, 0x0000, 0x0000, 0x0000, 0x0000,
    0x0000, 0x0000, 0x0000, 0x0000, 0x0000, 0x0000, 0x0000, 0x0000,
    0x0000, 0x0000, 0x0000, 0x0000, 0x0000, 0x0000, 0x0000, 0x0000,
    0x0000, 0x0000, 0x0000, 0x0000, 0x0000, 0x0000, 0x0000, 0x0000,
    0x0000, 0x0000, 0x0000, 0x0000, 0x0000, 0x0000, 0x0000, 0x0000,
    0x0000, 0x0000, 0x0000, 0x0000, 0x0000, 0x0000, 0x0000, 0x0000,
    0x0000, 0x0000, 0x0000, 0x0000, 0x0000, 0x0000, 0x0000, 0x0000,
    0x0000, 0x0000, 0x0000, 0x0000, 0x0000, 0x0000, 0x0000, 0x0000,
    0x0000, 0x0000, 0x0000, 0x0000, 0x0000, 0x0000, 0x0000, 0x0000,
    0x0000, 0x0000, 0x0000, 0x0000, 0x0000, 0x0000, 0x0000, 0x0000,
    0x0000, 0x0000, 0x0000, 0x0000, 0x0000, 0x0000, 0x0000, 0x0000,
    0x0000, 0x0000, 0x0000, 0x0000, 0x0000, 0x0000, 0x0000, 0x0000,
    0x0000, 0x0000, 0x0000, 0x0000, 0x0000, 0x0000, 0x0000, 0x0000,
    0x0000, 0x0000, 0x0000, 0x0000, 0x0000, 0x0000, 0x0000, 0x0000,
    0x0000, 0x0000, 0x0000, 0x0000, 0x0000, 0x0000, 0x0000, 0x0000,
    0x0000, 0x0000, 0x0000, 0x0000, 0x0000, 0x0000, 0x0000, 0x0000,
    0x0000, 0x0000, 0x0000, 0x0000, 0x0000, 0x0000, 0x0000, 0x0000,
    0x0000, 0x0000, 0x0000, 0x0000, 0x0000, 0x0000, 0x0000, 0x0000,
    0x0000, 0x0000, 0x0000, 0x0000, 0x0000, 0x0000, 0x0000, 0x0000,
    0x0000, 0x0000, 0x0000, 0x0000, 0x0000, 0x0000, 0x0000, 0x0000,
    0x0000, 0x0000, 0x0000, 0x0000, 0x0000, 0x0000, 0x0000, 0x0000,
    0x0000, 0x0000, 0x0000, 0x0000, 0x0000, 0x0000, 0x0000, 0x0000,
    0x0000, 0x0000, 0x0000, 0x0000, 0x0000, 0x0000, 0x0000, 0x0000,
    0x0000, 0x0000, 0x0000, 0x0000, 0x0000, 0x0000, 0x0000, 0x0000,
    0x0000, 0x0000, 0x0000, 0x0000, 0x0000, 0x0000, 0x0000, 0x0000,
    0x0000, 0x0000, 0x0000, 0x0000, 0x0000, 0x0000, 0x0000, 0x0000,
    0x0000, 0x0000, 0x0000, 0x0000, 0x0000, 0x0000, 0x0000, 0x0000,
    0x0000, 0x0000, 0x0000, 0x0000, 0x0000, 0x0000, 0x0000, 0x0000,
    0x0000, 0x0000, 0x0000, 0x0000, 0x0000, 0x0000, 0x0000, 0x0000,
    0x0000, 0x0000, 0x0000, 0x0000, 0x0000, 0x0000, 0x0000, 0x0000,
    0x0000, 0x0000, 0x0000, 0x0000, 0x0000, 0x0000, 0x0000, 0x0000,
    0x0000, 0x0000, 0x0000, 0x0000, 0x0000, 0x0000, 0x0000, 0x0000,
    0x0000, 0x0000, 0x0000, 0x0000, 0x0000, 0x0000, 0x0000, 0x0000,
    0x0000, 0x0000, 0x0000, 0x0000, 0x0000, 0x0000, 0x0000, 0x0000,
    0x0000, 0x0000, 0x0000, 0x0000, 0x0000, 0x0000, 0x0000, 0x0000,
    0x0000, 0x0000, 0x0000, 0x0000, 0x0000, 0x0000, 0x0000, 0x0000,
    0x0000, 0x0000, 0x0000, 0x0000, 0x0000, 0x0000, 0x0000, 0x0000,
    0x0000, 0x0000, 0x0000, 0x0000, 0x0000, 0x0000, 0x0000, 0x0000,
    0x0000, 0x0000, 0x0000, 0x0000, 0x0000, 0x0000, 0x0000, 0x0000,
    0x0000, 0x0000, 0x0000, 0x0000, 0x0000, 0x0000, 0x0000, 0x0000,
    0x0000, 0x0000, 0x0000, 0x0000, 0x0000, 0x0000, 0x0000, 0x0000,
    0x0000, 0x0000, 0x0000, 0x0000, 0x0000, 0x0000, 0x0000, 0x0000,
    0x0000, 0x0000, 0x0000, 0x0000, 0x0000, 0x0000, 0x0000, 0x0000,
    0x0000, 0x0000, 0x0000, 0x0000, 0x0000, 0x0000, 0x0000, 0x0000,
};

static const uint16_t pdr16_xt_forth_rom_chunk_3[8192] PROGMEM = {
    0x0000, 0x0000, 0x0000, 0x0000, 0x0000, 0x0000, 0x0000, 0x0000,
    0x0000, 0x0000, 0x0000, 0x0000, 0x0000, 0x0000, 0x0000, 0x0000,
    0x0000, 0x0000, 0x0000, 0x0000, 0x0000, 0x0000, 0x0000, 0x0000,
    0x0000, 0x0000, 0x0000, 0x0000, 0x0000, 0x0000, 0x0000, 0x0000,
    0x0000, 0x0000, 0x0000, 0x0000, 0x0000, 0x0000, 0x0000, 0x0000,
    0x0000, 0x0000, 0x0000, 0x0000, 0x0000, 0x0000, 0x0000, 0x0000,
    0x0000, 0x0000, 0x0000, 0x0000, 0x0000, 0x0000, 0x0000, 0x0000,
    0x0000, 0x0000, 0x0000, 0x0000, 0x0000, 0x0000, 0x0000, 0x0000,
    0x0000, 0x0000, 0x0000, 0x0000, 0x0000, 0x0000, 0x0000, 0x0000,
    0x0000, 0x0000, 0x0000, 0x0000, 0x0000, 0x0000, 0x0000, 0x0000,
    0x0000, 0x0000, 0x0000, 0x0000, 0x0000, 0x0000, 0x0000, 0x0000,
    0x0000, 0x0000, 0x0000, 0x0000, 0x0000, 0x0000, 0x0000, 0x0000,
    0x0000, 0x0000, 0x0000, 0x0000, 0x0000, 0x0000, 0x0000, 0x0000,
    0x0000, 0x0000, 0x0000, 0x0000, 0x0000, 0x0000, 0x0000, 0x0000,
    0x0000, 0x0000, 0x0000, 0x0000, 0x0000, 0x0000, 0x0000, 0x0000,
    0x0000, 0x0000, 0x0000, 0x0000, 0x0000, 0x0000, 0x0000, 0x0000,
    0x0000, 0x0000, 0x0000, 0x0000, 0x0000, 0x0000, 0x0000, 0x0000,
    0x0000, 0x0000, 0x0000, 0x0000, 0x0000, 0x0000, 0x0000, 0x0000,
    0x0000, 0x0000, 0x0000, 0x0000, 0x0000, 0x0000, 0x0000, 0x0000,
    0x0000, 0x0000, 0x0000, 0x0000, 0x0000, 0x0000, 0x0000, 0x0000,
    0x0000, 0x0000, 0x0000, 0x0000, 0x0000, 0x0000, 0x0000, 0x0000,
    0x0000, 0x0000, 0x0000, 0x0000, 0x0000, 0x0000, 0x0000, 0x0000,
    0x0000, 0x0000, 0x0000, 0x0000, 0x0000, 0x0000, 0x0000, 0x0000,
    0x0000, 0x0000, 0x0000, 0x0000, 0x0000, 0x0000, 0x0000, 0x0000,
    0x0000, 0x0000, 0x0000, 0x0000, 0x0000, 0x0000, 0x0000, 0x0000,
    0x0000, 0x0000, 0x0000, 0x0000, 0x0000, 0x0000, 0x0000, 0x0000,
    0x0000, 0x0000, 0x0000, 0x0000, 0x0000, 0x0000, 0x0000, 0x0000,
    0x0000, 0x0000, 0x0000, 0x0000, 0x0000, 0x0000, 0x0000, 0x0000,
    0x0000, 0x0000, 0x0000, 0x0000, 0x0000, 0x0000, 0x0000, 0x0000,
    0x0000, 0x0000, 0x0000, 0x0000, 0x0000, 0x0000, 0x0000, 0x0000,
    0x0000, 0x0000, 0x0000, 0x0000, 0x0000, 0x0000, 0x0000, 0x0000,
    0x0000, 0x0000, 0x0000, 0x0000, 0x0000, 0x0000, 0x0000, 0x0000,
    0x0000, 0x0000, 0x0000, 0x0000, 0x0000, 0x0000, 0x0000, 0x0000,
    0x0000, 0x0000, 0x0000, 0x0000, 0x0000, 0x0000, 0x0000, 0x0000,
    0x0000, 0x0000, 0x0000, 0x0000, 0x0000, 0x0000, 0x0000, 0x0000,
    0x0000, 0x0000, 0x0000, 0x0000, 0x0000, 0x0000, 0x0000, 0x0000,
    0x0000, 0x0000, 0x0000, 0x0000, 0x0000, 0x0000, 0x0000, 0x0000,
    0x0000, 0x0000, 0x0000, 0x0000, 0x0000, 0x0000, 0x0000, 0x0000,
    0x0000, 0x0000, 0x0000, 0x0000, 0x0000, 0x0000, 0x0000, 0x0000,
    0x0000, 0x0000, 0x0000, 0x0000, 0x0000, 0x0000, 0x0000, 0x0000,
    0x0000, 0x0000, 0x0000, 0x0000, 0x0000, 0x0000, 0x0000, 0x0000,
    0x0000, 0x0000, 0x0000, 0x0000, 0x0000, 0x0000, 0x0000, 0x0000,
    0x0000, 0x0000, 0x0000, 0x0000, 0x0000, 0x0000, 0x0000, 0x0000,
    0x0000, 0x0000, 0x0000, 0x0000, 0x0000, 0x0000, 0x0000, 0x0000,
    0x0000, 0x0000, 0x0000, 0x0000, 0x0000, 0x0000, 0x0000, 0x0000,
    0x0000, 0x0000, 0x0000, 0x0000, 0x0000, 0x0000, 0x0000, 0x0000,
    0x0000, 0x0000, 0x0000, 0x0000, 0x0000, 0x0000, 0x0000, 0x0000,
    0x0000, 0x0000, 0x0000, 0x0000, 0x0000, 0x0000, 0x0000, 0x0000,
    0x0000, 0x0000, 0x0000, 0x0000, 0x0000, 0x0000, 0x0000, 0x0000,
    0x0000, 0x0000, 0x0000, 0x0000, 0x0000, 0x0000, 0x0000, 0x0000,
    0x0000, 0x0000, 0x0000, 0x0000, 0x0000, 0x0000, 0x0000, 0x0000,
    0x0000, 0x0000, 0x0000, 0x0000, 0x0000, 0x0000, 0x0000, 0x0000,
    0x0000, 0x0000, 0x0000, 0x0000, 0x0000, 0x0000, 0x0000, 0x0000,
    0x0000, 0x0000, 0x0000, 0x0000, 0x0000, 0x0000, 0x0000, 0x0000,
    0x0000, 0x0000, 0x0000, 0x0000, 0x0000, 0x0000, 0x0000, 0x0000,
    0x0000, 0x0000, 0x0000, 0x0000, 0x0000, 0x0000, 0x0000, 0x0000,
    0x0000, 0x0000, 0x0000, 0x0000, 0x0000, 0x0000, 0x0000, 0x0000,
    0x0000, 0x0000, 0x0000, 0x0000, 0x0000, 0x0000, 0x0000, 0x0000,
    0x0000, 0x0000, 0x0000, 0x0000, 0x0000, 0x0000, 0x0000, 0x0000,
    0x0000, 0x0000, 0x0000, 0x0000, 0x0000, 0x0000, 0x0000, 0x0000,
    0x0000, 0x0000, 0x0000, 0x0000, 0x0000, 0x0000, 0x0000, 0x0000,
    0x0000, 0x0000, 0x0000, 0x0000, 0x0000, 0x0000, 0x0000, 0x0000,
    0x0000, 0x0000, 0x0000, 0x0000, 0x0000, 0x0000, 0x0000, 0x0000,
    0x0000, 0x0000, 0x0000, 0x0000, 0x0000, 0x0000, 0x0000, 0x0000,
    0x0000, 0x0000, 0x0000, 0x0000, 0x0000, 0x0000, 0x0000, 0x0000,
    0x0000, 0x0000, 0x0000, 0x0000, 0x0000, 0x0000, 0x0000, 0x0000,
    0x0000, 0x0000, 0x0000, 0x0000, 0x0000, 0x0000, 0x0000, 0x0000,
    0x0000, 0x0000, 0x0000, 0x0000, 0x0000, 0x0000, 0x0000, 0x0000,
    0x0000, 0x0000, 0x0000, 0x0000, 0x0000, 0x0000, 0x0000, 0x0000,
    0x0000, 0x0000, 0x0000, 0x0000, 0x0000, 0x0000, 0x0000, 0x0000,
    0x0000, 0x0000, 0x0000, 0x0000, 0x0000, 0x0000, 0x0000, 0x0000,
    0x0000, 0x0000, 0x0000, 0x0000, 0x0000, 0x0000, 0x0000, 0x0000,
    0x0000, 0x0000, 0x0000, 0x0000, 0x0000, 0x0000, 0x0000, 0x0000,
    0x0000, 0x0000, 0x0000, 0x0000, 0x0000, 0x0000, 0x0000, 0x0000,
    0x0000, 0x0000, 0x0000, 0x0000, 0x0000, 0x0000, 0x0000, 0x0000,
    0x0000, 0x0000, 0x0000, 0x0000, 0x0000, 0x0000, 0x0000, 0x0000,
    0x0000, 0x0000, 0x0000, 0x0000, 0x0000, 0x0000, 0x0000, 0x0000,
    0x0000, 0x0000, 0x0000, 0x0000, 0x0000, 0x0000, 0x0000, 0x0000,
    0x0000, 0x0000, 0x0000, 0x0000, 0x0000, 0x0000, 0x0000, 0x0000,
    0x0000, 0x0000, 0x0000, 0x0000, 0x0000, 0x0000, 0x0000, 0x0000,
    0x0000, 0x0000, 0x0000, 0x0000, 0x0000, 0x0000, 0x0000, 0x0000,
    0x0000, 0x0000, 0x0000, 0x0000, 0x0000, 0x0000, 0x0000, 0x0000,
    0x0000, 0x0000, 0x0000, 0x0000, 0x0000, 0x0000, 0x0000, 0x0000,
    0x0000, 0x0000, 0x0000, 0x0000, 0x0000, 0x0000, 0x0000, 0x0000,
    0x0000, 0x0000, 0x0000, 0x0000, 0x0000, 0x0000, 0x0000, 0x0000,
    0x0000, 0x0000, 0x0000, 0x0000, 0x0000, 0x0000, 0x0000, 0x0000,
    0x0000, 0x0000, 0x0000, 0x0000, 0x0000, 0x0000, 0x0000, 0x0000,
    0x0000, 0x0000, 0x0000, 0x0000, 0x0000, 0x0000, 0x0000, 0x0000,
    0x0000, 0x0000, 0x0000, 0x0000, 0x0000, 0x0000, 0x0000, 0x0000,
    0x0000, 0x0000, 0x0000, 0x0000, 0x0000, 0x0000, 0x0000, 0x0000,
    0x0000, 0x0000, 0x0000, 0x0000, 0x0000, 0x0000, 0x0000, 0x0000,
    0x0000, 0x0000, 0x0000, 0x0000, 0x0000, 0x0000, 0x0000, 0x0000,
    0x0000, 0x0000, 0x0000, 0x0000, 0x0000, 0x0000, 0x0000, 0x0000,
    0x0000, 0x0000, 0x0000, 0x0000, 0x0000, 0x0000, 0x0000, 0x0000,
    0x0000, 0x0000, 0x0000, 0x0000, 0x0000, 0x0000, 0x0000, 0x0000,
    0x0000, 0x0000, 0x0000, 0x0000, 0x0000, 0x0000, 0x0000, 0x0000,
    0x0000, 0x0000, 0x0000, 0x0000, 0x0000, 0x0000, 0x0000, 0x0000,
    0x0000, 0x0000, 0x0000, 0x0000, 0x0000, 0x0000, 0x0000, 0x0000,
    0x0000, 0x0000, 0x0000, 0x0000, 0x0000, 0x0000, 0x0000, 0x0000,
    0x0000, 0x0000, 0x0000, 0x0000, 0x0000, 0x0000, 0x0000, 0x0000,
    0x0000, 0x0000, 0x0000, 0x0000, 0x0000, 0x0000, 0x0000, 0x0000,
    0x0000, 0x0000, 0x0000, 0x0000, 0x0000, 0x0000, 0x0000, 0x0000,
    0x0000, 0x0000, 0x0000, 0x0000, 0x0000, 0x0000, 0x0000, 0x0000,
    0x0000, 0x0000, 0x0000, 0x0000, 0x0000, 0x0000, 0x0000, 0x0000,
    0x0000, 0x0000, 0x0000, 0x0000, 0x0000, 0x0000, 0x0000, 0x0000,
    0x0000, 0x0000, 0x0000, 0x0000, 0x0000, 0x0000, 0x0000, 0x0000,
    0x0000, 0x0000, 0x0000, 0x0000, 0x0000, 0x0000, 0x0000, 0x0000,
    0x0000, 0x0000, 0x0000, 0x0000, 0x0000, 0x0000, 0x0000, 0x0000,
    0x0000, 0x0000, 0x0000, 0x0000, 0x0000, 0x0000, 0x0000, 0x0000,
    0x0000, 0x0000, 0x0000, 0x0000, 0x0000, 0x0000, 0x0000, 0x0000,
    0x0000, 0x0000, 0x0000, 0x0000, 0x0000, 0x0000, 0x0000, 0x0000,
    0x0000, 0x0000, 0x0000, 0x0000, 0x0000, 0x0000, 0x0000, 0x0000,
    0x0000, 0x0000, 0x0000, 0x0000, 0x0000, 0x0000, 0x0000, 0x0000,
    0x0000, 0x0000, 0x0000, 0x0000, 0x0000, 0x0000, 0x0000, 0x0000,
    0x0000, 0x0000, 0x0000, 0x0000, 0x0000, 0x0000, 0x0000, 0x0000,
    0x0000, 0x0000, 0x0000, 0x0000, 0x0000, 0x0000, 0x0000, 0x0000,
    0x0000, 0x0000, 0x0000, 0x0000, 0x0000, 0x0000, 0x0000, 0x0000,
    0x0000, 0x0000, 0x0000, 0x0000, 0x0000, 0x0000, 0x0000, 0x0000,
    0x0000, 0x0000, 0x0000, 0x0000, 0x0000, 0x0000, 0x0000, 0x0000,
    0x0000, 0x0000, 0x0000, 0x0000, 0x0000, 0x0000, 0x0000, 0x0000,
    0x0000, 0x0000, 0x0000, 0x0000, 0x0000, 0x0000, 0x0000, 0x0000,
    0x0000, 0x0000, 0x0000, 0x0000, 0x0000, 0x0000, 0x0000, 0x0000,
    0x0000, 0x0000, 0x0000, 0x0000, 0x0000, 0x0000, 0x0000, 0x0000,
    0x0000, 0x0000, 0x0000, 0x0000, 0x0000, 0x0000, 0x0000, 0x0000,
    0x0000, 0x0000, 0x0000, 0x0000, 0x0000, 0x0000, 0x0000, 0x0000,
    0x0000, 0x0000, 0x0000, 0x0000, 0x0000, 0x0000, 0x0000, 0x0000,
    0x0000, 0x0000, 0x0000, 0x0000, 0x0000, 0x0000, 0x0000, 0x0000,
    0x0000, 0x0000, 0x0000, 0x0000, 0x0000, 0x0000, 0x0000, 0x0000,
    0x0000, 0x0000, 0x0000, 0x0000, 0x0000, 0x0000, 0x0000, 0x0000,
    0x0000, 0x0000, 0x0000, 0x0000, 0x0000, 0x0000, 0x0000, 0x0000,
    0x0000, 0x0000, 0x0000, 0x0000, 0x0000, 0x0000, 0x0000, 0x0000,
    0x0000, 0x0000, 0x0000, 0x0000, 0x0000, 0x0000, 0x0000, 0x0000,
    0x0000, 0x0000, 0x0000, 0x0000, 0x0000, 0x0000, 0x0000, 0x0000,
    0x0000, 0x0000, 0x0000, 0x0000, 0x0000, 0x0000, 0x0000, 0x0000,
    0x0000, 0x0000, 0x0000, 0x0000, 0x0000, 0x0000, 0x0000, 0x0000,
    0x0000, 0x0000, 0x0000, 0x0000, 0x0000, 0x0000, 0x0000, 0x0000,
    0x0000, 0x0000, 0x0000, 0x0000, 0x0000, 0x0000, 0x0000, 0x0000,
    0x0000, 0x0000, 0x0000, 0x0000, 0x0000, 0x0000, 0x0000, 0x0000,
    0x0000, 0x0000, 0x0000, 0x0000, 0x0000, 0x0000, 0x0000, 0x0000,
    0x0000, 0x0000, 0x0000, 0x0000, 0x0000, 0x0000, 0x0000, 0x0000,
    0x0000, 0x0000, 0x0000, 0x0000, 0x0000, 0x0000, 0x0000, 0x0000,
    0x0000, 0x0000, 0x0000, 0x0000, 0x0000, 0x0000, 0x0000, 0x0000,
    0x0000, 0x0000, 0x0000, 0x0000, 0x0000, 0x0000, 0x0000, 0x0000,
    0x0000, 0x0000, 0x0000, 0x0000, 0x0000, 0x0000, 0x0000, 0x0000,
    0x0000, 0x0000, 0x0000, 0x0000, 0x0000, 0x0000, 0x0000, 0x0000,
    0x0000, 0x0000, 0x0000, 0x0000, 0x0000, 0x0000, 0x0000, 0x0000,
    0x0000, 0x0000, 0x0000, 0x0000, 0x0000, 0x0000, 0x0000, 0x0000,
    0x0000, 0x0000, 0x0000, 0x0000, 0x0000, 0x0000, 0x0000, 0x0000,
    0x0000, 0x0000, 0x0000, 0x0000, 0x0000, 0x0000, 0x0000, 0x0000,
    0x0000, 0x0000, 0x0000, 0x0000, 0x0000, 0x0000, 0x0000, 0x0000,
    0x0000, 0x0000, 0x0000, 0x0000, 0x0000, 0x0000, 0x0000, 0x0000,
    0x0000, 0x0000, 0x0000, 0x0000, 0x0000, 0x0000, 0x0000, 0x0000,
    0x0000, 0x0000, 0x0000, 0x0000, 0x0000, 0x0000, 0x0000, 0x0000,
    0x0000, 0x0000, 0x0000, 0x0000, 0x0000, 0x0000, 0x0000, 0x0000,
    0x0000, 0x0000, 0x0000, 0x0000, 0x0000, 0x0000, 0x0000, 0x0000,
    0x0000, 0x0000, 0x0000, 0x0000, 0x0000, 0x0000, 0x0000, 0x0000,
    0x0000, 0x0000, 0x0000, 0x0000, 0x0000, 0x0000, 0x0000, 0x0000,
    0x0000, 0x0000, 0x0000, 0x0000, 0x0000, 0x0000, 0x0000, 0x0000,
    0x0000, 0x0000, 0x0000, 0x0000, 0x0000, 0x0000, 0x0000, 0x0000,
    0x0000, 0x0000, 0x0000, 0x0000, 0x0000, 0x0000, 0x0000, 0x0000,
    0x0000, 0x0000, 0x0000, 0x0000, 0x0000, 0x0000, 0x0000, 0x0000,
    0x0000, 0x0000, 0x0000, 0x0000, 0x0000, 0x0000, 0x0000, 0x0000,
    0x0000, 0x0000, 0x0000, 0x0000, 0x0000, 0x0000, 0x0000, 0x0000,
    0x0000, 0x0000, 0x0000, 0x0000, 0x0000, 0x0000, 0x0000, 0x0000,
    0x0000, 0x0000, 0x0000, 0x0000, 0x0000, 0x0000, 0x0000, 0x0000,
    0x0000, 0x0000, 0x0000, 0x0000, 0x0000, 0x0000, 0x0000, 0x0000,
    0x0000, 0x0000, 0x0000, 0x0000, 0x0000, 0x0000, 0x0000, 0x0000,
    0x0000, 0x0000, 0x0000, 0x0000, 0x0000, 0x0000, 0x0000, 0x0000,
    0x0000, 0x0000, 0x0000, 0x0000, 0x0000, 0x0000, 0x0000, 0x0000,
    0x0000, 0x0000, 0x0000, 0x0000, 0x0000, 0x0000, 0x0000, 0x0000,
    0x0000, 0x0000, 0x0000, 0x0000, 0x0000, 0x0000, 0x0000, 0x0000,
    0x0000, 0x0000, 0x0000, 0x0000, 0x0000, 0x0000, 0x0000, 0x0000,
    0x0000, 0x0000, 0x0000, 0x0000, 0x0000, 0x0000, 0x0000, 0x0000,
    0x0000, 0x0000, 0x0000, 0x0000, 0x0000, 0x0000, 0x0000, 0x0000,
    0x0000, 0x0000, 0x0000, 0x0000, 0x0000, 0x0000, 0x0000, 0x0000,
    0x0000, 0x0000, 0x0000, 0x0000, 0x0000, 0x0000, 0x0000, 0x0000,
    0x0000, 0x0000, 0x0000, 0x0000, 0x0000, 0x0000, 0x0000, 0x0000,
    0x0000, 0x0000, 0x0000, 0x0000, 0x0000, 0x0000, 0x0000, 0x0000,
    0x0000, 0x0000, 0x0000, 0x0000, 0x0000, 0x0000, 0x0000, 0x0000,
    0x0000, 0x0000, 0x0000, 0x0000, 0x0000, 0x0000, 0x0000, 0x0000,
    0x0000, 0x0000, 0x0000, 0x0000, 0x0000, 0x0000, 0x0000, 0x0000,
    0x0000, 0x0000, 0x0000, 0x0000, 0x0000, 0x0000, 0x0000, 0x0000,
    0x0000, 0x0000, 0x0000, 0x0000, 0x0000, 0x0000, 0x0000, 0x0000,
    0x0000, 0x0000, 0x0000, 0x0000, 0x0000, 0x0000, 0x0000, 0x0000,
    0x0000, 0x0000, 0x0000, 0x0000, 0x0000, 0x0000, 0x0000, 0x0000,
    0x0000, 0x0000, 0x0000, 0x0000, 0x0000, 0x0000, 0x0000, 0x0000,
    0x0000, 0x0000, 0x0000, 0x0000, 0x0000, 0x0000, 0x0000, 0x0000,
    0x0000, 0x0000, 0x0000, 0x0000, 0x0000, 0x0000, 0x0000, 0x0000,
    0x0000, 0x0000, 0x0000, 0x0000, 0x0000, 0x0000, 0x0000, 0x0000,
    0x0000, 0x0000, 0x0000, 0x0000, 0x0000, 0x0000, 0x0000, 0x0000,
    0x0000, 0x0000, 0x0000, 0x0000, 0x0000, 0x0000, 0x0000, 0x0000,
    0x0000, 0x0000, 0x0000, 0x0000, 0x0000, 0x0000, 0x0000, 0x0000,
    0x0000, 0x0000, 0x0000, 0x0000, 0x0000, 0x0000, 0x0000, 0x0000,
    0x0000, 0x0000, 0x0000, 0x0000, 0x0000, 0x0000, 0x0000, 0x0000,
    0x0000, 0x0000, 0x0000, 0x0000, 0x0000, 0x0000, 0x0000, 0x0000,
    0x0000, 0x0000, 0x0000, 0x0000, 0x0000, 0x0000, 0x0000, 0x0000,
    0x0000, 0x0000, 0x0000, 0x0000, 0x0000, 0x0000, 0x0000, 0x0000,
    0x0000, 0x0000, 0x0000, 0x0000, 0x0000, 0x0000, 0x0000, 0x0000,
    0x0000, 0x0000, 0x0000, 0x0000, 0x0000, 0x0000, 0x0000, 0x0000,
    0x0000, 0x0000, 0x0000, 0x0000, 0x0000, 0x0000, 0x0000, 0x0000,
    0x0000, 0x0000, 0x0000, 0x0000, 0x0000, 0x0000, 0x0000, 0x0000,
    0x0000, 0x0000, 0x0000, 0x0000, 0x0000, 0x0000, 0x0000, 0x0000,
    0x0000, 0x0000, 0x0000, 0x0000, 0x0000, 0x0000, 0x0000, 0x0000,
    0x0000, 0x0000, 0x0000, 0x0000, 0x0000, 0x0000, 0x0000, 0x0000,
    0x0000, 0x0000, 0x0000, 0x0000, 0x0000, 0x0000, 0x0000, 0x0000,
    0x0000, 0x0000, 0x0000, 0x0000, 0x0000, 0x0000, 0x0000, 0x0000,
    0x0000, 0x0000, 0x0000, 0x0000, 0x0000, 0x0000, 0x0000, 0x0000,
    0x0000, 0x0000, 0x0000, 0x0000, 0x0000, 0x0000, 0x0000, 0x0000,
    0x0000, 0x0000, 0x0000, 0x0000, 0x0000, 0x0000, 0x0000, 0x0000,
    0x0000, 0x0000, 0x0000, 0x0000, 0x0000, 0x0000, 0x0000, 0x0000,
    0x0000, 0x0000, 0x0000, 0x0000, 0x0000, 0x0000, 0x0000, 0x0000,
    0x0000, 0x0000, 0x0000, 0x0000, 0x0000, 0x0000, 0x0000, 0x0000,
    0x0000, 0x0000, 0x0000, 0x0000, 0x0000, 0x0000, 0x0000, 0x0000,
    0x0000, 0x0000, 0x0000, 0x0000, 0x0000, 0x0000, 0x0000, 0x0000,
    0x0000, 0x0000, 0x0000, 0x0000, 0x0000, 0x0000, 0x0000, 0x0000,
    0x0000, 0x0000, 0x0000, 0x0000, 0x0000, 0x0000, 0x0000, 0x0000,
    0x0000, 0x0000, 0x0000, 0x0000, 0x0000, 0x0000, 0x0000, 0x0000,
    0x0000, 0x0000, 0x0000, 0x0000, 0x0000, 0x0000, 0x0000, 0x0000,
    0x0000, 0x0000, 0x0000, 0x0000, 0x0000, 0x0000, 0x0000, 0x0000,
    0x0000, 0x0000, 0x0000, 0x0000, 0x0000, 0x0000, 0x0000, 0x0000,
    0x0000, 0x0000, 0x0000, 0x0000, 0x0000, 0x0000, 0x0000, 0x0000,
    0x0000, 0x0000, 0x0000, 0x0000, 0x0000, 0x0000, 0x0000, 0x0000,
    0x0000, 0x0000, 0x0000, 0x0000, 0x0000, 0x0000, 0x0000, 0x0000,
    0x0000, 0x0000, 0x0000, 0x0000, 0x0000, 0x0000, 0x0000, 0x0000,
    0x0000, 0x0000, 0x0000, 0x0000, 0x0000, 0x0000, 0x0000, 0x0000,
    0x0000, 0x0000, 0x0000, 0x0000, 0x0000, 0x0000, 0x0000, 0x0000,
    0x0000, 0x0000, 0x0000, 0x0000, 0x0000, 0x0000, 0x0000, 0x0000,
    0x0000, 0x0000, 0x0000, 0x0000, 0x0000, 0x0000, 0x0000, 0x0000,
    0x0000, 0x0000, 0x0000, 0x0000, 0x0000, 0x0000, 0x0000, 0x0000,
    0x0000, 0x0000, 0x0000, 0x0000, 0x0000, 0x0000, 0x0000, 0x0000,
    0x0000, 0x0000, 0x0000, 0x0000, 0x0000, 0x0000, 0x0000, 0x0000,
    0x0000, 0x0000, 0x0000, 0x0000, 0x0000, 0x0000, 0x0000, 0x0000,
    0x0000, 0x0000, 0x0000, 0x0000, 0x0000, 0x0000, 0x0000, 0x0000,
    0x0000, 0x0000, 0x0000, 0x0000, 0x0000, 0x0000, 0x0000, 0x0000,
    0x0000, 0x0000, 0x0000, 0x0000, 0x0000, 0x0000, 0x0000, 0x0000,
    0x0000, 0x0000, 0x0000, 0x0000, 0x0000, 0x0000, 0x0000, 0x0000,
    0x0000, 0x0000, 0x0000, 0x0000, 0x0000, 0x0000, 0x0000, 0x0000,
    0x0000, 0x0000, 0x0000, 0x0000, 0x0000, 0x0000, 0x0000, 0x0000,
    0x0000, 0x0000, 0x0000, 0x0000, 0x0000, 0x0000, 0x0000, 0x0000,
    0x0000, 0x0000, 0x0000, 0x0000, 0x0000, 0x0000, 0x0000, 0x0000,
    0x0000, 0x0000, 0x0000, 0x0000, 0x0000, 0x0000, 0x0000, 0x0000,
    0x0000, 0x0000, 0x0000, 0x0000, 0x0000, 0x0000, 0x0000, 0x0000,
    0x0000, 0x0000, 0x0000, 0x0000, 0x0000, 0x0000, 0x0000, 0x0000,
    0x0000, 0x0000, 0x0000, 0x0000, 0x0000, 0x0000, 0x0000, 0x0000,
    0x0000, 0x0000, 0x0000, 0x0000, 0x0000, 0x0000, 0x0000, 0x0000,
    0x0000, 0x0000, 0x0000, 0x0000, 0x0000, 0x0000, 0x0000, 0x0000,
    0x0000, 0x0000, 0x0000, 0x0000, 0x0000, 0x0000, 0x0000, 0x0000,
    0x0000, 0x0000, 0x0000, 0x0000, 0x0000, 0x0000, 0x0000, 0x0000,
    0x0000, 0x0000, 0x0000, 0x0000, 0x0000, 0x0000, 0x0000, 0x0000,
    0x0000, 0x0000, 0x0000, 0x0000, 0x0000, 0x0000, 0x0000, 0x0000,
    0x0000, 0x0000, 0x0000, 0x0000, 0x0000, 0x0000, 0x0000, 0x0000,
    0x0000, 0x0000, 0x0000, 0x0000, 0x0000, 0x0000, 0x0000, 0x0000,
    0x0000, 0x0000, 0x0000, 0x0000, 0x0000, 0x0000, 0x0000, 0x0000,
    0x0000, 0x0000, 0x0000, 0x0000, 0x0000, 0x0000, 0x0000, 0x0000,
    0x0000, 0x0000, 0x0000, 0x0000, 0x0000, 0x0000, 0x0000, 0x0000,
    0x0000, 0x0000, 0x0000, 0x0000, 0x0000, 0x0000, 0x0000, 0x0000,
    0x0000, 0x0000, 0x0000, 0x0000, 0x0000, 0x0000, 0x0000, 0x0000,
    0x0000, 0x0000, 0x0000, 0x0000, 0x0000, 0x0000, 0x0000, 0x0000,
    0x0000, 0x0000, 0x0000, 0x0000, 0x0000, 0x0000, 0x0000, 0x0000,
    0x0000, 0x0000, 0x0000, 0x0000, 0x0000, 0x0000, 0x0000, 0x0000,
    0x0000, 0x0000, 0x0000, 0x0000, 0x0000, 0x0000, 0x0000, 0x0000,
    0x0000, 0x0000, 0x0000, 0x0000, 0x0000, 0x0000, 0x0000, 0x0000,
    0x0000, 0x0000, 0x0000, 0x0000, 0x0000, 0x0000, 0x0000, 0x0000,
    0x0000, 0x0000, 0x0000, 0x0000, 0x0000, 0x0000, 0x0000, 0x0000,
    0x0000, 0x0000, 0x0000, 0x0000, 0x0000, 0x0000, 0x0000, 0x0000,
    0x0000, 0x0000, 0x0000, 0x0000, 0x0000, 0x0000, 0x0000, 0x0000,
    0x0000, 0x0000, 0x0000, 0x0000, 0x0000, 0x0000, 0x0000, 0x0000,
    0x0000, 0x0000, 0x0000, 0x0000, 0x0000, 0x0000, 0x0000, 0x0000,
    0x0000, 0x0000, 0x0000, 0x0000, 0x0000, 0x0000, 0x0000, 0x0000,
    0x0000, 0x0000, 0x0000, 0x0000, 0x0000, 0x0000, 0x0000, 0x0000,
    0x0000, 0x0000, 0x0000, 0x0000, 0x0000, 0x0000, 0x0000, 0x0000,
    0x0000, 0x0000, 0x0000, 0x0000, 0x0000, 0x0000, 0x0000, 0x0000,
    0x0000, 0x0000, 0x0000, 0x0000, 0x0000, 0x0000, 0x0000, 0x0000,
    0x0000, 0x0000, 0x0000, 0x0000, 0x0000, 0x0000, 0x0000, 0x0000,
    0x0000, 0x0000, 0x0000, 0x0000, 0x0000, 0x0000, 0x0000, 0x0000,
    0x0000, 0x0000, 0x0000, 0x0000, 0x0000, 0x0000, 0x0000, 0x0000,
    0x0000, 0x0000, 0x0000, 0x0000, 0x0000, 0x0000, 0x0000, 0x0000,
    0x0000, 0x0000, 0x0000, 0x0000, 0x0000, 0x0000, 0x0000, 0x0000,
    0x0000, 0x0000, 0x0000, 0x0000, 0x0000, 0x0000, 0x0000, 0x0000,
    0x0000, 0x0000, 0x0000, 0x0000, 0x0000, 0x0000, 0x0000, 0x0000,
    0x0000, 0x0000, 0x0000, 0x0000, 0x0000, 0x0000, 0x0000, 0x0000,
    0x0000, 0x0000, 0x0000, 0x0000, 0x0000, 0x0000, 0x0000, 0x0000,
    0x0000, 0x0000, 0x0000, 0x0000, 0x0000, 0x0000, 0x0000, 0x0000,
    0x0000, 0x0000, 0x0000, 0x0000, 0x0000, 0x0000, 0x0000, 0x0000,
    0x0000, 0x0000, 0x0000, 0x0000, 0x0000, 0x0000, 0x0000, 0x0000,
    0x0000, 0x0000, 0x0000, 0x0000, 0x0000, 0x0000, 0x0000, 0x0000,
    0x0000, 0x0000, 0x0000, 0x0000, 0x0000, 0x0000, 0x0000, 0x0000,
    0x0000, 0x0000, 0x0000, 0x0000, 0x0000, 0x0000, 0x0000, 0x0000,
    0x0000, 0x0000, 0x0000, 0x0000, 0x0000, 0x0000, 0x0000, 0x0000,
    0x0000, 0x0000, 0x0000, 0x0000, 0x0000, 0x0000, 0x0000, 0x0000,
    0x0000, 0x0000, 0x0000, 0x0000, 0x0000, 0x0000, 0x0000, 0x0000,
    0x0000, 0x0000, 0x0000, 0x0000, 0x0000, 0x0000, 0x0000, 0x0000,
    0x0000, 0x0000, 0x0000, 0x0000, 0x0000, 0x0000, 0x0000, 0x0000,
    0x0000, 0x0000, 0x0000, 0x0000, 0x0000, 0x0000, 0x0000, 0x0000,
    0x0000, 0x0000, 0x0000, 0x0000, 0x0000, 0x0000, 0x0000, 0x0000,
    0x0000, 0x0000, 0x0000, 0x0000, 0x0000, 0x0000, 0x0000, 0x0000,
    0x0000, 0x0000, 0x0000, 0x0000, 0x0000, 0x0000, 0x0000, 0x0000,
    0x0000, 0x0000, 0x0000, 0x0000, 0x0000, 0x0000, 0x0000, 0x0000,
    0x0000, 0x0000, 0x0000, 0x0000, 0x0000, 0x0000, 0x0000, 0x0000,
    0x0000, 0x0000, 0x0000, 0x0000, 0x0000, 0x0000, 0x0000, 0x0000,
    0x0000, 0x0000, 0x0000, 0x0000, 0x0000, 0x0000, 0x0000, 0x0000,
    0x0000, 0x0000, 0x0000, 0x0000, 0x0000, 0x0000, 0x0000, 0x0000,
    0x0000, 0x0000, 0x0000, 0x0000, 0x0000, 0x0000, 0x0000, 0x0000,
    0x0000, 0x0000, 0x0000, 0x0000, 0x0000, 0x0000, 0x0000, 0x0000,
    0x0000, 0x0000, 0x0000, 0x0000, 0x0000, 0x0000, 0x0000, 0x0000,
    0x0000, 0x0000, 0x0000, 0x0000, 0x0000, 0x0000, 0x0000, 0x0000,
    0x0000, 0x0000, 0x0000, 0x0000, 0x0000, 0x0000, 0x0000, 0x0000,
    0x0000, 0x0000, 0x0000, 0x0000, 0x0000, 0x0000, 0x0000, 0x0000,
    0x0000, 0x0000, 0x0000, 0x0000, 0x0000, 0x0000, 0x0000, 0x0000,
    0x0000, 0x0000, 0x0000, 0x0000, 0x0000, 0x0000, 0x0000, 0x0000,
    0x0000, 0x0000, 0x0000, 0x0000, 0x0000, 0x0000, 0x0000, 0x0000,
    0x0000, 0x0000, 0x0000, 0x0000, 0x0000, 0x0000, 0x0000, 0x0000,
    0x0000, 0x0000, 0x0000, 0x0000, 0x0000, 0x0000, 0x0000, 0x0000,
    0x0000, 0x0000, 0x0000, 0x0000, 0x0000, 0x0000, 0x0000, 0x0000,
    0x0000, 0x0000, 0x0000, 0x0000, 0x0000, 0x0000, 0x0000, 0x0000,
    0x0000, 0x0000, 0x0000, 0x0000, 0x0000, 0x0000, 0x0000, 0x0000,
    0x0000, 0x0000, 0x0000, 0x0000, 0x0000, 0x0000, 0x0000, 0x0000,
    0x0000, 0x0000, 0x0000, 0x0000, 0x0000, 0x0000, 0x0000, 0x0000,
    0x0000, 0x0000, 0x0000, 0x0000, 0x0000, 0x0000, 0x0000, 0x0000,
    0x0000, 0x0000, 0x0000, 0x0000, 0x0000, 0x0000, 0x0000, 0x0000,
    0x0000, 0x0000, 0x0000, 0x0000, 0x0000, 0x0000, 0x0000, 0x0000,
    0x0000, 0x0000, 0x0000, 0x0000, 0x0000, 0x0000, 0x0000, 0x0000,
    0x0000, 0x0000, 0x0000, 0x0000, 0x0000, 0x0000, 0x0000, 0x0000,
    0x0000, 0x0000, 0x0000, 0x0000, 0x0000, 0x0000, 0x0000, 0x0000,
    0x0000, 0x0000, 0x0000, 0x0000, 0x0000, 0x0000, 0x0000, 0x0000,
    0x0000, 0x0000, 0x0000, 0x0000, 0x0000, 0x0000, 0x0000, 0x0000,
    0x0000, 0x0000, 0x0000, 0x0000, 0x0000, 0x0000, 0x0000, 0x0000,
    0x0000, 0x0000, 0x0000, 0x0000, 0x0000, 0x0000, 0x0000, 0x0000,
    0x0000, 0x0000, 0x0000, 0x0000, 0x0000, 0x0000, 0x0000, 0x0000,
    0x0000, 0x0000, 0x0000, 0x0000, 0x0000, 0x0000, 0x0000, 0x0000,
    0x0000, 0x0000, 0x0000, 0x0000, 0x0000, 0x0000, 0x0000, 0x0000,
    0x0000, 0x0000, 0x0000, 0x0000, 0x0000, 0x0000, 0x0000, 0x0000,
    0x0000, 0x0000, 0x0000, 0x0000, 0x0000, 0x0000, 0x0000, 0x0000,
    0x0000, 0x0000, 0x0000, 0x0000, 0x0000, 0x0000, 0x0000, 0x0000,
    0x0000, 0x0000, 0x0000, 0x0000, 0x0000, 0x0000, 0x0000, 0x0000,
    0x0000, 0x0000, 0x0000, 0x0000, 0x0000, 0x0000, 0x0000, 0x0000,
    0x0000, 0x0000, 0x0000, 0x0000, 0x0000, 0x0000, 0x0000, 0x0000,
    0x0000, 0x0000, 0x0000, 0x0000, 0x0000, 0x0000, 0x0000, 0x0000,
    0x0000, 0x0000, 0x0000, 0x0000, 0x0000, 0x0000, 0x0000, 0x0000,
    0x0000, 0x0000, 0x0000, 0x0000, 0x0000, 0x0000, 0x0000, 0x0000,
    0x0000, 0x0000, 0x0000, 0x0000, 0x0000, 0x0000, 0x0000, 0x0000,
    0x0000, 0x0000, 0x0000, 0x0000, 0x0000, 0x0000, 0x0000, 0x0000,
    0x0000, 0x0000, 0x0000, 0x0000, 0x0000, 0x0000, 0x0000, 0x0000,
    0x0000, 0x0000, 0x0000, 0x0000, 0x0000, 0x0000, 0x0000, 0x0000,
    0x0000, 0x0000, 0x0000, 0x0000, 0x0000, 0x0000, 0x0000, 0x0000,
    0x0000, 0x0000, 0x0000, 0x0000, 0x0000, 0x0000, 0x0000, 0x0000,
    0x0000, 0x0000, 0x0000, 0x0000, 0x0000, 0x0000, 0x0000, 0x0000,
    0x0000, 0x0000, 0x0000, 0x0000, 0x0000, 0x0000, 0x0000, 0x0000,
    0x0000, 0x0000, 0x0000, 0x0000, 0x0000, 0x0000, 0x0000, 0x0000,
    0x0000, 0x0000, 0x0000, 0x0000, 0x0000, 0x0000, 0x0000, 0x0000,
    0x0000, 0x0000, 0x0000, 0x0000, 0x0000, 0x0000, 0x0000, 0x0000,
    0x0000, 0x0000, 0x0000, 0x0000, 0x0000, 0x0000, 0x0000, 0x0000,
    0x0000, 0x0000, 0x0000, 0x0000, 0x0000, 0x0000, 0x0000, 0x0000,
    0x0000, 0x0000, 0x0000, 0x0000, 0x0000, 0x0000, 0x0000, 0x0000,
    0x0000, 0x0000, 0x0000, 0x0000, 0x0000, 0x0000, 0x0000, 0x0000,
    0x0000, 0x0000, 0x0000, 0x0000, 0x0000, 0x0000, 0x0000, 0x0000,
    0x0000, 0x0000, 0x0000, 0x0000, 0x0000, 0x0000, 0x0000, 0x0000,
    0x0000, 0x0000, 0x0000, 0x0000, 0x0000, 0x0000, 0x0000, 0x0000,
    0x0000, 0x0000, 0x0000, 0x0000, 0x0000, 0x0000, 0x0000, 0x0000,
    0x0000, 0x0000, 0x0000, 0x0000, 0x0000, 0x0000, 0x0000, 0x0000,
    0x0000, 0x0000, 0x0000, 0x0000, 0x0000, 0x0000, 0x0000, 0x0000,
    0x0000, 0x0000, 0x0000, 0x0000, 0x0000, 0x0000, 0x0000, 0x0000,
    0x0000, 0x0000, 0x0000, 0x0000, 0x0000, 0x0000, 0x0000, 0x0000,
    0x0000, 0x0000, 0x0000, 0x0000, 0x0000, 0x0000, 0x0000, 0x0000,
    0x0000, 0x0000, 0x0000, 0x0000, 0x0000, 0x0000, 0x0000, 0x0000,
    0x0000, 0x0000, 0x0000, 0x0000, 0x0000, 0x0000, 0x0000, 0x0000,
    0x0000, 0x0000, 0x0000, 0x0000, 0x0000, 0x0000, 0x0000, 0x0000,
    0x0000, 0x0000, 0x0000, 0x0000, 0x0000, 0x0000, 0x0000, 0x0000,
    0x0000, 0x0000, 0x0000, 0x0000, 0x0000, 0x0000, 0x0000, 0x0000,
    0x0000, 0x0000, 0x0000, 0x0000, 0x0000, 0x0000, 0x0000, 0x0000,
    0x0000, 0x0000, 0x0000, 0x0000, 0x0000, 0x0000, 0x0000, 0x0000,
    0x0000, 0x0000, 0x0000, 0x0000, 0x0000, 0x0000, 0x0000, 0x0000,
    0x0000, 0x0000, 0x0000, 0x0000, 0x0000, 0x0000, 0x0000, 0x0000,
    0x0000, 0x0000, 0x0000, 0x0000, 0x0000, 0x0000, 0x0000, 0x0000,
    0x0000, 0x0000, 0x0000, 0x0000, 0x0000, 0x0000, 0x0000, 0x0000,
    0x0000, 0x0000, 0x0000, 0x0000, 0x0000, 0x0000, 0x0000, 0x0000,
    0x0000, 0x0000, 0x0000, 0x0000, 0x0000, 0x0000, 0x0000, 0x0000,
    0x0000, 0x0000, 0x0000, 0x0000, 0x0000, 0x0000, 0x0000, 0x0000,
    0x0000, 0x0000, 0x0000, 0x0000, 0x0000, 0x0000, 0x0000, 0x0000,
    0x0000, 0x0000, 0x0000, 0x0000, 0x0000, 0x0000, 0x0000, 0x0000,
    0x0000, 0x0000, 0x0000, 0x0000, 0x0000, 0x0000, 0x0000, 0x0000,
    0x0000, 0x0000, 0x0000, 0x0000, 0x0000, 0x0000, 0x0000, 0x0000,
    0x0000, 0x0000, 0x0000, 0x0000, 0x0000, 0x0000, 0x0000, 0x0000,
    0x0000, 0x0000, 0x0000, 0x0000, 0x0000, 0x0000, 0x0000, 0x0000,
    0x0000, 0x0000, 0x0000, 0x0000, 0x0000, 0x0000, 0x0000, 0x0000,
    0x0000, 0x0000, 0x0000, 0x0000, 0x0000, 0x0000, 0x0000, 0x0000,
    0x0000, 0x0000, 0x0000, 0x0000, 0x0000, 0x0000, 0x0000, 0x0000,
    0x0000, 0x0000, 0x0000, 0x0000, 0x0000, 0x0000, 0x0000, 0x0000,
    0x0000, 0x0000, 0x0000, 0x0000, 0x0000, 0x0000, 0x0000, 0x0000,
    0x0000, 0x0000, 0x0000, 0x0000, 0x0000, 0x0000, 0x0000, 0x0000,
    0x0000, 0x0000, 0x0000, 0x0000, 0x0000, 0x0000, 0x0000, 0x0000,
    0x0000, 0x0000, 0x0000, 0x0000, 0x0000, 0x0000, 0x0000, 0x0000,
    0x0000, 0x0000, 0x0000, 0x0000, 0x0000, 0x0000, 0x0000, 0x0000,
    0x0000, 0x0000, 0x0000, 0x0000, 0x0000, 0x0000, 0x0000, 0x0000,
    0x0000, 0x0000, 0x0000, 0x0000, 0x0000, 0x0000, 0x0000, 0x0000,
    0x0000, 0x0000, 0x0000, 0x0000, 0x0000, 0x0000, 0x0000, 0x0000,
    0x0000, 0x0000, 0x0000, 0x0000, 0x0000, 0x0000, 0x0000, 0x0000,
    0x0000, 0x0000, 0x0000, 0x0000, 0x0000, 0x0000, 0x0000, 0x0000,
    0x0000, 0x0000, 0x0000, 0x0000, 0x0000, 0x0000, 0x0000, 0x0000,
    0x0000, 0x0000, 0x0000, 0x0000, 0x0000, 0x0000, 0x0000, 0x0000,
    0x0000, 0x0000, 0x0000, 0x0000, 0x0000, 0x0000, 0x0000, 0x0000,
    0x0000, 0x0000, 0x0000, 0x0000, 0x0000, 0x0000, 0x0000, 0x0000,
    0x0000, 0x0000, 0x0000, 0x0000, 0x0000, 0x0000, 0x0000, 0x0000,
    0x0000, 0x0000, 0x0000, 0x0000, 0x0000, 0x0000, 0x0000, 0x0000,
    0x0000, 0x0000, 0x0000, 0x0000, 0x0000, 0x0000, 0x0000, 0x0000,
    0x0000, 0x0000, 0x0000, 0x0000, 0x0000, 0x0000, 0x0000, 0x0000,
    0x0000, 0x0000, 0x0000, 0x0000, 0x0000, 0x0000, 0x0000, 0x0000,
    0x0000, 0x0000, 0x0000, 0x0000, 0x0000, 0x0000, 0x0000, 0x0000,
    0x0000, 0x0000, 0x0000, 0x0000, 0x0000, 0x0000, 0x0000, 0x0000,
    0x0000, 0x0000, 0x0000, 0x0000, 0x0000, 0x0000, 0x0000, 0x0000,
    0x0000, 0x0000, 0x0000, 0x0000, 0x0000, 0x0000, 0x0000, 0x0000,
    0x0000, 0x0000, 0x0000, 0x0000, 0x0000, 0x0000, 0x0000, 0x0000,
    0x0000, 0x0000, 0x0000, 0x0000, 0x0000, 0x0000, 0x0000, 0x0000,
    0x0000, 0x0000, 0x0000, 0x0000, 0x0000, 0x0000, 0x0000, 0x0000,
    0x0000, 0x0000, 0x0000, 0x0000, 0x0000, 0x0000, 0x0000, 0x0000,
    0x0000, 0x0000, 0x0000, 0x0000, 0x0000, 0x0000, 0x0000, 0x0000,
    0x0000, 0x0000, 0x0000, 0x0000, 0x0000, 0x0000, 0x0000, 0x0000,
    0x0000, 0x0000, 0x0000, 0x0000, 0x0000, 0x0000, 0x0000, 0x0000,
    0x0000, 0x0000, 0x0000, 0x0000, 0x0000, 0x0000, 0x0000, 0x0000,
    0x0000, 0x0000, 0x0000, 0x0000, 0x0000, 0x0000, 0x0000, 0x0000,
    0x0000, 0x0000, 0x0000, 0x0000, 0x0000, 0x0000, 0x0000, 0x0000,
    0x0000, 0x0000, 0x0000, 0x0000, 0x0000, 0x0000, 0x0000, 0x0000,
    0x0000, 0x0000, 0x0000, 0x0000, 0x0000, 0x0000, 0x0000, 0x0000,
    0x0000, 0x0000, 0x0000, 0x0000, 0x0000, 0x0000, 0x0000, 0x0000,
    0x0000, 0x0000, 0x0000, 0x0000, 0x0000, 0x0000, 0x0000, 0x0000,
    0x0000, 0x0000, 0x0000, 0x0000, 0x0000, 0x0000, 0x0000, 0x0000,
    0x0000, 0x0000, 0x0000, 0x0000, 0x0000, 0x0000, 0x0000, 0x0000,
    0x0000, 0x0000, 0x0000, 0x0000, 0x0000, 0x0000, 0x0000, 0x0000,
    0x0000, 0x0000, 0x0000, 0x0000, 0x0000, 0x0000, 0x0000, 0x0000,
    0x0000, 0x0000, 0x0000, 0x0000, 0x0000, 0x0000, 0x0000, 0x0000,
    0x0000, 0x0000, 0x0000, 0x0000, 0x0000, 0x0000, 0x0000, 0x0000,
    0x0000, 0x0000, 0x0000, 0x0000, 0x0000, 0x0000, 0x0000, 0x0000,
    0x0000, 0x0000, 0x0000, 0x0000, 0x0000, 0x0000, 0x0000, 0x0000,
    0x0000, 0x0000, 0x0000, 0x0000, 0x0000, 0x0000, 0x0000, 0x0000,
    0x0000, 0x0000, 0x0000, 0x0000, 0x0000, 0x0000, 0x0000, 0x0000,
    0x0000, 0x0000, 0x0000, 0x0000, 0x0000, 0x0000, 0x0000, 0x0000,
    0x0000, 0x0000, 0x0000, 0x0000, 0x0000, 0x0000, 0x0000, 0x0000,
    0x0000, 0x0000, 0x0000, 0x0000, 0x0000, 0x0000, 0x0000, 0x0000,
    0x0000, 0x0000, 0x0000, 0x0000, 0x0000, 0x0000, 0x0000, 0x0000,
    0x0000, 0x0000, 0x0000, 0x0000, 0x0000, 0x0000, 0x0000, 0x0000,
    0x0000, 0x0000, 0x0000, 0x0000, 0x0000, 0x0000, 0x0000, 0x0000,
    0x0000, 0x0000, 0x0000, 0x0000, 0x0000, 0x0000, 0x0000, 0x0000,
    0x0000, 0x0000, 0x0000, 0x0000, 0x0000, 0x0000, 0x0000, 0x0000,
    0x0000, 0x0000, 0x0000, 0x0000, 0x0000, 0x0000, 0x0000, 0x0000,
    0x0000, 0x0000, 0x0000, 0x0000, 0x0000, 0x0000, 0x0000, 0x0000,
    0x0000, 0x0000, 0x0000, 0x0000, 0x0000, 0x0000, 0x0000, 0x0000,
    0x0000, 0x0000, 0x0000, 0x0000, 0x0000, 0x0000, 0x0000, 0x0000,
    0x0000, 0x0000, 0x0000, 0x0000, 0x0000, 0x0000, 0x0000, 0x0000,
    0x0000, 0x0000, 0x0000, 0x0000, 0x0000, 0x0000, 0x0000, 0x0000,
    0x0000, 0x0000, 0x0000, 0x0000, 0x0000, 0x0000, 0x0000, 0x0000,
    0x0000, 0x0000, 0x0000, 0x0000, 0x0000, 0x0000, 0x0000, 0x0000,
    0x0000, 0x0000, 0x0000, 0x0000, 0x0000, 0x0000, 0x0000, 0x0000,
    0x0000, 0x0000, 0x0000, 0x0000, 0x0000, 0x0000, 0x0000, 0x0000,
    0x0000, 0x0000, 0x0000, 0x0000, 0x0000, 0x0000, 0x0000, 0x0000,
    0x0000, 0x0000, 0x0000, 0x0000, 0x0000, 0x0000, 0x0000, 0x0000,
    0x0000, 0x0000, 0x0000, 0x0000, 0x0000, 0x0000, 0x0000, 0x0000,
    0x0000, 0x0000, 0x0000, 0x0000, 0x0000, 0x0000, 0x0000, 0x0000,
    0x0000, 0x0000, 0x0000, 0x0000, 0x0000, 0x0000, 0x0000, 0x0000,
    0x0000, 0x0000, 0x0000, 0x0000, 0x0000, 0x0000, 0x0000, 0x0000,
    0x0000, 0x0000, 0x0000, 0x0000, 0x0000, 0x0000, 0x0000, 0x0000,
    0x0000, 0x0000, 0x0000, 0x0000, 0x0000, 0x0000, 0x0000, 0x0000,
    0x0000, 0x0000, 0x0000, 0x0000, 0x0000, 0x0000, 0x0000, 0x0000,
    0x0000, 0x0000, 0x0000, 0x0000, 0x0000, 0x0000, 0x0000, 0x0000,
    0x0000, 0x0000, 0x0000, 0x0000, 0x0000, 0x0000, 0x0000, 0x0000,
    0x0000, 0x0000, 0x0000, 0x0000, 0x0000, 0x0000, 0x0000, 0x0000,
    0x0000, 0x0000, 0x0000, 0x0000, 0x0000, 0x0000, 0x0000, 0x0000,
    0x0000, 0x0000, 0x0000, 0x0000, 0x0000, 0x0000, 0x0000, 0x0000,
    0x0000, 0x0000, 0x0000, 0x0000, 0x0000, 0x0000, 0x0000, 0x0000,
    0x0000, 0x0000, 0x0000, 0x0000, 0x0000, 0x0000, 0x0000, 0x0000,
    0x0000, 0x0000, 0x0000, 0x0000, 0x0000, 0x0000, 0x0000, 0x0000,
    0x0000, 0x0000, 0x0000, 0x0000, 0x0000, 0x0000, 0x0000, 0x0000,
    0x0000, 0x0000, 0x0000, 0x0000, 0x0000, 0x0000, 0x0000, 0x0000,
    0x0000, 0x0000, 0x0000, 0x0000, 0x0000, 0x0000, 0x0000, 0x0000,
    0x0000, 0x0000, 0x0000, 0x0000, 0x0000, 0x0000, 0x0000, 0x0000,
    0x0000, 0x0000, 0x0000, 0x0000, 0x0000, 0x0000, 0x0000, 0x0000,
    0x0000, 0x0000, 0x0000, 0x0000, 0x0000, 0x0000, 0x0000, 0x0000,
    0x0000, 0x0000, 0x0000, 0x0000, 0x0000, 0x0000, 0x0000, 0x0000,
    0x0000, 0x0000, 0x0000, 0x0000, 0x0000, 0x0000, 0x0000, 0x0000,
    0x0000, 0x0000, 0x0000, 0x0000, 0x0000, 0x0000, 0x0000, 0x0000,
    0x0000, 0x0000, 0x0000, 0x0000, 0x0000, 0x0000, 0x0000, 0x0000,
    0x0000, 0x0000, 0x0000, 0x0000, 0x0000, 0x0000, 0x0000, 0x0000,
    0x0000, 0x0000, 0x0000, 0x0000, 0x0000, 0x0000, 0x0000, 0x0000,
    0x0000, 0x0000, 0x0000, 0x0000, 0x0000, 0x0000, 0x0000, 0x0000,
    0x0000, 0x0000, 0x0000, 0x0000, 0x0000, 0x0000, 0x0000, 0x0000,
    0x0000, 0x0000, 0x0000, 0x0000, 0x0000, 0x0000, 0x0000, 0x0000,
    0x0000, 0x0000, 0x0000, 0x0000, 0x0000, 0x0000, 0x0000, 0x0000,
    0x0000, 0x0000, 0x0000, 0x0000, 0x0000, 0x0000, 0x0000, 0x0000,
    0x0000, 0x0000, 0x0000, 0x0000, 0x0000, 0x0000, 0x0000, 0x0000,
    0x0000, 0x0000, 0x0000, 0x0000, 0x0000, 0x0000, 0x0000, 0x0000,
    0x0000, 0x0000, 0x0000, 0x0000, 0x0000, 0x0000, 0x0000, 0x0000,
    0x0000, 0x0000, 0x0000, 0x0000, 0x0000, 0x0000, 0x0000, 0x0000,
    0x0000, 0x0000, 0x0000, 0x0000, 0x0000, 0x0000, 0x0000, 0x0000,
    0x0000, 0x0000, 0x0000, 0x0000, 0x0000, 0x0000, 0x0000, 0x0000,
    0x0000, 0x0000, 0x0000, 0x0000, 0x0000, 0x0000, 0x0000, 0x0000,
    0x0000, 0x0000, 0x0000, 0x0000, 0x0000, 0x0000, 0x0000, 0x0000,
    0x0000, 0x0000, 0x0000, 0x0000, 0x0000, 0x0000, 0x0000, 0x0000,
    0x0000, 0x0000, 0x0000, 0x0000, 0x0000, 0x0000, 0x0000, 0x0000,
    0x0000, 0x0000, 0x0000, 0x0000, 0x0000, 0x0000, 0x0000, 0x0000,
    0x0000, 0x0000, 0x0000, 0x0000, 0x0000, 0x0000, 0x0000, 0x0000,
    0x0000, 0x0000, 0x0000, 0x0000, 0x0000, 0x0000, 0x0000, 0x0000,
    0x0000, 0x0000, 0x0000, 0x0000, 0x0000, 0x0000, 0x0000, 0x0000,
    0x0000, 0x0000, 0x0000, 0x0000, 0x0000, 0x0000, 0x0000, 0x0000,
    0x0000, 0x0000, 0x0000, 0x0000, 0x0000, 0x0000, 0x0000, 0x0000,
    0x0000, 0x0000, 0x0000, 0x0000, 0x0000, 0x0000, 0x0000, 0x0000,
    0x0000, 0x0000, 0x0000, 0x0000, 0x0000, 0x0000, 0x0000, 0x0000,
    0x0000, 0x0000, 0x0000, 0x0000, 0x0000, 0x0000, 0x0000, 0x0000,
    0x0000, 0x0000, 0x0000, 0x0000, 0x0000, 0x0000, 0x0000, 0x0000,
    0x0000, 0x0000, 0x0000, 0x0000, 0x0000, 0x0000, 0x0000, 0x0000,
    0x0000, 0x0000, 0x0000, 0x0000, 0x0000, 0x0000, 0x0000, 0x0000,
    0x0000, 0x0000, 0x0000, 0x0000, 0x0000, 0x0000, 0x0000, 0x0000,
    0x0000, 0x0000, 0x0000, 0x0000, 0x0000, 0x0000, 0x0000, 0x0000,
    0x0000, 0x0000, 0x0000, 0x0000, 0x0000, 0x0000, 0x0000, 0x0000,
    0x0000, 0x0000, 0x0000, 0x0000, 0x0000, 0x0000, 0x0000, 0x0000,
    0x0000, 0x0000, 0x0000, 0x0000, 0x0000, 0x0000, 0x0000, 0x0000,
    0x0000, 0x0000, 0x0000, 0x0000, 0x0000, 0x0000, 0x0000, 0x0000,
    0x0000, 0x0000, 0x0000, 0x0000, 0x0000, 0x0000, 0x0000, 0x0000,
    0x0000, 0x0000, 0x0000, 0x0000, 0x0000, 0x0000, 0x0000, 0x0000,
    0x0000, 0x0000, 0x0000, 0x0000, 0x0000, 0x0000, 0x0000, 0x0000,
    0x0000, 0x0000, 0x0000, 0x0000, 0x0000, 0x0000, 0x0000, 0x0000,
    0x0000, 0x0000, 0x0000, 0x0000, 0x0000, 0x0000, 0x0000, 0x0000,
    0x0000, 0x0000, 0x0000, 0x0000, 0x0000, 0x0000, 0x0000, 0x0000,
    0x0000, 0x0000, 0x0000, 0x0000, 0x0000, 0x0000, 0x0000, 0x0000,
    0x0000, 0x0000, 0x0000, 0x0000, 0x0000, 0x0000, 0x0000, 0x0000,
    0x0000, 0x0000, 0x0000, 0x0000, 0x0000, 0x0000, 0x0000, 0x0000,
    0x0000, 0x0000, 0x0000, 0x0000, 0x0000, 0x0000, 0x0000, 0x0000,
    0x0000, 0x0000, 0x0000, 0x0000, 0x0000, 0x0000, 0x0000, 0x0000,
    0x0000, 0x0000, 0x0000, 0x0000, 0x0000, 0x0000, 0x0000, 0x0000,
    0x0000, 0x0000, 0x0000, 0x0000, 0x0000, 0x0000, 0x0000, 0x0000,
    0x0000, 0x0000, 0x0000, 0x0000, 0x0000, 0x0000, 0x0000, 0x0000,
    0x0000, 0x0000, 0x0000, 0x0000, 0x0000, 0x0000, 0x0000, 0x0000,
    0x0000, 0x0000, 0x0000, 0x0000, 0x0000, 0x0000, 0x0000, 0x0000,
    0x0000, 0x0000, 0x0000, 0x0000, 0x0000, 0x0000, 0x0000, 0x0000,
    0x0000, 0x0000, 0x0000, 0x0000, 0x0000, 0x0000, 0x0000, 0x0000,
    0x0000, 0x0000, 0x0000, 0x0000, 0x0000, 0x0000, 0x0000, 0x0000,
    0x0000, 0x0000, 0x0000, 0x0000, 0x0000, 0x0000, 0x0000, 0x0000,
    0x0000, 0x0000, 0x0000, 0x0000, 0x0000, 0x0000, 0x0000, 0x0000,
    0x0000, 0x0000, 0x0000, 0x0000, 0x0000, 0x0000, 0x0000, 0x0000,
    0x0000, 0x0000, 0x0000, 0x0000, 0x0000, 0x0000, 0x0000, 0x0000,
    0x0000, 0x0000, 0x0000, 0x0000, 0x0000, 0x0000, 0x0000, 0x0000,
    0x0000, 0x0000, 0x0000, 0x0000, 0x0000, 0x0000, 0x0000, 0x0000,
    0x0000, 0x0000, 0x0000, 0x0000, 0x0000, 0x0000, 0x0000, 0x0000,
    0x0000, 0x0000, 0x0000, 0x0000, 0x0000, 0x0000, 0x0000, 0x0000,
    0x0000, 0x0000, 0x0000, 0x0000, 0x0000, 0x0000, 0x0000, 0x0000,
    0x0000, 0x0000, 0x0000, 0x0000, 0x0000, 0x0000, 0x0000, 0x0000,
    0x0000, 0x0000, 0x0000, 0x0000, 0x0000, 0x0000, 0x0000, 0x0000,
    0x0000, 0x0000, 0x0000, 0x0000, 0x0000, 0x0000, 0x0000, 0x0000,
    0x0000, 0x0000, 0x0000, 0x0000, 0x0000, 0x0000, 0x0000, 0x0000,
    0x0000, 0x0000, 0x0000, 0x0000, 0x0000, 0x0000, 0x0000, 0x0000,
    0x0000, 0x0000, 0x0000, 0x0000, 0x0000, 0x0000, 0x0000, 0x0000,
    0x0000, 0x0000, 0x0000, 0x0000, 0x0000, 0x0000, 0x0000, 0x0000,
    0x0000, 0x0000, 0x0000, 0x0000, 0x0000, 0x0000, 0x0000, 0x0000,
    0x0000, 0x0000, 0x0000, 0x0000, 0x0000, 0x0000, 0x0000, 0x0000,
    0x0000, 0x0000, 0x0000, 0x0000, 0x0000, 0x0000, 0x0000, 0x0000,
    0x0000, 0x0000, 0x0000, 0x0000, 0x0000, 0x0000, 0x0000, 0x0000,
    0x0000, 0x0000, 0x0000, 0x0000, 0x0000, 0x0000, 0x0000, 0x0000,
    0x0000, 0x0000, 0x0000, 0x0000, 0x0000, 0x0000, 0x0000, 0x0000,
    0x0000, 0x0000, 0x0000, 0x0000, 0x0000, 0x0000, 0x0000, 0x0000,
    0x0000, 0x0000, 0x0000, 0x0000, 0x0000, 0x0000, 0x0000, 0x0000,
    0x0000, 0x0000, 0x0000, 0x0000, 0x0000, 0x0000, 0x0000, 0x0000,
    0x0000, 0x0000, 0x0000, 0x0000, 0x0000, 0x0000, 0x0000, 0x0000,
    0x0000, 0x0000, 0x0000, 0x0000, 0x0000, 0x0000, 0x0000, 0x0000,
    0x0000, 0x0000, 0x0000, 0x0000, 0x0000, 0x0000, 0x0000, 0x0000,
    0x0000, 0x0000, 0x0000, 0x0000, 0x0000, 0x0000, 0x0000, 0x0000,
    0x0000, 0x0000, 0x0000, 0x0000, 0x0000, 0x0000, 0x0000, 0x0000,
    0x0000, 0x0000, 0x0000, 0x0000, 0x0000, 0x0000, 0x0000, 0x0000,
    0x0000, 0x0000, 0x0000, 0x0000, 0x0000, 0x0000, 0x0000, 0x0000,
    0x0000, 0x0000, 0x0000, 0x0000, 0x0000, 0x0000, 0x0000, 0x0000,
    0x0000, 0x0000, 0x0000, 0x0000, 0x0000, 0x0000, 0x0000, 0x0000,
    0x0000, 0x0000, 0x0000, 0x0000, 0x0000, 0x0000, 0x0000, 0x0000,
    0x0000, 0x0000, 0x0000, 0x0000, 0x0000, 0x0000, 0x0000, 0x0000,
    0x0000, 0x0000, 0x0000, 0x0000, 0x0000, 0x0000, 0x0000, 0x0000,
    0x0000, 0x0000, 0x0000, 0x0000, 0x0000, 0x0000, 0x0000, 0x0000,
    0x0000, 0x0000, 0x0000, 0x0000, 0x0000, 0x0000, 0x0000, 0x0000,
    0x0000, 0x0000, 0x0000, 0x0000, 0x0000, 0x0000, 0x0000, 0x0000,
    0x0000, 0x0000, 0x0000, 0x0000, 0x0000, 0x0000, 0x0000, 0x0000,
    0x0000, 0x0000, 0x0000, 0x0000, 0x0000, 0x0000, 0x0000, 0x0000,
    0x0000, 0x0000, 0x0000, 0x0000, 0x0000, 0x0000, 0x0000, 0x0000,
    0x0000, 0x0000, 0x0000, 0x0000, 0x0000, 0x0000, 0x0000, 0x0000,
    0x0000, 0x0000, 0x0000, 0x0000, 0x0000, 0x0000, 0x0000, 0x0000,
    0x0000, 0x0000, 0x0000, 0x0000, 0x0000, 0x0000, 0x0000, 0x0000,
    0x0000, 0x0000, 0x0000, 0x0000, 0x0000, 0x0000, 0x0000, 0x0000,
    0x0000, 0x0000, 0x0000, 0x0000, 0x0000, 0x0000, 0x0000, 0x0000,
    0x0000, 0x0000, 0x0000, 0x0000, 0x0000, 0x0000, 0x0000, 0x0000,
    0x0000, 0x0000, 0x0000, 0x0000, 0x0000, 0x0000, 0x0000, 0x0000,
    0x0000, 0x0000, 0x0000, 0x0000, 0x0000, 0x0000, 0x0000, 0x0000,
    0x0000, 0x0000, 0x0000, 0x0000, 0x0000, 0x0000, 0x0000, 0x0000,
    0x0000, 0x0000, 0x0000, 0x0000, 0x0000, 0x0000, 0x0000, 0x0000,
    0x0000, 0x0000, 0x0000, 0x0000, 0x0000, 0x0000, 0x0000, 0x0000,
    0x0000, 0x0000, 0x0000, 0x0000, 0x0000, 0x0000, 0x0000, 0x0000,
    0x0000, 0x0000, 0x0000, 0x0000, 0x0000, 0x0000, 0x0000, 0x0000,
    0x0000, 0x0000, 0x0000, 0x0000, 0x0000, 0x0000, 0x0000, 0x0000,
    0x0000, 0x0000, 0x0000, 0x0000, 0x0000, 0x0000, 0x0000, 0x0000,
    0x0000, 0x0000, 0x0000, 0x0000, 0x0000, 0x0000, 0x0000, 0x0000,
    0x0000, 0x0000, 0x0000, 0x0000, 0x0000, 0x0000, 0x0000, 0x0000,
    0x0000, 0x0000, 0x0000, 0x0000, 0x0000, 0x0000, 0x0000, 0x0000,
    0x0000, 0x0000, 0x0000, 0x0000, 0x0000, 0x0000, 0x0000, 0x0000,
    0x0000, 0x0000, 0x0000, 0x0000, 0x0000, 0x0000, 0x0000, 0x0000,
    0x0000, 0x0000, 0x0000, 0x0000, 0x0000, 0x0000, 0x0000, 0x0000,
    0x0000, 0x0000, 0x0000, 0x0000, 0x0000, 0x0000, 0x0000, 0x0000,
    0x0000, 0x0000, 0x0000, 0x0000, 0x0000, 0x0000, 0x0000, 0x0000,
    0x0000, 0x0000, 0x0000, 0x0000, 0x0000, 0x0000, 0x0000, 0x0000,
    0x0000, 0x0000, 0x0000, 0x0000, 0x0000, 0x0000, 0x0000, 0x0000,
    0x0000, 0x0000, 0x0000, 0x0000, 0x0000, 0x0000, 0x0000, 0x0000,
    0x0000, 0x0000, 0x0000, 0x0000, 0x0000, 0x0000, 0x0000, 0x0000,
    0x0000, 0x0000, 0x0000, 0x0000, 0x0000, 0x0000, 0x0000, 0x0000,
    0x0000, 0x0000, 0x0000, 0x0000, 0x0000, 0x0000, 0x0000, 0x0000,
    0x0000, 0x0000, 0x0000, 0x0000, 0x0000, 0x0000, 0x0000, 0x0000,
    0x0000, 0x0000, 0x0000, 0x0000, 0x0000, 0x0000, 0x0000, 0x0000,
    0x0000, 0x0000, 0x0000, 0x0000, 0x0000, 0x0000, 0x0000, 0x0000,
    0x0000, 0x0000, 0x0000, 0x0000, 0x0000, 0x0000, 0x0000, 0x0000,
    0x0000, 0x0000, 0x0000, 0x0000, 0x0000, 0x0000, 0x0000, 0x0000,
    0x0000, 0x0000, 0x0000, 0x0000, 0x0000, 0x0000, 0x0000, 0x0000,
    0x0000, 0x0000, 0x0000, 0x0000, 0x0000, 0x0000, 0x0000, 0x0000,
    0x0000, 0x0000, 0x0000, 0x0000, 0x0000, 0x0000, 0x0000, 0x0000,
    0x0000, 0x0000, 0x0000, 0x0000, 0x0000, 0x0000, 0x0000, 0x0000,
    0x0000, 0x0000, 0x0000, 0x0000, 0x0000, 0x0000, 0x0000, 0x0000,
    0x0000, 0x0000, 0x0000, 0x0000, 0x0000, 0x0000, 0x0000, 0x0000,
    0x0000, 0x0000, 0x0000, 0x0000, 0x0000, 0x0000, 0x0000, 0x0000,
    0x0000, 0x0000, 0x0000, 0x0000, 0x0000, 0x0000, 0x0000, 0x0000,
    0x0000, 0x0000, 0x0000, 0x0000, 0x0000, 0x0000, 0x0000, 0x0000,
    0x0000, 0x0000, 0x0000, 0x0000, 0x0000, 0x0000, 0x0000, 0x0000,
    0x0000, 0x0000, 0x0000, 0x0000, 0x0000, 0x0000, 0x0000, 0x0000,
    0x0000, 0x0000, 0x0000, 0x0000, 0x0000, 0x0000, 0x0000, 0x0000,
    0x0000, 0x0000, 0x0000, 0x0000, 0x0000, 0x0000, 0x0000, 0x0000,
    0x0000, 0x0000, 0x0000, 0x0000, 0x0000, 0x0000, 0x0000, 0x0000,
    0x0000, 0x0000, 0x0000, 0x0000, 0x0000, 0x0000, 0x0000, 0x0000,
    0x0000, 0x0000, 0x0000, 0x0000, 0x0000, 0x0000, 0x0000, 0x0000,
    0x0000, 0x0000, 0x0000, 0x0000, 0x0000, 0x0000, 0x0000, 0x0000,
    0x0000, 0x0000, 0x0000, 0x0000, 0x0000, 0x0000, 0x0000, 0x0000,
    0x0000, 0x0000, 0x0000, 0x0000, 0x0000, 0x0000, 0x0000, 0x0000,
    0x0000, 0x0000, 0x0000, 0x0000, 0x0000, 0x0000, 0x0000, 0x0000,
    0x0000, 0x0000, 0x0000, 0x0000, 0x0000, 0x0000, 0x0000, 0x0000,
    0x0000, 0x0000, 0x0000, 0x0000, 0x0000, 0x0000, 0x0000, 0x0000,
    0x0000, 0x0000, 0x0000, 0x0000, 0x0000, 0x0000, 0x0000, 0x0000,
    0x0000, 0x0000, 0x0000, 0x0000, 0x0000, 0x0000, 0x0000, 0x0000,
    0x0000, 0x0000, 0x0000, 0x0000, 0x0000, 0x0000, 0x0000, 0x0000,
    0x0000, 0x0000, 0x0000, 0x0000, 0x0000, 0x0000, 0x0000, 0x0000,
    0x0000, 0x0000, 0x0000, 0x0000, 0x0000, 0x0000, 0x0000, 0x0000,
    0x0000, 0x0000, 0x0000, 0x0000, 0x0000, 0x0000, 0x0000, 0x0000,
    0x0000, 0x0000, 0x0000, 0x0000, 0x0000, 0x0000, 0x0000, 0x0000,
    0x0000, 0x0000, 0x0000, 0x0000, 0x0000, 0x0000, 0x0000, 0x0000,
    0x0000, 0x0000, 0x0000, 0x0000, 0x0000, 0x0000, 0x0000, 0x0000,
    0x0000, 0x0000, 0x0000, 0x0000, 0x0000, 0x0000, 0x0000, 0x0000,
    0x0000, 0x0000, 0x0000, 0x0000, 0x0000, 0x0000, 0x0000, 0x0000,
    0x0000, 0x0000, 0x0000, 0x0000, 0x0000, 0x0000, 0x0000, 0x0000,
    0x0000, 0x0000, 0x0000, 0x0000, 0x0000, 0x0000, 0x0000, 0x0000,
    0x0000, 0x0000, 0x0000, 0x0000, 0x0000, 0x0000, 0x0000, 0x0000,
    0x0000, 0x0000, 0x0000, 0x0000, 0x0000, 0x0000, 0x0000, 0x0000,
    0x0000, 0x0000, 0x0000, 0x0000, 0x0000, 0x0000, 0x0000, 0x0000,
    0x0000, 0x0000, 0x0000, 0x0000, 0x0000, 0x0000, 0x0000, 0x0000,
    0x0000, 0x0000, 0x0000, 0x0000, 0x0000, 0x0000, 0x0000, 0x0000,
    0x0000, 0x0000, 0x0000, 0x0000, 0x0000, 0x0000, 0x0000, 0x0000,
    0x0000, 0x0000, 0x0000, 0x0000, 0x0000, 0x0000, 0x0000, 0x0000,
    0x0000, 0x0000, 0x0000, 0x0000, 0x0000, 0x0000, 0x0000, 0x0000,
    0x0000, 0x0000, 0x0000, 0x0000, 0x0000, 0x0000, 0x0000, 0x0000,
    0x0000, 0x0000, 0x0000, 0x0000, 0x0000, 0x0000, 0x0000, 0x0000,
    0x0000, 0x0000, 0x0000, 0x0000, 0x0000, 0x0000, 0x0000, 0x0000,
    0x0000, 0x0000, 0x0000, 0x0000, 0x0000, 0x0000, 0x0000, 0x0000,
    0x0000, 0x0000, 0x0000, 0x0000, 0x0000, 0x0000, 0x0000, 0x0000,
    0x0000, 0x0000, 0x0000, 0x0000, 0x0000, 0x0000, 0x0000, 0x0000,
    0x0000, 0x0000, 0x0000, 0x0000, 0x0000, 0x0000, 0x0000, 0x0000,
    0x0000, 0x0000, 0x0000, 0x0000, 0x0000, 0x0000, 0x0000, 0x0000,
    0x0000, 0x0000, 0x0000, 0x0000, 0x0000, 0x0000, 0x0000, 0x0000,
    0x0000, 0x0000, 0x0000, 0x0000, 0x0000, 0x0000, 0x0000, 0x0000,
    0x0000, 0x0000, 0x0000, 0x0000, 0x0000, 0x0000, 0x0000, 0x0000,
    0x0000, 0x0000, 0x0000, 0x0000, 0x0000, 0x0000, 0x0000, 0x0000,
    0x0000, 0x0000, 0x0000, 0x0000, 0x0000, 0x0000, 0x0000, 0x0000,
    0x0000, 0x0000, 0x0000, 0x0000, 0x0000, 0x0000, 0x0000, 0x0000,
    0x0000, 0x0000, 0x0000, 0x0000, 0x0000, 0x0000, 0x0000, 0x0000,
    0x0000, 0x0000, 0x0000, 0x0000, 0x0000, 0x0000, 0x0000, 0x0000,
    0x0000, 0x0000, 0x0000, 0x0000, 0x0000, 0x0000, 0x0000, 0x0000,
    0x0000, 0x0000, 0x0000, 0x0000, 0x0000, 0x0000, 0x0000, 0x0000,
    0x0000, 0x0000, 0x0000, 0x0000, 0x0000, 0x0000, 0x0000, 0x0000,
    0x0000, 0x0000, 0x0000, 0x0000, 0x0000, 0x0000, 0x0000, 0x0000,
    0x0000, 0x0000, 0x0000, 0x0000, 0x0000, 0x0000, 0x0000, 0x0000,
    0x0000, 0x0000, 0x0000, 0x0000, 0x0000, 0x0000, 0x0000, 0x0000,
    0x0000, 0x0000, 0x0000, 0x0000, 0x0000, 0x0000, 0x0000, 0x0000,
    0x0000, 0x0000, 0x0000, 0x0000, 0x0000, 0x0000, 0x0000, 0x0000,
    0x0000, 0x0000, 0x0000, 0x0000, 0x0000, 0x0000, 0x0000, 0x0000,
    0x0000, 0x0000, 0x0000, 0x0000, 0x0000, 0x0000, 0x0000, 0x0000,
    0x0000, 0x0000, 0x0000, 0x0000, 0x0000, 0x0000, 0x0000, 0x0000,
    0x0000, 0x0000, 0x0000, 0x0000, 0x0000, 0x0000, 0x0000, 0x0000,
    0x0000, 0x0000, 0x0000, 0x0000, 0x0000, 0x0000, 0x0000, 0x0000,
    0x0000, 0x0000, 0x0000, 0x0000, 0x0000, 0x0000, 0x0000, 0x0000,
    0x0000, 0x0000, 0x0000, 0x0000, 0x0000, 0x0000, 0x0000, 0x0000,
    0x0000, 0x0000, 0x0000, 0x0000, 0x0000, 0x0000, 0x0000, 0x0000,
    0x0000, 0x0000, 0x0000, 0x0000, 0x0000, 0x0000, 0x0000, 0x0000,
    0x0000, 0x0000, 0x0000, 0x0000, 0x0000, 0x0000, 0x0000, 0x0000,
    0x0000, 0x0000, 0x0000, 0x0000, 0x0000, 0x0000, 0x0000, 0x0000,
    0x0000, 0x0000, 0x0000, 0x0000, 0x0000, 0x0000, 0x0000, 0x0000,
    0x0000, 0x0000, 0x0000, 0x0000, 0x0000, 0x0000, 0x0000, 0x0000,
    0x0000, 0x0000, 0x0000, 0x0000, 0x0000, 0x0000, 0x0000, 0x0000,
    0x0000, 0x0000, 0x0000, 0x0000, 0x0000, 0x0000, 0x0000, 0x0000,
    0x0000, 0x0000, 0x0000, 0x0000, 0x0000, 0x0000, 0x0000, 0x0000,
    0x0000, 0x0000, 0x0000, 0x0000, 0x0000, 0x0000, 0x0000, 0x0000,
    0x0000, 0x0000, 0x0000, 0x0000, 0x0000, 0x0000, 0x0000, 0x0000,
    0x0000, 0x0000, 0x0000, 0x0000, 0x0000, 0x0000, 0x0000, 0x0000,
    0x0000, 0x0000, 0x0000, 0x0000, 0x0000, 0x0000, 0x0000, 0x0000,
    0x0000, 0x0000, 0x0000, 0x0000, 0x0000, 0x0000, 0x0000, 0x0000,
    0x0000, 0x0000, 0x0000, 0x0000, 0x0000, 0x0000, 0x0000, 0x0000,
    0x0000, 0x0000, 0x0000, 0x0000, 0x0000, 0x0000, 0x0000, 0x0000,
    0x0000, 0x0000, 0x0000, 0x0000, 0x0000, 0x0000, 0x0000, 0x0000,
    0x0000, 0x0000, 0x0000, 0x0000, 0x0000, 0x0000, 0x0000, 0x0000,
    0x0000, 0x0000, 0x0000, 0x0000, 0x0000, 0x0000, 0x0000, 0x0000,
    0x0000, 0x0000, 0x0000, 0x0000, 0x0000, 0x0000, 0x0000, 0x0000,
    0x0000, 0x0000, 0x0000, 0x0000, 0x0000, 0x0000, 0x0000, 0x0000,
    0x0000, 0x0000, 0x0000, 0x0000, 0x0000, 0x0000, 0x0000, 0x0000,
    0x0000, 0x0000, 0x0000, 0x0000, 0x0000, 0x0000, 0x0000, 0x0000,
    0x0000, 0x0000, 0x0000, 0x0000, 0x0000, 0x0000, 0x0000, 0x0000,
    0x0000, 0x0000, 0x0000, 0x0000, 0x0000, 0x0000, 0x0000, 0x0000,
    0x0000, 0x0000, 0x0000, 0x0000, 0x0000, 0x0000, 0x0000, 0x0000,
    0x0000, 0x0000, 0x0000, 0x0000, 0x0000, 0x0000, 0x0000, 0x0000,
    0x0000, 0x0000, 0x0000, 0x0000, 0x0000, 0x0000, 0x0000, 0x0000,
    0x0000, 0x0000, 0x0000, 0x0000, 0x0000, 0x0000, 0x0000, 0x0000,
    0x0000, 0x0000, 0x0000, 0x0000, 0x0000, 0x0000, 0x0000, 0x0000,
    0x0000, 0x0000, 0x0000, 0x0000, 0x0000, 0x0000, 0x0000, 0x0000,
    0x0000, 0x0000, 0x0000, 0x0000, 0x0000, 0x0000, 0x0000, 0x0000,
    0x0000, 0x0000, 0x0000, 0x0000, 0x0000, 0x0000, 0x0000, 0x0000,
    0x0000, 0x0000, 0x0000, 0x0000, 0x0000, 0x0000, 0x0000, 0x0000,
    0x0000, 0x0000, 0x0000, 0x0000, 0x0000, 0x0000, 0x0000, 0x0000,
    0x0000, 0x0000, 0x0000, 0x0000, 0x0000, 0x0000, 0x0000, 0x0000,
    0x0000, 0x0000, 0x0000, 0x0000, 0x0000, 0x0000, 0x0000, 0x0000,
    0x0000, 0x0000, 0x0000, 0x0000, 0x0000, 0x0000, 0x0000, 0x0000,
    0x0000, 0x0000, 0x0000, 0x0000, 0x0000, 0x0000, 0x0000, 0x0000,
    0x0000, 0x0000, 0x0000, 0x0000, 0x0000, 0x0000, 0x0000, 0x0000,
    0x0000, 0x0000, 0x0000, 0x0000, 0x0000, 0x0000, 0x0000, 0x0000,
    0x0000, 0x0000, 0x0000, 0x0000, 0x0000, 0x0000, 0x0000, 0x0000,
    0x0000, 0x0000, 0x0000, 0x0000, 0x0000, 0x0000, 0x0000, 0x0000,
    0x0000, 0x0000, 0x0000, 0x0000, 0x0000, 0x0000, 0x0000, 0x0000,
    0x0000, 0x0000, 0x0000, 0x0000, 0x0000, 0x0000, 0x0000, 0x0000,
    0x0000, 0x0000, 0x0000, 0x0000, 0x0000, 0x0000, 0x0000, 0x0000,
    0x0000, 0x0000, 0x0000, 0x0000, 0x0000, 0x0000, 0x0000, 0x0000,
    0x0000, 0x0000, 0x0000, 0x0000, 0x0000, 0x0000, 0x0000, 0x0000,
    0x0000, 0x0000, 0x0000, 0x0000, 0x0000, 0x0000, 0x0000, 0x0000,
    0x0000, 0x0000, 0x0000, 0x0000, 0x0000, 0x0000, 0x0000, 0x0000,
    0x0000, 0x0000, 0x0000, 0x0000, 0x0000, 0x0000, 0x0000, 0x0000,
    0x0000, 0x0000, 0x0000, 0x0000, 0x0000, 0x0000, 0x0000, 0x0000,
    0x0000, 0x0000, 0x0000, 0x0000, 0x0000, 0x0000, 0x0000, 0x0000,
    0x0000, 0x0000, 0x0000, 0x0000, 0x0000, 0x0000, 0x0000, 0x0000,
    0x0000, 0x0000, 0x0000, 0x0000, 0x0000, 0x0000, 0x0000, 0x0000,
    0x0000, 0x0000, 0x0000, 0x0000, 0x0000, 0x0000, 0x0000, 0x0000,
    0x0000, 0x0000, 0x0000, 0x0000, 0x0000, 0x0000, 0x0000, 0x0000,
    0x0000, 0x0000, 0x0000, 0x0000, 0x0000, 0x0000, 0x0000, 0x0000,
    0x0000, 0x0000, 0x0000, 0x0000, 0x0000, 0x0000, 0x0000, 0x0000,
    0x0000, 0x0000, 0x0000, 0x0000, 0x0000, 0x0000, 0x0000, 0x0000,
    0x0000, 0x0000, 0x0000, 0x0000, 0x0000, 0x0000, 0x0000, 0x0000,
    0x0000, 0x0000, 0x0000, 0x0000, 0x0000, 0x0000, 0x0000, 0x0000,
    0x0000, 0x0000, 0x0000, 0x0000, 0x0000, 0x0000, 0x0000, 0x0000,
    0x0000, 0x0000, 0x0000, 0x0000, 0x0000, 0x0000, 0x0000, 0x0000,
    0x0000, 0x0000, 0x0000, 0x0000, 0x0000, 0x0000, 0x0000, 0x0000,
    0x0000, 0x0000, 0x0000, 0x0000, 0x0000, 0x0000, 0x0000, 0x0000,
    0x0000, 0x0000, 0x0000, 0x0000, 0x0000, 0x0000, 0x0000, 0x0000,
    0x0000, 0x0000, 0x0000, 0x0000, 0x0000, 0x0000, 0x0000, 0x0000,
    0x0000, 0x0000, 0x0000, 0x0000, 0x0000, 0x0000, 0x0000, 0x0000,
    0x0000, 0x0000, 0x0000, 0x0000, 0x0000, 0x0000, 0x0000, 0x0000,
    0x0000, 0x0000, 0x0000, 0x0000, 0x0000, 0x0000, 0x0000, 0x0000,
    0x0000, 0x0000, 0x0000, 0x0000, 0x0000, 0x0000, 0x0000, 0x0000,
    0x0000, 0x0000, 0x0000, 0x0000, 0x0000, 0x0000, 0x0000, 0x0000,
    0x0000, 0x0000, 0x0000, 0x0000, 0x0000, 0x0000, 0x0000, 0x0000,
    0x0000, 0x0000, 0x0000, 0x0000, 0x0000, 0x0000, 0x0000, 0x0000,
    0x0000, 0x0000, 0x0000, 0x0000, 0x0000, 0x0000, 0x0000, 0x0000,
    0x0000, 0x0000, 0x0000, 0x0000, 0x0000, 0x0000, 0x0000, 0x0000,
    0x0000, 0x0000, 0x0000, 0x0000, 0x0000, 0x0000, 0x0000, 0x0000,
    0x0000, 0x0000, 0x0000, 0x0000, 0x0000, 0x0000, 0x0000, 0x0000,
    0x0000, 0x0000, 0x0000, 0x0000, 0x0000, 0x0000, 0x0000, 0x0000,
    0x0000, 0x0000, 0x0000, 0x0000, 0x0000, 0x0000, 0x0000, 0x0000,
    0x0000, 0x0000, 0x0000, 0x0000, 0x0000, 0x0000, 0x0000, 0x0000,
    0x0000, 0x0000, 0x0000, 0x0000, 0x0000, 0x0000, 0x0000, 0x0000,
    0x0000, 0x0000, 0x0000, 0x0000, 0x0000, 0x0000, 0x0000, 0x0000,
    0x0000, 0x0000, 0x0000, 0x0000, 0x0000, 0x0000, 0x0000, 0x0000,
    0x0000, 0x0000, 0x0000, 0x0000, 0x0000, 0x0000, 0x0000, 0x0000,
    0x0000, 0x0000, 0x0000, 0x0000, 0x0000, 0x0000, 0x0000, 0x0000,
    0x0000, 0x0000, 0x0000, 0x0000, 0x0000, 0x0000, 0x0000, 0x0000,
    0x0000, 0x0000, 0x0000, 0x0000, 0x0000, 0x0000, 0x0000, 0x0000,
    0x0000, 0x0000, 0x0000, 0x0000, 0x0000, 0x0000, 0x0000, 0x0000,
    0x0000, 0x0000, 0x0000, 0x0000, 0x0000, 0x0000, 0x0000, 0x0000,
    0x0000, 0x0000, 0x0000, 0x0000, 0x0000, 0x0000, 0x0000, 0x0000,
    0x0000, 0x0000, 0x0000, 0x0000, 0x0000, 0x0000, 0x0000, 0x0000,
    0x0000, 0x0000, 0x0000, 0x0000, 0x0000, 0x0000, 0x0000, 0x0000,
    0x0000, 0x0000, 0x0000, 0x0000, 0x0000, 0x0000, 0x0000, 0x0000,
    0x0000, 0x0000, 0x0000, 0x0000, 0x0000, 0x0000, 0x0000, 0x0000,
    0x0000, 0x0000, 0x0000, 0x0000, 0x0000, 0x0000, 0x0000, 0x0000,
    0x0000, 0x0000, 0x0000, 0x0000, 0x0000, 0x0000, 0x0000, 0x0000,
    0x0000, 0x0000, 0x0000, 0x0000, 0x0000, 0x0000, 0x0000, 0x0000,
    0x0000, 0x0000, 0x0000, 0x0000, 0x0000, 0x0000, 0x0000, 0x0000,
    0x0000, 0x0000, 0x0000, 0x0000, 0x0000, 0x0000, 0x0000, 0x0000,
    0x0000, 0x0000, 0x0000, 0x0000, 0x0000, 0x0000, 0x0000, 0x0000,
    0x0000, 0x0000, 0x0000, 0x0000, 0x0000, 0x0000, 0x0000, 0x0000,
    0x0000, 0x0000, 0x0000, 0x0000, 0x0000, 0x0000, 0x0000, 0x0000,
    0x0000, 0x0000, 0x0000, 0x0000, 0x0000, 0x0000, 0x0000, 0x0000,
    0x0000, 0x0000, 0x0000, 0x0000, 0x0000, 0x0000, 0x0000, 0x0000,
    0x0000, 0x0000, 0x0000, 0x0000, 0x0000, 0x0000, 0x0000, 0x0000,
    0x0000, 0x0000, 0x0000, 0x0000, 0x0000, 0x0000, 0x0000, 0x0000,
    0x0000, 0x0000, 0x0000, 0x0000, 0x0000, 0x0000, 0x0000, 0x0000,
    0x0000, 0x0000, 0x0000, 0x0000, 0x0000, 0x0000, 0x0000, 0x0000,
    0x0000, 0x0000, 0x0000, 0x0000, 0x0000, 0x0000, 0x0000, 0x0000,
    0x0000, 0x0000, 0x0000, 0x0000, 0x0000, 0x0000, 0x0000, 0x0000,
    0x0000, 0x0000, 0x0000, 0x0000, 0x0000, 0x0000, 0x0000, 0x0000,
    0x0000, 0x0000, 0x0000, 0x0000, 0x0000, 0x0000, 0x0000, 0x0000,
    0x0000, 0x0000, 0x0000, 0x0000, 0x0000, 0x0000, 0x0000, 0x0000,
    0x0000, 0x0000, 0x0000, 0x0000, 0x0000, 0x0000, 0x0000, 0x0000,
    0x0000, 0x0000, 0x0000, 0x0000, 0x0000, 0x0000, 0x0000, 0x0000,
    0x0000, 0x0000, 0x0000, 0x0000, 0x0000, 0x0000, 0x0000, 0x0000,
    0x0000, 0x0000, 0x0000, 0x0000, 0x0000, 0x0000, 0x0000, 0x0000,
    0x0000, 0x0000, 0x0000, 0x0000, 0x0000, 0x0000, 0x0000, 0x0000,
    0x0000, 0x0000, 0x0000, 0x0000, 0x0000, 0x0000, 0x0000, 0x0000,
    0x0000, 0x0000, 0x0000, 0x0000, 0x0000, 0x0000, 0x0000, 0x0000,
    0x0000, 0x0000, 0x0000, 0x0000, 0x0000, 0x0000, 0x0000, 0x0000,
    0x0000, 0x0000, 0x0000, 0x0000, 0x0000, 0x0000, 0x0000, 0x0000,
    0x0000, 0x0000, 0x0000, 0x0000, 0x0000, 0x0000, 0x0000, 0x0000,
    0x0000, 0x0000, 0x0000, 0x0000, 0x0000, 0x0000, 0x0000, 0x0000,
    0x0000, 0x0000, 0x0000, 0x0000, 0x0000, 0x0000, 0x0000, 0x0000,
    0x0000, 0x0000, 0x0000, 0x0000, 0x0000, 0x0000, 0x0000, 0x0000,
    0x0000, 0x0000, 0x0000, 0x0000, 0x0000, 0x0000, 0x0000, 0x0000,
    0x0000, 0x0000, 0x0000, 0x0000, 0x0000, 0x0000, 0x0000, 0x0000,
    0x0000, 0x0000, 0x0000, 0x0000, 0x0000, 0x0000, 0x0000, 0x0000,
    0x0000, 0x0000, 0x0000, 0x0000, 0x0000, 0x0000, 0x0000, 0x0000,
    0x0000, 0x0000, 0x0000, 0x0000, 0x0000, 0x0000, 0x0000, 0x0000,
    0x0000, 0x0000, 0x0000, 0x0000, 0x0000, 0x0000, 0x0000, 0x0000,
    0x0000, 0x0000, 0x0000, 0x0000, 0x0000, 0x0000, 0x0000, 0x0000,
    0x0000, 0x0000, 0x0000, 0x0000, 0x0000, 0x0000, 0x0000, 0x0000,
    0x0000, 0x0000, 0x0000, 0x0000, 0x0000, 0x0000, 0x0000, 0x0000,
    0x0000, 0x0000, 0x0000, 0x0000, 0x0000, 0x0000, 0x0000, 0x0000,
    0x0000, 0x0000, 0x0000, 0x0000, 0x0000, 0x0000, 0x0000, 0x0000,
    0x0000, 0x0000, 0x0000, 0x0000, 0x0000, 0x0000, 0x0000, 0x0000,
    0x0000, 0x0000, 0x0000, 0x0000, 0x0000, 0x0000, 0x0000, 0x0000,
    0x0000, 0x0000, 0x0000, 0x0000, 0x0000, 0x0000, 0x0000, 0x0000,
    0x0000, 0x0000, 0x0000, 0x0000, 0x0000, 0x0000, 0x0000, 0x0000,
    0x0000, 0x0000, 0x0000, 0x0000, 0x0000, 0x0000, 0x0000, 0x0000,
    0x0000, 0x0000, 0x0000, 0x0000, 0x0000, 0x0000, 0x0000, 0x0000,
    0x0000, 0x0000, 0x0000, 0x0000, 0x0000, 0x0000, 0x0000, 0x0000,
    0x0000, 0x0000, 0x0000, 0x0000, 0x0000, 0x0000, 0x0000, 0x0000,
    0x0000, 0x0000, 0x0000, 0x0000, 0x0000, 0x0000, 0x0000, 0x0000,
    0x0000, 0x0000, 0x0000, 0x0000, 0x0000, 0x0000, 0x0000, 0x0000,
    0x0000, 0x0000, 0x0000, 0x0000, 0x0000, 0x0000, 0x0000, 0x0000,
    0x0000, 0x0000, 0x0000, 0x0000, 0x0000, 0x0000, 0x0000, 0x0000,
    0x0000, 0x0000, 0x0000, 0x0000, 0x0000, 0x0000, 0x0000, 0x0000,
    0x0000, 0x0000, 0x0000, 0x0000, 0x0000, 0x0000, 0x0000, 0x0000,
    0x0000, 0x0000, 0x0000, 0x0000, 0x0000, 0x0000, 0x0000, 0x0000,
    0x0000, 0x0000, 0x0000, 0x0000, 0x0000, 0x0000, 0x0000, 0x0000,
    0x0000, 0x0000, 0x0000, 0x0000, 0x0000, 0x0000, 0x0000, 0x0000,
    0x0000, 0x0000, 0x0000, 0x0000, 0x0000, 0x0000, 0x0000, 0x0000,
    0x0000, 0x0000, 0x0000, 0x0000, 0x0000, 0x0000, 0x0000, 0x0000,
    0x0000, 0x0000, 0x0000, 0x0000, 0x0000, 0x0000, 0x0000, 0x0000,
    0x0000, 0x0000, 0x0000, 0x0000, 0x0000, 0x0000, 0x0000, 0x0000,
    0x0000, 0x0000, 0x0000, 0x0000, 0x0000, 0x0000, 0x0000, 0x0000,
    0x0000, 0x0000, 0x0000, 0x0000, 0x0000, 0x0000, 0x0000, 0x0000,
    0x0000, 0x0000, 0x0000, 0x0000, 0x0000, 0x0000, 0x0000, 0x0000,
    0x0000, 0x0000, 0x0000, 0x0000, 0x0000, 0x0000, 0x0000, 0x0000,
    0x0000, 0x0000, 0x0000, 0x0000, 0x0000, 0x0000, 0x0000, 0x0000,
    0x0000, 0x0000, 0x0000, 0x0000, 0x0000, 0x0000, 0x0000, 0x0000,
    0x0000, 0x0000, 0x0000, 0x0000, 0x0000, 0x0000, 0x0000, 0x0000,
    0x0000, 0x0000, 0x0000, 0x0000, 0x0000, 0x0000, 0x0000, 0x0000,
    0x0000, 0x0000, 0x0000, 0x0000, 0x0000, 0x0000, 0x0000, 0x0000,
    0x0000, 0x0000, 0x0000, 0x0000, 0x0000, 0x0000, 0x0000, 0x0000,
    0x0000, 0x0000, 0x0000, 0x0000, 0x0000, 0x0000, 0x0000, 0x0000,
    0x0000, 0x0000, 0x0000, 0x0000, 0x0000, 0x0000, 0x0000, 0x0000,
    0x0000, 0x0000, 0x0000, 0x0000, 0x0000, 0x0000, 0x0000, 0x0000,
    0x0000, 0x0000, 0x0000, 0x0000, 0x0000, 0x0000, 0x0000, 0x0000,
    0x0000, 0x0000, 0x0000, 0x0000, 0x0000, 0x0000, 0x0000, 0x0000,
    0x0000, 0x0000, 0x0000, 0x0000, 0x0000, 0x0000, 0x0000, 0x0000,
    0x0000, 0x0000, 0x0000, 0x0000, 0x0000, 0x0000, 0x0000, 0x0000,
    0x0000, 0x0000, 0x0000, 0x0000, 0x0000, 0x0000, 0x0000, 0x0000,
    0x0000, 0x0000, 0x0000, 0x0000, 0x0000, 0x0000, 0x0000, 0x0000,
    0x0000, 0x0000, 0x0000, 0x0000, 0x0000, 0x0000, 0x0000, 0x0000,
    0x0000, 0x0000, 0x0000, 0x0000, 0x0000, 0x0000, 0x0000, 0x0000,
    0x0000, 0x0000, 0x0000, 0x0000, 0x0000, 0x0000, 0x0000, 0x0000,
    0x0000, 0x0000, 0x0000, 0x0000, 0x0000, 0x0000, 0x0000, 0x0000,
    0x0000, 0x0000, 0x0000, 0x0000, 0x0000, 0x0000, 0x0000, 0x0000,
    0x0000, 0x0000, 0x0000, 0x0000, 0x0000, 0x0000, 0x0000, 0x0000,
    0x0000, 0x0000, 0x0000, 0x0000, 0x0000, 0x0000, 0x0000, 0x0000,
    0x0000, 0x0000, 0x0000, 0x0000, 0x0000, 0x0000, 0x0000, 0x0000,
    0x0000, 0x0000, 0x0000, 0x0000, 0x0000, 0x0000, 0x0000, 0x0000,
    0x0000, 0x0000, 0x0000, 0x0000, 0x0000, 0x0000, 0x0000, 0x0000,
    0x0000, 0x0000, 0x0000, 0x0000, 0x0000, 0x0000, 0x0000, 0x0000,
    0x0000, 0x0000, 0x0000, 0x0000, 0x0000, 0x0000, 0x0000, 0x0000,
    0x0000, 0x0000, 0x0000, 0x0000, 0x0000, 0x0000, 0x0000, 0x0000,
    0x0000, 0x0000, 0x0000, 0x0000, 0x0000, 0x0000, 0x0000, 0x0000,
    0x0000, 0x0000, 0x0000, 0x0000, 0x0000, 0x0000, 0x0000, 0x0000,
    0x0000, 0x0000, 0x0000, 0x0000, 0x0000, 0x0000, 0x0000, 0x0000,
    0x0000, 0x0000, 0x0000, 0x0000, 0x0000, 0x0000, 0x0000, 0x0000,
    0x0000, 0x0000, 0x0000, 0x0000, 0x0000, 0x0000, 0x0000, 0x0000,
    0x0000, 0x0000, 0x0000, 0x0000, 0x0000, 0x0000, 0x0000, 0x0000,
    0x0000, 0x0000, 0x0000, 0x0000, 0x0000, 0x0000, 0x0000, 0x0000,
    0x0000, 0x0000, 0x0000, 0x0000, 0x0000, 0x0000, 0x0000, 0x0000,
    0x0000, 0x0000, 0x0000, 0x0000, 0x0000, 0x0000, 0x0000, 0x0000,
    0x0000, 0x0000, 0x0000, 0x0000, 0x0000, 0x0000, 0x0000, 0x0000,
    0x0000, 0x0000, 0x0000, 0x0000, 0x0000, 0x0000, 0x0000, 0x0000,
    0x0000, 0x0000, 0x0000, 0x0000, 0x0000, 0x0000, 0x0000, 0x0000,
    0x0000, 0x0000, 0x0000, 0x0000, 0x0000, 0x0000, 0x0000, 0x0000,
    0x0000, 0x0000, 0x0000, 0x0000, 0x0000, 0x0000, 0x0000, 0x0000,
    0x0000, 0x0000, 0x0000, 0x0000, 0x0000, 0x0000, 0x0000, 0x0000,
    0x0000, 0x0000, 0x0000, 0x0000, 0x0000, 0x0000, 0x0000, 0x0000,
    0x0000, 0x0000, 0x0000, 0x0000, 0x0000, 0x0000, 0x0000, 0x0000,
    0x0000, 0x0000, 0x0000, 0x0000, 0x0000, 0x0000, 0x0000, 0x0000,
    0x0000, 0x0000, 0x0000, 0x0000, 0x0000, 0x0000, 0x0000, 0x0000,
    0x0000, 0x0000, 0x0000, 0x0000, 0x0000, 0x0000, 0x0000, 0x0000,
    0x0000, 0x0000, 0x0000, 0x0000, 0x0000, 0x0000, 0x0000, 0x0000,
    0x0000, 0x0000, 0x0000, 0x0000, 0x0000, 0x0000, 0x0000, 0x0000,
    0x0000, 0x0000, 0x0000, 0x0000, 0x0000, 0x0000, 0x0000, 0x0000,
    0x0000, 0x0000, 0x0000, 0x0000, 0x0000, 0x0000, 0x0000, 0x0000,
    0x0000, 0x0000, 0x0000, 0x0000, 0x0000, 0x0000, 0x0000, 0x0000,
    0x0000, 0x0000, 0x0000, 0x0000, 0x0000, 0x0000, 0x0000, 0x0000,
    0x0000, 0x0000, 0x0000, 0x0000, 0x0000, 0x0000, 0x0000, 0x0000,
    0x0000, 0x0000, 0x0000, 0x0000, 0x0000, 0x0000, 0x0000, 0x0000,
    0x0000, 0x0000, 0x0000, 0x0000, 0x0000, 0x0000, 0x0000, 0x0000,
    0x0000, 0x0000, 0x0000, 0x0000, 0x0000, 0x0000, 0x0000, 0x0000,
    0x0000, 0x0000, 0x0000, 0x0000, 0x0000, 0x0000, 0x0000, 0x0000,
    0x0000, 0x0000, 0x0000, 0x0000, 0x0000, 0x0000, 0x0000, 0x0000,
    0x0000, 0x0000, 0x0000, 0x0000, 0x0000, 0x0000, 0x0000, 0x0000,
    0x0000, 0x0000, 0x0000, 0x0000, 0x0000, 0x0000, 0x0000, 0x0000,
    0x0000, 0x0000, 0x0000, 0x0000, 0x0000, 0x0000, 0x0000, 0x0000,
    0x0000, 0x0000, 0x0000, 0x0000, 0x0000, 0x0000, 0x0000, 0x0000,
    0x0000, 0x0000, 0x0000, 0x0000, 0x0000, 0x0000, 0x0000, 0x0000,
    0x0000, 0x0000, 0x0000, 0x0000, 0x0000, 0x0000, 0x0000, 0x0000,
    0x0000, 0x0000, 0x0000, 0x0000, 0x0000, 0x0000, 0x0000, 0x0000,
    0x0000, 0x0000, 0x0000, 0x0000, 0x0000, 0x0000, 0x0000, 0x0000,
    0x0000, 0x0000, 0x0000, 0x0000, 0x0000, 0x0000, 0x0000, 0x0000,
    0x0000, 0x0000, 0x0000, 0x0000, 0x0000, 0x0000, 0x0000, 0x0000,
    0x0000, 0x0000, 0x0000, 0x0000, 0x0000, 0x0000, 0x0000, 0x0000,
    0x0000, 0x0000, 0x0000, 0x0000, 0x0000, 0x0000, 0x0000, 0x0000,
    0x0000, 0x0000, 0x0000, 0x0000, 0x0000, 0x0000, 0x0000, 0x0000,
    0x0000, 0x0000, 0x0000, 0x0000, 0x0000, 0x0000, 0x0000, 0x0000,
    0x0000, 0x0000, 0x0000, 0x0000, 0x0000, 0x0000, 0x0000, 0x0000,
    0x0000, 0x0000, 0x0000, 0x0000, 0x0000, 0x0000, 0x0000, 0x0000,
    0x0000, 0x0000, 0x0000, 0x0000, 0x0000, 0x0000, 0x0000, 0x0000,
    0x0000, 0x0000, 0x0000, 0x0000, 0x0000, 0x0000, 0x0000, 0x0000,
    0x0000, 0x0000, 0x0000, 0x0000, 0x0000, 0x0000, 0x0000, 0x0000,
    0x0000, 0x0000, 0x0000, 0x0000, 0x0000, 0x0000, 0x0000, 0x0000,
    0x0000, 0x0000, 0x0000, 0x0000, 0x0000, 0x0000, 0x0000, 0x0000,
    0x0000, 0x0000, 0x0000, 0x0000, 0x0000, 0x0000, 0x0000, 0x0000,
    0x0000, 0x0000, 0x0000, 0x0000, 0x0000, 0x0000, 0x0000, 0x0000,
    0x0000, 0x0000, 0x0000, 0x0000, 0x0000, 0x0000, 0x0000, 0x0000,
    0x0000, 0x0000, 0x0000, 0x0000, 0x0000, 0x0000, 0x0000, 0x0000,
    0x0000, 0x0000, 0x0000, 0x0000, 0x0000, 0x0000, 0x0000, 0x0000,
    0x0000, 0x0000, 0x0000, 0x0000, 0x0000, 0x0000, 0x0000, 0x0000,
    0x0000, 0x0000, 0x0000, 0x0000, 0x0000, 0x0000, 0x0000, 0x0000,
    0x0000, 0x0000, 0x0000, 0x0000, 0x0000, 0x0000, 0x0000, 0x0000,
    0x0000, 0x0000, 0x0000, 0x0000, 0x0000, 0x0000, 0x0000, 0x0000,
    0x0000, 0x0000, 0x0000, 0x0000, 0x0000, 0x0000, 0x0000, 0x0000,
    0x0000, 0x0000, 0x0000, 0x0000, 0x0000, 0x0000, 0x0000, 0x0000,
    0x0000, 0x0000, 0x0000, 0x0000, 0x0000, 0x0000, 0x0000, 0x0000,
    0x0000, 0x0000, 0x0000, 0x0000, 0x0000, 0x0000, 0x0000, 0x0000,
    0x0000, 0x0000, 0x0000, 0x0000, 0x0000, 0x0000, 0x0000, 0x0000,
    0x0000, 0x0000, 0x0000, 0x0000, 0x0000, 0x0000, 0x0000, 0x0000,
    0x0000, 0x0000, 0x0000, 0x0000, 0x0000, 0x0000, 0x0000, 0x0000,
    0x0000, 0x0000, 0x0000, 0x0000, 0x0000, 0x0000, 0x0000, 0x0000,
    0x0000, 0x0000, 0x0000, 0x0000, 0x0000, 0x0000, 0x0000, 0x0000,
    0x0000, 0x0000, 0x0000, 0x0000, 0x0000, 0x0000, 0x0000, 0x0000,
    0x0000, 0x0000, 0x0000, 0x0000, 0x0000, 0x0000, 0x0000, 0x0000,
    0x0000, 0x0000, 0x0000, 0x0000, 0x0000, 0x0000, 0x0000, 0x0000,
    0x0000, 0x0000, 0x0000, 0x0000, 0x0000, 0x0000, 0x0000, 0x0000,
    0x0000, 0x0000, 0x0000, 0x0000, 0x0000, 0x0000, 0x0000, 0x0000,
    0x0000, 0x0000, 0x0000, 0x0000, 0x0000, 0x0000, 0x0000, 0x0000,
    0x0000, 0x0000, 0x0000, 0x0000, 0x0000, 0x0000, 0x0000, 0x0000,
    0x0000, 0x0000, 0x0000, 0x0000, 0x0000, 0x0000, 0x0000, 0x0000,
    0x0000, 0x0000, 0x0000, 0x0000, 0x0000, 0x0000, 0x0000, 0x0000,
    0x0000, 0x0000, 0x0000, 0x0000, 0x0000, 0x0000, 0x0000, 0x0000,
    0x0000, 0x0000, 0x0000, 0x0000, 0x0000, 0x0000, 0x0000, 0x0000,
    0x0000, 0x0000, 0x0000, 0x0000, 0x0000, 0x0000, 0x0000, 0x0000,
    0x0000, 0x0000, 0x0000, 0x0000, 0x0000, 0x0000, 0x0000, 0x0000,
    0x0000, 0x0000, 0x0000, 0x0000, 0x0000, 0x0000, 0x0000, 0x0000,
    0x0000, 0x0000, 0x0000, 0x0000, 0x0000, 0x0000, 0x0000, 0x0000,
    0x0000, 0x0000, 0x0000, 0x0000, 0x0000, 0x0000, 0x0000, 0x0000,
    0x0000, 0x0000, 0x0000, 0x0000, 0x0000, 0x0000, 0x0000, 0x0000,
    0x0000, 0x0000, 0x0000, 0x0000, 0x0000, 0x0000, 0x0000, 0x0000,
    0x0000, 0x0000, 0x0000, 0x0000, 0x0000, 0x0000, 0x0000, 0x0000,
    0x0000, 0x0000, 0x0000, 0x0000, 0x0000, 0x0000, 0x0000, 0x0000,
    0x0000, 0x0000, 0x0000, 0x0000, 0x0000, 0x0000, 0x0000, 0x0000,
    0x0000, 0x0000, 0x0000, 0x0000, 0x0000, 0x0000, 0x0000, 0x0000,
    0x0000, 0x0000, 0x0000, 0x0000, 0x0000, 0x0000, 0x0000, 0x0000,
    0x0000, 0x0000, 0x0000, 0x0000, 0x0000, 0x0000, 0x0000, 0x0000,
    0x0000, 0x0000, 0x0000, 0x0000, 0x0000, 0x0000, 0x0000, 0x0000,
    0x0000, 0x0000, 0x0000, 0x0000, 0x0000, 0x0000, 0x0000, 0x0000,
    0x0000, 0x0000, 0x0000, 0x0000, 0x0000, 0x0000, 0x0000, 0x0000,
    0x0000, 0x0000, 0x0000, 0x0000, 0x0000, 0x0000, 0x0000, 0x0000,
    0x0000, 0x0000, 0x0000, 0x0000, 0x0000, 0x0000, 0x0000, 0x0000,
    0x0000, 0x0000, 0x0000, 0x0000, 0x0000, 0x0000, 0x0000, 0x0000,
    0x0000, 0x0000, 0x0000, 0x0000, 0x0000, 0x0000, 0x0000, 0x0000,
    0x0000, 0x0000, 0x0000, 0x0000, 0x0000, 0x0000, 0x0000, 0x0000,
    0x0000, 0x0000, 0x0000, 0x0000, 0x0000, 0x0000, 0x0000, 0x0000,
    0x0000, 0x0000, 0x0000, 0x0000, 0x0000, 0x0000, 0x0000, 0x0000,
    0x0000, 0x0000, 0x0000, 0x0000, 0x0000, 0x0000, 0x0000, 0x0000,
    0x0000, 0x0000, 0x0000, 0x0000, 0x0000, 0x0000, 0x0000, 0x0000,
    0x0000, 0x0000, 0x0000, 0x0000, 0x0000, 0x0000, 0x0000, 0x0000,
    0x0000, 0x0000, 0x0000, 0x0000, 0x0000, 0x0000, 0x0000, 0x0000,
    0x0000, 0x0000, 0x0000, 0x0000, 0x0000, 0x0000, 0x0000, 0x0000,
    0x0000, 0x0000, 0x0000, 0x0000, 0x0000, 0x0000, 0x0000, 0x0000,
    0x0000, 0x0000, 0x0000, 0x0000, 0x0000, 0x0000, 0x0000, 0x0000,
    0x0000, 0x0000, 0x0000, 0x0000, 0x0000, 0x0000, 0x0000, 0x0000,
    0x0000, 0x0000, 0x0000, 0x0000, 0x0000, 0x0000, 0x0000, 0x0000,
    0x0000, 0x0000, 0x0000, 0x0000, 0x0000, 0x0000, 0x0000, 0x0000,
    0x0000, 0x0000, 0x0000, 0x0000, 0x0000, 0x0000, 0x0000, 0x0000,
    0x0000, 0x0000, 0x0000, 0x0000, 0x0000, 0x0000, 0x0000, 0x0000,
    0x0000, 0x0000, 0x0000, 0x0000, 0x0000, 0x0000, 0x0000, 0x0000,
    0x0000, 0x0000, 0x0000, 0x0000, 0x0000, 0x0000, 0x0000, 0x0000,
    0x0000, 0x0000, 0x0000, 0x0000, 0x0000, 0x0000, 0x0000, 0x0000,
    0x0000, 0x0000, 0x0000, 0x0000, 0x0000, 0x0000, 0x0000, 0x0000,
    0x0000, 0x0000, 0x0000, 0x0000, 0x0000, 0x0000, 0x0000, 0x0000,
    0x0000, 0x0000, 0x0000, 0x0000, 0x0000, 0x0000, 0x0000, 0x0000,
    0x0000, 0x0000, 0x0000, 0x0000, 0x0000, 0x0000, 0x0000, 0x0000,
    0x0000, 0x0000, 0x0000, 0x0000, 0x0000, 0x0000, 0x0000, 0x0000,
    0x0000, 0x0000, 0x0000, 0x0000, 0x0000, 0x0000, 0x0000, 0x0000,
    0x0000, 0x0000, 0x0000, 0x0000, 0x0000, 0x0000, 0x0000, 0x0000,
    0x0000, 0x0000, 0x0000, 0x0000, 0x0000, 0x0000, 0x0000, 0x0000,
    0x0000, 0x0000, 0x0000, 0x0000, 0x0000, 0x0000, 0x0000, 0x0000,
    0x0000, 0x0000, 0x0000, 0x0000, 0x0000, 0x0000, 0x0000, 0x0000,
    0x0000, 0x0000, 0x0000, 0x0000, 0x0000, 0x0000, 0x0000, 0x0000,
    0x0000, 0x0000, 0x0000, 0x0000, 0x0000, 0x0000, 0x0000, 0x0000,
    0x0000, 0x0000, 0x0000, 0x0000, 0x0000, 0x0000, 0x0000, 0x0000,
    0x0000, 0x0000, 0x0000, 0x0000, 0x0000, 0x0000, 0x0000, 0x0000,
    0x0000, 0x0000, 0x0000, 0x0000, 0x0000, 0x0000, 0x0000, 0x0000,
    0x0000, 0x0000, 0x0000, 0x0000, 0x0000, 0x0000, 0x0000, 0x0000,
    0x0000, 0x0000, 0x0000, 0x0000, 0x0000, 0x0000, 0x0000, 0x0000,
    0x0000, 0x0000, 0x0000, 0x0000, 0x0000, 0x0000, 0x0000, 0x0000,
    0x0000, 0x0000, 0x0000, 0x0000, 0x0000, 0x0000, 0x0000, 0x0000,
    0x0000, 0x0000, 0x0000, 0x0000, 0x0000, 0x0000, 0x0000, 0x0000,
    0x0000, 0x0000, 0x0000, 0x0000, 0x0000, 0x0000, 0x0000, 0x0000,
    0x0000, 0x0000, 0x0000, 0x0000, 0x0000, 0x0000, 0x0000, 0x0000,
    0x0000, 0x0000, 0x0000, 0x0000, 0x0000, 0x0000, 0x0000, 0x0000,
    0x0000, 0x0000, 0x0000, 0x0000, 0x0000, 0x0000, 0x0000, 0x0000,
    0x0000, 0x0000, 0x0000, 0x0000, 0x0000, 0x0000, 0x0000, 0x0000,
    0x0000, 0x0000, 0x0000, 0x0000, 0x0000, 0x0000, 0x0000, 0x0000,
    0x0000, 0x0000, 0x0000, 0x0000, 0x0000, 0x0000, 0x0000, 0x0000,
};

static inline uint16_t pdr16_xt_rom_read_word(uint16_t addr) {
    const uint16_t chunk_index = addr / PDR16_XT_ROM_CHUNK_WORDS;
    const uint16_t chunk_offset = addr % PDR16_XT_ROM_CHUNK_WORDS;
    switch (chunk_index) {
        case 0u:
            return pgm_read_word_far(pgm_get_far_address(pdr16_xt_forth_rom_chunk_0) + ((uint32_t)chunk_offset * 2u));
        case 1u:
            return pgm_read_word_far(pgm_get_far_address(pdr16_xt_forth_rom_chunk_1) + ((uint32_t)chunk_offset * 2u));
        case 2u:
            return pgm_read_word_far(pgm_get_far_address(pdr16_xt_forth_rom_chunk_2) + ((uint32_t)chunk_offset * 2u));
        case 3u:
            return pgm_read_word_far(pgm_get_far_address(pdr16_xt_forth_rom_chunk_3) + ((uint32_t)chunk_offset * 2u));
        default:
            return 0xFFFFu;
    }
}

#endif
