             org $0000                                      
             0000  0001 284c                                
             org $0002                                      
UZERO:                                                      
             0002  0000                                     ; Reserved
             0003  0000                                     ; Reserved
             0004  0000                                     ; Reserved
             0005  0000                                     ; Reserved
             0006  f97f                                     ; SP0 = SPP-1
             0007  fe7f                                     ; RP0 = RPP-1
             0008  0002                                     ; ?KEY = ?rx
             0009  0003                                     ; EMIT = tx!
             000a  124e                                     ; EXPECT = accept
             000b  122a                                     ; TAP = kTAP
             000c  0003                                     ; 'ECHO = tx!
             000d  1323                                     ; PROMPT = .OK
             000e  27bd                                     ; BOOT = hi
             000f  1066                                     ; FIND = FIND-RUNTIME
             0010  000a                                     ; BASE = 10
             0011  000a                                     ; BASEHOLD = 10
             0012  0000                                     ; tmp
             0013  0000                                     ; STRX
             0014  0000                                     ; %mta
             0015  0000                                     ; %mtu
             0016  0000                                     ; %mtw
             0017  0000                                     ; %mtp
             0018  0000                                     ; %mtf
             0019  0000                                     ; %mtl
             001a  0000                                     ; SPAN
UZERO_TO_IN:                                                
             001b  0000                                     ; >IN
UZERO_NUM_TIB:                                              
             001c  0000                                     ; #TIB
UZERO_TIB:                                                  
             001d  fa80                                     ; TIB
             001e  0000                                     ; CSP
             001f  0000                                     ; STATE
             0020  0000                                     ; HLD
             0021  0000                                     ; HANDLER
UZERO_EKEY_HEAD:                                            
             0022  0000                                     ; EKEY head
UZERO_EKEY_TAIL:                                            
             0023  0000                                     ; EKEY tail
UZERO_EKEY_BUFFER:                                          
             0024  0000                                     ; EKEY buffer
             0025  0000                                     ; EKEY buffer
             0026  0000                                     ; EKEY buffer
             0027  0000                                     ; EKEY buffer
             0028  0000                                     ; EKEY buffer
             0029  0000                                     ; EKEY buffer
             002a  0000                                     ; EKEY buffer
             002b  0000                                     ; EKEY buffer
             002c  0000                                     ; EKEY buffer
             002d  0000                                     ; EKEY buffer
             002e  0000                                     ; EKEY buffer
             002f  0000                                     ; EKEY buffer
             0030  0000                                     ; EKEY buffer
             0031  0000                                     ; EKEY buffer
             0032  0000                                     ; EKEY buffer
             0033  0000                                     ; EKEY buffer
UZERO_FORTHVOC:                                             
             0034  0000                                     ; FORTHVOC bucket table ptr
             0035  0000                                     ; FORTHVOC next vocabulary
             0036  0000                                     ; FORTHVOC metadata
UZERO_CONTEXT:                                              
             0037  0000                                     ; CONTEXT
             0038  0000                                     ; VOCAB
             0039  0000                                     ; VOCAB
             003a  0000                                     ; VOCAB
             003b  0000                                     ; VOCAB
             003c  0000                                     ; VOCAB
             003d  0000                                     ; VOCAB
             003e  0000                                     ; VOCAB
             003f  0000                                     ; VOCAB
UZERO_CURRENT:                                              
             0040  0000                                     ; CURRENT
             0041  0000                                     ; CURRENT bucket table
UZERO_CP:                                                   
             0042  8000                                     ; CP = runtime HERE
             0043  f580                                     ; TOKBUF token scratch
             0044  fa00                                     ; LP
UZERO_LAST:                                                 
             0045  50d4                                     ; LASTN
             0046  0000                                     ; find token scratch
             0047  0000                                     ; find first-char scratch
             0048  0000                                     ; find lex scratch
             0049  0000                                     ; find private-visible scratch
             004a  0000                                     ; find stats enabled scratch
             004b  0000                                     ; find visits scratch
             004c  0000                                     ; find full-compare scratch
             004d  0000                                     ; find hit-depth scratch
             004e  0000                                     ; image cell-count scratch
             004f  0000                                     ; image width scratch
             0050  0000                                     ; find bucket scratch
             0051  0000                                     ; bucket head scratch
UZERO_MODULE_ACTIVE:                                        
             0052  0000                                     ; module active flag
UZERO_MODULE_FAILED:                                        
             0053  0000                                     ; module failed flag
UZERO_MODULE_LAST:                                          
             0054  0000                                     ; module saved LAST
UZERO_MODULE_CP:                                            
             0055  0000                                     ; module saved CP
UZERO_MODULE_FORTHVOC:                                      
             0056  0000                                     ; module saved FORTHVOC bucket table ptr
             0057  0000                                     ; module saved FORTHVOC next vocabulary
             0058  0000                                     ; module saved FORTHVOC metadata
UZERO_MODULE_CONTEXT:                                       
             0059  0000                                     ; module saved CONTEXT
             005a  0000                                     ; module saved VOCAB
             005b  0000                                     ; module saved VOCAB
             005c  0000                                     ; module saved VOCAB
             005d  0000                                     ; module saved VOCAB
             005e  0000                                     ; module saved VOCAB
             005f  0000                                     ; module saved VOCAB
             0060  0000                                     ; module saved VOCAB
             0061  0000                                     ; module saved VOCAB
UZERO_MODULE_CURRENT:                                       
             0062  0000                                     ; module saved CURRENT
             0063  0000                                     ; module saved VOCAB LINK
FORTH_BUCKET_HEADS_TEMPLATE:                                
             0064  0000                                     ; FORTH bucket template
             0065  0000                                     ; FORTH bucket template
             0066  0000                                     ; FORTH bucket template
             0067  0000                                     ; FORTH bucket template
             0068  0000                                     ; FORTH bucket template
             0069  0000                                     ; FORTH bucket template
             006a  0000                                     ; FORTH bucket template
             006b  0000                                     ; FORTH bucket template
             006c  0000                                     ; FORTH bucket template
             006d  0000                                     ; FORTH bucket template
             006e  0000                                     ; FORTH bucket template
             006f  0000                                     ; FORTH bucket template
             0070  0000                                     ; FORTH bucket template
             0071  0000                                     ; FORTH bucket template
             0072  0000                                     ; FORTH bucket template
             0073  0000                                     ; FORTH bucket template
             0074  0000                                     ; FORTH bucket template
             0075  0000                                     ; FORTH bucket template
             0076  0000                                     ; FORTH bucket template
             0077  0000                                     ; FORTH bucket template
             0078  0000                                     ; FORTH bucket template
             0079  0000                                     ; FORTH bucket template
             007a  0000                                     ; FORTH bucket template
             007b  0000                                     ; FORTH bucket template
             007c  0000                                     ; FORTH bucket template
             007d  0000                                     ; FORTH bucket template
             007e  0000                                     ; FORTH bucket template
             007f  0000                                     ; FORTH bucket template
             0080  0000                                     ; FORTH bucket template
             0081  0000                                     ; FORTH bucket template
             0082  0000                                     ; FORTH bucket template
             0083  0000                                     ; FORTH bucket template
             0084  0000                                     ; FORTH bucket template
             0085  0000                                     ; FORTH bucket template
             0086  0000                                     ; FORTH bucket template
             0087  0000                                     ; FORTH bucket template
             0088  0000                                     ; FORTH bucket template
             0089  0000                                     ; FORTH bucket template
             008a  0000                                     ; FORTH bucket template
             008b  0000                                     ; FORTH bucket template
             008c  0000                                     ; FORTH bucket template
             008d  0000                                     ; FORTH bucket template
             008e  0000                                     ; FORTH bucket template
             008f  0000                                     ; FORTH bucket template
             0090  0000                                     ; FORTH bucket template
             0091  0000                                     ; FORTH bucket template
             0092  0000                                     ; FORTH bucket template
             0093  0000                                     ; FORTH bucket template
             0094  0000                                     ; FORTH bucket template
             0095  0000                                     ; FORTH bucket template
             0096  0000                                     ; FORTH bucket template
             0097  0000                                     ; FORTH bucket template
             0098  0000                                     ; FORTH bucket template
             0099  0000                                     ; FORTH bucket template
             009a  0000                                     ; FORTH bucket template
             009b  0000                                     ; FORTH bucket template
             009c  0000                                     ; FORTH bucket template
             009d  0000                                     ; FORTH bucket template
             009e  0000                                     ; FORTH bucket template
             009f  0000                                     ; FORTH bucket template
             00a0  0000                                     ; FORTH bucket template
             00a1  0000                                     ; FORTH bucket template
             00a2  0000                                     ; FORTH bucket template
             00a3  0000                                     ; FORTH bucket template
             00a4  0000                                     ; FORTH bucket template
             00a5  0000                                     ; FORTH bucket template
             00a6  0000                                     ; FORTH bucket template
             00a7  0000                                     ; FORTH bucket template
             00a8  0000                                     ; FORTH bucket template
             00a9  0000                                     ; FORTH bucket template
             00aa  0000                                     ; FORTH bucket template
             00ab  0000                                     ; FORTH bucket template
             00ac  0000                                     ; FORTH bucket template
             00ad  0000                                     ; FORTH bucket template
             00ae  0000                                     ; FORTH bucket template
             00af  0000                                     ; FORTH bucket template
             00b0  0000                                     ; FORTH bucket template
             00b1  0000                                     ; FORTH bucket template
             00b2  0000                                     ; FORTH bucket template
             00b3  0000                                     ; FORTH bucket template
             00b4  0000                                     ; FORTH bucket template
             00b5  0000                                     ; FORTH bucket template
             00b6  0000                                     ; FORTH bucket template
             00b7  0000                                     ; FORTH bucket template
             00b8  0000                                     ; FORTH bucket template
             00b9  0000                                     ; FORTH bucket template
             00ba  0000                                     ; FORTH bucket template
             00bb  0000                                     ; FORTH bucket template
             00bc  0000                                     ; FORTH bucket template
             00bd  0000                                     ; FORTH bucket template
             00be  0000                                     ; FORTH bucket template
             00bf  0000                                     ; FORTH bucket template
             00c0  0000                                     ; FORTH bucket template
             00c1  0000                                     ; FORTH bucket template
             00c2  0000                                     ; FORTH bucket template
             00c3  0000                                     ; editor user pad
             00c4  0000                                     ; editor user pad
             00c5  0000                                     ; editor user pad
             00c6  0000                                     ; editor user pad
             00c7  0000                                     ; editor user pad
             00c8  0000                                     ; editor user pad
             00c9  0000                                     ; editor user pad
             00ca  0000                                     ; editor user pad
             00cb  0000                                     ; editor user pad
             00cc  0000                                     ; editor user pad
             00cd  0000                                     ; editor user pad
             00ce  0000                                     ; editor user pad
             00cf  0000                                     ; editor user pad
             00d0  0000                                     ; editor user pad
             00d1  0000                                     ; editor user pad
             00d2  0000                                     ; editor user pad
             00d3  0000                                     ; editor user pad
             00d4  0000                                     ; editor user pad
             00d5  0000                                     ; editor user pad
             00d6  0000                                     ; editor user pad
             00d7  0000                                     ; editor user pad
             00d8  0000                                     ; editor user pad
             00d9  0000                                     ; editor user pad
             00da  0000                                     ; editor user pad
             00db  0000                                     ; editor user pad
             00dc  0000                                     ; editor user pad
             00dd  0000                                     ; editor user pad
             00de  0000                                     ; editor user pad
             00df  0000                                     ; editor user pad
             00e0  0000                                     ; editor user pad
             00e1  0000                                     ; editor user pad
             00e2  0000                                     ; editor user pad
             00e3  0000                                     ; editor user pad
             00e4  0000                                     ; editor user pad
             00e5  0000                                     ; editor user pad
             00e6  0000                                     ; editor user pad
             00e7  0000                                     ; editor user pad
             00e8  0000                                     ; editor user pad
             00e9  0000                                     ; editor user pad
             00ea  0000                                     ; editor user pad
             00eb  0000                                     ; editor user pad
             00ec  0000                                     ; editor user pad
             00ed  0000                                     ; editor user pad
             00ee  0000                                     ; editor user pad
             00ef  0000                                     ; editor user pad
             00f0  0000                                     ; editor user pad
             00f1  0000                                     ; editor user pad
             00f2  0000                                     ; editor user pad
             00f3  0000                                     ; editor user pad
             00f4  0000                                     ; editor user pad
             00f5  0000                                     ; editor user pad
             00f6  0000                                     ; editor user pad
             00f7  0000                                     ; editor user pad
             00f8  0000                                     ; editor user pad
             00f9  0000                                     ; editor user pad
             00fa  0000                                     ; editor user pad
             00fb  0000                                     ; editor user pad
             00fc  0000                                     ; editor user pad
             00fd  0000                                     ; editor user pad
             00fe  0000                                     ; editor user pad
             00ff  0000                                     ; editor user pad
             0100  0000                                     ; editor user pad
             0101  0000                                     ; editor user pad
             0102  0000                                     ; editor user slot
             0103  0000                                     ; editor user slot
             0104  0000                                     ; editor user slot
             0105  0000                                     ; editor user slot
             0106  0000                                     ; editor user slot
             0107  0000                                     ; editor user slot
             0108  0000                                     ; editor user slot
             0109  0000                                     ; editor user slot
             010a  0000                                     ; editor user slot
             010b  0000                                     ; editor user slot
             010c  0000                                     ; editor user slot
             010d  0000                                     ; editor user slot
             010e  0000                                     ; editor user slot
             010f  0000                                     ; editor user slot
             0110  0000                                     ; editor user slot
             0111  0000                                     ; editor user slot
             0112  0000                                     ; editor user slot
             0113  0000                                     ; editor user slot
             0114  0000                                     ; editor user slot
             0115  0000                                     ; editor user slot
             0116  0000                                     ; editor user slot
             0117  0000                                     ; editor user slot
             0118  0000                                     ; editor user slot
             0119  0000                                     ; editor user slot
             011a  0000                                     ; editor user slot
             011b  0000                                     ; editor user slot
ULAST:                                                      
             org $0200                                      
                                                            ; SP0
             0200  0000                                     ; bucket link

             0201  6003                                     ; len('SP0')
             0202  0053 0050 0030                           ; 'SP0'
SP0:                                                        
             0205  0004 0004 04a4 000d 29cc 000b            ; 4 4 UP 13 + 11
                                                            ; RP0
             020b  0000                                     ; bucket link

             020c  6003                                     ; len('RP0')
             020d  0052 0050 0030                           ; 'RP0'
RP0:                                                        
             0210  0004 0005 04a4 000d 29cc 000b            ; 4 5 UP 13 + 11
                                                            ; '?KEY
             0216  0000                                     ; bucket link

             0217  b205                                     ; len(''?KEY')
             0218  0027 003f 004b 0045 0059                 ; "'?KEY"
'?KEY:                                                      
             021d  0004 0006 04a4 000d 29cc 000b            ; 4 6 UP 13 + 11
                                                            ; 'EMIT
             0223  0216                                     ; bucket link

             0224  a805                                     ; len(''EMIT')
             0225  0027 0045 004d 0049 0054                 ; "'EMIT"
'EMIT:                                                      
             022a  0004 0007 04a4 000d 29cc 000b            ; 4 7 UP 13 + 11
                                                            ; 'EXPECT
             0230  0223                                     ; bucket link

             0231  a807                                     ; len(''EXPECT')
             0232  0027 0045 0058 0050 0045 0043 0054       ; "'EXPECT"
'EXPECT:                                                    
             0239  0004 0008 04a4 000d 29cc 000b            ; 4 8 UP 13 + 11
                                                            ; 'TAP
             023f  0230                                     ; bucket link

             0240  a004                                     ; len(''TAP')
             0241  0027 0054 0041 0050                      ; "'TAP"
'TAP:                                                       
             0245  0004 0009 04a4 000d 29cc 000b            ; 4 9 UP 13 + 11
                                                            ; 'ECHO
             024b  023f                                     ; bucket link

             024c  9e05                                     ; len(''ECHO')
             024d  0027 0045 0043 0048 004f                 ; "'ECHO"
'ECHO:                                                      
             0252  0004 000a 04a4 000d 29cc 000b            ; 4 10 UP 13 + 11
                                                            ; 'PROMPT
             0258  024b                                     ; bucket link

             0259  a807                                     ; len(''PROMPT')
             025a  0027 0050 0052 004f 004d 0050 0054       ; "'PROMPT"
'PROMPT:                                                    
             0261  0004 000b 04a4 000d 29cc 000b            ; 4 11 UP 13 + 11
                                                            ; 'BOOT
             0267  0258                                     ; bucket link

             0268  a805                                     ; len(''BOOT')
             0269  0027 0042 004f 004f 0054                 ; "'BOOT"
'BOOT:                                                      
             026e  0004 000c 04a4 000d 29cc 000b            ; 4 12 UP 13 + 11
                                                            ; 'FIND
             0274  0267                                     ; bucket link

             0275  8805                                     ; len(''FIND')
             0276  0027 0046 0049 004e 0044                 ; "'FIND"
'FIND:                                                      
             027b  0004 000d 04a4 000d 29cc 000b            ; 4 13 UP 13 + 11
                                                            ; BASE
             0281  0000                                     ; bucket link

             0282  8a04                                     ; len('BASE')
             0283  0042 0041 0053 0045                      ; 'BASE'
BASE:                                                       
             0287  0004 000e 04a4 000d 29cc 000b            ; 4 14 UP 13 + 11
                                                            ; BASEHOLD
             028d  0281                                     ; bucket link

             028e  8808                                     ; len('BASEHOLD')
             028f  0042 0041 0053 0045 0048 004f 004c 0044  ; 'BASEHOLD'
BASEHOLD:                                                   
             0297  0004 000f 04a4 000d 29cc 000b            ; 4 15 UP 13 + 11
                                                            ; tmp
             029d  0000                                     ; bucket link

             029e  e043                                     ; len('tmp')
             029f  0074 006d 0070                           ; 'tmp'
tmp:                                                        
             02a2  0004 0010 04a4 000d 29cc 000b            ; 4 16 UP 13 + 11
                                                            ; STRX
             02a8  0200                                     ; bucket link

             02a9  b004                                     ; len('STRX')
             02aa  0053 0054 0052 0058                      ; 'STRX'
STRX:                                                       
             02ae  0004 0011 04a4 000d 29cc 000b            ; 4 17 UP 13 + 11
                                                            ; %mta
             02b4  0000                                     ; bucket link

             02b5  c204                                     ; len('%mta')
             02b6  0025 006d 0074 0061                      ; '%mta'
%mta:                                                       
             02ba  0004 0012 04a4 000d 29cc 000b            ; 4 18 UP 13 + 11
                                                            ; %mtu
             02c0  02b4                                     ; bucket link

             02c1  ea04                                     ; len('%mtu')
             02c2  0025 006d 0074 0075                      ; '%mtu'
%mtu:                                                       
             02c6  0004 0013 04a4 000d 29cc 000b            ; 4 19 UP 13 + 11
                                                            ; %mtw
             02cc  02c0                                     ; bucket link

             02cd  ee04                                     ; len('%mtw')
             02ce  0025 006d 0074 0077                      ; '%mtw'
%mtw:                                                       
             02d2  0004 0014 04a4 000d 29cc 000b            ; 4 20 UP 13 + 11
                                                            ; %mtp
             02d8  02cc                                     ; bucket link

             02d9  e004                                     ; len('%mtp')
             02da  0025 006d 0074 0070                      ; '%mtp'
%mtp:                                                       
             02de  0004 0015 04a4 000d 29cc 000b            ; 4 21 UP 13 + 11
                                                            ; %mtf
             02e4  02d8                                     ; bucket link

             02e5  cc04                                     ; len('%mtf')
             02e6  0025 006d 0074 0066                      ; '%mtf'
%mtf:                                                       
             02ea  0004 0016 04a4 000d 29cc 000b            ; 4 22 UP 13 + 11
                                                            ; %mtl
             02f0  02e4                                     ; bucket link

             02f1  d804                                     ; len('%mtl')
             02f2  0025 006d 0074 006c                      ; '%mtl'
%mtl:                                                       
             02f6  0004 0017 04a4 000d 29cc 000b            ; 4 23 UP 13 + 11
                                                            ; SPAN
             02fc  02a8                                     ; bucket link

             02fd  9c04                                     ; len('SPAN')
             02fe  0053 0050 0041 004e                      ; 'SPAN'
SPAN:                                                       
             0302  0004 0018 04a4 000d 29cc 000b            ; 4 24 UP 13 + 11
                                                            ; >IN
             0308  0000                                     ; bucket link

             0309  9c03                                     ; len('>IN')
             030a  003e 0049 004e                           ; '>IN'
>IN:                                                        
             030d  0004 0019 04a4 000d 29cc 000b            ; 4 25 UP 13 + 11
                                                            ; #TIB
             0313  0000                                     ; bucket link

             0314  8404                                     ; len('#TIB')
             0315  0023 0054 0049 0042                      ; '#TIB'
#TIB:                                                       
             0319  0004 001a 04a4 000d 29cc 000b            ; 4 26 UP 13 + 11
                                                            ; CSP
             031f  0000                                     ; bucket link

             0320  a003                                     ; len('CSP')
             0321  0043 0053 0050                           ; 'CSP'
CSP:                                                        
             0324  0004 001c 04a4 000d 29cc 000b            ; 4 28 UP 13 + 11
                                                            ; STATE
             032a  02fc                                     ; bucket link

             032b  8a05                                     ; len('STATE')
             032c  0053 0054 0041 0054 0045                 ; 'STATE'
STATE:                                                      
             0331  0004 001d 04a4 000d 29cc 000b            ; 4 29 UP 13 + 11
                                                            ; HLD
             0337  0000                                     ; bucket link

             0338  8803                                     ; len('HLD')
             0339  0048 004c 0044                           ; 'HLD'
HLD:                                                        
             033c  0004 001e 04a4 000d 29cc 000b            ; 4 30 UP 13 + 11
                                                            ; HANDLER
             0342  0337                                     ; bucket link

             0343  a407                                     ; len('HANDLER')
             0344  0048 0041 004e 0044 004c 0045 0052       ; 'HANDLER'
HANDLER:                                                    
             034b  0004 001f 04a4 000d 29cc 000b            ; 4 31 UP 13 + 11
                                                            ; EKEY-HEAD
             0351  0000                                     ; bucket link

             0352  8809                                     ; len('EKEY-HEAD')
             0353  0045 004b 0045 0059 002d 0048 0045 0041 0044; 'EKEY-HEAD'
EKEY-HEAD:                                                  
             035c  0004 0020 04a4 000d 29cc 000b            ; 4 32 UP 13 + 11
                                                            ; EKEY-TAIL
             0362  0000                                     ; bucket link

             0363  9809                                     ; len('EKEY-TAIL')
             0364  0045 004b 0045 0059 002d 0054 0041 0049 004c; 'EKEY-TAIL'
EKEY-TAIL:                                                  
             036d  0004 0021 04a4 000d 29cc 000b            ; 4 33 UP 13 + 11
                                                            ; FORTHVOC
             0373  0000                                     ; bucket link

             0374  8608                                     ; len('FORTHVOC')
             0375  0046 004f 0052 0054 0048 0056 004f 0043  ; 'FORTHVOC'
FORTHVOC:                                                   
             037d  0004 0032 04a4 000d 29cc 000b            ; 4 50 UP 13 + 11
                                                            ; CONTEXT
             0383  031f                                     ; bucket link

             0384  a807                                     ; len('CONTEXT')
             0385  0043 004f 004e 0054 0045 0058 0054       ; 'CONTEXT'
CONTEXT:                                                    
             038c  0004 0035 04a4 000d 29cc 000b            ; 4 53 UP 13 + 11
                                                            ; CURRENT
             0392  0383                                     ; bucket link

             0393  a807                                     ; len('CURRENT')
             0394  0043 0055 0052 0052 0045 004e 0054       ; 'CURRENT'
CURRENT:                                                    
             039b  0004 003e 04a4 000d 29cc 000b            ; 4 62 UP 13 + 11
                                                            ; CP
             03a1  0392                                     ; bucket link

             03a2  a002                                     ; len('CP')
             03a3  0043 0050                                ; 'CP'
CP:                                                         
             03a5  0004 0040 04a4 000d 29cc 000b            ; 4 64 UP 13 + 11
                                                            ; TOKBUF
             03ab  0000                                     ; bucket link

             03ac  8c06                                     ; len('TOKBUF')
             03ad  0054 004f 004b 0042 0055 0046            ; 'TOKBUF'
TOKBUF:                                                     
             03b3  0004 0041 04a4 000d 29cc 000b            ; 4 65 UP 13 + 11
                                                            ; LP
             03b9  0000                                     ; bucket link

             03ba  a002                                     ; len('LP')
             03bb  004c 0050                                ; 'LP'
LP:                                                         
             03bd  0004 0042 04a4 000d 29cc 000b            ; 4 66 UP 13 + 11
                                                            ; LAST
             03c3  03b9                                     ; bucket link

             03c4  a804                                     ; len('LAST')
             03c5  004c 0041 0053 0054                      ; 'LAST'
LAST:                                                       
             03c9  0004 0043 04a4 000d 29cc 000b            ; 4 67 UP 13 + 11
                                                            ; FIND_TOKEN
             03cf  0373                                     ; bucket link

             03d0  9c0a                                     ; len('FIND_TOKEN')
             03d1  0046 0049 004e 0044 005f 0054 004f 004b 0045 004e; 'FIND_TOKEN'
FIND_TOKEN:                                                 
             03db  0004 0044 04a4 000d 29cc 000b            ; 4 68 UP 13 + 11
                                                            ; FIND_CHAR
             03e1  03cf                                     ; bucket link

             03e2  a409                                     ; len('FIND_CHAR')
             03e3  0046 0049 004e 0044 005f 0043 0048 0041 0052; 'FIND_CHAR'
FIND_CHAR:                                                  
             03ec  0004 0045 04a4 000d 29cc 000b            ; 4 69 UP 13 + 11
                                                            ; FIND_LEX
             03f2  03e1                                     ; bucket link

             03f3  b008                                     ; len('FIND_LEX')
             03f4  0046 0049 004e 0044 005f 004c 0045 0058  ; 'FIND_LEX'
FIND_LEX:                                                   
             03fc  0004 0046 04a4 000d 29cc 000b            ; 4 70 UP 13 + 11
                                                            ; FIND_PRIVATE
             0402  03f2                                     ; bucket link

             0403  8a0c                                     ; len('FIND_PRIVATE')
             0404  0046 0049 004e 0044 005f 0050 0052 0049 0056 0041 0054 0045; 'FIND_PRIVATE'
FIND_PRIVATE:                                               
             0410  0004 0047 04a4 000d 29cc 000b            ; 4 71 UP 13 + 11
                                                            ; FIND_STATS
             0416  0402                                     ; bucket link

             0417  a60a                                     ; len('FIND_STATS')
             0418  0046 0049 004e 0044 005f 0053 0054 0041 0054 0053; 'FIND_STATS'
FIND_STATS:                                                 
             0422  0004 0048 04a4 000d 29cc 000b            ; 4 72 UP 13 + 11
                                                            ; FIND_VISITS
             0428  0416                                     ; bucket link

             0429  a60b                                     ; len('FIND_VISITS')
             042a  0046 0049 004e 0044 005f 0056 0049 0053 0049 0054 0053; 'FIND_VISITS'
FIND_VISITS:                                                
             0435  0004 0049 04a4 000d 29cc 000b            ; 4 73 UP 13 + 11
                                                            ; FIND_FULLS
             043b  0428                                     ; bucket link

             043c  a60a                                     ; len('FIND_FULLS')
             043d  0046 0049 004e 0044 005f 0046 0055 004c 004c 0053; 'FIND_FULLS'
FIND_FULLS:                                                 
             0447  0004 004a 04a4 000d 29cc 000b            ; 4 74 UP 13 + 11
                                                            ; FIND_HIT
             044d  043b                                     ; bucket link

             044e  a808                                     ; len('FIND_HIT')
             044f  0046 0049 004e 0044 005f 0048 0049 0054  ; 'FIND_HIT'
FIND_HIT:                                                   
             0457  0004 004b 04a4 000d 29cc 000b            ; 4 75 UP 13 + 11
                                                            ; IMG-CELLS
             045d  0000                                     ; bucket link

             045e  a609                                     ; len('IMG-CELLS')
             045f  0049 004d 0047 002d 0043 0045 004c 004c 0053; 'IMG-CELLS'
IMG-CELLS:                                                  
             0468  0004 004c 04a4 000d 29cc 000b            ; 4 76 UP 13 + 11
                                                            ; IMGW
             046e  045d                                     ; bucket link

             046f  ae04                                     ; len('IMGW')
             0470  0049 004d 0047 0057                      ; 'IMGW'
IMGW:                                                       
             0474  0004 004d 04a4 000d 29cc 000b            ; 4 77 UP 13 + 11
                                                            ; FIND_BUCKET
             047a  044d                                     ; bucket link

             047b  a80b                                     ; len('FIND_BUCKET')
             047c  0046 0049 004e 0044 005f 0042 0055 0043 004b 0045 0054; 'FIND_BUCKET'
FIND_BUCKET:                                                
             0487  0004 004e 04a4 000d 29cc 000b            ; 4 78 UP 13 + 11
                                                            ; BUCKET_HEAD
             048d  028d                                     ; bucket link

             048e  880b                                     ; len('BUCKET_HEAD')
             048f  0042 0055 0043 004b 0045 0054 005f 0048 0045 0041 0044; 'BUCKET_HEAD'
BUCKET_HEAD:                                                
             049a  0004 004f 04a4 000d 29cc 000b            ; 4 79 UP 13 + 11
                                                            ; UP ( -- a, Pointer to the user area.)
             04a0  0000                                     ; bucket link

             04a1  a002                                     ; len('UP')
             04a2  0055 0050                                ; 'UP'
UP:                                                         
             04a4  0006                                     ; 6
             04a5  fe80                                     ; UP data
                                                            ; doUSER ( -- a )
             04a6  0000                                     ; bucket link

             04a7  a446                                     ; len('doUSER')
             04a8  0064 006f 0055 0053 0045 0052            ; 'doUSER'
doUSER:                                                     
             04ae  0012 000d 04a4 000d 29cc 000b            ; 18 13 UP 13 + 11
                                                            ; MODULE_ACTIVE ( -- a )
             04b4  0000                                     ; bucket link

             04b5  8a0d                                     ; len('MODULE_ACTIVE')
             04b6  004d 004f 0044 0055 004c 0045 005f 0041 0043 0054 0049 0056 0045; 'MODULE_ACTIVE'
MODULE_ACTIVE:                                              
             04c3  0004 0050 04a4 000d 29cc 000b            ; 4 80 UP 13 + 11
                                                            ; MODULE_FAILED ( -- a )
             04c9  0000                                     ; bucket link

             04ca  880d                                     ; len('MODULE_FAILED')
             04cb  004d 004f 0044 0055 004c 0045 005f 0046 0041 0049 004c 0045 0044; 'MODULE_FAILED'
MODULE_FAILED:                                              
             04d8  0004 0051 04a4 000d 29cc 000b            ; 4 81 UP 13 + 11
                                                            ; MODULE_LAST ( -- a )
             04de  0000                                     ; bucket link

             04df  a80b                                     ; len('MODULE_LAST')
             04e0  004d 004f 0044 0055 004c 0045 005f 004c 0041 0053 0054; 'MODULE_LAST'
MODULE_LAST:                                                
             04eb  0004 0052 04a4 000d 29cc 000b            ; 4 82 UP 13 + 11
                                                            ; MODULE_CP ( -- a )
             04f1  0000                                     ; bucket link

             04f2  a009                                     ; len('MODULE_CP')
             04f3  004d 004f 0044 0055 004c 0045 005f 0043 0050; 'MODULE_CP'
MODULE_CP:                                                  
             04fc  0004 0053 04a4 000d 29cc 000b            ; 4 83 UP 13 + 11
                                                            ; MODULE_FORTHVOC ( -- a )
             0502  0000                                     ; bucket link

             0503  860f                                     ; len('MODULE_FORTHVOC')
             0504  004d 004f 0044 0055 004c 0045 005f 0046 004f 0052 0054 0048 0056 004f 0043; 'MODULE_FORTHVOC'
MODULE_FORTHVOC:                                            
             0513  0004 0054 04a4 000d 29cc 000b            ; 4 84 UP 13 + 11
                                                            ; MODULE_CONTEXT ( -- a )
             0519  0000                                     ; bucket link

             051a  a80e                                     ; len('MODULE_CONTEXT')
             051b  004d 004f 0044 0055 004c 0045 005f 0043 004f 004e 0054 0045 0058 0054; 'MODULE_CONTEXT'
MODULE_CONTEXT:                                             
             0529  0004 0057 04a4 000d 29cc 000b            ; 4 87 UP 13 + 11
                                                            ; MODULE_CURRENT ( -- a )
             052f  0000                                     ; bucket link

             0530  a80e                                     ; len('MODULE_CURRENT')
             0531  004d 004f 0044 0055 004c 0045 005f 0043 0055 0052 0052 0045 004e 0054; 'MODULE_CURRENT'
MODULE_CURRENT:                                             
             053f  0004 0060 04a4 000d 29cc 000b            ; 4 96 UP 13 + 11
                                                            ; doVOC ( -- )
             0545  0000                                     ; bucket link

             0546  8645                                     ; len('doVOC')
             0547  0064 006f 0056 004f 0043                 ; 'doVOC'
doVOC:                                                      
             054c                                           
             054c  0012 000d 0fb8 038c 06b0 000c            ; R> @ VOCAB>BUCKETS CONTEXT CELL+ !
             0552  037d 038c 06b0 06b0 000c                 ; FORTHVOC CONTEXT CELL+ CELL+ !
             0557  0004 0000 038c 06b0 06b0 06b0 000c       ; doLIT 0 CONTEXT CELL+ CELL+ CELL+ !
             055e  038c 06b0 038c 000c 000b                 ; CONTEXT CELL+ CONTEXT ! EXIT
                                                            ; FORTH ( -- )
             0563  047a                                     ; bucket link

             0564  9005                                     ; len('FORTH')
             0565  0046 004f 0052 0054 0048                 ; 'FORTH'
FORTH:                                                      
             056a  037d 0018 038c 000c 0017 000b            ; FORTHVOC 24 CONTEXT 12 23 11
                                                            ; ?DUP ( w -- w w | 0 )
             0570  0000                                     ; bucket link

             0571  a004                                     ; len('?DUP')
             0572  003f 0044 0055 0050                      ; '?DUP'
?DUP:                                                       
             0576                                           
             0576  0018 0008 057b                           ; DUP ?branch QDUP1
             0579  0018 000b                                ; DUP EXIT
QDUP1:                                                      
             057b  000b                                     ; EXIT
                                                            ; ROT ( w1 w2 w3 -- w2 w3 w1 )
             057c  020b                                     ; bucket link

             057d  a803                                     ; len('ROT')
             057e  0052 004f 0054                           ; 'ROT'
ROT:                                                        
             0581  0014 0019 0012 0019 000b                 ; 20 25 18 25 11
                                                            ; 2DROP ( w w  -- )
             0586  0000                                     ; bucket link

             0587  a005                                     ; len('2DROP')
             0588  0032 0044 0052 004f 0050                 ; '2DROP'
2DROP:                                                      
             058d  0017 0017 000b                           ; 23 23 11
                                                            ; DNEGATE ( d -- -d )
             0590  0000                                     ; bucket link

             0591  8a07                                     ; len('DNEGATE')
             0592  0044 004e 0045 0047 0041 0054 0045       ; 'DNEGATE'
DNEGATE:                                                    
             0599  0004 ffff 001e 0014 0004 ffff 001e 0004 0001 001f 0012 001f 0017 000b; 4 65535 30 20 4 65535 30 4 1 31 18 31 23 11
                                                            ; D+ ( d d -- d )
             05a7  0590                                     ; bucket link

             05a8  5602                                     ; len('D+')
             05a9  0044 002b                                ; 'D+'
D+:                                                         
             05ab  0014 0019 0014 001f 0012 0012 001f 0017 001f 0017 000b; 20 25 20 31 18 18 31 23 31 23 11
                                                            ; U< ( u u -- t )
             05b6  04a0                                     ; bucket link

             05b7  7802                                     ; len('U<')
             05b8  0055 003c                                ; 'U<'
U<:                                                         
             05ba  001a 001a 001e 001b 0008                 ; 26 26 30 27 8
             05bf  05c4                                     ; ULES1
             05c0  0019 0017 001b 000b                      ; 25 23 27 11
ULES1:                                                      
             05c4  29a0 001b 000b                           ; - 27 11
                                                            ; < ( n n -- t )
             05c7  0000                                     ; bucket link

             05c8  7801                                     ; len('<')
             05c9  003c                                     ; '<'
<:                                                          
             05ca                                           
             05ca  2993 001e 001b                           ; 2DUP XOR 0<
             05cd  0008 05d2                                ; ?branch LESS1
             05cf  0017 001b 000b                           ; DROP 0< EXIT
LESS1:                                                      
             05d2  29a0 001b 000b                           ; - 0< EXIT
                                                            ; MAX ( n n -- n )
             05d5  0000                                     ; bucket link

             05d6  b003                                     ; len('MAX')
             05d7  004d 0041 0058                           ; 'MAX'
MAX:                                                        
             05da                                           
             05da  2993 05ca                                ; 2DUP <
             05dc  0008 05df                                ; ?branch MAX1
             05de  0019                                     ; SWAP
MAX1:                                                       
             05df  0017 000b                                ; DROP EXIT
                                                            ; MIN ( n n -- n )
             05e1  05d5                                     ; bucket link

             05e2  9c03                                     ; len('MIN')
             05e3  004d 0049 004e                           ; 'MIN'
MIN:                                                        
             05e6                                           
             05e6  2993 0019 05ca                           ; 2DUP SWAP <
             05e9  0008 05ec                                ; ?branch MIN1
             05eb  0019                                     ; SWAP
MIN1:                                                       
             05ec  0017 000b                                ; DROP EXIT
                                                            ; WITHIN ( u ul uh -- t )
             05ee  0000                                     ; bucket link

             05ef  9c06                                     ; len('WITHIN')
             05f0  0057 0049 0054 0048 0049 004e            ; 'WITHIN'
WITHIN:                                                     
             05f6  001a 29a0 0014 29a0 0012 05ba 000b       ; 26 - 20 - 18 U< 11
                                                            ; UM/MOD ( ud u -- ur uq )
             05fd  05b6                                     ; bucket link

             05fe  8806                                     ; len('UM/MOD')
             05ff  0055 004d 002f 004d 004f 0044            ; 'UM/MOD'
UM/MOD:                                                     
             0605  2993 05ba 0008                           ; 2DUP U< 8
             0608  0631                                     ; UMM4
             0609  0037 0004                                ; 55 4
             060b  fff0                                     
             060c  0014                                     ; 20
UMM1:                                                       
             060d  0014 0018 001f 0014 0014 0018 001f 0012 29cc 0018 0012 0013 0019 0014 001f 0012 001d 0008; 20 24 31 20 20 24 31 18 + 24 18 19 25 20 31 18 29 8
             061f  0628                                     ; UMM2
             0620  0014 0017 0004                           ; 20 23 4
             0623  0001                                     
             0624  29cc 0012 0009                           ; + 18 9
             0627  0629                                     ; UMM3
UMM2:                                                       
             0628  0017                                     ; 23
UMM3:                                                       
             0629  0012 0007 060d 0012 0017 0017 0019 000b  ; 18 7 UMM1 18 23 23 25 11
UMM4:                                                       
             0631  0017 058d 0004                           ; 23 2DROP 4
             0634  ffff                                     
             0635  0018 000b                                ; 24 11
                                                            ; M/MOD ( d n -- r q ) floored division
             0637  05e1                                     ; bucket link

             0638  8805                                     ; len('M/MOD')
             0639  004d 002f 004d 004f 0044                 ; 'M/MOD'
M/MOD:                                                      
             063e                                           
             063e  0018 001b 0018 0014                      ; DUP 0< DUP >R
             0642  0008 0648                                ; ?branch MMOD1
             0644  0037 0014 0599 0012                      ; NEGATE >R DNEGATE R>
MMOD1:                                                      
             0648  0014 0018 001b                           ; >R DUP 0<
             064b  0008 064f                                ; ?branch MMOD2
             064d  0013 29cc                                ; R@ +
MMOD2:                                                      
             064f  0012 0605 0012                           ; R> UM/MOD R>
             0652  0008 0657                                ; ?branch MMOD3
             0654  0019 0037 0019                           ; SWAP NEGATE SWAP
MMOD3:                                                      
             0657  000b                                     ; EXIT
                                                            ; /MOD ( n n -- r q )
             0658  0000                                     ; bucket link

             0659  8804                                     ; len('/MOD')
             065a  002f 004d 004f 0044                      ; '/MOD'
/MOD:                                                       
             065e  001a 001b 0019 063e 000b                 ; 26 27 25 M/MOD 11
                                                            ; MOD ( n n -- r )
             0663  0637                                     ; bucket link

             0664  8803                                     ; len('MOD')
             0665  004d 004f 0044                           ; 'MOD'
MOD:                                                        
             0668  065e 0017 000b                           ; /MOD 23 11
                                                            ; UM* UM* ( u u -- ud ) ( u u -- ud )
             066b  05fd                                     ; bucket link

             066c  5423                                     ; len('UM*')
             066d  0055 004d 002a                           ; 'UM*'
UM*:                                                        
             0670  0033                                     
             0671  000b                                     
                                                            ; * ( n n -- n )
             0672  0000                                     ; bucket link

             0673  5401                                     ; len('*')
             0674  002a                                     ; '*'
*:                                                          
             0675  0033 0017 000b                           ; 51 23 11
                                                            ; M* ( n n -- d )
             0678  0663                                     ; bucket link

             0679  5402                                     ; len('M*')
             067a  004d 002a                                ; 'M*'
M*:                                                         
             067c                                           
             067c  2993 001e 001b 0014                      ; 2DUP XOR 0< >R
             0680  2987 0019 2987 0033                      ; ABS SWAP ABS UM*
             0684  0012                                     ; R>
             0685  0008 0688                                ; ?branch MSTA1
             0687  0599                                     ; DNEGATE
MSTA1:                                                      
             0688  000b                                     ; EXIT
                                                            ; */MOD ( n n n -- r q )
             0689  0672                                     ; bucket link

             068a  8805                                     ; len('*/MOD')
             068b  002a 002f 004d 004f 0044                 ; '*/MOD'
*/MOD:                                                      
             0690  0014 067c 0012 063e 000b                 ; 20 M* 18 M/MOD 11
                                                            ; */ ( n n n -- q )
             0695  0689                                     ; bucket link

             0696  5e02                                     ; len('*/')
             0697  002a 002f                                ; '*/'
*/:                                                         
             0699  0690 0019 0017 000b                      ; */MOD 25 23 11
                                                            ; CELL- (a -- a)
             069d  03a1                                     ; bucket link

             069e  5a05                                     ; len('CELL-')
             069f  0043 0045 004c 004c 002d                 ; 'CELL-'
CELL-:                                                      
             06a4  0004 ffff 001f 0017 000b                 ; 4 65535 31 23 11
                                                            ; CELL+ (a -- a)
             06a9  069d                                     ; bucket link

             06aa  5605                                     ; len('CELL+')
             06ab  0043 0045 004c 004c 002b                 ; 'CELL+'
CELL+:                                                      
             06b0  0004 0001 001f 0017 000b                 ; 4 1 31 23 11
                                                            ; CELLS (n -- n)
             06b5  06a9                                     ; bucket link

             06b6  a605                                     ; len('CELLS')
             06b7  0043 0045 004c 004c 0053                 ; 'CELLS'
CELLS:                                                      
             06bc  000b                                     ; end CODE CELLS
                                                            ; ALIGNED (b -- a)
             06bd  0000                                     ; bucket link

             06be  8807                                     ; len('ALIGNED')
             06bf  0041 004c 0049 0047 004e 0045 0044       ; 'ALIGNED'
ALIGNED:                                                    
             06c6                                           
             06c6  000b                                     ; EXIT
                                                            ; BL (-- 32)
             06c7  048d                                     ; bucket link

             06c8  9802                                     ; len('BL')
             06c9  0042 004c                                ; 'BL'
BL:                                                         
             06cb  0004 0020 000b                           ; 4 32 11
                                                            ; >CHAR (c -- c)
             06ce  0308                                     ; bucket link

             06cf  a405                                     ; len('>CHAR')
             06d0  003e 0043 0048 0041 0052                 ; '>CHAR'
>CHAR:                                                      
             06d5                                           
             06d5  0004 007f 001c 0018                      ; doLIT 127 AND DUP
             06d9  0004 007f 06cb 05f6                      ; doLIT 127 BL WITHIN
             06dd  0008 06e2                                ; ?branch TCHA1
             06df  0017 0004 005f                           ; DROP doLIT 95
TCHA1:                                                      
             06e2  000b                                     ; EXIT
                                                            ; DEPTH (-- n)
             06e3  05a7                                     ; bucket link

             06e4  9005                                     ; len('DEPTH')
             06e5  0044 0045 0050 0054 0048                 ; 'DEPTH'
DEPTH:                                                      
             06ea  0205 000d 0015 29a0 0004 0001 29a0 000b  ; SP0 13 21 - 4 1 - 11
                                                            ; PICK (+n -- w)
             06f2  0000                                     ; bucket link

             06f3  9604                                     ; len('PICK')
             06f4  0050 0049 0043 004b                      ; 'PICK'
PICK:                                                       
             06f8  0004 0001 29cc 06bc 0015 29cc 000d 000b  ; 4 1 + CELLS 21 + 13 11
                                                            ; +! (n a --)
             0700  0000                                     ; bucket link

             0701  4202                                     ; len('+!')
             0702  002b 0021                                ; '+!'
+!:                                                         
             0704  0019                                     
             0705  001a                                     
             0706  000d                                     
             0707  001f                                     
             0708  0017                                     
             0709  0019                                     
             070a  000c                                     
             070b  000b                                     ; end CODE +!
                                                            ; 2! (d a --)
             070c  0586                                     ; bucket link

             070d  4202                                     ; len('2!')
             070e  0032 0021                                ; '2!'
2!:                                                         
             0710  0019 001a 000c 0004 0001 001f 0017 000c 000b; 25 26 12 4 1 31 23 12 11
                                                            ; 2@ (a -- d)
             0719  070c                                     ; bucket link

             071a  8002                                     ; len('2@')
             071b  0032 0040                                ; '2@'
2@:                                                         
             071d  0018 0004 0001 001f 0017 000d 0019 000d 000b; 24 4 1 31 23 13 25 13 11
                                                            ; COUNT (b -- b +n)
             0726  06b5                                     ; bucket link

             0727  a805                                     ; len('COUNT')
             0728  0043 004f 0055 004e 0054                 ; 'COUNT'
COUNT:                                                      
             072d  0018 0004 0001 001f 0017 0019 000f 000b  ; 24 4 1 31 23 25 15 11
                                                            ; HERE (-- a)
             0735  0342                                     ; bucket link

             0736  8a04                                     ; len('HERE')
             0737  0048 0045 0052 0045                      ; 'HERE'
HERE:                                                       
             073b  03a5 000d 000b                           ; CP 13 11
                                                            ; PAD (-- a)
             073e  06f2                                     ; bucket link

             073f  8803                                     ; len('PAD')
             0740  0050 0041 0044                           ; 'PAD'
PAD:                                                        
             0743  073b 0004 0050 29cc 000b                 ; HERE 4 80 + 11
                                                            ; TIB (-- a)
             0748  03ab                                     ; bucket link

             0749  8403                                     ; len('TIB')
             074a  0054 0049 0042                           ; 'TIB'
TIB:                                                        
             074d  0319 06b0 000d 000b                      ; #TIB CELL+ 13 11
                                                            ; LINEBUF (-- a)
             0751  0000                                     ; bucket link

             0752  8c07                                     ; len('LINEBUF')
             0753  004c 0049 004e 0045 0042 0055 0046       ; 'LINEBUF'
LINEBUF:                                                    
             075a  0004 fa00 000b                           ; 4 64000 11
                                                            ; LINE-RESET (--)
             075d  0000                                     ; bucket link

             075e  a84a                                     ; len('LINE-RESET')
             075f  004c 0049 004e 0045 002d 0052 0045 0053 0045 0054; 'LINE-RESET'
LINE-RESET:                                                 
             0769  0004 fa00 03bd 000c 000b                 ; 4 64000 LP 12 11
                                                            ; LINE, ( w -- )
             076e  0000                                     ; bucket link

             076f  5845                                     ; len('LINE,')
             0770  004c 0049 004e 0045 002c                 ; 'LINE,'
LINE,:                                                      
             0775  03bd 000d 0018 06b0 03bd 000c 000c 000b  ; LP 13 24 CELL+ LP 12 12 11
                                                            ; LINE-LIT ( n -- )
             077d  0000                                     ; bucket link

             077e  a848                                     ; len('LINE-LIT')
             077f  004c 0049 004e 0045 002d 004c 0049 0054  ; 'LINE-LIT'
LINE-LIT:                                                   
             0787  0004 0004 0775 0775 000b                 ; 4 4 LINE, LINE, 11
                                                            ; LINE-RUN (--)
             078c  0000                                     ; bucket link

             078d  9c48                                     ; len('LINE-RUN')
             078e  004c 0049 004e 0045 002d 0052 0055 004e  ; 'LINE-RUN'
LINE-RUN:                                                   
             0796  0004 000b 0775 0004 fa00 0014 000b       ; 4 11 LINE, 4 64000 20 11
                                                            ; RUN-XT ( xt -- )
             079d  0000                                     ; bucket link

             079e  a846                                     ; len('RUN-XT')
             079f  0052 0055 004e 002d 0058 0054            ; 'RUN-XT'
RUN-XT:                                                     
             07a5  0769 0775 0796                           ; LINE-RESET LINE, LINE-RUN
                                                            ; LINE-END (--)
             07a8  0000                                     ; bucket link

             07a9  8848                                     ; len('LINE-END')
             07aa  004c 0049 004e 0045 002d 0045 004e 0044  ; 'LINE-END'
LINE-END:                                                   
             07b2  0004 1323 0775 0004 000b 0775 0004 fa00 0014 000b; 4 .OK LINE, 4 11 LINE, 4 64000 20 11
                                                            ; CMOVE (b b u --)
             07bc  0726                                     ; bucket link

             07bd  8a05                                     ; len('CMOVE')
             07be  0043 004d 004f 0056 0045                 ; 'CMOVE'
CMOVE:                                                      
             07c3                                           
             07c3  0009 07d6                                ; branch CMOV2
CMOV1:                                                      
             07c5  0014 001a 000f 001a 000e                 ; >R OVER C@ OVER C!
             07ca  0004 0001 29cc 0019 0004 0001 29cc 0019  ; doLIT 1 + SWAP doLIT 1 + SWAP
             07d2  0012 0004 ffff 29cc                      ; R> doLIT -1 +
CMOV2:                                                      
             07d6  0018 0008 07db                           ; DUP ?branch CMOV3
             07d9  0009 07c5                                ; branch CMOV1
CMOV3:                                                      
             07db  0017 058d 000b                           ; DROP 2DROP EXIT
                                                            ; FILL (b u c --)
             07de  0563                                     ; bucket link

             07df  9804                                     ; len('FILL')
             07e0  0046 0049 004c 004c                      ; 'FILL'
FILL:                                                       
             07e4                                           
             07e4  0019 0037 0014 0019                      ; SWAP NEGATE >R SWAP
             07e8  0009 07ef                                ; branch FILL2
FILL1:                                                      
             07ea  2993 000e 0004 0001 29cc                 ; 2DUP C! doLIT 1 +
FILL2:                                                      
             07ef  0007 07ea 0012 0017                      ; doNEXT FILL1 R> DROP
             07f3  058d 000b                                ; 2DROP EXIT
                                                            ; -TRAILING (b u -- b u)
             07f5  0000                                     ; bucket link

             07f6  8e09                                     ; len('-TRAILING')
             07f7  002d 0054 0052 0041 0049 004c 0049 004e 0047; '-TRAILING'
-TRAILING:                                                  
             0800                                           
             0800  0037 0014                                ; NEGATE >R
             0802  0009 0811                                ; branch DTRA2
DTRA1:                                                      
             0804  06cb 001a 0013 29cc 000f 05ca            ; BL OVER R@ + C@ <
             080a  0008 0811                                ; ?branch DTRA2
             080c  0012 0004 0001 29cc 000b                 ; R> doLIT 1 + EXIT
DTRA2:                                                      
             0811  0007 0804 0012 0017                      ; doNEXT DTRA1 R> DROP
             0815  0004 0000 000b                           ; doLIT 0 EXIT
                                                            ; PACK$ (b u a -- a)
             0818  073e                                     ; bucket link

             0819  4805                                     ; len('PACK$')
             081a  0050 0041 0043 004b 0024                 ; 'PACK$'
PACK$:                                                      
             081f                                           
             081f  06c6 0018 0014 001a                      ; ALIGNED DUP >R OVER
             0823  0018 0004 0000 0004 0001 0605 0017       ; DUP doLIT 0 doLIT 1 UM/MOD DROP
             082a  29a0 001a 29cc 0004 0000 0019 000c 2993 000e 0004 0001 29cc 0019 07c3 0012 000b; - OVER + doLIT 0 SWAP ! 2DUP C! doLIT 1 + SWAP CMOVE R> EXIT
                                                            ; DIGIT (u -- c)
             083a  06e3                                     ; bucket link

             083b  a805                                     ; len('DIGIT')
             083c  0044 0049 0047 0049 0054                 ; 'DIGIT'
DIGIT:                                                      
             0841  0004 0009 001a 05ca 0004 0007 001c 29cc 0004 0030 29cc 000b; 4 9 26 < 4 7 28 + 4 48 + 11
                                                            ; EXTRACT (n base -- n c)
             084d  0000                                     ; bucket link

             084e  a807                                     ; len('EXTRACT')
             084f  0045 0058 0054 0052 0041 0043 0054       ; 'EXTRACT'
EXTRACT:                                                    
             0856  0004 0000 0019 0605 0019 0841 000b       ; 4 0 25 UM/MOD 25 DIGIT 11
                                                            ; <# (--)
             085d  05c7                                     ; bucket link

             085e  4602                                     ; len('<#')
             085f  003c 0023                                ; '<#'
<#:                                                         
             0861  0743 033c 000c 000b                      ; PAD HLD 12 11
                                                            ; HOLD (c --)
             0865  0735                                     ; bucket link

             0866  8804                                     ; len('HOLD')
             0867  0048 004f 004c 0044                      ; 'HOLD'
HOLD:                                                       
             086b  033c 000d 0004 0001 29a0 0018 033c 000c 000e 000b; HLD 13 4 1 - 24 HLD 12 14 11
                                                            ; # (u -- u)
             0875  0313                                     ; bucket link

             0876  4601                                     ; len('#')
             0877  0023                                     ; '#'
#:                                                          
             0878  0287 000d 0856 086b 000b                 ; BASE 13 EXTRACT HOLD 11
                                                            ; #S (u -- 0)
             087d  0875                                     ; bucket link

             087e  a602                                     ; len('#S')
             087f  0023 0053                                ; '#S'
#S:                                                         
             0881                                           
DIGS1:                                                      
             0881  0878 0018                                ; # DUP
             0883  0008 0887                                ; ?branch DIGS2
             0885  0009 0881                                ; branch DIGS1
DIGS2:                                                      
             0887  000b                                     ; EXIT
                                                            ; SIGN (n --)
             0888  032a                                     ; bucket link

             0889  9c04                                     ; len('SIGN')
             088a  0053 0049 0047 004e                      ; 'SIGN'
SIGN:                                                       
             088e                                           
             088e  001b                                     ; 0<
             088f  0008 0894                                ; ?branch SIGN1
             0891  0004 002d 086b                           ; doLIT 45 HOLD
SIGN1:                                                      
             0894  000b                                     ; EXIT
                                                            ; #> (w -- b u)
             0895  087d                                     ; bucket link

             0896  7c02                                     ; len('#>')
             0897  0023 003e                                ; '#>'
#>:                                                         
             0899  0017 033c 000d 0743 001a 29a0 000b       ; 23 HLD 13 PAD 26 - 11
                                                            ; str (n -- b u)
             08a0  0000                                     ; bucket link

             08a1  e403                                     ; len('str')
             08a2  0073 0074 0072                           ; 'str'
str:                                                        
             08a5                                           
             08a5  0018 0014 2987 0861 0881 0012 088e 0899 000b; DUP >R ABS <# #S R> SIGN #> EXIT
                                                            ; HEX (--)
             08ae  0865                                     ; bucket link

             08af  b003                                     ; len('HEX')
             08b0  0048 0045 0058                           ; 'HEX'
HEX:                                                        
             08b3  0004 0010 0287 000c 000b                 ; 4 16 BASE 12 11
                                                            ; DECIMAL (--)
             08b8  083a                                     ; bucket link

             08b9  9807                                     ; len('DECIMAL')
             08ba  0044 0045 0043 0049 004d 0041 004c       ; 'DECIMAL'
DECIMAL:                                                    
             08c1  0004 000a 0287 000c 000b                 ; 4 10 BASE 12 11
                                                            ; >BASE ( -- )
             08c6  06ce                                     ; bucket link

             08c7  8a05                                     ; len('>BASE')
             08c8  003e 0042 0041 0053 0045                 ; '>BASE'
>BASE:                                                      
             08cd  0287 000d 0297 000c 000b                 ; BASE 13 BASEHOLD 12 11
                                                            ; BASE> ( -- )
             08d2  06c7                                     ; bucket link

             08d3  7c05                                     ; len('BASE>')
             08d4  0042 0041 0053 0045 003e                 ; 'BASE>'
BASE>:                                                      
             08d9  0297 000d 0287 000c 000b                 ; BASEHOLD 13 BASE 12 11
                                                            ; .R (n +n --)
             08de  0000                                     ; bucket link

             08df  a402                                     ; len('.R')
             08e0  002e 0052                                ; '.R'
.R:                                                         
             08e2                                           
             08e2  0014 08a5                                ; >R str
             08e4  0012 001a 29a0 0b99                      ; R> OVER - SPACES
             08e8  0ba2 000b                                ; TYPE EXIT
                                                            ; U.R (u +n --)
             08ea  066b                                     ; bucket link

             08eb  a403                                     ; len('U.R')
             08ec  0055 002e 0052                           ; 'U.R'
U.R:                                                        
             08ef                                           
             08ef  0014                                     ; >R
             08f0  0861 0881 0899 0012                      ; <# #S #> R>
             08f4  001a 29a0 0b99                           ; OVER - SPACES
             08f7  0ba2 000b                                ; TYPE EXIT
                                                            ; U. (u --)
             08f9  08ea                                     ; bucket link

             08fa  5c02                                     ; len('U.')
             08fb  0055 002e                                ; 'U.'
U.:                                                         
             08fd                                           
             08fd  0861 0881 0899                           ; <# #S #>
             0900  0b74                                     ; SPACE
             0901  0ba2 000b                                ; TYPE EXIT
                                                            ; . (w --)
             0903  08de                                     ; bucket link

             0904  5c01                                     ; len('.')
             0905  002e                                     ; '.'
.:                                                          
             0906                                           
             0906  0287 000d 0004 000a 001e                 ; BASE @ doLIT 10 XOR
             090b  0008 090f                                ; ?branch DOT1
             090d  08fd 000b                                ; U. EXIT
DOT1:                                                       
             090f  08a5 0b74 0ba2 000b                      ; str SPACE TYPE EXIT
                                                            ; ? (a --)
             0913  0570                                     ; bucket link

             0914  7e01                                     ; len('?')
             0915  003f                                     ; '?'
?:                                                          
             0916                                           
             0916  000d 0906 000b                           ; @ . EXIT
                                                            ; DIGIT? (c base -- u t)
             0919  08b8                                     ; bucket link

             091a  7e06                                     ; len('DIGIT?')
             091b  0044 0049 0047 0049 0054 003f            ; 'DIGIT?'
DIGIT?:                                                     
             0921                                           
             0921  0014 0004 0030 29a0 0004 0009 001a 05ca  ; >R doLIT 48 - doLIT 9 OVER <
             0929  0008 0933                                ; ?branch DGTQ1
             092b  0004 0007 29a0 0018 0004 000a 05ca 001d  ; doLIT 7 - DUP doLIT 10 < OR
DGTQ1:                                                      
             0933  0018 0012 05ba 000b                      ; DUP R> U< EXIT
                                                            ; NUMBER? (a -- n T | a F)
             0937  0000                                     ; bucket link

             0938  7e07                                     ; len('NUMBER?')
             0939  004e 0055 004d 0042 0045 0052 003f       ; 'NUMBER?'
NUMBER?:                                                    
             0940                                           
             0940  0287 000d 0014 0018 072d                 ; BASE @ >R DUP COUNT
             0945  001a 000f 0004 0024 29a5                 ; OVER C@ doLIT 36 =
             094a  0008 0955                                ; ?branch NUMQ1
             094c  08b3 0019 0004 0001 29cc                 ; HEX SWAP doLIT 1 +
             0951  0019 0004 0001 29a0                      ; SWAP doLIT 1 -
NUMQ1:                                                      
             0955  001a 000f 0004 002d 29a5                 ; OVER C@ doLIT 45 =
             095a  0018 02a2 000c                           ; DUP tmp !
             095d  0008 0967                                ; ?branch NUMQ2
             095f  0019 0004 0001 29cc                      ; SWAP doLIT 1 +
             0963  0019 0004 0001 29a0                      ; SWAP doLIT 1 -
NUMQ2:                                                      
             0967  0018                                     ; DUP
             0968  0008 09e8                                ; ?branch NUMQ6
             096a  0287 000d 0004 0010 001e                 ; BASE @ doLIT 16 XOR
             096f  0008 0993                                ; ?branch NUMQ16
             0971  0287 000d 0004 000a 001e                 ; BASE @ doLIT 10 XOR
             0976  0008 09aa                                ; ?branch NUMQ10
             0978  0037 0014                                ; NEGATE >R
             097a  0004 0000                                ; doLIT 0
NUMQ3:                                                      
             097c  001a 000f 0287 000d 0921                 ; OVER C@ BASE @ DIGIT?
             0981  0008 09d4                                ; ?branch NUMQ4
             0983  0019 0287 000d 0675 29cc                 ; SWAP BASE @ * +
             0988  0019 0004 0001 29cc 0019                 ; SWAP doLIT 1 + SWAP
             098d  0007 097c 0012 0017                      ; doNEXT NUMQ3 R> DROP
             0991  0009 09c5                                ; branch NUMQ5A
NUMQ16:                                                     
             0993  0037 0014                                ; NEGATE >R
             0995  0004 0000                                ; doLIT 0
NUMQ17:                                                     
             0997  001a 000f 0d7b                           ; OVER C@ HEX?
             099a  0008 09d4                                ; ?branch NUMQ4
             099c  0019 0020 29cc                           ; SWAP <<4 +
             099f  0019 0004 0001 29cc 0019                 ; SWAP doLIT 1 + SWAP
             09a4  0007 0997 0012 0017                      ; doNEXT NUMQ17 R> DROP
             09a8  0009 09c5                                ; branch NUMQ5A
NUMQ10:                                                     
             09aa  0037 0014                                ; NEGATE >R
             09ac  0004 0000                                ; doLIT 0
NUMQ11:                                                     
             09ae  001a 000f 0018 0bce                      ; OVER C@ DUP DIGIT-CHAR?
             09b2  0008 09de                                ; ?branch NUMQ4D
             09b4  0004 0030 29a0                           ; doLIT 48 -
             09b7  0019 0004 000a 0675 29cc                 ; SWAP doLIT 10 * +
             09bc  0019 0004 0001 29cc 0019                 ; SWAP doLIT 1 + SWAP
             09c1  0007 09ae 0012 0017                      ; doNEXT NUMQ11 R> DROP
NUMQ5A:                                                     
             09c5  0019 0017 0019 0017                      ; SWAP DROP SWAP DROP
             09c9  02a2 000d                                ; tmp @
             09cb  0008 09ce                                ; ?branch NUMQ5
             09cd  0037                                     ; NEGATE
NUMQ5:                                                      
             09ce  0004 ffff 0012 0287 000c 000b            ; doLIT -1 R> BASE ! EXIT
NUMQ4:                                                      
             09d4  0017 0012 0017 058d                      ; DROP R> DROP 2DROP
             09d8  0004 0000 0012 0287 000c 000b            ; doLIT 0 R> BASE ! EXIT
NUMQ4D:                                                     
             09de  0017                                     ; DROP
             09df  0012 0017 058d                           ; R> DROP 2DROP
             09e2  0004 0000 0012 0287 000c 000b            ; doLIT 0 R> BASE ! EXIT
NUMQ6:                                                      
             09e8  0017 0017                                ; DROP DROP
             09ea  0004 0000 0012 0287 000c 000b            ; doLIT 0 R> BASE ! EXIT
                                                            ; ?KEY (-- c T | F)
             09f0  0913                                     ; bucket link

             09f1  b204                                     ; len('?KEY')
             09f2  003f 004b 0045 0059                      ; '?KEY'
?KEY:                                                       
             09f6  0002 000b                                ; 2 11
                                                            ; KEY (-- c)
             09f8  0000                                     ; bucket link

             09f9  b203                                     ; len('KEY')
             09fa  004b 0045 0059                           ; 'KEY'
KEY:                                                        
             09fd                                           
KEY1:                                                       
             09fd  09f6                                     ; ?KEY
             09fe  0008 09fd                                ; ?branch KEY1
             0a00  000b                                     ; EXIT
                                                            ; EKEY-BUF ( i -- a )
             0a01  0000                                     ; bucket link

             0a02  8c08                                     ; len('EKEY-BUF')
             0a03  0045 004b 0045 0059 002d 0042 0055 0046  ; 'EKEY-BUF'
EKEY-BUF:                                                   
             0a0b  0004 0022 29cc 04a4 000d 29cc 000b       ; 4 34 + UP 13 + 11
                                                            ; ?EKEY (-- key T | F)
             0a12  09f0                                     ; bucket link

             0a13  b205                                     ; len('?EKEY')
             0a14  003f 0045 004b 0045 0059                 ; '?EKEY'
?EKEY:                                                      
             0a19                                           
             0a19  035c 000d 036d 000d 29a5                 ; EKEY-HEAD @ EKEY-TAIL @ =
             0a1e  0008 0a23                                ; ?branch QEKEY1
             0a20  0004 0000 000b                           ; doLIT 0 EXIT
QEKEY1:                                                     
             0a23  036d 000d 0018 0a0b 000d                 ; EKEY-TAIL @ DUP EKEY-BUF @
             0a28  0019 0004 0001 29cc 0004 000f 001c 036d 000c; SWAP doLIT 1 + doLIT 15 AND EKEY-TAIL !
             0a31  0004 ffff 000b                           ; doLIT -1 EXIT
                                                            ; EKEY (-- key)
             0a34  084d                                     ; bucket link

             0a35  b204                                     ; len('EKEY')
             0a36  0045 004b 0045 0059                      ; 'EKEY'
EKEY:                                                       
             0a3a                                           
EKEY1:                                                      
             0a3a  0a19                                     ; ?EKEY
             0a3b  0008 0a3a                                ; ?branch EKEY1
             0a3d  000b                                     ; EXIT
                                                            ; KEY_UP (-- keycode)
             0a3e  09f8                                     ; bucket link

             0a3f  a006                                     ; len('KEY_UP')
             0a40  004b 0045 0059 005f 0055 0050            ; 'KEY_UP'
KEY_UP:                                                     
             0a46  0004 0001 000b                           ; 4 1 11
                                                            ; KEY_DOWN (-- keycode)
             0a49  0a3e                                     ; bucket link

             0a4a  9c08                                     ; len('KEY_DOWN')
             0a4b  004b 0045 0059 005f 0044 004f 0057 004e  ; 'KEY_DOWN'
KEY_DOWN:                                                   
             0a53  0004 0002 000b                           ; 4 2 11
                                                            ; KEY_LEFT (-- keycode)
             0a56  0a49                                     ; bucket link

             0a57  a808                                     ; len('KEY_LEFT')
             0a58  004b 0045 0059 005f 004c 0045 0046 0054  ; 'KEY_LEFT'
KEY_LEFT:                                                   
             0a60  0004 0003 000b                           ; 4 3 11
                                                            ; KEY_RIGHT (-- keycode)
             0a63  0a56                                     ; bucket link

             0a64  a809                                     ; len('KEY_RIGHT')
             0a65  004b 0045 0059 005f 0052 0049 0047 0048 0054; 'KEY_RIGHT'
KEY_RIGHT:                                                  
             0a6e  0004 0004 000b                           ; 4 4 11
                                                            ; KEY_HOME (-- keycode)
             0a71  0a63                                     ; bucket link

             0a72  8a08                                     ; len('KEY_HOME')
             0a73  004b 0045 0059 005f 0048 004f 004d 0045  ; 'KEY_HOME'
KEY_HOME:                                                   
             0a7b  0004 0005 000b                           ; 4 5 11
                                                            ; KEY_END (-- keycode)
             0a7e  0a71                                     ; bucket link

             0a7f  8807                                     ; len('KEY_END')
             0a80  004b 0045 0059 005f 0045 004e 0044       ; 'KEY_END'
KEY_END:                                                    
             0a87  0004 0006 000b                           ; 4 6 11
                                                            ; KEY_PGUP (-- keycode)
             0a8a  0a7e                                     ; bucket link

             0a8b  a008                                     ; len('KEY_PGUP')
             0a8c  004b 0045 0059 005f 0050 0047 0055 0050  ; 'KEY_PGUP'
KEY_PGUP:                                                   
             0a94  0004 0007 000b                           ; 4 7 11
                                                            ; KEY_PGDN (-- keycode)
             0a97  0a8a                                     ; bucket link

             0a98  9c08                                     ; len('KEY_PGDN')
             0a99  004b 0045 0059 005f 0050 0047 0044 004e  ; 'KEY_PGDN'
KEY_PGDN:                                                   
             0aa1  0004 0008 000b                           ; 4 8 11
                                                            ; KEY_INS (-- keycode)
             0aa4  0a97                                     ; bucket link

             0aa5  a607                                     ; len('KEY_INS')
             0aa6  004b 0045 0059 005f 0049 004e 0053       ; 'KEY_INS'
KEY_INS:                                                    
             0aad  0004 0009 000b                           ; 4 9 11
                                                            ; KEY_DEL (-- keycode)
             0ab0  0aa4                                     ; bucket link

             0ab1  9807                                     ; len('KEY_DEL')
             0ab2  004b 0045 0059 005f 0044 0045 004c       ; 'KEY_DEL'
KEY_DEL:                                                    
             0ab9  0004 000a 000b                           ; 4 10 11
                                                            ; KEY_BACKSPACE (-- keycode)
             0abc  0ab0                                     ; bucket link

             0abd  8a0d                                     ; len('KEY_BACKSPACE')
             0abe  004b 0045 0059 005f 0042 0041 0043 004b 0053 0050 0041 0043 0045; 'KEY_BACKSPACE'
KEY_BACKSPACE:                                              
             0acb  0004 000b 000b                           ; 4 11 11
                                                            ; KEY_ENTER (-- keycode)
             0ace  0abc                                     ; bucket link

             0acf  a409                                     ; len('KEY_ENTER')
             0ad0  004b 0045 0059 005f 0045 004e 0054 0045 0052; 'KEY_ENTER'
KEY_ENTER:                                                  
             0ad9  0004 000c 000b                           ; 4 12 11
                                                            ; KEY_F1 (-- keycode)
             0adc  0ace                                     ; bucket link

             0add  6206                                     ; len('KEY_F1')
             0ade  004b 0045 0059 005f 0046 0031            ; 'KEY_F1'
KEY_F1:                                                     
             0ae4  0004 0011 000b                           ; 4 17 11
                                                            ; KEY_F2 (-- keycode)
             0ae7  0adc                                     ; bucket link

             0ae8  6406                                     ; len('KEY_F2')
             0ae9  004b 0045 0059 005f 0046 0032            ; 'KEY_F2'
KEY_F2:                                                     
             0aef  0004 0012 000b                           ; 4 18 11
                                                            ; KEY_F3 (-- keycode)
             0af2  0ae7                                     ; bucket link

             0af3  6606                                     ; len('KEY_F3')
             0af4  004b 0045 0059 005f 0046 0033            ; 'KEY_F3'
KEY_F3:                                                     
             0afa  0004 0013 000b                           ; 4 19 11
                                                            ; KEY_F4 (-- keycode)
             0afd  0af2                                     ; bucket link

             0afe  6806                                     ; len('KEY_F4')
             0aff  004b 0045 0059 005f 0046 0034            ; 'KEY_F4'
KEY_F4:                                                     
             0b05  0004 0014 000b                           ; 4 20 11
                                                            ; KEY_F5 (-- keycode)
             0b08  0afd                                     ; bucket link

             0b09  6a06                                     ; len('KEY_F5')
             0b0a  004b 0045 0059 005f 0046 0035            ; 'KEY_F5'
KEY_F5:                                                     
             0b10  0004 0015 000b                           ; 4 21 11
                                                            ; KEY_F6 (-- keycode)
             0b13  0b08                                     ; bucket link

             0b14  6c06                                     ; len('KEY_F6')
             0b15  004b 0045 0059 005f 0046 0036            ; 'KEY_F6'
KEY_F6:                                                     
             0b1b  0004 0016 000b                           ; 4 22 11
                                                            ; KEY_F7 (-- keycode)
             0b1e  0b13                                     ; bucket link

             0b1f  6e06                                     ; len('KEY_F7')
             0b20  004b 0045 0059 005f 0046 0037            ; 'KEY_F7'
KEY_F7:                                                     
             0b26  0004 0017 000b                           ; 4 23 11
                                                            ; KEY_F8 (-- keycode)
             0b29  0b1e                                     ; bucket link

             0b2a  7006                                     ; len('KEY_F8')
             0b2b  004b 0045 0059 005f 0046 0038            ; 'KEY_F8'
KEY_F8:                                                     
             0b31  0004 0018 000b                           ; 4 24 11
                                                            ; KEY_F9 (-- keycode)
             0b34  0b29                                     ; bucket link

             0b35  7206                                     ; len('KEY_F9')
             0b36  004b 0045 0059 005f 0046 0039            ; 'KEY_F9'
KEY_F9:                                                     
             0b3c  0004 0019 000b                           ; 4 25 11
                                                            ; KEY_F10 (-- keycode)
             0b3f  0b34                                     ; bucket link

             0b40  6007                                     ; len('KEY_F10')
             0b41  004b 0045 0059 005f 0046 0031 0030       ; 'KEY_F10'
KEY_F10:                                                    
             0b48  0004 001a 000b                           ; 4 26 11
                                                            ; EMIT (c --)
             0b4b  0a34                                     ; bucket link

             0b4c  a804                                     ; len('EMIT')
             0b4d  0045 004d 0049 0054                      ; 'EMIT'
EMIT:                                                       
             0b51  0003 000b                                ; 3 11
                                                            ; NUF? (-- f)
             0b53  0937                                     ; bucket link

             0b54  7e04                                     ; len('NUF?')
             0b55  004e 0055 0046 003f                      ; 'NUF?'
NUF?:                                                       
             0b59                                           
             0b59  09f6 0018                                ; ?KEY DUP
             0b5b  0008 0b62                                ; ?branch NUFQ1
             0b5d  058d 09fd 0004 000d 29a5                 ; 2DROP KEY doLIT 13 =
NUFQ1:                                                      
             0b62  000b                                     ; EXIT
                                                            ; PACE (--)
             0b63  0818                                     ; bucket link

             0b64  8a04                                     ; len('PACE')
             0b65  0050 0041 0043 0045                      ; 'PACE'
PACE:                                                       
             0b69  0004 000b 0b51 000b                      ; 4 11 EMIT 11
                                                            ; SPACE (--)
             0b6d  0888                                     ; bucket link

             0b6e  8a05                                     ; len('SPACE')
             0b6f  0053 0050 0041 0043 0045                 ; 'SPACE'
SPACE:                                                      
             0b74  06cb 0b51 000b                           ; BL EMIT 11
                                                            ; CHARS (+n c --)
             0b77  07bc                                     ; bucket link

             0b78  a605                                     ; len('CHARS')
             0b79  0043 0048 0041 0052 0053                 ; 'CHARS'
CHARS:                                                      
             0b7e                                           
             0b7e  0019 0004 0000 05da 0004 0001 29cc 0037 0014; SWAP doLIT 0 MAX doLIT 1 + NEGATE >R
             0b87  0009 0b8b                                ; branch CHARS2
CHARS1:                                                     
             0b89  0018 0b51                                ; DUP EMIT
CHARS2:                                                     
             0b8b  0007 0b89 0012 0017                      ; doNEXT CHARS1 R> DROP
             0b8f  0017 000b                                ; DROP EXIT
                                                            ; SPACES (+n --)
             0b91  0b6d                                     ; bucket link

             0b92  a606                                     ; len('SPACES')
             0b93  0053 0050 0041 0043 0045 0053            ; 'SPACES'
SPACES:                                                     
             0b99  06cb 0b7e 000b                           ; BL CHARS 11
                                                            ; TYPE (b u --)
             0b9c  0748                                     ; bucket link

             0b9d  8a04                                     ; len('TYPE')
             0b9e  0054 0059 0050 0045                      ; 'TYPE'
TYPE:                                                       
             0ba2                                           
             0ba2  0009 0baf                                ; branch TYPE2
TYPE1:                                                      
             0ba4  0019 0018 000f 0b51                      ; SWAP DUP C@ EMIT
             0ba8  0004 0001 29cc 0019 0004 ffff 29cc       ; doLIT 1 + SWAP doLIT -1 +
TYPE2:                                                      
             0baf  0018 0008 0bb4                           ; DUP ?branch TYPE3
             0bb2  0009 0ba4                                ; branch TYPE1
TYPE3:                                                      
             0bb4  058d 000b                                ; 2DROP EXIT
                                                            ; CR (--)
             0bb6  0b77                                     ; bucket link

             0bb7  a402                                     ; len('CR')
             0bb8  0043 0052                                ; 'CR'
CR:                                                         
             0bba  0004 000d 0b51 0004 000a 0b51 000b       ; 4 13 EMIT 4 10 EMIT 11
                                                            ; DIGIT-CHAR? ( c -- f )
             0bc1  0919                                     ; bucket link

             0bc2  7e0b                                     ; len('DIGIT-CHAR?')
             0bc3  0044 0049 0047 0049 0054 002d 0043 0048 0041 0052 003f; 'DIGIT-CHAR?'
DIGIT-CHAR?:                                                
             0bce  0004 0030 0004 003a 05f6 000b            ; 4 48 4 58 WITHIN 11
                                                            ; D3@ ( a -- u )
             0bd4  0bc1                                     ; bucket link

             0bd5  8003                                     ; len('D3@')
             0bd6  0044 0033 0040                           ; 'D3@'
D3@:                                                        
             0bd9                                           
             0bd9  0018 000f 0004 0030 29a0 0004 000a 0675  ; DUP C@ doLIT 48 - doLIT 10 *
             0be1  001a 06b0 000f 0004 0030 29a0 29cc 0004 000a 0675; OVER CELL+ C@ doLIT 48 - + doLIT 10 *
             0beb  0019 06b0 06b0 000f 0004 0030 29a0 29cc 000b; SWAP CELL+ CELL+ C@ doLIT 48 - + EXIT
                                                            ; DEC3? ( a -- f )
             0bf4  0bd4                                     ; bucket link

             0bf5  7e05                                     ; len('DEC3?')
             0bf6  0044 0045 0043 0033 003f                 ; 'DEC3?'
DEC3?:                                                      
             0bfb                                           
             0bfb  0018 000f 0bce                           ; DUP C@ DIGIT-CHAR?
             0bfe  001a 06b0 000f 0bce 001c                 ; OVER CELL+ C@ DIGIT-CHAR? AND
             0c03  001a 06b0 06b0 000f 0bce 001c            ; OVER CELL+ CELL+ C@ DIGIT-CHAR? AND
             0c09  0008 0c10                                ; ?branch DEC3BAD
             0c0b  0bd9 0004 0100 05ba 000b                 ; D3@ doLIT 256 U< EXIT
DEC3BAD:                                                    
             0c10  0017 0004 0000 000b                      ; DROP doLIT 0 EXIT
                                                            ; CELL7? ( a -- f )
             0c14  0bb6                                     ; bucket link

             0c15  7e06                                     ; len('CELL7?')
             0c16  0043 0045 004c 004c 0037 003f            ; 'CELL7?'
CELL7?:                                                     
             0c1c                                           
             0c1c  0018 000f 0018 0004 0020 0004 007f 05f6 0019 0004 0022 001e 001c; DUP C@ DUP doLIT 32 doLIT 127 WITHIN SWAP doLIT 34 XOR AND
             0c29  0008 0c35                                ; ?branch CELL7BAD
             0c2b  0018 06b0 0bfb                           ; DUP CELL+ DEC3?
             0c2e  0008 0c35                                ; ?branch CELL7BAD
             0c30  0004 0004 29cc 0bfb 000b                 ; doLIT 4 + DEC3? EXIT
CELL7BAD:                                                   
             0c35  0017 0004 0000 000b                      ; DROP doLIT 0 EXIT
                                                            ; IMGERR ( -- )
             0c39  046e                                     ; bucket link

             0c3a  a406                                     ; len('IMGERR')
             0c3b  0049 004d 0047 0045 0052 0052            ; 'IMGERR'
IMGERR:                                                     
             0c41  0004 ffff                                ; 4 65535
             0c43  188f                                     ; abort"
             0c44  000e                                     
             0c45  0062 0061 0064 0020 0069 006d 0061 0067 0065 0020 0064 0061 0074 0061; 'bad image data'
             0c53  000b                                     ; EXIT
                                                            ; IMG-CHECK ( b u -- )
             0c54  0c39                                     ; bucket link

             0c55  9609                                     ; len('IMG-CHECK')
             0c56  0049 004d 0047 002d 0043 0048 0045 0043 004b; 'IMG-CHECK'
IMG-CHECK:                                                  
             0c5f                                           
             0c5f  0004 0007 2999 0004 0001 29cc 0037 0014  ; doLIT 7 / doLIT 1 + NEGATE >R
             0c67  0009 0c70                                ; branch IMGC2
IMGC1:                                                      
             0c69  0018 0c1c 0008 0c76                      ; DUP CELL7? ?branch IMGBAD
             0c6d  0004 0007 29cc                           ; doLIT 7 +
IMGC2:                                                      
             0c70  0007 0c69 0012 0017 0017 000b            ; doNEXT IMGC1 R> DROP DROP EXIT
IMGBAD:                                                     
             0c76  0c41                                     ; IMGERR
                                                            ; ANSI-RESET ( -- )
             0c77  06bd                                     ; bucket link

             0c78  a80a                                     ; len('ANSI-RESET')
             0c79  0041 004e 0053 0049 002d 0052 0045 0053 0045 0054; 'ANSI-RESET'
ANSI-RESET:                                                 
             0c83                                           
             0c83  0004 001b 0b51                           ; doLIT 27 EMIT
             0c86  0cfe                                     ; ."|
             0c87  0003                                     
             0c88  005b 0030 006d                           ; '[0m'
             0c8b  000b                                     ; EXIT
                                                            ; EMIT-CELL7 ( a -- a )
             0c8c  0b4b                                     ; bucket link

             0c8d  6e0a                                     ; len('EMIT-CELL7')
             0c8e  0045 004d 0049 0054 002d 0043 0045 004c 004c 0037; 'EMIT-CELL7'
EMIT-CELL7:                                                 
             0c98                                           
             0c98  0018 000f 0014                           ; DUP C@ >R
             0c9b  0004 001b 0b51                           ; doLIT 27 EMIT
             0c9e  0cfe                                     ; ."|
             0c9f  0006                                     
             0ca0  005b 0033 0038 003b 0035 003b            ; '[38;5;'
             0ca6  06b0 0018 0004 0003 0ba2                 ; CELL+ DUP doLIT 3 TYPE
             0cab  0cfe                                     ; ."|
             0cac  0006                                     
             0cad  003b 0034 0038 003b 0035 003b            ; ';48;5;'
             0cb3  0004 0003 29cc 0018 0004 0003 0ba2       ; doLIT 3 + DUP doLIT 3 TYPE
             0cba  0004 006d 0b51 0012 0b51 0004 0003 29cc 000b; doLIT 109 EMIT R> EMIT doLIT 3 + EXIT
                                                            ; EMIT-ROW7 ( a u -- a )
             0cc3  0c8c                                     ; bucket link

             0cc4  6e09                                     ; len('EMIT-ROW7')
             0cc5  0045 004d 0049 0054 002d 0052 004f 0057 0037; 'EMIT-ROW7'
EMIT-ROW7:                                                  
             0cce                                           
             0cce  0004 0001 29cc 0037 0014                 ; doLIT 1 + NEGATE >R
             0cd3  0009 0cd6                                ; branch EROW2
EROW1:                                                      
             0cd5  0c98                                     ; EMIT-CELL7
EROW2:                                                      
             0cd6  0007 0cd5 0012 0017 000b                 ; doNEXT EROW1 R> DROP EXIT
                                                            ; do$ (-- a)
             0cdb  0000                                     ; bucket link

             0cdc  4843                                     ; len('do$')
             0cdd  0064 006f 0024                           ; 'do$'
do$:                                                        
             0ce0                                           
             0ce0  0012 0013 0012 072d 29cc                 ; R> R@ R> COUNT +
             0ce5  06c6 0014 0019 0014 000b                 ; ALIGNED >R SWAP >R EXIT
                                                            ; $"| (-- a)
             0cea  0000                                     ; bucket link

             0ceb  f843                                     ; len('$"|')
             0cec  0024 0022 007c                           ; '$"|'
$"|:                                                        
             0cef  0ce0 000b                                ; do$ 11
                                                            ; S"| (-- b u)
             0cf1  0000                                     ; bucket link

             0cf2  f843                                     ; len('S"|')
             0cf3  0053 0022 007c                           ; 'S"|'
S"|:                                                        
             0cf6  0ce0 072d 000b                           ; do$ COUNT 11
                                                            ; ."| (--)
             0cf9  0000                                     ; bucket link

             0cfa  f843                                     ; len('."|')
             0cfb  002e 0022 007c                           ; '."|'
."|:                                                        
             0cfe  0ce0 072d 0ba2 000b                      ; do$ COUNT TYPE 11
                                                            ; %adv (u --)
             0d02  02f0                                     ; bucket link

             0d03  ec04                                     ; len('%adv')
             0d04  0025 0061 0064 0076                      ; '%adv'
%adv:                                                       
             0d08  0018 02ba 0704 0037 02c6 0704 000b       ; 24 %mta +! 55 %mtu +! 11
                                                            ; %clr (--)
             0d0f  0d02                                     ; bucket link

             0d10  e404                                     ; len('%clr')
             0d11  0025 0063 006c 0072                      ; '%clr'
%clr:                                                       
             0d15  0004 0000 02f6 000c 000b                 ; 4 0 %mtl 12 11
                                                            ; %end (-- b)
             0d1a  0d0f                                     ; bucket link

             0d1b  c804                                     ; len('%end')
             0d1c  0025 0065 006e 0064                      ; '%end'
%end:                                                       
             0d20  0004 f780 02f6 000d 29cc 000b            ; 4 63360 %mtl 13 + 11
                                                            ; %room (u --)
             0d26  0d1a                                     ; bucket link

             0d27  da05                                     ; len('%room')
             0d28  0025 0072 006f 006f 006d                 ; '%room'
%room:                                                      
             0d2d                                           
             0d2d  02f6 000d 29cc 0004 0201 05ba            ; %mtl @ + doLIT 513 U<
             0d33  0008 0d36                                ; ?branch FROOM1
             0d35  000b                                     ; EXIT
FROOM1:                                                     
             0d36  188f                                     ; abort"
             0d37  000f                                     
             0d38  0066 006f 0072 006d 0061 0074 0020 006f 0076 0065 0072 0066 006c 006f 0077; 'format overflow'
             0d47  12ab                                     ; THROW
                                                            ; %appc (ch --)
             0d48  0d26                                     ; bucket link

             0d49  c605                                     ; len('%appc')
             0d4a  0025 0061 0070 0070 0063                 ; '%appc'
%appc:                                                      
             0d4f                                           
             0d4f  0004 0001 0d2d 0d20 000e 0004 0001 02f6 0704 000b; doLIT 1 %room %end C! doLIT 1 %mtl +! EXIT
                                                            ; %appb (b u --)
             0d59  0d48                                     ; bucket link

             0d5a  c405                                     ; len('%appb')
             0d5b  0025 0061 0070 0070 0062                 ; '%appb'
%appb:                                                      
             0d60                                           
             0d60  0018 0d2d 0014 0d20 0013 07c3 0012 02f6 0704 000b; DUP %room >R %end R@ CMOVE R> %mtl +! EXIT
                                                            ; %ret (-- b u)
             0d6a  0d59                                     ; bucket link

             0d6b  e804                                     ; len('%ret')
             0d6c  0025 0072 0065 0074                      ; '%ret'
%ret:                                                       
             0d70  0004 f780 02f6 000d 000b                 ; 4 63360 %mtl 13 11
                                                            ; HEX? (c -- u t)
             0d75  08ae                                     ; bucket link

             0d76  7e04                                     ; len('HEX?')
             0d77  0048 0045 0058 003f                      ; 'HEX?'
HEX?:                                                       
             0d7b  0004 0010 0921 000b                      ; 4 16 DIGIT? 11
                                                            ; ESCERR ( -- )
             0d7f  0cc3                                     ; bucket link

             0d80  a406                                     ; len('ESCERR')
             0d81  0045 0053 0043 0045 0052 0052            ; 'ESCERR'
ESCERR:                                                     
             0d87  0004 ffff                                ; 4 65535
             0d89  188f                                     ; abort"
             0d8a  000e                                     
             0d8b  0069 006e 0076 0061 006c 0069 0064 0020 0065 0073 0063 0061 0070 0065; 'invalid escape'
             0d99  12ab                                     ; THROW
                                                            ; UNESCAPE (b u -- b u)
             0d9a  08f9                                     ; bucket link

             0d9b  8a08                                     ; len('UNESCAPE')
             0d9c  0055 004e 0045 0053 0043 0041 0050 0045  ; 'UNESCAPE'
UNESCAPE:                                                   
             0da4                                           
             0da4  001a 02ba 000c 0018 02c6 000c 0017       ; OVER %mta ! DUP %mtu ! DROP
             0dab  0004 0000 02f6 000c                      ; doLIT 0 %mtl !
UESC0:                                                      
             0daf  02c6 000d                                ; %mtu @
             0db1  0008 0e6c                                ; ?branch UESC9
             0db3  02ba 000d 000f 0018 0004 005c 001e       ; %mta @ C@ DUP doLIT 92 XOR
             0dba  0008 0dca                                ; ?branch UESC1
             0dbc  001a 02f6 000d 29cc 000e 0004 0001 02f6 0704 0004 0001 0d08; OVER %mtl @ + C! doLIT 1 %mtl +! doLIT 1 %adv
             0dc8  0009 0daf                                ; branch UESC0
UESC1:                                                      
             0dca  0017                                     ; DROP
             0dcb  02c6 000d 0004 0002 05ba                 ; %mtu @ doLIT 2 U<
             0dd0  0008 0dd3                                ; ?branch UESC2
             0dd2  0d87                                     ; ESCERR
UESC2:                                                      
             0dd3  0004 0001 0d08                           ; doLIT 1 %adv
             0dd6  02ba 000d 000f 0018 0004 006e 001e       ; %mta @ C@ DUP doLIT 110 XOR
             0ddd  0008 0e05                                ; ?branch UESCN0
             0ddf  0018 0004 0072 001e                      ; DUP doLIT 114 XOR
             0de3  0008 0e0d                                ; ?branch UESCR0
             0de5  0018 0004 0074 001e                      ; DUP doLIT 116 XOR
             0de9  0008 0e15                                ; ?branch UESCT0
             0deb  0018 0004 005c 001e                      ; DUP doLIT 92 XOR
             0def  0008 0e1d                                ; ?branch UESCB0
             0df1  0018 0004 0022 001e                      ; DUP doLIT 34 XOR
             0df5  0008 0e25                                ; ?branch UESCQ0
             0df7  0018 0004 0030 001e                      ; DUP doLIT 48 XOR
             0dfb  0008 0e2d                                ; ?branch UESCZ0
             0dfd  0018 0004 0078 001e                      ; DUP doLIT 120 XOR
             0e01  0008 0e35                                ; ?branch UESCX0
             0e03  0017 0d87                                ; DROP ESCERR
UESCN0:                                                     
             0e05  0017 0004 000a 0004 0001 0d08 0009 0e61  ; DROP doLIT 10 doLIT 1 %adv branch UESCW
UESCR0:                                                     
             0e0d  0017 0004 000d 0004 0001 0d08 0009 0e61  ; DROP doLIT 13 doLIT 1 %adv branch UESCW
UESCT0:                                                     
             0e15  0017 0004 0009 0004 0001 0d08 0009 0e61  ; DROP doLIT 9 doLIT 1 %adv branch UESCW
UESCB0:                                                     
             0e1d  0017 0004 005c 0004 0001 0d08 0009 0e61  ; DROP doLIT 92 doLIT 1 %adv branch UESCW
UESCQ0:                                                     
             0e25  0017 0004 0022 0004 0001 0d08 0009 0e61  ; DROP doLIT 34 doLIT 1 %adv branch UESCW
UESCZ0:                                                     
             0e2d  0017 0004 0000 0004 0001 0d08 0009 0e61  ; DROP doLIT 0 doLIT 1 %adv branch UESCW
UESCX0:                                                     
             0e35  0017                                     ; DROP
             0e36  02c6 000d 0004 0003 05ba                 ; %mtu @ doLIT 3 U<
             0e3b  0008 0e3e                                ; ?branch UESCXA
             0e3d  0d87                                     ; ESCERR
UESCXA:                                                     
             0e3e  02ba 000d 0004 0001 29cc 000f 0d7b       ; %mta @ doLIT 1 + C@ HEX?
             0e45  0008 0e5b                                ; ?branch UESCX1
             0e47  0014                                     ; >R
             0e48  02ba 000d 0004 0002 29cc 000f 0d7b       ; %mta @ doLIT 2 + C@ HEX?
             0e4f  0008 0e5d                                ; ?branch UESCX2
             0e51  0012 0004 0010 0675 29cc                 ; R> doLIT 16 * +
             0e56  0004 0003 0d08                           ; doLIT 3 %adv
             0e59  0009 0e61                                ; branch UESCW
UESCX1:                                                     
             0e5b  0017 0d87                                ; DROP ESCERR
UESCX2:                                                     
             0e5d  0017 0012 0017 0d87                      ; DROP R> DROP ESCERR
UESCW:                                                      
             0e61  001a 02f6 000d 29cc 000e 0004 0001 02f6 0704; OVER %mtl @ + C! doLIT 1 %mtl +!
             0e6a  0009 0daf                                ; branch UESC0
UESC9:                                                      
             0e6c  02f6 000d 000b                           ; %mtl @ EXIT
                                                            ; parse (b u c -- b u delta ; <string>)
             0e6f  0000                                     ; bucket link

             0e70  ca05                                     ; len('parse')
             0e71  0070 0061 0072 0073 0065                 ; 'parse'
parse:                                                      
             0e76                                           
             0e76  02a2 000c 001a 0014 0018                 ; tmp ! OVER >R DUP
             0e7b  0008 0ec7                                ; ?branch PARS8
             0e7d  0004 0001 29a0 02a2 000d 06cb 29a5       ; doLIT 1 - tmp @ BL =
             0e84  0008 0e9e                                ; ?branch PARS3
             0e86  0037 0014                                ; NEGATE >R
PARS1:                                                      
             0e88  06cb 001a 000f 29a0 001b 0035            ; BL OVER C@ - 0< NOT
             0e8e  0008 0e9d                                ; ?branch PARS2
             0e90  0004 0001 29cc                           ; doLIT 1 +
             0e93  0007 0e88 0012 0017                      ; doNEXT PARS1 R> DROP
             0e97  0012 0017 0004 0000 0018 000b            ; R> DROP doLIT 0 DUP EXIT
PARS2:                                                      
             0e9d  0012                                     ; R>
PARS3:                                                      
             0e9e  001a 0019                                ; OVER SWAP
             0ea0  0014                                     ; >R
PARS4:                                                      
             0ea1  02a2 000d 001a 000f 29a0 02a2 000d 06cb 29a5; tmp @ OVER C@ - tmp @ BL =
             0eaa  0008 0ead                                ; ?branch PARS5
             0eac  001b                                     ; 0<
PARS5:                                                      
             0ead  0008 0eba                                ; ?branch PARS6
             0eaf  0004 0001 29cc                           ; doLIT 1 +
             0eb2  0007 0ea1 0012 0017                      ; doNEXT PARS4 R> DROP
             0eb6  0018 0014                                ; DUP >R
             0eb8  0009 0ec1                                ; branch PARS7
PARS6:                                                      
             0eba  0012 0017 0018 0004 0001 29cc 0014       ; R> DROP DUP doLIT 1 + >R
PARS7:                                                      
             0ec1  001a 29a0 0012 0012 29a0 000b            ; OVER - R> R> - EXIT
PARS8:                                                      
             0ec7  001a 0012 29a0 000b                      ; OVER R> - EXIT
                                                            ; PARSE (c -- b u ; <string>)
             0ecb  0b63                                     ; bucket link

             0ecc  8a05                                     ; len('PARSE')
             0ecd  0050 0041 0052 0053 0045                 ; 'PARSE'
PARSE:                                                      
             0ed2                                           
             0ed2  0014 074d 030d 000d 29cc 0319 000d       ; >R TIB >IN @ + #TIB @
             0ed9  030d 000d 29a0 0012 0e76 030d 0704 000b  ; >IN @ - R> parse >IN +! EXIT
                                                            ; .( (--)
             0ee1  0903                                     ; bucket link

             0ee2  5082                                     ; len('.(')
             0ee3  002e 0028                                ; '.('
.(:                                                         
             0ee5  0004 0029 0ed2 0ba2 000b                 ; 4 41 PARSE TYPE 11
                                                            ; ( (--)
             0eea  0000                                     ; bucket link

             0eeb  5081                                     ; len('(')
             0eec  0028                                     ; '('
(:                                                          
             0eed  0004 0029 0ed2 058d 000b                 ; 4 41 PARSE 2DROP 11
                                                            ; \ (--)
             0ef2  0000                                     ; bucket link

             0ef3  b881                                     ; len('\')
             0ef4  005c                                     ; '\\'
\:                                                          
             0ef5  0319 000d 030d 000c 000b                 ; #TIB 13 >IN 12 11
                                                            ; CHAR (-- c)
             0efa  0c14                                     ; bucket link

             0efb  a404                                     ; len('CHAR')
             0efc  0043 0048 0041 0052                      ; 'CHAR'
CHAR:                                                       
             0f00  06cb 0ed2 0017 000f 000b                 ; BL PARSE 23 15 11
                                                            ; TOKEN (-- a ; <string>)
             0f05  0b9c                                     ; bucket link

             0f06  9c05                                     ; len('TOKEN')
             0f07  0054 004f 004b 0045 004e                 ; 'TOKEN'
TOKEN:                                                      
             0f0c                                           
             0f0c  030d 000d 0319 000d 05ba                 ; >IN @ #TIB @ U<
             0f11  0008 0f34                                ; ?branch TOKN0
             0f13  074d 0319 000d 29cc 06cb 0019 000e       ; TIB #TIB @ + BL SWAP C!
             0f1a  074d 030d 000d 29cc 0319 000d 030d 000d 29a0 0004 0001 29cc 06cb 0e76 030d 0704; TIB >IN @ + #TIB @ >IN @ - doLIT 1 + BL parse >IN +!
             0f2a  0004 001f 05e6 03b3 000d 001a 29a0 06a4 081f 000b; doLIT 31 MIN TOKBUF @ OVER - CELL- PACK$ EXIT
TOKN0:                                                      
             0f34  13a9 000b                                ; NULL$ EXIT
                                                            ; WORD (c -- a ; <string>)
             0f36  05ee                                     ; bucket link

             0f37  8804                                     ; len('WORD')
             0f38  0057 004f 0052 0044                      ; 'WORD'
WORD:                                                       
             0f3c  0ed2 073b 081f 000b                      ; PARSE HERE PACK$ 11
                                                            ; COUNTED>LEX (na -- lex)
             0f40  0000                                     ; bucket link

             0f41  b04b                                     ; len('COUNTED>LEX')
             0f42  0043 004f 0055 004e 0054 0045 0044 003e 004c 0045 0058; 'COUNTED>LEX'
COUNTED>LEX:                                                
             0f4d                                           
             0f4d  0018 000f 0004 001f 001c 0018            ; DUP C@ doLIT 31 AND DUP
             0f53  0008 0f60                                ; ?branch CLEX0
             0f55  0014 0018 0013 29cc 000f 0022 0019 0017 0012 001d 000b; >R DUP R@ + C@ <<9 SWAP DROP R> OR EXIT
CLEX0:                                                      
             0f60  058d 0004 0000 000b                      ; 2DROP doLIT 0 EXIT
                                                            ; NAME> (a -- xt)
             0f64  0b53                                     ; bucket link

             0f65  7c05                                     ; len('NAME>')
             0f66  004e 0041 004d 0045 003e                 ; 'NAME>'
NAME>:                                                      
             0f6b  06b0 0018 000d 0004 001f 001c 29cc 06b0 000b; CELL+ 24 13 4 31 28 + CELL+ 11
                                                            ; >BUCKET (c table -- a | 0)
             0f74  0000                                     ; bucket link

             0f75  a847                                     ; len('>BUCKET')
             0f76  003e 0042 0055 0043 004b 0045 0054       ; '>BUCKET'
>BUCKET:                                                    
             0f7d                                           
             0f7d  001a 0004 0020 0004 007f 05f6            ; OVER doLIT 32 doLIT 127 WITHIN
             0f83  0008 0f8b                                ; ?branch GTBK0
             0f85  0019 0004 0020 29a0 29cc 000b            ; SWAP doLIT 32 - + EXIT
GTBK0:                                                      
             0f8b  058d 0004 0000 000b                      ; 2DROP doLIT 0 EXIT
                                                            ; HEADER>NA (a -- na)
             0f8f  0000                                     ; bucket link

             0f90  8249                                     ; len('HEADER>NA')
             0f91  0048 0045 0041 0044 0045 0052 003e 004e 0041; 'HEADER>NA'
HEADER>NA:                                                  
             0f9a  06b0 000b                                ; CELL+ 11
                                                            ; NA>HEADER (na -- a)
             0f9c  0000                                     ; bucket link

             0f9d  a449                                     ; len('NA>HEADER')
             0f9e  004e 0041 003e 0048 0045 0041 0044 0045 0052; 'NA>HEADER'
NA>HEADER:                                                  
             0fa7  06a4 000b                                ; CELL- 11
                                                            ; VOCAB>BUCKETS (va -- a)
             0fa9  0000                                     ; bucket link

             0faa  a64d                                     ; len('VOCAB>BUCKETS')
             0fab  0056 004f 0043 0041 0042 003e 0042 0055 0043 004b 0045 0054 0053; 'VOCAB>BUCKETS'
VOCAB>BUCKETS:                                              
             0fb8  000d 000b                                ; 13 11
                                                            ; SAME? (a a u -- a a f \ -0+)
             0fba  0b91                                     ; bucket link

             0fbb  7e05                                     ; len('SAME?')
             0fbc  0053 0041 004d 0045 003f                 ; 'SAME?'
SAME?:                                                      
             0fc1                                           
SAME0:                                                      
             0fc1  0018                                     ; DUP
             0fc2  0008 0fda                                ; ?branch SAME2
             0fc4  0014                                     ; >R
SAME1:                                                      
             0fc5  2993 000f 0019 000f 29a0 0576            ; 2DUP C@ SWAP C@ - ?DUP
             0fcb  0008 0fd0                                ; ?branch SAME1A
             0fcd  0012 0017 000b                           ; R> DROP EXIT
SAME1A:                                                     
             0fd0  0019 06b0 0019 06b0                      ; SWAP CELL+ SWAP CELL+
             0fd4  0012 0004 ffff 29cc                      ; R> doLIT -1 +
             0fd8  0009 0fc1                                ; branch SAME0
SAME2:                                                      
             0fda  0017 0004 0000 000b                      ; DROP doLIT 0 EXIT
                                                            ; MATCH? (a a u -- t)
             0fde  0678                                     ; bucket link

             0fdf  7e06                                     ; len('MATCH?')
             0fe0  004d 0041 0054 0043 0048 003f            ; 'MATCH?'
MATCH?:                                                     
             0fe6  0018 0008                                ; 24 8
             0fe8  100c                                     ; MATQ2
             0fe9  0014                                     ; 20
MATQ1:                                                      
             0fea  2993 000f 0019 000f 001e 0576 0008       ; 2DUP 15 25 15 30 ?DUP 8
             0ff1  0ff9                                     ; MATQ1A
             0ff2  0012 0017 0017 058d 0004                 ; 18 23 23 2DROP 4
             0ff7  0000                                     
             0ff8  000b                                     ; 11
MATQ1A:                                                     
             0ff9  0019 06b0 0019 06b0 0012 0004            ; 25 CELL+ 25 CELL+ 18 4
             0fff  ffff                                     
             1000  29cc 0018 0008                           ; + 24 8
             1003  1007                                     ; MATQ3
             1004  0014 0009                                ; 20 9
             1006  0fea                                     ; MATQ1
MATQ3:                                                      
             1007  0017 058d 0004                           ; 23 2DROP 4
             100a  ffff                                     
             100b  000b                                     ; 11
MATQ2:                                                      
             100c  0017 058d 0004                           ; 23 2DROP 4
             100f  ffff                                     
             1010  000b                                     ; 11
                                                            ; FIND-ON (--)
             1011  07de                                     ; bucket link

             1012  9c07                                     ; len('FIND-ON')
             1013  0046 0049 004e 0044 002d 004f 004e       ; 'FIND-ON'
FIND-ON:                                                    
             101a  0004 ffff 0422 000c 000b                 ; 4 65535 FIND_STATS 12 11
                                                            ; FIND-OFF (--)
             101f  1011                                     ; bucket link

             1020  8c08                                     ; len('FIND-OFF')
             1021  0046 0049 004e 0044 002d 004f 0046 0046  ; 'FIND-OFF'
FIND-OFF:                                                   
             1029  0004 0000 0422 000c 000b                 ; 4 0 FIND_STATS 12 11
                                                            ; .FIND (--)
             102e  0ee1                                     ; bucket link

             102f  8805                                     ; len('.FIND')
             1030  002e 0046 0049 004e 0044                 ; '.FIND'
.FIND:                                                      
             1035                                           
             1035  0cfe                                     ; ."|
             1036  0008                                     
             1037  0020 0076 0069 0073 0069 0074 0073 003d  ; ' visits='
             103f  0435 000d 0906                           ; FIND_VISITS @ .
             1042  0cfe                                     ; ."|
             1043  0006                                     
             1044  0020 0066 0075 006c 006c 003d            ; ' full='
             104a  0447 000d 0906                           ; FIND_FULLS @ .
             104d  0cfe                                     ; ."|
             104e  0005                                     
             104f  0020 0068 0069 0074 003d                 ; ' hit='
             1054  0457 000d 0906 000b                      ; FIND_HIT @ . EXIT
                                                            ; FIND-RUNTIME (a va -- xt na | a F)
             1058  0000                                     ; bucket link

             1059  8a4c                                     ; len('FIND-RUNTIME')
             105a  0046 0049 004e 0044 002d 0052 0055 004e 0054 0049 004d 0045; 'FIND-RUNTIME'
FIND-RUNTIME:                                               
             1066                                           
             1066  0019 0018 03db 000c 0018 0f4d 03fc 000c 0018 06b0 000f 03ec 000c 0017; SWAP DUP FIND_TOKEN ! DUP COUNTED>LEX FIND_LEX ! DUP CELL+ C@ FIND_CHAR ! DROP
             1074  0018 0fb8 039b 000d 0fb8 001e            ; DUP VOCAB>BUCKETS CURRENT @ VOCAB>BUCKETS XOR
             107a  0008 1082                                ; ?branch FRUN0
             107c  0004 0000 0410 000c 0009 1086            ; doLIT 0 FIND_PRIVATE ! branch FRUN1
FRUN0:                                                      
             1082  0331 000d 0410 000c                      ; STATE @ FIND_PRIVATE !
FRUN1:                                                      
             1086  0018 0fb8 0487 000c                      ; DUP VOCAB>BUCKETS FIND_BUCKET !
             108a  0487 000d 0008 10e4                      ; FIND_BUCKET @ ?branch FRUN6
             108e  03ec 000d 0487 000d 0f7d 0018            ; FIND_CHAR @ FIND_BUCKET @ >BUCKET DUP
             1094  0008 10e3                                ; ?branch FRUN6A
             1096  000d 0018                                ; @ DUP
             1098  0008 10e3                                ; ?branch FRUN6A
             109a  049a 000c                                ; BUCKET_HEAD !
FRUN1A:                                                     
             109c  049a 000d 0f9a 0018 000d 0018 02a2 000c  ; BUCKET_HEAD @ HEADER>NA DUP @ DUP tmp !
             10a4  0004 0100 001c                           ; doLIT 256 AND
             10a7  0008 10ad                                ; ?branch FRUN1B
             10a9  0410 000d 0008 10d8                      ; FIND_PRIVATE @ ?branch FRUN3A
FRUN1B:                                                     
             10ad  02a2 000d 0004 fe1f 001c                 ; tmp @ doLIT 65055 AND
             10b2  03fc 000d 001e                           ; FIND_LEX @ XOR
             10b5  0008 10c4                                ; ?branch FRUN2
             10b7  0017 049a 000d 000d 0018                 ; DROP BUCKET_HEAD @ @ DUP
             10bc  0008 10c2                                ; ?branch FRUN6A1
             10be  049a 000c 0009 109c                      ; BUCKET_HEAD ! branch FRUN1A
FRUN6A1:                                                    
             10c2  0009 10e3                                ; branch FRUN6A
FRUN2:                                                      
             10c4  03db 000d 06b0 001a 06b0 03fc 000d 0004 001f 001c 0fe6; FIND_TOKEN @ CELL+ OVER CELL+ FIND_LEX @ doLIT 31 AND MATCH?
             10cf  0008 10d8                                ; ?branch FRUN3A
             10d1  0014 0017 049a 000d 0f6b 0012 000b       ; >R DROP BUCKET_HEAD @ NAME> R> EXIT
FRUN3A:                                                     
             10d8  0017                                     ; DROP
FRUN3:                                                      
             10d9  049a 000d 000d 0018                      ; BUCKET_HEAD @ @ DUP
             10dd  0008 10e3                                ; ?branch FRUN6A
             10df  049a 000c 0009 109c                      ; BUCKET_HEAD ! branch FRUN1A
FRUN6A:                                                     
             10e3  0017                                     ; DROP
FRUN6:                                                      
             10e4  0017 03db 000d 0004 0000 000b            ; DROP FIND_TOKEN @ doLIT 0 EXIT
                                                            ; FIND-DEBUG (a va -- xt na | a F)
             10ea  0000                                     ; bucket link

             10eb  8e4a                                     ; len('FIND-DEBUG')
             10ec  0046 0049 004e 0044 002d 0044 0045 0042 0055 0047; 'FIND-DEBUG'
FIND-DEBUG:                                                 
             10f6                                           
             10f6  0019 0018 03db 000c 0018 0f4d 03fc 000c 0018 06b0 000f 03ec 000c 0017; SWAP DUP FIND_TOKEN ! DUP COUNTED>LEX FIND_LEX ! DUP CELL+ C@ FIND_CHAR ! DROP
             1104  0422 000d 0008 1114                      ; FIND_STATS @ ?branch FDBG0
             1108  0004 0000 0435 000c                      ; doLIT 0 FIND_VISITS !
             110c  0004 0000 0447 000c                      ; doLIT 0 FIND_FULLS !
             1110  0004 0000 0457 000c                      ; doLIT 0 FIND_HIT !
FDBG0:                                                      
             1114  0018 0fb8 039b 000d 0fb8 001e            ; DUP VOCAB>BUCKETS CURRENT @ VOCAB>BUCKETS XOR
             111a  0008 1122                                ; ?branch FDBG1
             111c  0004 0000 0410 000c 0009 1126            ; doLIT 0 FIND_PRIVATE ! branch FDBG2
FDBG1:                                                      
             1122  0331 000d 0410 000c                      ; STATE @ FIND_PRIVATE !
FDBG2:                                                      
             1126  0018 0fb8 0487 000c                      ; DUP VOCAB>BUCKETS FIND_BUCKET !
             112a  0487 000d 0008 119c                      ; FIND_BUCKET @ ?branch FDBG9
             112e  03ec 000d 0487 000d 0f7d 0018            ; FIND_CHAR @ FIND_BUCKET @ >BUCKET DUP
             1134  0008 119b                                ; ?branch FDBG8
             1136  000d 0018                                ; @ DUP
             1138  0008 119b                                ; ?branch FDBG8
             113a  049a 000c                                ; BUCKET_HEAD !
FDBG3:                                                      
             113c  0422 000d 0008 1144                      ; FIND_STATS @ ?branch FDBG3A
             1140  0004 0001 0435 0704                      ; doLIT 1 FIND_VISITS +!
FDBG3A:                                                     
             1144  049a 000d 0f9a 0018 000d 0018 02a2 000c  ; BUCKET_HEAD @ HEADER>NA DUP @ DUP tmp !
             114c  0004 0100 001c                           ; doLIT 256 AND
             114f  0008 1155                                ; ?branch FDBG4
             1151  0410 000d 0008 1190                      ; FIND_PRIVATE @ ?branch FDBG7
FDBG4:                                                      
             1155  02a2 000d 0004 fe1f 001c                 ; tmp @ doLIT 65055 AND
             115a  03fc 000d 001e                           ; FIND_LEX @ XOR
             115d  0008 116c                                ; ?branch FDBG5
             115f  0017 049a 000d 000d 0018                 ; DROP BUCKET_HEAD @ @ DUP
             1164  0008 116a                                ; ?branch FDBG8A
             1166  049a 000c 0009 113c                      ; BUCKET_HEAD ! branch FDBG3
FDBG8A:                                                     
             116a  0009 119b                                ; branch FDBG8
FDBG5:                                                      
             116c  0422 000d 0008 1174                      ; FIND_STATS @ ?branch FDBG5A
             1170  0004 0001 0447 0704                      ; doLIT 1 FIND_FULLS +!
FDBG5A:                                                     
             1174  03db 000d 06b0 001a 06b0 03fc 000d 0004 001f 001c 0fe6; FIND_TOKEN @ CELL+ OVER CELL+ FIND_LEX @ doLIT 31 AND MATCH?
             117f  0008 1190                                ; ?branch FDBG7
             1181  0422 000d 0008 1189                      ; FIND_STATS @ ?branch FDBG6
             1185  0435 000d 0457 000c                      ; FIND_VISITS @ FIND_HIT !
FDBG6:                                                      
             1189  0014 0017 049a 000d 0f6b 0012 000b       ; >R DROP BUCKET_HEAD @ NAME> R> EXIT
FDBG7:                                                      
             1190  0017                                     ; DROP
             1191  049a 000d 000d 0018                      ; BUCKET_HEAD @ @ DUP
             1195  0008 119b                                ; ?branch FDBG8
             1197  049a 000c 0009 113c                      ; BUCKET_HEAD ! branch FDBG3
FDBG8:                                                      
             119b  0017                                     ; DROP
FDBG9:                                                      
             119c  0017 03db 000d 0004 0000 000b            ; DROP FIND_TOKEN @ doLIT 0 EXIT
                                                            ; find (a va -- xt na | a F)
             11a2  0000                                     ; bucket link

             11a3  c844                                     ; len('find')
             11a4  0066 0069 006e 0064                      ; 'find'
find:                                                       
             11a8  027b 000d 0014 000b                      ; 'FIND 13 20 11
                                                            ; FIND-VOCS (a va -- xt na | a F)
             11ac  0000                                     ; bucket link

             11ad  a649                                     ; len('FIND-VOCS')
             11ae  0046 0049 004e 0044 002d 0056 004f 0043 0053; 'FIND-VOCS'
FIND-VOCS:                                                  
             11b7                                           
FDVC0:                                                      
             11b7  0018 0008 11cc                           ; DUP ?branch FDVC2
             11ba  0014 0018 0013 11a8 0576                 ; >R DUP R@ find ?DUP
             11bf  0008 11c6                                ; ?branch FDVC1
             11c1  0581 0017 0012 0017 000b                 ; ROT DROP R> DROP EXIT
FDVC1:                                                      
             11c6  0017 0012 06b0 000d 0009 11b7            ; DROP R> CELL+ @ branch FDVC0
FDVC2:                                                      
             11cc  0017 0004 0000 000b                      ; DROP doLIT 0 EXIT
                                                            ; NAME? (a -- xt na | a F)
             11d0  0000                                     ; bucket link

             11d1  7e45                                     ; len('NAME?')
             11d2  004e 0041 004d 0045 003f                 ; 'NAME?'
NAME?:                                                      
             11d7                                           
             11d7  038c 000d 11b7 000b                      ; CONTEXT @ FIND-VOCS EXIT
                                                            ; PROFILE-FIND (-- ; <string>)
             11db  0ecb                                     ; bucket link

             11dc  880c                                     ; len('PROFILE-FIND')
             11dd  0050 0052 004f 0046 0049 004c 0045 002d 0046 0049 004e 0044; 'PROFILE-FIND'
PROFILE-FIND:                                               
             11e9                                           
             11e9  0004 10f6 027b 000c                      ; doLIT FIND-DEBUG 'FIND !
             11ed  101a                                     ; FIND-ON
             11ee  0f0c 11d7 0576                           ; TOKEN NAME? ?DUP
             11f1  0008 11f6                                ; ?branch PFND0
             11f3  058d 0009 11f7                           ; 2DROP branch PFND1
PFND0:                                                      
             11f6  0017                                     ; DROP
PFND1:                                                      
             11f7  1035                                     ; .FIND
             11f8  1029                                     ; FIND-OFF
             11f9  0004 1066 027b 000c 000b                 ; doLIT FIND-RUNTIME 'FIND ! EXIT
                                                            ; ^H (b b b -- b b b)
             11fe  0000                                     ; bucket link

             11ff  9002                                     ; len('^H')
             1200  005e 0048                                ; '^H'
^H:                                                         
             1202                                           
             1202  0014 001a 0012 0019 001a 001e            ; >R OVER R> SWAP OVER XOR
             1208  0008 1216                                ; ?branch BACK1
             120a  0004 0008 0b51                           ; doLIT 8 EMIT
             120d  0004 0001 29a0                           ; doLIT 1 -
             1210  0004 0020 0b51                           ; doLIT 32 EMIT
             1213  0004 0008 0b51                           ; doLIT 8 EMIT
BACK1:                                                      
             1216  000b                                     ; EXIT
                                                            ; TAP (bot eot cur c -- bot eot cur)
             1217  0f05                                     ; bucket link

             1218  a003                                     ; len('TAP')
             1219  0054 0041 0050                           ; 'TAP'
TAP:                                                        
             121c                                           
             121c  0018 0b51 001a 000e                      ; DUP EMIT OVER C!
             1220  0004 0001 29cc 000b                      ; doLIT 1 + EXIT
                                                            ; kTAP (bot eot cur c -- bot eot cur)
             1224  0000                                     ; bucket link

             1225  a004                                     ; len('kTAP')
             1226  006b 0054 0041 0050                      ; 'kTAP'
kTAP:                                                       
             122a                                           
             122a  0018 0004 000a 001e                      ; DUP doLIT 10 XOR
             122e  0008 123d                                ; ?branch KTAP0
             1230  0018 0004 000d 001e                      ; DUP doLIT 13 XOR
             1234  0008 1241                                ; ?branch KTAP2
             1236  0004 0008 001e                           ; doLIT 8 XOR
             1239  0008 123f                                ; ?branch KTAP1
             123b  121c 000b                                ; TAP EXIT
KTAP0:                                                      
             123d  0017 000b                                ; DROP EXIT
KTAP1:                                                      
             123f  1202 000b                                ; ^H EXIT
KTAP2:                                                      
             1241  0017 0019 0017 0018 000b                 ; DROP SWAP DROP DUP EXIT
                                                            ; accept (b u -- b u)
             1246  0000                                     ; bucket link

             1247  e806                                     ; len('accept')
             1248  0061 0063 0063 0065 0070 0074            ; 'accept'
accept:                                                     
             124e                                           
             124e  001a 29cc 001a                           ; OVER + OVER
ACCP1:                                                      
             1251  2993 001e                                ; 2DUP XOR
             1253  0008 1263                                ; ?branch ACCP4
             1255  09fd 0018 06cb 0004 007f 05f6            ; KEY DUP BL doLIT 127 WITHIN
             125b  0008 1260                                ; ?branch ACCP2
             125d  121c                                     ; TAP
             125e  0009 1261                                ; branch ACCP3
ACCP2:                                                      
             1260  122a                                     ; kTAP
ACCP3:                                                      
             1261  0009 1251                                ; branch ACCP1
ACCP4:                                                      
             1263  0017 001a 29a0 000b                      ; DROP OVER - EXIT
                                                            ; EXPECT (b u --)
             1267  0d7f                                     ; bucket link

             1268  a806                                     ; len('EXPECT')
             1269  0045 0058 0050 0045 0043 0054            ; 'EXPECT'
EXPECT:                                                     
             126f  124e 0302 000c 0017 000b                 ; accept SPAN 12 23 11
                                                            ; QUERY (--)
             1274  0000                                     ; bucket link

             1275  b205                                     ; len('QUERY')
             1276  0051 0055 0045 0052 0059                 ; 'QUERY'
QUERY:                                                      
             127b                                           
             127b  074d 0004 0400 126f 0302 000d 0319 000c  ; TIB doLIT 1024 EXPECT SPAN @ #TIB !
             1283  0004 0000 030d 000c 000b                 ; doLIT 0 >IN ! EXIT
                                                            ; CATCH (ca -- err#/0)
             1288  0efa                                     ; bucket link

             1289  9005                                     ; len('CATCH')
             128a  0043 0041 0054 0043 0048                 ; 'CATCH'
CATCH:                                                      
             128f                                           
             128f  0015 0014                                ; SP@ >R
             1291  034b 000d 0014                           ; HANDLER @ >R
             1294  0011 034b 000c                           ; RP@ HANDLER !
             1297  0004 129c 0014 0014 000b                 ; doLIT CATCH1 >R >R EXIT
CATCH1:                                                     
             129c  0012 034b 000c                           ; R> HANDLER !
             129f  0012 0017                                ; R> DROP
             12a1  0004 0000 000b                           ; doLIT 0 EXIT
                                                            ; THROW (err# -- err#)
             12a4  1217                                     ; bucket link

             12a5  ae05                                     ; len('THROW')
             12a6  0054 0048 0052 004f 0057                 ; 'THROW'
THROW:                                                      
             12ab                                           
             12ab  034b 000d 0010                           ; HANDLER @ RP!
             12ae  0012 034b 000c                           ; R> HANDLER !
             12b1  0012 0019 0014                           ; R> SWAP >R
             12b4  0016                                     ; SP!
             12b5  0017                                     ; DROP
             12b6  0012 000b                                ; R> EXIT
                                                            ; ?NUMHEAD (a -- a f)
             12b8  0000                                     ; bucket link

             12b9  8848                                     ; len('?NUMHEAD')
             12ba  003f 004e 0055 004d 0048 0045 0041 0044  ; '?NUMHEAD'
?NUMHEAD:                                                   
             12c2                                           
             12c2  0018 06b0 000d 0018 0014                 ; DUP CELL+ @ DUP >R
             12c7  0004 0030 0004 003a 05f6                 ; doLIT 48 doLIT 58 WITHIN
             12cc  0013 0004 002d 29a5 001d                 ; R@ doLIT 45 = OR
             12d1  0013 0004 002b 29a5 001d                 ; R@ doLIT 43 = OR
             12d6  0013 0004 0024 29a5 001d                 ; R@ doLIT 36 = OR
             12db  0287 000d 0004 0010 001e                 ; BASE @ doLIT 16 XOR
             12e0  0008 12e5                                ; ?branch NUMH1
             12e2  0012 0017 000b                           ; R> DROP EXIT
NUMH1:                                                      
             12e5  0013 0d7b                                ; R@ HEX?
             12e7  0019 0017 001d                           ; SWAP DROP OR
             12ea  0012 0017 000b                           ; R> DROP EXIT
                                                            ; $INTERPRET (a --)
             12ed  0000                                     ; bucket link

             12ee  a80a                                     ; len('$INTERPRET')
             12ef  0024 0049 004e 0054 0045 0052 0050 0052 0045 0054; '$INTERPRET'
$INTERPRET:                                                 
             12f9                                           
             12f9  12c2                                     ; ?NUMHEAD
             12fa  0008 1300                                ; ?branch INTE0
             12fc  0940                                     ; NUMBER?
             12fd  0008 1300                                ; ?branch INTE0
             12ff  000b                                     ; EXIT
INTE0:                                                      
             1300  11d7 0576                                ; NAME? ?DUP
             1302  0008 1319                                ; ?branch INTE1
             1304  000d 0004 0040 001c                      ; @ doLIT 64 AND
             1308  188f                                     ; abort"
             1309  000d                                     
             130a  0020 0063 006f 006d 0070 0069 006c 0065 0020 006f 006e 006c 0079; ' compile only'
             1317  0014 000b                                ; >R EXIT
INTE1:                                                      
             1319  0940                                     ; NUMBER?
             131a  0008 131d                                ; ?branch INTE2
             131c  000b                                     ; EXIT
INTE2:                                                      
             131d  12ab                                     ; THROW
                                                            ; .OK (--)
             131e  102e                                     ; bucket link

             131f  9603                                     ; len('.OK')
             1320  002e 004f 004b                           ; '.OK'
.OK:                                                        
             1323                                           
             1323  0331 000d                                ; STATE @
             1325  0008 1329                                ; ?branch DOTO0
             1327  0009 132e                                ; branch DOTO1
DOTO0:                                                      
             1329  0cfe                                     ; ."|
             132a  0003                                     
             132b  0020 006f 006b                           ; ' ok'
DOTO1:                                                      
             132e  0bba 000b                                ; CR EXIT
                                                            ; ?STACK (--)
             1330  0a12                                     ; bucket link

             1331  9606                                     ; len('?STACK')
             1332  003f 0053 0054 0041 0043 004b            ; '?STACK'
?STACK:                                                     
             1338  06ea 001b                                ; DEPTH 27
             133a  188f                                     ; abort"
             133b  000a                                     
             133c  0020 0075 006e 0064 0065 0072 0066 006c 006f 0077; ' underflow'
             1346  000b                                     ; EXIT
                                                            ; EVAL (--)
             1347  1267                                     ; bucket link

             1348  9804                                     ; len('EVAL')
             1349  0045 0056 0041 004c                      ; 'EVAL'
EVAL:                                                       
             134d                                           
EVAL1:                                                      
             134d  0f0c 0018 000f                           ; TOKEN DUP C@
             1350  0008 135e                                ; ?branch EVAL2
             1352  0331 000d                                ; STATE @
             1354  0008 1359                                ; ?branch EVALI
             1356  2260                                     ; $COMPILE
             1357  0009 134d                                ; branch EVAL1
EVALI:                                                      
             1359  0769 229c 0796                           ; LINE-RESET INTERPRET, LINE-RUN
             135c  0009 134d                                ; branch EVAL1
EVAL2:                                                      
             135e  0017 1323 000b                           ; DROP .OK EXIT
                                                            ; PRESET (--)
             1361  11db                                     ; bucket link

             1362  a806                                     ; len('PRESET')
             1363  0050 0052 0045 0053 0045 0054            ; 'PRESET'
PRESET:                                                     
             1369  0004 fa80 0319 06b0 000c 0769 000b       ; 4 64128 #TIB CELL+ 12 LINE-RESET 11
                                                            ; xio (a a a --)
             1370  0000                                     ; bucket link

             1371  de43                                     ; len('xio')
             1372  0078 0069 006f                           ; 'xio'
xio:                                                        
             1375                                           
             1375  0004 124e 0239 0710 0252 0710 000b       ; doLIT accept 'EXPECT 2! 'ECHO 2! EXIT
                                                            ; FILE (--)
             137c  101f                                     ; bucket link

             137d  8a04                                     ; len('FILE')
             137e  0046 0049 004c 0045                      ; 'FILE'
FILE:                                                       
             1382                                           
             1382  0004 0b69 0004 0017 0004 122a 1375 000b  ; doLIT PACE doLIT DROP doLIT kTAP xio EXIT
                                                            ; HAND (--)
             138a  0d75                                     ; bucket link

             138b  8804                                     ; len('HAND')
             138c  0048 0041 004e 0044                      ; 'HAND'
HAND:                                                       
             1390                                           
             1390  0004 1323 0004 0b51 0004 122a 1375 000b  ; doLIT .OK doLIT EMIT doLIT kTAP xio EXIT
                                                            ; I/O ( -- a )
             1398  0000                                     ; bucket link

             1399  9e03                                     ; len('I/O')
             139a  0049 002f 004f                           ; 'I/O'
I/O:                                                        
             139d  0004 13a0 000b                           ; 4 IO_DATA 11
IO_DATA:                                                    
             13a0  0002                                     ; ?rx
             13a1  0003                                     ; tx!
                                                            ; NULL$ ( -- a )
             13a2  0000                                     ; bucket link

             13a3  4805                                     ; len('NULL$')
             13a4  004e 0055 004c 004c 0024                 ; 'NULL$'
NULL$:                                                      
             13a9  0006                                     ; 6
             13aa  0000                                     ; NULL$ data
                                                            ; CONSOLE (--)
             13ab  1288                                     ; bucket link

             13ac  8a07                                     ; len('CONSOLE')
             13ad  0043 004f 004e 0053 004f 004c 0045       ; 'CONSOLE'
CONSOLE:                                                    
             13b4  139d 071d 021d 0710 1390 000b            ; I/O 2@ '?KEY 2! HAND 11
                                                            ; R/O ( -- fam )
             13ba  057c                                     ; bucket link

             13bb  9e03                                     ; len('R/O')
             13bc  0052 002f 004f                           ; 'R/O'
R/O:                                                        
             13bf  0004 0001 000b                           ; 4 1 11
                                                            ; W/O ( -- fam )
             13c2  0f36                                     ; bucket link

             13c3  9e03                                     ; len('W/O')
             13c4  0057 002f 004f                           ; 'W/O'
W/O:                                                        
             13c7  0004 0002 000b                           ; 4 2 11
                                                            ; R/W ( -- fam )
             13ca  13ba                                     ; bucket link

             13cb  ae03                                     ; len('R/W')
             13cc  0052 002f 0057                           ; 'R/W'
R/W:                                                        
             13cf  0004 0003 000b                           ; 4 3 11
                                                            ; OPEN-FILE ( c-addr u fam -- fileid ior )
             13d2  0000                                     ; bucket link

             13d3  8a09                                     ; len('OPEN-FILE')
             13d4  004f 0050 0045 004e 002d 0046 0049 004c 0045; 'OPEN-FILE'
OPEN-FILE:                                                  
             13dd  0028 000b                                ; 40 11
                                                            ; CREATE-FILE ( c-addr u fam -- fileid ior )
             13df  13ab                                     ; bucket link

             13e0  8a0b                                     ; len('CREATE-FILE')
             13e1  0043 0052 0045 0041 0054 0045 002d 0046 0049 004c 0045; 'CREATE-FILE'
CREATE-FILE:                                                
             13ec  0029 000b                                ; 41 11
                                                            ; CLOSE-FILE ( fileid -- ior )
             13ee  13df                                     ; bucket link

             13ef  8a0a                                     ; len('CLOSE-FILE')
             13f0  0043 004c 004f 0053 0045 002d 0046 0049 004c 0045; 'CLOSE-FILE'
CLOSE-FILE:                                                 
             13fa  002a 000b                                ; 42 11
                                                            ; READ-LINE ( c-addr u1 fileid -- u2 flag ior )
             13fc  13ca                                     ; bucket link

             13fd  8a09                                     ; len('READ-LINE')
             13fe  0052 0045 0041 0044 002d 004c 0049 004e 0045; 'READ-LINE'
READ-LINE:                                                  
             1407  002b 000b                                ; 43 11
                                                            ; WRITE-LINE ( c-addr u fileid -- ior )
             1409  13c2                                     ; bucket link

             140a  8a0a                                     ; len('WRITE-LINE')
             140b  0057 0052 0049 0054 0045 002d 004c 0049 004e 0045; 'WRITE-LINE'
WRITE-LINE:                                                 
             1415  002c 000b                                ; 44 11
                                                            ; FILE-POSITION ( fileid -- ud ior )
             1417  137c                                     ; bucket link

             1418  9c0d                                     ; len('FILE-POSITION')
             1419  0046 0049 004c 0045 002d 0050 004f 0053 0049 0054 0049 004f 004e; 'FILE-POSITION'
FILE-POSITION:                                              
             1426  002e 000b                                ; 46 11
                                                            ; REPOSITION-FILE ( ud fileid -- ior )
             1428  13fc                                     ; bucket link

             1429  8a0f                                     ; len('REPOSITION-FILE')
             142a  0052 0045 0050 004f 0053 0049 0054 0049 004f 004e 002d 0046 0049 004c 0045; 'REPOSITION-FILE'
REPOSITION-FILE:                                            
             1439  002d 000b                                ; 45 11
                                                            ; FILE-SIZE ( fileid -- ud ior )
             143b  1417                                     ; bucket link

             143c  8a09                                     ; len('FILE-SIZE')
             143d  0046 0049 004c 0045 002d 0053 0049 005a 0045; 'FILE-SIZE'
FILE-SIZE:                                                  
             1446  002f 000b                                ; 47 11
                                                            ; FLUSH-FILE ( fileid -- ior )
             1448  143b                                     ; bucket link

             1449  8a0a                                     ; len('FLUSH-FILE')
             144a  0046 004c 0055 0053 0048 002d 0046 0049 004c 0045; 'FLUSH-FILE'
FLUSH-FILE:                                                 
             1454  0030 000b                                ; 48 11
                                                            ; DELETE-FILE ( c-addr u -- ior )
             1456  0bf4                                     ; bucket link

             1457  8a0b                                     ; len('DELETE-FILE')
             1458  0044 0045 004c 0045 0054 0045 002d 0046 0049 004c 0045; 'DELETE-FILE'
DELETE-FILE:                                                
             1463  0031 000b                                ; 49 11
                                                            ; RENAME-FILE ( c-addr1 u1 c-addr2 u2 -- ior )
             1465  1428                                     ; bucket link

             1466  8a0b                                     ; len('RENAME-FILE')
             1467  0052 0045 004e 0041 004d 0045 002d 0046 0049 004c 0045; 'RENAME-FILE'
RENAME-FILE:                                                
             1472  0032 000b                                ; 50 11
                                                            ; INCLUDE-FILE ( fileid -- ior ) disabled for now
             1474  0c54                                     ; bucket link

             1475  8a0c                                     ; len('INCLUDE-FILE')
             1476  0049 004e 0043 004c 0055 0044 0045 002d 0046 0049 004c 0045; 'INCLUDE-FILE'
INCLUDE-FILE:                                               
             1482  0017 0004 ffff 000b                      ; 23 4 65535 11
                                                            ; INCLUDED ( c-addr u -- ior ) disabled for now
             1486  1474                                     ; bucket link

             1487  8808                                     ; len('INCLUDED')
             1488  0049 004e 0043 004c 0055 0044 0045 0044  ; 'INCLUDED'
INCLUDED:                                                   
             1490  058d 0004 ffff 000b                      ; 2DROP 4 65535 11
                                                            ; MODULE-SAVE (--)
             1494  0000                                     ; bucket link

             1495  8a4b                                     ; len('MODULE-SAVE')
             1496  004d 004f 0044 0055 004c 0045 002d 0053 0041 0056 0045; 'MODULE-SAVE'
MODULE-SAVE:                                                
             14a1                                           
             14a1  03c9 000d 04eb 000c                      ; LAST @ MODULE_LAST !
             14a5  03a5 000d 04fc 000c                      ; CP @ MODULE_CP !
             14a9  037d 000d 0513 000c                      ; FORTHVOC @ MODULE_FORTHVOC !
             14ad  037d 06b0 000d 0513 06b0 000c            ; FORTHVOC CELL+ @ MODULE_FORTHVOC CELL+ !
             14b3  037d 06b0 06b0 000d 0513 06b0 06b0 000c  ; FORTHVOC CELL+ CELL+ @ MODULE_FORTHVOC CELL+ CELL+ !
             14bb  038c 000d 0529 000c                      ; CONTEXT @ MODULE_CONTEXT !
             14bf  038c 06b0 000d 0529 06b0 000c            ; CONTEXT CELL+ @ MODULE_CONTEXT CELL+ !
             14c5  038c 06b0 06b0 000d 0529 06b0 06b0 000c  ; CONTEXT CELL+ CELL+ @ MODULE_CONTEXT CELL+ CELL+ !
             14cd  038c 06b0 06b0 06b0 000d 0529 06b0 06b0 06b0 000c; CONTEXT CELL+ CELL+ CELL+ @ MODULE_CONTEXT CELL+ CELL+ CELL+ !
             14d7  038c 06b0 06b0 06b0 06b0 000d 0529 06b0 06b0 06b0 06b0 000c; CONTEXT CELL+ CELL+ CELL+ CELL+ @ MODULE_CONTEXT CELL+ CELL+ CELL+ CELL+ !
             14e3  038c 06b0 06b0 06b0 06b0 06b0 000d 0529 06b0 06b0 06b0 06b0 06b0 000c; CONTEXT CELL+ CELL+ CELL+ CELL+ CELL+ @ MODULE_CONTEXT CELL+ CELL+ CELL+ CELL+ CELL+ !
             14f1  038c 06b0 06b0 06b0 06b0 06b0 06b0 000d 0529 06b0 06b0 06b0 06b0 06b0 06b0 000c; CONTEXT CELL+ CELL+ CELL+ CELL+ CELL+ CELL+ @ MODULE_CONTEXT CELL+ CELL+ CELL+ CELL+ CELL+ CELL+ !
             1501  038c 06b0 06b0 06b0 06b0 06b0 06b0 06b0 000d 0529 06b0 06b0 06b0 06b0 06b0 06b0 06b0 000c; CONTEXT CELL+ CELL+ CELL+ CELL+ CELL+ CELL+ CELL+ @ MODULE_CONTEXT CELL+ CELL+ CELL+ CELL+ CELL+ CELL+ CELL+ !
             1513  038c 06b0 06b0 06b0 06b0 06b0 06b0 06b0 06b0 000d 0529 06b0 06b0 06b0 06b0 06b0 06b0 06b0 06b0 000c; CONTEXT CELL+ CELL+ CELL+ CELL+ CELL+ CELL+ CELL+ CELL+ @ MODULE_CONTEXT CELL+ CELL+ CELL+ CELL+ CELL+ CELL+ CELL+ CELL+ !
             1527  039b 000d 053f 000c                      ; CURRENT @ MODULE_CURRENT !
             152b  039b 06b0 000d 053f 06b0 000c            ; CURRENT CELL+ @ MODULE_CURRENT CELL+ !
             1531  000b                                     ; EXIT
                                                            ; MODULE-RESTORE-ORDER (--)
             1532  0000                                     ; bucket link

             1533  a454                                     ; len('MODULE-RESTORE-ORDER')
             1534  004d 004f 0044 0055 004c 0045 002d 0052 0045 0053 0054 004f 0052 0045 002d 004f 0052 0044 0045 0052; 'MODULE-RESTORE-ORDER'
MODULE-RESTORE-ORDER:                                       
             1548                                           
             1548  0529 000d 038c 000c                      ; MODULE_CONTEXT @ CONTEXT !
             154c  0529 06b0 000d 038c 06b0 000c            ; MODULE_CONTEXT CELL+ @ CONTEXT CELL+ !
             1552  0529 06b0 06b0 000d 038c 06b0 06b0 000c  ; MODULE_CONTEXT CELL+ CELL+ @ CONTEXT CELL+ CELL+ !
             155a  0529 06b0 06b0 06b0 000d 038c 06b0 06b0 06b0 000c; MODULE_CONTEXT CELL+ CELL+ CELL+ @ CONTEXT CELL+ CELL+ CELL+ !
             1564  0529 06b0 06b0 06b0 06b0 000d 038c 06b0 06b0 06b0 06b0 000c; MODULE_CONTEXT CELL+ CELL+ CELL+ CELL+ @ CONTEXT CELL+ CELL+ CELL+ CELL+ !
             1570  0529 06b0 06b0 06b0 06b0 06b0 000d 038c 06b0 06b0 06b0 06b0 06b0 000c; MODULE_CONTEXT CELL+ CELL+ CELL+ CELL+ CELL+ @ CONTEXT CELL+ CELL+ CELL+ CELL+ CELL+ !
             157e  0529 06b0 06b0 06b0 06b0 06b0 06b0 000d 038c 06b0 06b0 06b0 06b0 06b0 06b0 000c; MODULE_CONTEXT CELL+ CELL+ CELL+ CELL+ CELL+ CELL+ @ CONTEXT CELL+ CELL+ CELL+ CELL+ CELL+ CELL+ !
             158e  0529 06b0 06b0 06b0 06b0 06b0 06b0 06b0 000d 038c 06b0 06b0 06b0 06b0 06b0 06b0 06b0 000c; MODULE_CONTEXT CELL+ CELL+ CELL+ CELL+ CELL+ CELL+ CELL+ @ CONTEXT CELL+ CELL+ CELL+ CELL+ CELL+ CELL+ CELL+ !
             15a0  0529 06b0 06b0 06b0 06b0 06b0 06b0 06b0 06b0 000d 038c 06b0 06b0 06b0 06b0 06b0 06b0 06b0 06b0 000c; MODULE_CONTEXT CELL+ CELL+ CELL+ CELL+ CELL+ CELL+ CELL+ CELL+ @ CONTEXT CELL+ CELL+ CELL+ CELL+ CELL+ CELL+ CELL+ CELL+ !
             15b4  053f 000d 039b 000c                      ; MODULE_CURRENT @ CURRENT !
             15b8  053f 06b0 000d 039b 06b0 000c            ; MODULE_CURRENT CELL+ @ CURRENT CELL+ !
             15be  000b                                     ; EXIT
                                                            ; MODULE-CLEAR (--)
             15bf  0000                                     ; bucket link

             15c0  a44c                                     ; len('MODULE-CLEAR')
             15c1  004d 004f 0044 0055 004c 0045 002d 0043 004c 0045 0041 0052; 'MODULE-CLEAR'
MODULE-CLEAR:                                               
             15cd                                           
             15cd  0004 0000 04c3 000c                      ; doLIT 0 MODULE_ACTIVE !
             15d1  0004 0000 04d8 000c                      ; doLIT 0 MODULE_FAILED !
             15d5  000b                                     ; EXIT
                                                            ; MODULE-ROLLBACK (--)
             15d6  0000                                     ; bucket link

             15d7  964f                                     ; len('MODULE-ROLLBACK')
             15d8  004d 004f 0044 0055 004c 0045 002d 0052 004f 004c 004c 0042 0041 0043 004b; 'MODULE-ROLLBACK'
MODULE-ROLLBACK:                                            
             15e7                                           
             15e7  0513 000d 037d 000c                      ; MODULE_FORTHVOC @ FORTHVOC !
             15eb  0513 06b0 000d 037d 06b0 000c            ; MODULE_FORTHVOC CELL+ @ FORTHVOC CELL+ !
             15f1  0513 06b0 06b0 000d 037d 06b0 06b0 000c  ; MODULE_FORTHVOC CELL+ CELL+ @ FORTHVOC CELL+ CELL+ !
             15f9  1548                                     ; MODULE-RESTORE-ORDER
             15fa  04eb 000d 03c9 000c                      ; MODULE_LAST @ LAST !
             15fe  04fc 000d 03a5 000c                      ; MODULE_CP @ CP !
             1602  04fc 000d 1850                           ; MODULE_CP @ REWIND-ALL-BUCKETS
             1605  0004 0000 04c3 000c                      ; doLIT 0 MODULE_ACTIVE !
             1609  0004 ffff 04d8 000c                      ; doLIT -1 MODULE_FAILED !
             160d  000b                                     ; EXIT
                                                            ; QUIT (--)
             160e  1274                                     ; bucket link

             160f  a804                                     ; len('QUIT')
             1610  0051 0055 0049 0054                      ; 'QUIT'
QUIT:                                                       
             1614                                           
             1614  0210 000d 0010                           ; RP0 @ RP!
QUIT1:                                                      
             1617  164d                                     ; [
QUIT2:                                                      
             1618  0210 000d 0010                           ; RP0 @ RP!
             161b  127b                                     ; QUERY
             161c  04d8 000d                                ; MODULE_FAILED @
             161e  0008 1623                                ; ?branch QUIT2A
             1620  2575                                     ; MODULE-SKIP-LINE
             1621  0009 1647                                ; branch QUIT4
QUIT2A:                                                     
             1623  0004 134d 128f 0576                      ; doLIT EVAL CATCH ?DUP
             1627  0008 1618                                ; ?branch QUIT2
             1629  0261 000d 0019 13b4 13a9 001a 001e       ; 'PROMPT @ SWAP CONSOLE NULL$ OVER XOR
             1630  0008 163a                                ; ?branch QUIT3
             1632  0b74 072d 0ba2                           ; SPACE COUNT TYPE
             1635  0cfe                                     ; ."|
             1636  0003                                     
             1637  0020 003f 0020                           ; ' ? '
QUIT3:                                                      
             163a  04c3 000d                                ; MODULE_ACTIVE @
             163c  0008 163f                                ; ?branch QUIT3A
             163e  15e7                                     ; MODULE-ROLLBACK
QUIT3A:                                                     
             163f  0004 1323 001e                           ; doLIT .OK XOR
             1642  0008 1647                                ; ?branch QUIT4
             1644  0004 001b 0b51                           ; doLIT 27 EMIT
QUIT4:                                                      
             1647  1369                                     ; PRESET
             1648  0009 1617                                ; branch QUIT1
                                                            ; [ (--)
             164a  0000                                     ; bucket link

             164b  b681                                     ; len('[')
             164c  005b                                     ; '['
[:                                                          
             164d  0004 0000 0331 000c 000b                 ; 4 0 STATE 12 11
                                                            ; ] (--)
             1652  0000                                     ; bucket link

             1653  ba01                                     ; len(']')
             1654  005d                                     ; ']'
]:                                                          
             1655  0004 0001 0331 000c 000b                 ; 4 1 STATE 12 11
                                                            ; ' (-- xt)
             165a  0274                                     ; bucket link

             165b  4e01                                     ; len(''')
             165c  0027                                     ; "'"
':                                                          
             165d                                           
             165d  0f0c 11d7 0008 1663                      ; TOKEN NAME? ?branch TICK1
             1661  0017 000b                                ; DROP EXIT
TICK1:                                                      
             1663  12ab                                     ; THROW
                                                            ; _doNEXT primitive opcode constant
             1664  0000                                     ; bucket link

             1665  a807                                     ; len('_doNEXT')
             1666  005f 0064 006f 004e 0045 0058 0054       ; '_doNEXT'
_doNEXT:                                                    
             166d  0004 0007 000b                           ; 4 7 11
                                                            ; _?branch primitive opcode constant
             1670  1664                                     ; bucket link

             1671  d008                                     ; len('_?branch')
             1672  005f 003f 0062 0072 0061 006e 0063 0068  ; '_?branch'
_?branch:                                                   
             167a  0004 0008 000b                           ; 4 8 11
                                                            ; _branch primitive opcode constant
             167d  1670                                     ; bucket link

             167e  d007                                     ; len('_branch')
             167f  005f 0062 0072 0061 006e 0063 0068       ; '_branch'
_branch:                                                    
             1686  0004 0009 000b                           ; 4 9 11
                                                            ; ALLOT (n --)
             1689  0c77                                     ; bucket link

             168a  a805                                     ; len('ALLOT')
             168b  0041 004c 004c 004f 0054                 ; 'ALLOT'
ALLOT:                                                      
             1690  03a5 0704 000b                           ; CP +! 11
                                                            ; [COMPILE] (-- ; <string>)
             1693  164a                                     ; bucket link

             1694  ba89                                     ; len('[COMPILE]')
             1695  005b 0043 004f 004d 0050 0049 004c 0045 005d; '[COMPILE]'
[COMPILE]:                                                  
             169e  165d 297b 000b                           ; ' , 11
                                                            ; COMPILE (--)
             16a1  13ee                                     ; bucket link

             16a2  8a47                                     ; len('COMPILE')
             16a3  0043 004f 004d 0050 0049 004c 0045       ; 'COMPILE'
COMPILE:                                                    
             16aa  0012 0018 000d 297b 06b0 0014 000b       ; 18 24 13 , CELL+ 20 11
                                                            ; LITERAL (w --)
             16b1  03c3                                     ; bucket link

             16b2  9887                                     ; len('LITERAL')
             16b3  004c 0049 0054 0045 0052 0041 004c       ; 'LITERAL'
LITERAL:                                                    
             16ba  16aa 0004 297b 000b                      ; COMPILE 4 , 11
                                                            ; [CHAR] (-- c ; <char>)
             16be  1693                                     ; bucket link

             16bf  ba86                                     ; len('[CHAR]')
             16c0  005b 0043 0048 0041 0052 005d            ; '[CHAR]'
[CHAR]:                                                     
             16c6  0f00 16ba 000b                           ; CHAR LITERAL 11
                                                            ; $," (--)
             16c9  12ed                                     ; bucket link

             16ca  4403                                     ; len('$,"')
             16cb  0024 002c 0022                           ; '$,"'
$,":                                                        
             16ce  0004 0022 0f3c 072d 29cc 06c6 03a5 000c 000b; 4 34 WORD COUNT + ALIGNED CP 12 11
                                                            ; ESC," (b u --)
             16d7  1347                                     ; bucket link

             16d8  4405                                     ; len('ESC,"')
             16d9  0045 0053 0043 002c 0022                 ; 'ESC,"'
ESC,":                                                      
             16de  073b 081f 072d 29cc 06c6 03a5 000c 000b  ; HERE PACK$ COUNT + ALIGNED CP 12 11
                                                            ; RECURSE (--)
             16e6  1465                                     ; bucket link

             16e7  8a87                                     ; len('RECURSE')
             16e8  0052 0045 0043 0055 0052 0053 0045       ; 'RECURSE'
RECURSE:                                                    
             16ef  03c9 000d 0f6b 297b 000b                 ; LAST 13 NAME> , 11
                                                            ; BEGIN ( -- a )
             16f4  08d2                                     ; bucket link

             16f5  9c85                                     ; len('BEGIN')
             16f6  0042 0045 0047 0049 004e                 ; 'BEGIN'
BEGIN:                                                      
             16fb  073b 000b                                ; HERE 11
                                                            ; FOR ( -- a )
             16fd  1448                                     ; bucket link

             16fe  a483                                     ; len('FOR')
             16ff  0046 004f 0052                           ; 'FOR'
FOR:                                                        
             1702  16aa 0037 16aa 0014 073b 000b            ; COMPILE 55 COMPILE 20 HERE 11
                                                            ; NEXT ( a -- )
             1708  0f64                                     ; bucket link

             1709  a884                                     ; len('NEXT')
             170a  004e 0045 0058 0054                      ; 'NEXT'
NEXT:                                                       
             170e  16aa 0007 297b 16aa 0012 16aa 0017 000b  ; COMPILE 7 , COMPILE 18 COMPILE 23 11
                                                            ; UNTIL ( a -- )
             1716  0d9a                                     ; bucket link

             1717  9885                                     ; len('UNTIL')
             1718  0055 004e 0054 0049 004c                 ; 'UNTIL'
UNTIL:                                                      
             171d  0004 0008 297b 297b 000b                 ; 4 8 , , 11
                                                            ; AGAIN ( a -- )
             1722  1689                                     ; bucket link

             1723  9c85                                     ; len('AGAIN')
             1724  0041 0047 0041 0049 004e                 ; 'AGAIN'
AGAIN:                                                      
             1729  0004 0009 297b 297b 000b                 ; 4 9 , , 11
                                                            ; IF ( -- a )
             172e  1486                                     ; bucket link

             172f  8c82                                     ; len('IF')
             1730  0049 0046                                ; 'IF'
IF:                                                         
             1732  0004 0008 297b 073b 0004 0000 297b 000b  ; 4 8 , HERE 4 0 , 11
                                                            ; AHEAD ( -- a )
             173a  1722                                     ; bucket link

             173b  8885                                     ; len('AHEAD')
             173c  0041 0048 0045 0041 0044                 ; 'AHEAD'
AHEAD:                                                      
             1741  0004 0009 297b 073b 0004 0000 297b 000b  ; 4 9 , HERE 4 0 , 11
                                                            ; REPEAT ( a a -- )
             1749  16e6                                     ; bucket link

             174a  a886                                     ; len('REPEAT')
             174b  0052 0045 0050 0045 0041 0054            ; 'REPEAT'
REPEAT:                                                     
             1751  1729 073b 0019 000c 000b                 ; AGAIN HERE 25 12 11
                                                            ; THEN ( a -- )
             1756  12a4                                     ; bucket link

             1757  9c84                                     ; len('THEN')
             1758  0054 0048 0045 004e                      ; 'THEN'
THEN:                                                       
             175c  073b 0019 000c 000b                      ; HERE 25 12 11
                                                            ; AFT ( a -- a a )
             1760  173a                                     ; bucket link

             1761  a883                                     ; len('AFT')
             1762  0041 0046 0054                           ; 'AFT'
AFT:                                                        
             1765  0017 1741 16fb 0019 000b                 ; 23 AHEAD BEGIN 25 11
                                                            ; ELSE ( a -- a )
             176a  16d7                                     ; bucket link

             176b  8a84                                     ; len('ELSE')
             176c  0045 004c 0053 0045                      ; 'ELSE'
ELSE:                                                       
             1770  1741 0019 175c 000b                      ; AHEAD 25 THEN 11
                                                            ; WHILE ( a -- a a )
             1774  1409                                     ; bucket link

             1775  8a85                                     ; len('WHILE')
             1776  0057 0048 0049 004c 0045                 ; 'WHILE'
WHILE:                                                      
             177b  1732 0019 000b                           ; IF 25 11
                                                            ; CLEAR-BUCKET-TABLE (a --)
             177e  0000                                     ; bucket link

             177f  8a52                                     ; len('CLEAR-BUCKET-TABLE')
             1780  0043 004c 0045 0041 0052 002d 0042 0055 0043 004b 0045 0054 002d 0054 0041 0042 004c 0045; 'CLEAR-BUCKET-TABLE'
CLEAR-BUCKET-TABLE:                                         
             1792                                           
             1792  0004 005f 0037 0014                      ; doLIT 95 NEGATE >R
CBKT0:                                                      
             1796  0004 0000 001a 000c 06b0                 ; doLIT 0 OVER ! CELL+
             179b  0007 1796 0012 0017                      ; doNEXT CBKT0 R> DROP
             179f  0017 000b                                ; DROP EXIT
                                                            ; COPY-BUCKET-TABLE (src dst --)
             17a1  0000                                     ; bucket link

             17a2  8a51                                     ; len('COPY-BUCKET-TABLE')
             17a3  0043 004f 0050 0059 002d 0042 0055 0043 004b 0045 0054 002d 0054 0041 0042 004c 0045; 'COPY-BUCKET-TABLE'
COPY-BUCKET-TABLE:                                          
             17b4                                           
             17b4  0487 000c 02a2 000c                      ; FIND_BUCKET ! tmp !
             17b8  0004 005f 0037 0014                      ; doLIT 95 NEGATE >R
CPBK0:                                                      
             17bc  02a2 000d 000d 0487 000d 000c            ; tmp @ @ FIND_BUCKET @ !
             17c2  02a2 000d 06b0 02a2 000c                 ; tmp @ CELL+ tmp !
             17c7  0487 000d 06b0 0487 000c                 ; FIND_BUCKET @ CELL+ FIND_BUCKET !
             17cc  0007 17bc 0012 0017                      ; doNEXT CPBK0 R> DROP
             17d0  000b                                     ; EXIT
                                                            ; REWIND-BUCKET-TABLE (cutoff a --)
             17d1  0000                                     ; bucket link

             17d2  8a53                                     ; len('REWIND-BUCKET-TABLE')
             17d3  0052 0045 0057 0049 004e 0044 002d 0042 0055 0043 004b 0045 0054 002d 0054 0041 0042 004c 0045; 'REWIND-BUCKET-TABLE'
REWIND-BUCKET-TABLE:                                        
             17e6                                           
             17e6  0019 02a2 000c 0487 000c                 ; SWAP tmp ! FIND_BUCKET !
             17eb  0004 005f 0037 0014                      ; doLIT 95 NEGATE >R
RBKTL:                                                      
             17ef  0487 000d 000d 049a 000c                 ; FIND_BUCKET @ @ BUCKET_HEAD !
RBKT0:                                                      
             17f4  049a 000d 0018                           ; BUCKET_HEAD @ DUP
             17f7  0008 180e                                ; ?branch RBKT2
             17f9  0018 02a2 000d 05ba                      ; DUP tmp @ U<
             17fd  0008 1809                                ; ?branch RBKT1
             17ff  0487 000d 000c 0487 000d 06b0 0487 000c 0009 1819; FIND_BUCKET @ ! FIND_BUCKET @ CELL+ FIND_BUCKET ! branch RBKT3
RBKT1:                                                      
             1809  000d 049a 000c 0009 17f4                 ; @ BUCKET_HEAD ! branch RBKT0
RBKT2:                                                      
             180e  0017 0004 0000 0487 000d 000c 0487 000d 06b0 0487 000c; DROP doLIT 0 FIND_BUCKET @ ! FIND_BUCKET @ CELL+ FIND_BUCKET !
RBKT3:                                                      
             1819  0007 17ef 0012 0017                      ; doNEXT RBKTL R> DROP
             181d  000b                                     ; EXIT
                                                            ; REWIND-VOCAB-BUCKETS (cutoff va --)
             181e  0000                                     ; bucket link

             181f  a654                                     ; len('REWIND-VOCAB-BUCKETS')
             1820  0052 0045 0057 0049 004e 0044 002d 0056 004f 0043 0041 0042 002d 0042 0055 0043 004b 0045 0054 0053; 'REWIND-VOCAB-BUCKETS'
REWIND-VOCAB-BUCKETS:                                       
             1834                                           
             1834  0fb8 0576                                ; VOCAB>BUCKETS ?DUP
             1836  0008 183a                                ; ?branch RVBK0
             1838  17e6 000b                                ; REWIND-BUCKET-TABLE EXIT
RVBK0:                                                      
             183a  0017 000b                                ; DROP EXIT
                                                            ; REWIND-ALL-BUCKETS (cutoff --)
             183c  0000                                     ; bucket link

             183d  a652                                     ; len('REWIND-ALL-BUCKETS')
             183e  0052 0045 0057 0049 004e 0044 002d 0041 004c 004c 002d 0042 0055 0043 004b 0045 0054 0053; 'REWIND-ALL-BUCKETS'
REWIND-ALL-BUCKETS:                                         
             1850                                           
             1850  037d                                     ; FORTHVOC
RABK0:                                                      
             1851  0018 0008 185b                           ; DUP ?branch RABK1
             1854  001a 001a 1834                           ; OVER OVER REWIND-VOCAB-BUCKETS
             1857  06b0 000d 0009 1851                      ; CELL+ @ branch RABK0
RABK1:                                                      
             185b  058d 000b                                ; 2DROP EXIT
                                                            ; INIT-FORTH-BUCKETS (--)
             185d  0000                                     ; bucket link

             185e  a652                                     ; len('INIT-FORTH-BUCKETS')
             185f  0049 004e 0049 0054 002d 0046 004f 0052 0054 0048 002d 0042 0055 0043 004b 0045 0054 0053; 'INIT-FORTH-BUCKETS'
INIT-FORTH-BUCKETS:                                         
             1871                                           
             1871  0004 0064 0004 fee2 17b4                 ; doLIT FORTH_BUCKET_SEED_ROM doLIT 65250 COPY-BUCKET-TABLE
             1876  0004 fee2 037d 000c 000b                 ; doLIT 65250 FORTHVOC ! EXIT
                                                            ; ABORT" (-- ; <string>)
             187b  1760                                     ; bucket link

             187c  4486                                     ; len('ABORT"')
             187d  0041 0042 004f 0052 0054 0022            ; 'ABORT"'
ABORT":                                                     
             1883                                           
             1883  16aa 188f 16ce 000b                      ; COMPILE abort" $," EXIT
                                                            ; abort" ( f -- )
             1887  0000                                     ; bucket link

             1888  4446                                     ; len('abort"')
             1889  0061 0062 006f 0072 0074 0022            ; 'abort"'
abort":                                                     
             188f                                           
             188f  0008 1893                                ; ?branch ABOR1
             1891  0ce0 12ab                                ; do$ THROW
ABOR1:                                                      
             1893  0ce0 0017 000b                           ; do$ DROP EXIT
                                                            ; $" (-- ; <string>)
             1896  16c9                                     ; bucket link

             1897  4482                                     ; len('$"')
             1898  0024 0022                                ; '$"'
$":                                                         
             189a  16aa 0cef 16ce 000b                      ; COMPILE $"| $," 11
                                                            ; ." (-- ; <string>)
             189e  131e                                     ; bucket link

             189f  4482                                     ; len('."')
             18a0  002e 0022                                ; '."'
.":                                                         
             18a2                                           
             18a2  0331 000d 0008 18ae                      ; STATE @ ?branch DQI1
             18a6  0004 0022 0ed2 0da4 16aa 0cfe 16de 000b  ; doLIT 34 PARSE UNESCAPE COMPILE ."| ESC," EXIT
DQI1:                                                       
             18ae  0004 0022 0ed2 0da4 0ba2 000b            ; doLIT 34 PARSE UNESCAPE TYPE EXIT
                                                            ; S" (-- b u ; <string>)
             18b4  0fba                                     ; bucket link

             18b5  4482                                     ; len('S"')
             18b6  0053 0022                                ; 'S"'
S":                                                         
             18b8                                           
             18b8  0331 000d 0008 18c4                      ; STATE @ ?branch SQI1
             18bc  0004 0022 0ed2 0da4 16aa 0cf6 16de 000b  ; doLIT 34 PARSE UNESCAPE COMPILE S"| ESC," EXIT
SQI1:                                                       
             18c4  0004 0022 0ed2 0da4 000b                 ; doLIT 34 PARSE UNESCAPE EXIT
                                                            ; U<= (u1 u2 -- t)
             18c9  1716                                     ; bucket link

             18ca  7a03                                     ; len('U<=')
             18cb  0055 003c 003d                           ; 'U<='
U<=:                                                        
             18ce  0004 0001 29cc 05ba 000b                 ; 4 1 + U< 11
                                                            ; ?TARGET (-- na ; <string>)
             18d3  1330                                     ; bucket link

             18d4  a807                                     ; len('?TARGET')
             18d5  003f 0054 0041 0052 0047 0045 0054       ; '?TARGET'
?TARGET:                                                    
             18dc                                           
             18dc  0f0c 0018 000f                           ; TOKEN DUP C@
             18df  0008 18e2                                ; ?branch QTG1
             18e1  000b                                     ; EXIT
QTG1:                                                       
             18e2  0cef                                     ; $"|
             18e3  0005                                     
             18e4  0020 006e 0061 006d 0065                 ; ' name'
             18e9  12ab                                     ; THROW
                                                            ; FINDXT (na -- na xt t | na f)
             18ea  0000                                     ; bucket link

             18eb  a846                                     ; len('FINDXT')
             18ec  0046 0049 004e 0044 0058 0054            ; 'FINDXT'
FINDXT:                                                     
             18f2                                           
             18f2  0018 11d7 0576                           ; DUP NAME? ?DUP
             18f5  0008 18fb                                ; ?branch FDXT1
             18f7  0017 0004 ffff 000b                      ; DROP doLIT -1 EXIT
FDXT1:                                                      
             18fb  0017 0004 0000 000b                      ; DROP doLIT 0 EXIT
                                                            ; STRING-BUILD (n na -- xt)
             18ff  18b4                                     ; bucket link

             1900  884c                                     ; len('STRING-BUILD')
             1901  0053 0054 0052 0049 004e 0047 002d 0042 0055 0049 004c 0044; 'STRING-BUILD'
STRING-BUILD:                                               
             190d                                           
             190d  001a 001b                                ; OVER 0<
             190f  0008 1925                                ; ?branch STRB0
             1911  188f                                     ; abort"
             1912  0011                                     
             1913  006e 0065 0067 0061 0074 0069 0076 0065 0020 0063 0061 0070 0061 0063 0069 0074 0079; 'negative capacity'
             1924  12ab                                     ; THROW
STRB0:                                                      
             1925  0019 0014 1f04 0012                      ; SWAP >R HEADER R>
             1929  073b 0004 0006 29cc 0018 02a2 000c 0017  ; HERE doLIT 6 + DUP tmp ! DROP
             1931  0004 0004 297b                           ; doLIT 4 ,
             1934  02a2 000d 0004 0002 29cc 297b            ; tmp @ doLIT 2 + ,
             193a  0004 0004 297b                           ; doLIT 4 ,
             193d  02a2 000d 0004 0001 29cc 297b            ; tmp @ doLIT 1 + ,
             1943  0004 000d 297b                           ; doLIT 13 ,
             1946  0004 000b 297b                           ; doLIT 11 ,
             1949  0018 297b 0004 0000 297b 1690            ; DUP , doLIT 0 , ALLOT
             194f  22fa 03c9 000d 0f6b 000b                 ; REVEAL LAST @ NAME> EXIT
                                                            ; STR? (xt -- xt t | f)
             1954  0000                                     ; bucket link

             1955  7e04                                     ; len('STR?')
             1956  0053 0054 0052 003f                      ; 'STR?'
STR?:                                                       
             195a                                           
             195a  0018 000d 0004 0004 001e                 ; DUP @ doLIT 4 XOR
             195f  0008 1965                                ; ?branch STRQ1
             1961  0017 0004 0000 000b                      ; DROP doLIT 0 EXIT
STRQ1:                                                      
             1965  0018 06b0 000d 02a2 000c                 ; DUP CELL+ @ tmp !
             196a  0018 06b0 06b0 000d 0004 0004 001e       ; DUP CELL+ CELL+ @ doLIT 4 XOR
             1971  0008 1977                                ; ?branch STRQ2
             1973  0017 0004 0000 000b                      ; DROP doLIT 0 EXIT
STRQ2:                                                      
             1977  0018 06b0 06b0 06b0 000d 02a2 000d 06a4 001e; DUP CELL+ CELL+ CELL+ @ tmp @ CELL- XOR
             1980  0008 1986                                ; ?branch STRQ3
             1982  0017 0004 0000 000b                      ; DROP doLIT 0 EXIT
STRQ3:                                                      
             1986  0018 0004 0004 29cc 000d 0004 000d 001e  ; DUP doLIT 4 + @ doLIT 13 XOR
             198e  0008 1994                                ; ?branch STRQ4
             1990  0017 0004 0000 000b                      ; DROP doLIT 0 EXIT
STRQ4:                                                      
             1994  0018 0004 0005 29cc 000d 0004 000b 001e  ; DUP doLIT 5 + @ doLIT 11 XOR
             199c  0008 19a2                                ; ?branch STRQ5
             199e  0017 0004 0000 000b                      ; DROP doLIT 0 EXIT
STRQ5:                                                      
             19a2  0004 ffff 000b                           ; doLIT -1 EXIT
                                                            ; >STRBUF (xt -- b)
             19a5  0000                                     ; bucket link

             19a6  8c07                                     ; len('>STRBUF')
             19a7  003e 0053 0054 0052 0042 0055 0046       ; '>STRBUF'
>STRBUF:                                                    
             19ae                                           
             19ae  195a 0008 19b4 06b0 000d 000b            ; STR? ?branch SBF1 CELL+ @ EXIT
SBF1:                                                       
             19b4  188f                                     ; abort"
             19b5  000a                                     
             19b6  006e 006f 0074 0020 0073 0074 0072 0069 006e 0067; 'not string'
             19c0  12ab                                     ; THROW
                                                            ; >STRLENA (xt -- a)
             19c1  0000                                     ; bucket link

             19c2  8208                                     ; len('>STRLENA')
             19c3  003e 0053 0054 0052 004c 0045 004e 0041  ; '>STRLENA'
>STRLENA:                                                   
             19cb                                           
             19cb  195a 0008 19d3 06b0 06b0 06b0 000d 000b  ; STR? ?branch SLA1 CELL+ CELL+ CELL+ @ EXIT
SLA1:                                                       
             19d3  188f                                     ; abort"
             19d4  000a                                     
             19d5  006e 006f 0074 0020 0073 0074 0072 0069 006e 0067; 'not string'
             19df  12ab                                     ; THROW
                                                            ; >STRCAP (xt -- n)
             19e0  0000                                     ; bucket link

             19e1  a007                                     ; len('>STRCAP')
             19e2  003e 0053 0054 0052 0043 0041 0050       ; '>STRCAP'
>STRCAP:                                                    
             19e9  19cb 06a4 000d 000b                      ; >STRLENA CELL- 13 11
                                                            ; >STRLEN (xt -- n)
             19ed  0000                                     ; bucket link

             19ee  9c07                                     ; len('>STRLEN')
             19ef  003e 0053 0054 0052 004c 0045 004e       ; '>STRLEN'
>STRLEN:                                                    
             19f6  19cb 000d 000b                           ; >STRLENA 13 11
                                                            ; STRCLR-XT (xt --)
             19f9  0000                                     ; bucket link

             19fa  a809                                     ; len('STRCLR-XT')
             19fb  0053 0054 0052 0043 004c 0052 002d 0058 0054; 'STRCLR-XT'
STRCLR-XT:                                                  
             1a04  19cb 0004 0000 0019 000c 000b            ; >STRLENA 4 0 25 12 11
                                                            ; STRCAP-XT (xt -- n)
             1a0a  0000                                     ; bucket link

             1a0b  a809                                     ; len('STRCAP-XT')
             1a0c  0053 0054 0052 0043 0041 0050 002d 0058 0054; 'STRCAP-XT'
STRCAP-XT:                                                  
             1a15  19e9 000b                                ; >STRCAP 11
                                                            ; STRSET-XT (b u xt --)
             1a17  0000                                     ; bucket link

             1a18  a809                                     ; len('STRSET-XT')
             1a19  0053 0054 0052 0053 0045 0054 002d 0058 0054; 'STRSET-XT'
STRSET-XT:                                                  
             1a22                                           
             1a22  02ae 000c 0018 02ae 000d 19e9 18ce       ; STRX ! DUP STRX @ >STRCAP U<=
             1a29  0008 1a3c                                ; ?branch SSET1
             1a2b  0018 0014 001a 02ae 000d 19ae 0013 07c3 0012 0017; DUP >R OVER STRX @ >STRBUF R@ CMOVE R> DROP
             1a35  0019 0017 02ae 000d 19cb 000c 000b       ; SWAP DROP STRX @ >STRLENA ! EXIT
SSET1:                                                      
             1a3c  188f                                     ; abort"
             1a3d  000f                                     
             1a3e  0073 0074 0072 0069 006e 0067 0020 006f 0076 0065 0072 0066 006c 006f 0077; 'string overflow'
             1a4d  12ab                                     ; THROW
                                                            ; STRSETN-XT (b u n xt --)
             1a4e  0000                                     ; bucket link

             1a4f  a80a                                     ; len('STRSETN-XT')
             1a50  0053 0054 0052 0053 0045 0054 004e 002d 0058 0054; 'STRSETN-XT'
STRSETN-XT:                                                 
             1a5a                                           
             1a5a  02ae 000c 0018 02ae 000d 19e9 001e       ; STRX ! DUP STRX @ >STRCAP XOR
             1a61  0008 1a77                                ; ?branch SSTN0
             1a63  188f                                     ; abort"
             1a64  0011                                     
             1a65  0063 0061 0070 0061 0063 0069 0074 0079 0020 006d 0069 0073 006d 0061 0074 0063 0068; 'capacity mismatch'
             1a76  12ab                                     ; THROW
SSTN0:                                                      
             1a77  0018 0004 0001 29cc 05ba                 ; DUP doLIT 1 + U<
             1a7c  0008 1a82                                ; ?branch SSTN1
             1a7e  02ae 000d 1a22 000b                      ; STRX @ STRSET-XT EXIT
SSTN1:                                                      
             1a82  188f                                     ; abort"
             1a83  000f                                     
             1a84  0073 0074 0072 0069 006e 0067 0020 006f 0076 0065 0072 0066 006c 006f 0077; 'string overflow'
             1a93  12ab                                     ; THROW
                                                            ; STRAPP-XT (b u xt --)
             1a94  0000                                     ; bucket link

             1a95  a809                                     ; len('STRAPP-XT')
             1a96  0053 0054 0052 0041 0050 0050 002d 0058 0054; 'STRAPP-XT'
STRAPP-XT:                                                  
             1a9f                                           
             1a9f  02ae 000c                                ; STRX !
             1aa1  02ba 000c 02c6 000c                      ; %mta ! %mtu !
             1aa5  0d15                                     ; %clr
             1aa6  02ae 000d 19ae 02ae 000d 19f6 0d60       ; STRX @ >STRBUF STRX @ >STRLEN %appb
             1aad  02ba 000d 02c6 000d 0d60                 ; %mta @ %mtu @ %appb
             1ab2  0d70 02ae 000d 1a22 000b                 ; %ret STRX @ STRSET-XT EXIT
                                                            ; STRPRE-XT (b u xt --)
             1ab7  0000                                     ; bucket link

             1ab8  a809                                     ; len('STRPRE-XT')
             1ab9  0053 0054 0052 0050 0052 0045 002d 0058 0054; 'STRPRE-XT'
STRPRE-XT:                                                  
             1ac2                                           
             1ac2  02ae 000c                                ; STRX !
             1ac4  02ba 000c 02c6 000c                      ; %mta ! %mtu !
             1ac8  0d15                                     ; %clr
             1ac9  02ba 000d 02c6 000d 0d60                 ; %mta @ %mtu @ %appb
             1ace  02ae 000d 19ae 02ae 000d 19f6 0d60       ; STRX @ >STRBUF STRX @ >STRLEN %appb
             1ad5  0d70 02ae 000d 1a22 000b                 ; %ret STRX @ STRSET-XT EXIT
                                                            ; STRCAPP-XT (ch xt --)
             1ada  0000                                     ; bucket link

             1adb  a80a                                     ; len('STRCAPP-XT')
             1adc  0053 0054 0052 0043 0041 0050 0050 002d 0058 0054; 'STRCAPP-XT'
STRCAPP-XT:                                                 
             1ae6                                           
             1ae6  02ae 000c                                ; STRX !
             1ae8  0d15                                     ; %clr
             1ae9  02ae 000d 19ae 02ae 000d 19f6 0d60       ; STRX @ >STRBUF STRX @ >STRLEN %appb
             1af0  0d4f                                     ; %appc
             1af1  0d70 02ae 000d 1a22 000b                 ; %ret STRX @ STRSET-XT EXIT
                                                            ; STRCHAR!-XT (ch idx xt --)
             1af6  0000                                     ; bucket link

             1af7  a80b                                     ; len('STRCHAR!-XT')
             1af8  0053 0054 0052 0043 0048 0041 0052 0021 002d 0058 0054; 'STRCHAR!-XT'
STRCHAR!-XT:                                                
             1b03                                           
             1b03  0014 0018 001b                           ; >R DUP 0<
             1b06  0008 1b18                                ; ?branch SCHW0
             1b08  188f                                     ; abort"
             1b09  000d                                     
             1b0a  0069 006e 0076 0061 006c 0069 0064 0020 0069 006e 0064 0065 0078; 'invalid index'
             1b17  12ab                                     ; THROW
SCHW0:                                                      
             1b18  0018 0013 19f6 05ba                      ; DUP R@ >STRLEN U<
             1b1c  0008 1b25                                ; ?branch SCHW1
             1b1e  0013 19ae 29cc 000e 0012 0017 000b       ; R@ >STRBUF + C! R> DROP EXIT
SCHW1:                                                      
             1b25  188f                                     ; abort"
             1b26  000d                                     
             1b27  0069 006e 0076 0061 006c 0069 0064 0020 0069 006e 0064 0065 0078; 'invalid index'
             1b34  12ab                                     ; THROW
                                                            ; LEN (b u -- u)
             1b35  16b1                                     ; bucket link

             1b36  9c03                                     ; len('LEN')
             1b37  004c 0045 004e                           ; 'LEN'
LEN:                                                        
             1b3a  0019 0017 000b                           ; 25 23 11
                                                            ; EMPTY? (b u -- t)
             1b3d  176a                                     ; bucket link

             1b3e  7e06                                     ; len('EMPTY?')
             1b3f  0045 004d 0050 0054 0059 003f            ; 'EMPTY?'
EMPTY?:                                                     
             1b45                                           
             1b45  0019 0017 0576                           ; SWAP DROP ?DUP
             1b48  0008 1b4e                                ; ?branch EMP1
             1b4a  0017 0004 0000 000b                      ; DROP doLIT 0 EXIT
EMP1:                                                       
             1b4e  0004 ffff 000b                           ; doLIT -1 EXIT
                                                            ; STR= (b u b u -- t)
             1b51  18ff                                     ; bucket link

             1b52  7a04                                     ; len('STR=')
             1b53  0053 0054 0052 003d                      ; 'STR='
STR=:                                                       
             1b57                                           
             1b57  0014 001a 0013 001e                      ; >R OVER R@ XOR
             1b5b  0008 1b64                                ; ?branch STRE1
             1b5d  0012 0017 058d 0017 0004 0000 000b       ; R> DROP 2DROP DROP doLIT 0 EXIT
STRE1:                                                      
             1b64  0019 0012 0017 0fe6 000b                 ; SWAP R> DROP MATCH? EXIT
                                                            ; STR<> (b u b u -- t)
             1b69  1b51                                     ; bucket link

             1b6a  7c05                                     ; len('STR<>')
             1b6b  0053 0054 0052 003c 003e                 ; 'STR<>'
STR<>:                                                      
             1b70  1b57 0035 000b                           ; STR= 53 11
                                                            ; LEFT (b u n -- b n)
             1b73  1b35                                     ; bucket link

             1b74  a804                                     ; len('LEFT')
             1b75  004c 0045 0046 0054                      ; 'LEFT'
LEFT:                                                       
             1b79                                           
             1b79  0018 001b                                ; DUP 0<
             1b7b  0008 1b8d                                ; ?branch LEFT0
             1b7d  188f                                     ; abort"
             1b7e  000d                                     
             1b7f  0069 006e 0076 0061 006c 0069 0064 0020 0072 0061 006e 0067 0065; 'invalid range'
             1b8c  12ab                                     ; THROW
LEFT0:                                                      
             1b8d  02a2 000c                                ; tmp !
             1b8f  02a2 000d 001a 18ce                      ; tmp @ OVER U<=
             1b93  0008 1b99                                ; ?branch LEFT1
             1b95  0017 02a2 000d 000b                      ; DROP tmp @ EXIT
LEFT1:                                                      
             1b99  188f                                     ; abort"
             1b9a  000d                                     
             1b9b  0069 006e 0076 0061 006c 0069 0064 0020 0072 0061 006e 0067 0065; 'invalid range'
             1ba8  12ab                                     ; THROW
                                                            ; RIGHT (b u n -- b n)
             1ba9  1749                                     ; bucket link

             1baa  a805                                     ; len('RIGHT')
             1bab  0052 0049 0047 0048 0054                 ; 'RIGHT'
RIGHT:                                                      
             1bb0                                           
             1bb0  0018 001b                                ; DUP 0<
             1bb2  0008 1bc4                                ; ?branch RGHT0
             1bb4  188f                                     ; abort"
             1bb5  000d                                     
             1bb6  0069 006e 0076 0061 006c 0069 0064 0020 0072 0061 006e 0067 0065; 'invalid range'
             1bc3  12ab                                     ; THROW
RGHT0:                                                      
             1bc4  0018 001a 18ce                           ; DUP OVER U<=
             1bc7  0008 1bd3                                ; ?branch RGHT1
             1bc9  0014 0019 001a 0013 29a0 29cc 0012 0581 0017 000b; >R SWAP OVER R@ - + R> ROT DROP EXIT
RGHT1:                                                      
             1bd3  188f                                     ; abort"
             1bd4  000d                                     
             1bd5  0069 006e 0076 0061 006c 0069 0064 0020 0072 0061 006e 0067 0065; 'invalid range'
             1be2  12ab                                     ; THROW
                                                            ; SUBSTR (b u start count -- b u)
             1be3  1b69                                     ; bucket link

             1be4  a406                                     ; len('SUBSTR')
             1be5  0053 0055 0042 0053 0054 0052            ; 'SUBSTR'
SUBSTR:                                                     
             1beb                                           
             1beb  0014 0018 001b                           ; >R DUP 0<
             1bee  0008 1c00                                ; ?branch SUB0
             1bf0  188f                                     ; abort"
             1bf1  000d                                     
             1bf2  0069 006e 0076 0061 006c 0069 0064 0020 0072 0061 006e 0067 0065; 'invalid range'
             1bff  12ab                                     ; THROW
SUB0:                                                       
             1c00  0013 001b                                ; R@ 0<
             1c02  0008 1c14                                ; ?branch SUB1
             1c04  188f                                     ; abort"
             1c05  000d                                     
             1c06  0069 006e 0076 0061 006c 0069 0064 0020 0072 0061 006e 0067 0065; 'invalid range'
             1c13  12ab                                     ; THROW
SUB1:                                                       
             1c14  02a2 000c                                ; tmp !
             1c16  02a2 000d 001a 18ce                      ; tmp @ OVER U<=
             1c1a  0008 1c2a                                ; ?branch SUB2
             1c1c  02a2 000d 0013 29cc 001a 18ce            ; tmp @ R@ + OVER U<=
             1c22  0008 1c2a                                ; ?branch SUB2
             1c24  0017 02a2 000d 29cc 0012 000b            ; DROP tmp @ + R> EXIT
SUB2:                                                       
             1c2a  188f                                     ; abort"
             1c2b  000d                                     
             1c2c  0069 006e 0076 0061 006c 0069 0064 0020 0072 0061 006e 0067 0065; 'invalid range'
             1c39  12ab                                     ; THROW
                                                            ; CHAR@ (b u idx -- ch)
             1c3a  16a1                                     ; bucket link

             1c3b  8005                                     ; len('CHAR@')
             1c3c  0043 0048 0041 0052 0040                 ; 'CHAR@'
CHAR@:                                                      
             1c41                                           
             1c41  0018 001b                                ; DUP 0<
             1c43  0008 1c55                                ; ?branch CHRAT0
             1c45  188f                                     ; abort"
             1c46  000d                                     
             1c47  0069 006e 0076 0061 006c 0069 0064 0020 0069 006e 0064 0065 0078; 'invalid index'
             1c54  12ab                                     ; THROW
CHRAT0:                                                     
             1c55  0018 001a 05ba                           ; DUP OVER U<
             1c58  0008 1c5f                                ; ?branch CHRAT1
             1c5a  0019 0017 29cc 000f 000b                 ; SWAP DROP + C@ EXIT
CHRAT1:                                                     
             1c5f  188f                                     ; abort"
             1c60  000d                                     
             1c61  0069 006e 0076 0061 006c 0069 0064 0020 0069 006e 0064 0065 0078; 'invalid index'
             1c6e  12ab                                     ; THROW
                                                            ; STRING (n -- ; <name>)
             1c6f  1be3                                     ; bucket link

             1c70  8e86                                     ; len('STRING')
             1c71  0053 0054 0052 0049 004e 0047            ; 'STRING'
STRING:                                                     
             1c77                                           
             1c77  0331 000d                                ; STATE @
             1c79  0008 1c9e                                ; ?branch PSTR0
             1c7b  188f                                     ; abort"
             1c7c  0020                                     
             1c7d  0053 0054 0052 0049 004e 0047 0020 0063 006f 006d 0070 0069 006c 0065 002d 0073 0074 0061 0074 0065 0020 0075 006e 0073 0075 0070 0070 006f 0072 0074 0065 0064; 'STRING compile-state unsupported'
             1c9d  12ab                                     ; THROW
PSTR0:                                                      
             1c9e  18dc 18f2 0008 1cb5                      ; ?TARGET FINDXT ?branch PSTR1
             1ca2  058d 0017                                ; 2DROP DROP
             1ca4  188f                                     ; abort"
             1ca5  000e                                     
             1ca6  0064 0075 0070 006c 0069 0063 0061 0074 0065 0020 006e 0061 006d 0065; 'duplicate name'
             1cb4  12ab                                     ; THROW
PSTR1:                                                      
             1cb5  190d 0017 000b                           ; STRING-BUILD DROP EXIT
                                                            ; TOSTR (b u -- ; <name>)
             1cb8  1756                                     ; bucket link

             1cb9  a485                                     ; len('TOSTR')
             1cba  0054 004f 0053 0054 0052                 ; 'TOSTR'
TOSTR:                                                      
             1cbf                                           
             1cbf  18dc 18f2 0008 1cd5                      ; ?TARGET FINDXT ?branch TSTR0
             1cc3  0019 0017 02ae 000c                      ; SWAP DROP STRX !
             1cc7  0331 000d 0008 1cd1                      ; STATE @ ?branch TSTRI
             1ccb  02ae 000d 16ba 16aa 1a22 000b            ; STRX @ LITERAL COMPILE STRSET-XT EXIT
TSTRI:                                                      
             1cd1  02ae 000d 1a22 000b                      ; STRX @ STRSET-XT EXIT
TSTR0:                                                      
             1cd5  0331 000d                                ; STATE @
             1cd7  0008 1cf1                                ; ?branch TSTR1
             1cd9  188f                                     ; abort"
             1cda  0015                                     
             1cdb  006d 0069 0073 0073 0069 006e 0067 0020 0073 0074 0072 0069 006e 0067 0020 0074 0061 0072 0067 0065 0074; 'missing string target'
             1cf0  12ab                                     ; THROW
TSTR1:                                                      
             1cf1  0014 001a 02ba 000c 0018 02c6 000c 0018 0012 190d 02ae 000c; >R OVER %mta ! DUP %mtu ! DUP R> STRING-BUILD STRX !
             1cfd  02ba 000d 02c6 000d 02ae 000d 1a22 000b  ; %mta @ %mtu @ STRX @ STRSET-XT EXIT
                                                            ; TOSTRN (b u n -- ; <name>)
             1d05  1cb8                                     ; bucket link

             1d06  9c86                                     ; len('TOSTRN')
             1d07  0054 004f 0053 0054 0052 004e            ; 'TOSTRN'
TOSTRN:                                                     
             1d0d                                           
             1d0d  18dc 18f2 0008 1d23                      ; ?TARGET FINDXT ?branch TSTN0
             1d11  0019 0017 02ae 000c                      ; SWAP DROP STRX !
             1d15  0331 000d 0008 1d1f                      ; STATE @ ?branch TSTNI
             1d19  02ae 000d 16ba 16aa 1a5a 000b            ; STRX @ LITERAL COMPILE STRSETN-XT EXIT
TSTNI:                                                      
             1d1f  02ae 000d 1a5a 000b                      ; STRX @ STRSETN-XT EXIT
TSTN0:                                                      
             1d23  0331 000d                                ; STATE @
             1d25  0008 1d3f                                ; ?branch TSTN1
             1d27  188f                                     ; abort"
             1d28  0015                                     
             1d29  006d 0069 0073 0073 0069 006e 0067 0020 0073 0074 0072 0069 006e 0067 0020 0074 0061 0072 0067 0065 0074; 'missing string target'
             1d3e  12ab                                     ; THROW
TSTN1:                                                      
             1d3f  0014 0018 02d2 000c 0581 0018 02ba 000c 0581 0018 02c6 000c 0581; >R DUP %mtw ! ROT DUP %mta ! ROT DUP %mtu ! ROT
             1d4c  0018 0012 190d 02ae 000c                 ; DUP R> STRING-BUILD STRX !
             1d51  02ba 000d 02c6 000d 02d2 000d 02ae 000d 1a5a 000b; %mta @ %mtu @ %mtw @ STRX @ STRSETN-XT EXIT
                                                            ; CLEAR (-- ; <name>)
             1d5b  1c3a                                     ; bucket link

             1d5c  a485                                     ; len('CLEAR')
             1d5d  0043 004c 0045 0041 0052                 ; 'CLEAR'
CLEAR:                                                      
             1d62                                           
             1d62  18dc 18f2 0008 1d78                      ; ?TARGET FINDXT ?branch CLER1
             1d66  0019 0017 02ae 000c                      ; SWAP DROP STRX !
             1d6a  0331 000d 0008 1d74                      ; STATE @ ?branch CLERI
             1d6e  02ae 000d 16ba 16aa 1a04 000b            ; STRX @ LITERAL COMPILE STRCLR-XT EXIT
CLERI:                                                      
             1d74  02ae 000d 1a04 000b                      ; STRX @ STRCLR-XT EXIT
CLER1:                                                      
             1d78  188f                                     ; abort"
             1d79  0015                                     
             1d7a  006d 0069 0073 0073 0069 006e 0067 0020 0073 0074 0072 0069 006e 0067 0020 0074 0061 0072 0067 0065 0074; 'missing string target'
             1d8f  12ab                                     ; THROW
                                                            ; CAPACITY (-- n ; <name>)
             1d90  1d5b                                     ; bucket link

             1d91  b288                                     ; len('CAPACITY')
             1d92  0043 0041 0050 0041 0043 0049 0054 0059  ; 'CAPACITY'
CAPACITY:                                                   
             1d9a                                           
             1d9a  18dc 18f2 0008 1db0                      ; ?TARGET FINDXT ?branch CAP1
             1d9e  0019 0017 02ae 000c                      ; SWAP DROP STRX !
             1da2  0331 000d 0008 1dac                      ; STATE @ ?branch CAPI
             1da6  02ae 000d 16ba 16aa 1a15 000b            ; STRX @ LITERAL COMPILE STRCAP-XT EXIT
CAPI:                                                       
             1dac  02ae 000d 1a15 000b                      ; STRX @ STRCAP-XT EXIT
CAP1:                                                       
             1db0  188f                                     ; abort"
             1db1  0015                                     
             1db2  006d 0069 0073 0073 0069 006e 0067 0020 0073 0074 0072 0069 006e 0067 0020 0074 0061 0072 0067 0065 0074; 'missing string target'
             1dc7  12ab                                     ; THROW
                                                            ; APPEND (b u -- ; <name>)
             1dc8  187b                                     ; bucket link

             1dc9  8886                                     ; len('APPEND')
             1dca  0041 0050 0050 0045 004e 0044            ; 'APPEND'
APPEND:                                                     
             1dd0                                           
             1dd0  0331 000d 0008 1de2                      ; STATE @ ?branch APPI0
             1dd4  18dc 18f2 0008 1df6                      ; ?TARGET FINDXT ?branch APP1
             1dd8  0019 0017 02ae 000c                      ; SWAP DROP STRX !
             1ddc  02ae 000d 16ba 16aa 1a9f 000b            ; STRX @ LITERAL COMPILE STRAPP-XT EXIT
APPI0:                                                      
             1de2  02ba 000c 02c6 000c                      ; %mta ! %mtu !
             1de6  18dc 18f2 0008 1df6                      ; ?TARGET FINDXT ?branch APP1
             1dea  0019 0017 02ae 000c                      ; SWAP DROP STRX !
APPI:                                                       
             1dee  02ba 000d 02c6 000d                      ; %mta @ %mtu @
             1df2  02ae 000d 1a9f 000b                      ; STRX @ STRAPP-XT EXIT
APP1:                                                       
             1df6  188f                                     ; abort"
             1df7  0015                                     
             1df8  006d 0069 0073 0073 0069 006e 0067 0020 0073 0074 0072 0069 006e 0067 0020 0074 0061 0072 0067 0065 0074; 'missing string target'
             1e0d  12ab                                     ; THROW
                                                            ; PREPEND (b u -- ; <name>)
             1e0e  1361                                     ; bucket link

             1e0f  8887                                     ; len('PREPEND')
             1e10  0050 0052 0045 0050 0045 004e 0044       ; 'PREPEND'
PREPEND:                                                    
             1e17                                           
             1e17  0331 000d 0008 1e29                      ; STATE @ ?branch PREI0
             1e1b  18dc 18f2 0008 1e3d                      ; ?TARGET FINDXT ?branch PRE1
             1e1f  0019 0017 02ae 000c                      ; SWAP DROP STRX !
             1e23  02ae 000d 16ba 16aa 1ac2 000b            ; STRX @ LITERAL COMPILE STRPRE-XT EXIT
PREI0:                                                      
             1e29  02ba 000c 02c6 000c                      ; %mta ! %mtu !
             1e2d  18dc 18f2 0008 1e3d                      ; ?TARGET FINDXT ?branch PRE1
             1e31  0019 0017 02ae 000c                      ; SWAP DROP STRX !
PREI:                                                       
             1e35  02ba 000d 02c6 000d                      ; %mta @ %mtu @
             1e39  02ae 000d 1ac2 000b                      ; STRX @ STRPRE-XT EXIT
PRE1:                                                       
             1e3d  188f                                     ; abort"
             1e3e  0015                                     
             1e3f  006d 0069 0073 0073 0069 006e 0067 0020 0073 0074 0072 0069 006e 0067 0020 0074 0061 0072 0067 0065 0074; 'missing string target'
             1e54  12ab                                     ; THROW
                                                            ; CAPPEND (ch -- ; <name>)
             1e55  1d90                                     ; bucket link

             1e56  8887                                     ; len('CAPPEND')
             1e57  0043 0041 0050 0050 0045 004e 0044       ; 'CAPPEND'
CAPPEND:                                                    
             1e5e                                           
             1e5e  18dc 18f2 0008 1e74                      ; ?TARGET FINDXT ?branch CAPA1
             1e62  0019 0017 02ae 000c                      ; SWAP DROP STRX !
             1e66  0331 000d 0008 1e70                      ; STATE @ ?branch CAPAI
             1e6a  02ae 000d 16ba 16aa 1ae6 000b            ; STRX @ LITERAL COMPILE STRCAPP-XT EXIT
CAPAI:                                                      
             1e70  02ae 000d 1ae6 000b                      ; STRX @ STRCAPP-XT EXIT
CAPA1:                                                      
             1e74  188f                                     ; abort"
             1e75  0015                                     
             1e76  006d 0069 0073 0073 0069 006e 0067 0020 0073 0074 0072 0069 006e 0067 0020 0074 0061 0072 0067 0065 0074; 'missing string target'
             1e8b  12ab                                     ; THROW
                                                            ; CHAR! (ch idx -- ; <name>)
             1e8c  1e55                                     ; bucket link

             1e8d  4285                                     ; len('CHAR!')
             1e8e  0043 0048 0041 0052 0021                 ; 'CHAR!'
CHAR!:                                                      
             1e93                                           
             1e93  18dc 18f2 0008 1ea9                      ; ?TARGET FINDXT ?branch CHST1
             1e97  0019 0017 02ae 000c                      ; SWAP DROP STRX !
             1e9b  0331 000d 0008 1ea5                      ; STATE @ ?branch CHSTI
             1e9f  02ae 000d 16ba 16aa 1b03 000b            ; STRX @ LITERAL COMPILE STRCHAR!-XT EXIT
CHSTI:                                                      
             1ea5  02ae 000d 1b03 000b                      ; STRX @ STRCHAR!-XT EXIT
CHST1:                                                      
             1ea9  188f                                     ; abort"
             1eaa  0015                                     
             1eab  006d 0069 0073 0073 0069 006e 0067 0020 0073 0074 0072 0069 006e 0067 0020 0074 0061 0072 0067 0065 0074; 'missing string target'
             1ec0  12ab                                     ; THROW
                                                            ; ?UNIQUE (a -- a)
             1ec1  0000                                     ; bucket link

             1ec2  8a07                                     ; len('?UNIQUE')
             1ec3  003f 0055 004e 0049 0051 0055 0045       ; '?UNIQUE'
?UNIQUE:                                                    
             1eca  000b                                     ; 11
                                                            ; SNAP, (a --)
             1ecb  0000                                     ; bucket link

             1ecc  5845                                     ; len('SNAP,')
             1ecd  0053 004e 0041 0050 002c                 ; 'SNAP,'
SNAP,:                                                      
             1ed2                                           
             1ed2  0018 000d                                ; DUP @
             1ed4  0004 0004 297b                           ; doLIT 4 ,
             1ed7  297b                                     ; ,
             1ed8  0004 0004 297b                           ; doLIT 4 ,
             1edb  0018 297b                                ; DUP ,
             1edd  0004 000c 297b                           ; doLIT 12 ,
             1ee0  0017 000b                                ; DROP EXIT
                                                            ; SNAP-INTO, (w a --)
             1ee2  0000                                     ; bucket link

             1ee3  584a                                     ; len('SNAP-INTO,')
             1ee4  0053 004e 0041 0050 002d 0049 004e 0054 004f 002c; 'SNAP-INTO,'
SNAP-INTO,:                                                 
             1eee                                           
             1eee  0014                                     ; >R
             1eef  0004 0004 297b                           ; doLIT 4 ,
             1ef2  297b                                     ; ,
             1ef3  0004 0004 297b                           ; doLIT 4 ,
             1ef6  0012 297b                                ; R> ,
             1ef8  0004 000c 297b                           ; doLIT 12 ,
             1efb  000b                                     ; EXIT
                                                            ; HEADER (na --)
             1efc  0000                                     ; bucket link

             1efd  a446                                     ; len('HEADER')
             1efe  0048 0045 0041 0044 0045 0052            ; 'HEADER'
HEADER:                                                     
             1f04                                           
             1f04  0018 000f                                ; DUP C@
             1f06  0008 1f2b                                ; ?branch PNAM1
             1f08  1eca                                     ; ?UNIQUE
             1f09  0018 02a2 000c                           ; DUP tmp !
             1f0c  073b 0018 03c9 000c                      ; HERE DUP LAST !
             1f10  0004 0000 297b                           ; doLIT 0 ,
             1f13  02a2 000d 0f4d 297b                      ; tmp @ COUNTED>LEX ,
             1f17  02a2 000d 06b0 073b 02a2 000d 000f 0004 001f 001c 07c3; tmp @ CELL+ HERE tmp @ C@ doLIT 31 AND CMOVE
             1f22  02a2 000d 000f 0004 001f 001c 1690       ; tmp @ C@ doLIT 31 AND ALLOT
             1f29  058d 000b                                ; 2DROP EXIT
PNAM1:                                                      
             1f2b  0cef                                     ; $"|
             1f2c  0005                                     
             1f2d  0020 006e 0061 006d 0065                 ; ' name'
             1f32  12ab                                     ; THROW
PRIMS:                                                      
             1f33  0003                                     ; primitive 'NOP'
             1f34  004e 004f 0050                           ; 'NOP'
             1f37  0000                                     ; opcode NOP
             1f38  0000                                     ; operands NOP
             1f39  0004                                     ; primitive 'jump'
             1f3a  006a 0075 006d 0070                      ; 'jump'
             1f3e  0001                                     ; opcode jump
             1f3f  0000                                     ; operands jump
             1f40  0003                                     ; primitive '?rx'
             1f41  003f 0072 0078                           ; '?rx'
             1f44  0002                                     ; opcode ?rx
             1f45  0000                                     ; operands ?rx
             1f46  0003                                     ; primitive 'tx!'
             1f47  0074 0078 0021                           ; 'tx!'
             1f4a  0003                                     ; opcode tx!
             1f4b  0000                                     ; operands tx!
             1f4c  0005                                     ; primitive 'doLIT'
             1f4d  0064 006f 004c 0049 0054                 ; 'doLIT'
             1f52  0004                                     ; opcode doLIT
             1f53  0001                                     ; operands doLIT
             1f54  0006                                     ; primitive 'doLIST'
             1f55  0064 006f 004c 0049 0053 0054            ; 'doLIST'
             1f5b  0005                                     ; opcode doLIST
             1f5c  0000                                     ; operands doLIST
             1f5d  0005                                     ; primitive 'doVAR'
             1f5e  0064 006f 0056 0041 0052                 ; 'doVAR'
             1f63  0006                                     ; opcode doVAR
             1f64  0000                                     ; operands doVAR
             1f65  0006                                     ; primitive 'doNEXT'
             1f66  0064 006f 004e 0045 0058 0054            ; 'doNEXT'
             1f6c  0007                                     ; opcode doNEXT
             1f6d  0000                                     ; operands doNEXT
             1f6e  0007                                     ; primitive '?branch'
             1f6f  003f 0062 0072 0061 006e 0063 0068       ; '?branch'
             1f76  0008                                     ; opcode ?branch
             1f77  0001                                     ; operands ?branch
             1f78  0006                                     ; primitive 'branch'
             1f79  0062 0072 0061 006e 0063 0068            ; 'branch'
             1f7f  0009                                     ; opcode branch
             1f80  0001                                     ; operands branch
             1f81  0007                                     ; primitive 'EXECUTE'
             1f82  0045 0058 0045 0043 0055 0054 0045       ; 'EXECUTE'
             1f89  000a                                     ; opcode EXECUTE
             1f8a  0000                                     ; operands EXECUTE
             1f8b  0004                                     ; primitive 'EXIT'
             1f8c  0045 0058 0049 0054                      ; 'EXIT'
             1f90  000b                                     ; opcode EXIT
             1f91  0000                                     ; operands EXIT
             1f92  0001                                     ; primitive '!'
             1f93  0021                                     ; '!'
             1f94  000c                                     ; opcode !
             1f95  0000                                     ; operands !
             1f96  0001                                     ; primitive '@'
             1f97  0040                                     ; '@'
             1f98  000d                                     ; opcode @
             1f99  0000                                     ; operands @
             1f9a  0002                                     ; primitive 'C!'
             1f9b  0043 0021                                ; 'C!'
             1f9d  000e                                     ; opcode C!
             1f9e  0000                                     ; operands C!
             1f9f  0002                                     ; primitive 'C@'
             1fa0  0043 0040                                ; 'C@'
             1fa2  000f                                     ; opcode C@
             1fa3  0000                                     ; operands C@
             1fa4  0003                                     ; primitive 'RP!'
             1fa5  0052 0050 0021                           ; 'RP!'
             1fa8  0010                                     ; opcode RP!
             1fa9  0000                                     ; operands RP!
             1faa  0003                                     ; primitive 'RP@'
             1fab  0052 0050 0040                           ; 'RP@'
             1fae  0011                                     ; opcode RP@
             1faf  0000                                     ; operands RP@
             1fb0  0002                                     ; primitive 'R>'
             1fb1  0052 003e                                ; 'R>'
             1fb3  0012                                     ; opcode R>
             1fb4  0000                                     ; operands R>
             1fb5  0002                                     ; primitive 'R@'
             1fb6  0052 0040                                ; 'R@'
             1fb8  0013                                     ; opcode R@
             1fb9  0000                                     ; operands R@
             1fba  0002                                     ; primitive '>R'
             1fbb  003e 0052                                ; '>R'
             1fbd  0014                                     ; opcode >R
             1fbe  0000                                     ; operands >R
             1fbf  0003                                     ; primitive 'SP@'
             1fc0  0053 0050 0040                           ; 'SP@'
             1fc3  0015                                     ; opcode SP@
             1fc4  0000                                     ; operands SP@
             1fc5  0003                                     ; primitive 'SP!'
             1fc6  0053 0050 0021                           ; 'SP!'
             1fc9  0016                                     ; opcode SP!
             1fca  0000                                     ; operands SP!
             1fcb  0004                                     ; primitive 'DROP'
             1fcc  0044 0052 004f 0050                      ; 'DROP'
             1fd0  0017                                     ; opcode DROP
             1fd1  0000                                     ; operands DROP
             1fd2  0003                                     ; primitive 'DUP'
             1fd3  0044 0055 0050                           ; 'DUP'
             1fd6  0018                                     ; opcode DUP
             1fd7  0000                                     ; operands DUP
             1fd8  0004                                     ; primitive 'SWAP'
             1fd9  0053 0057 0041 0050                      ; 'SWAP'
             1fdd  0019                                     ; opcode SWAP
             1fde  0000                                     ; operands SWAP
             1fdf  0004                                     ; primitive 'OVER'
             1fe0  004f 0056 0045 0052                      ; 'OVER'
             1fe4  001a                                     ; opcode OVER
             1fe5  0000                                     ; operands OVER
             1fe6  0002                                     ; primitive '0<'
             1fe7  0030 003c                                ; '0<'
             1fe9  001b                                     ; opcode 0<
             1fea  0000                                     ; operands 0<
             1feb  0003                                     ; primitive 'AND'
             1fec  0041 004e 0044                           ; 'AND'
             1fef  001c                                     ; opcode AND
             1ff0  0000                                     ; operands AND
             1ff1  0002                                     ; primitive 'OR'
             1ff2  004f 0052                                ; 'OR'
             1ff4  001d                                     ; opcode OR
             1ff5  0000                                     ; operands OR
             1ff6  0003                                     ; primitive 'XOR'
             1ff7  0058 004f 0052                           ; 'XOR'
             1ffa  001e                                     ; opcode XOR
             1ffb  0000                                     ; operands XOR
             1ffc  0003                                     ; primitive 'UM+'
             1ffd  0055 004d 002b                           ; 'UM+'
             2000  001f                                     ; opcode UM+
             2001  0000                                     ; operands UM+
             2002  0003                                     ; primitive '<<4'
             2003  003c 003c 0034                           ; '<<4'
             2006  0020                                     ; opcode <<4
             2007  0000                                     ; operands <<4
             2008  0003                                     ; primitive '<<8'
             2009  003c 003c 0038                           ; '<<8'
             200c  0021                                     ; opcode <<8
             200d  0000                                     ; operands <<8
             200e  0003                                     ; primitive '<<9'
             200f  003c 003c 0039                           ; '<<9'
             2012  0022                                     ; opcode <<9
             2013  0000                                     ; operands <<9
             2014  0002                                     ; primitive '0='
             2015  0030 003d                                ; '0='
             2017  0023                                     ; opcode 0=
             2018  0000                                     ; operands 0=
             2019  0002                                     ; primitive '1+'
             201a  0031 002b                                ; '1+'
             201c  0024                                     ; opcode 1+
             201d  0000                                     ; operands 1+
             201e  0002                                     ; primitive '1-'
             201f  0031 002d                                ; '1-'
             2021  0025                                     ; opcode 1-
             2022  0000                                     ; operands 1-
             2023  0002                                     ; primitive '2+'
             2024  0032 002b                                ; '2+'
             2026  0026                                     ; opcode 2+
             2027  0000                                     ; operands 2+
             2028  0002                                     ; primitive '2-'
             2029  0032 002d                                ; '2-'
             202b  0027                                     ; opcode 2-
             202c  0000                                     ; operands 2-
             202d  0005                                     ; primitive 'HOPEN'
             202e  0048 004f 0050 0045 004e                 ; 'HOPEN'
             2033  0028                                     ; opcode HOPEN
             2034  0000                                     ; operands HOPEN
             2035  0007                                     ; primitive 'HCREATE'
             2036  0048 0043 0052 0045 0041 0054 0045       ; 'HCREATE'
             203d  0029                                     ; opcode HCREATE
             203e  0000                                     ; operands HCREATE
             203f  0006                                     ; primitive 'HCLOSE'
             2040  0048 0043 004c 004f 0053 0045            ; 'HCLOSE'
             2046  002a                                     ; opcode HCLOSE
             2047  0000                                     ; operands HCLOSE
             2048  0007                                     ; primitive 'HREADLN'
             2049  0048 0052 0045 0041 0044 004c 004e       ; 'HREADLN'
             2050  002b                                     ; opcode HREADLN
             2051  0000                                     ; operands HREADLN
             2052  0008                                     ; primitive 'HWRITELN'
             2053  0048 0057 0052 0049 0054 0045 004c 004e  ; 'HWRITELN'
             205b  002c                                     ; opcode HWRITELN
             205c  0000                                     ; operands HWRITELN
             205d  0005                                     ; primitive 'HSEEK'
             205e  0048 0053 0045 0045 004b                 ; 'HSEEK'
             2063  002d                                     ; opcode HSEEK
             2064  0000                                     ; operands HSEEK
             2065  0005                                     ; primitive 'HTELL'
             2066  0048 0054 0045 004c 004c                 ; 'HTELL'
             206b  002e                                     ; opcode HTELL
             206c  0000                                     ; operands HTELL
             206d  0005                                     ; primitive 'HSIZE'
             206e  0048 0053 0049 005a 0045                 ; 'HSIZE'
             2073  002f                                     ; opcode HSIZE
             2074  0000                                     ; operands HSIZE
             2075  0006                                     ; primitive 'HFLUSH'
             2076  0048 0046 004c 0055 0053 0048            ; 'HFLUSH'
             207c  0030                                     ; opcode HFLUSH
             207d  0000                                     ; operands HFLUSH
             207e  0007                                     ; primitive 'HDELETE'
             207f  0048 0044 0045 004c 0045 0054 0045       ; 'HDELETE'
             2086  0031                                     ; opcode HDELETE
             2087  0000                                     ; operands HDELETE
             2088  0007                                     ; primitive 'HRENAME'
             2089  0048 0052 0045 004e 0041 004d 0045       ; 'HRENAME'
             2090  0032                                     ; opcode HRENAME
             2091  0000                                     ; operands HRENAME
             2092  0003                                     ; primitive 'UM*'
             2093  0055 004d 002a                           ; 'UM*'
             2096  0033                                     ; opcode UM*
             2097  0000                                     ; operands UM*
             2098  0003                                     ; primitive 'NOT'
             2099  004e 004f 0054                           ; 'NOT'
             209c  0035                                     ; opcode NOT
             209d  0000                                     ; operands NOT
             209e  0003                                     ; primitive 'SUB'
             209f  0053 0055 0042                           ; 'SUB'
             20a2  0036                                     ; opcode SUB
             20a3  0000                                     ; operands SUB
             20a4  0006                                     ; primitive 'NEGATE'
             20a5  004e 0045 0047 0041 0054 0045            ; 'NEGATE'
             20ab  0037                                     ; opcode NEGATE
             20ac  0000                                     ; operands NEGATE
             20ad  0003                                     ; primitive 'INC'
             20ae  0049 004e 0043                           ; 'INC'
             20b1  0038                                     ; opcode INC
             20b2  0000                                     ; operands INC
             20b3  0003                                     ; primitive 'DEC'
             20b4  0044 0045 0043                           ; 'DEC'
             20b7  0039                                     ; opcode DEC
             20b8  0000                                     ; operands DEC
             20b9  0004                                     ; primitive 'ZERO'
             20ba  005a 0045 0052 004f                      ; 'ZERO'
             20be  003a                                     ; opcode ZERO
             20bf  0000                                     ; operands ZERO
             20c0  0002                                     ; primitive 'U+'
             20c1  0055 002b                                ; 'U+'
             20c3  003b                                     ; opcode U+
             20c4  0000                                     ; operands U+
             20c5  0002                                     ; primitive '2*'
             20c6  0032 002a                                ; '2*'
             20c8  003c                                     ; opcode 2*
             20c9  0000                                     ; operands 2*
             20ca  0000                                     ; end primitive table
                                                            ; PRIM? (a -- opcode operands t | a f)
             20cb  0000                                     ; bucket link

             20cc  7e45                                     ; len('PRIM?')
             20cd  0050 0052 0049 004d 003f                 ; 'PRIM?'
PRIM?:                                                      
             20d2                                           
             20d2  0018 02a2 000c                           ; DUP tmp !
             20d5  0018 06b0 000f 03ec 000c                 ; DUP CELL+ C@ FIND_CHAR !
             20da  0017 0004 1f33                           ; DROP doLIT PRIMS
PRIM1:                                                      
             20dd  0018 000f                                ; DUP C@
             20df  0008 210b                                ; ?branch PRIM4
             20e1  0018 06b0 000f 03ec 000d 001e            ; DUP CELL+ C@ FIND_CHAR @ XOR
             20e7  0008 20ef                                ; ?branch PRIM2
             20e9  072d 29cc 06b0 06b0 0009 20dd            ; COUNT + CELL+ CELL+ branch PRIM1
PRIM2:                                                      
             20ef  02a2 000d 0019 0018 000f 0fc1            ; tmp @ SWAP DUP C@ SAME?
             20f5  0008 20ff                                ; ?branch PRIM3
             20f7  0019 0017 072d 29cc 06b0 06b0 0009 20dd  ; SWAP DROP COUNT + CELL+ CELL+ branch PRIM1
PRIM3:                                                      
             20ff  0019 0017 072d 29cc 0018 000d 0019 06b0 000d 0004 ffff 000b; SWAP DROP COUNT + DUP @ SWAP CELL+ @ doLIT -1 EXIT
PRIM4:                                                      
             210b  0017 02a2 000d 0004 0000 000b            ; DROP tmp @ doLIT 0 EXIT
IPRIMS:                                                     
             2111  0003                                     ; interpreted primitive '?rx'
             2112  003f 0072 0078                           ; '?rx'
             2115  0002                                     ; opcode ?rx
             2116  0003                                     ; interpreted primitive 'tx!'
             2117  0074 0078 0021                           ; 'tx!'
             211a  0003                                     ; opcode tx!
             211b  0001                                     ; interpreted primitive '!'
             211c  0021                                     ; '!'
             211d  000c                                     ; opcode !
             211e  0001                                     ; interpreted primitive '@'
             211f  0040                                     ; '@'
             2120  000d                                     ; opcode @
             2121  0002                                     ; interpreted primitive 'C!'
             2122  0043 0021                                ; 'C!'
             2124  000e                                     ; opcode C!
             2125  0002                                     ; interpreted primitive 'C@'
             2126  0043 0040                                ; 'C@'
             2128  000f                                     ; opcode C@
             2129  0003                                     ; interpreted primitive 'RP!'
             212a  0052 0050 0021                           ; 'RP!'
             212d  0010                                     ; opcode RP!
             212e  0003                                     ; interpreted primitive 'RP@'
             212f  0052 0050 0040                           ; 'RP@'
             2132  0011                                     ; opcode RP@
             2133  0002                                     ; interpreted primitive 'R>'
             2134  0052 003e                                ; 'R>'
             2136  0012                                     ; opcode R>
             2137  0002                                     ; interpreted primitive 'R@'
             2138  0052 0040                                ; 'R@'
             213a  0013                                     ; opcode R@
             213b  0002                                     ; interpreted primitive '>R'
             213c  003e 0052                                ; '>R'
             213e  0014                                     ; opcode >R
             213f  0003                                     ; interpreted primitive 'SP@'
             2140  0053 0050 0040                           ; 'SP@'
             2143  0015                                     ; opcode SP@
             2144  0003                                     ; interpreted primitive 'SP!'
             2145  0053 0050 0021                           ; 'SP!'
             2148  0016                                     ; opcode SP!
             2149  0004                                     ; interpreted primitive 'DROP'
             214a  0044 0052 004f 0050                      ; 'DROP'
             214e  0017                                     ; opcode DROP
             214f  0003                                     ; interpreted primitive 'DUP'
             2150  0044 0055 0050                           ; 'DUP'
             2153  0018                                     ; opcode DUP
             2154  0004                                     ; interpreted primitive 'SWAP'
             2155  0053 0057 0041 0050                      ; 'SWAP'
             2159  0019                                     ; opcode SWAP
             215a  0004                                     ; interpreted primitive 'OVER'
             215b  004f 0056 0045 0052                      ; 'OVER'
             215f  001a                                     ; opcode OVER
             2160  0002                                     ; interpreted primitive '0<'
             2161  0030 003c                                ; '0<'
             2163  001b                                     ; opcode 0<
             2164  0003                                     ; interpreted primitive 'AND'
             2165  0041 004e 0044                           ; 'AND'
             2168  001c                                     ; opcode AND
             2169  0002                                     ; interpreted primitive 'OR'
             216a  004f 0052                                ; 'OR'
             216c  001d                                     ; opcode OR
             216d  0003                                     ; interpreted primitive 'XOR'
             216e  0058 004f 0052                           ; 'XOR'
             2171  001e                                     ; opcode XOR
             2172  0003                                     ; interpreted primitive 'UM+'
             2173  0055 004d 002b                           ; 'UM+'
             2176  001f                                     ; opcode UM+
             2177  0002                                     ; interpreted primitive '0='
             2178  0030 003d                                ; '0='
             217a  0023                                     ; opcode 0=
             217b  0002                                     ; interpreted primitive '1+'
             217c  0031 002b                                ; '1+'
             217e  0024                                     ; opcode 1+
             217f  0002                                     ; interpreted primitive '1-'
             2180  0031 002d                                ; '1-'
             2182  0025                                     ; opcode 1-
             2183  0002                                     ; interpreted primitive '2+'
             2184  0032 002b                                ; '2+'
             2186  0026                                     ; opcode 2+
             2187  0002                                     ; interpreted primitive '2-'
             2188  0032 002d                                ; '2-'
             218a  0027                                     ; opcode 2-
             218b  0005                                     ; interpreted primitive 'HOPEN'
             218c  0048 004f 0050 0045 004e                 ; 'HOPEN'
             2191  0028                                     ; opcode HOPEN
             2192  0007                                     ; interpreted primitive 'HCREATE'
             2193  0048 0043 0052 0045 0041 0054 0045       ; 'HCREATE'
             219a  0029                                     ; opcode HCREATE
             219b  0006                                     ; interpreted primitive 'HCLOSE'
             219c  0048 0043 004c 004f 0053 0045            ; 'HCLOSE'
             21a2  002a                                     ; opcode HCLOSE
             21a3  0007                                     ; interpreted primitive 'HREADLN'
             21a4  0048 0052 0045 0041 0044 004c 004e       ; 'HREADLN'
             21ab  002b                                     ; opcode HREADLN
             21ac  0008                                     ; interpreted primitive 'HWRITELN'
             21ad  0048 0057 0052 0049 0054 0045 004c 004e  ; 'HWRITELN'
             21b5  002c                                     ; opcode HWRITELN
             21b6  0005                                     ; interpreted primitive 'HSEEK'
             21b7  0048 0053 0045 0045 004b                 ; 'HSEEK'
             21bc  002d                                     ; opcode HSEEK
             21bd  0005                                     ; interpreted primitive 'HTELL'
             21be  0048 0054 0045 004c 004c                 ; 'HTELL'
             21c3  002e                                     ; opcode HTELL
             21c4  0005                                     ; interpreted primitive 'HSIZE'
             21c5  0048 0053 0049 005a 0045                 ; 'HSIZE'
             21ca  002f                                     ; opcode HSIZE
             21cb  0006                                     ; interpreted primitive 'HFLUSH'
             21cc  0048 0046 004c 0055 0053 0048            ; 'HFLUSH'
             21d2  0030                                     ; opcode HFLUSH
             21d3  0007                                     ; interpreted primitive 'HDELETE'
             21d4  0048 0044 0045 004c 0045 0054 0045       ; 'HDELETE'
             21db  0031                                     ; opcode HDELETE
             21dc  0007                                     ; interpreted primitive 'HRENAME'
             21dd  0048 0052 0045 004e 0041 004d 0045       ; 'HRENAME'
             21e4  0032                                     ; opcode HRENAME
             21e5  0003                                     ; interpreted primitive 'UM*'
             21e6  0055 004d 002a                           ; 'UM*'
             21e9  0033                                     ; opcode UM*
             21ea  0003                                     ; interpreted primitive 'NOT'
             21eb  004e 004f 0054                           ; 'NOT'
             21ee  0035                                     ; opcode NOT
             21ef  0003                                     ; interpreted primitive 'SUB'
             21f0  0053 0055 0042                           ; 'SUB'
             21f3  0036                                     ; opcode SUB
             21f4  0006                                     ; interpreted primitive 'NEGATE'
             21f5  004e 0045 0047 0041 0054 0045            ; 'NEGATE'
             21fb  0037                                     ; opcode NEGATE
             21fc  0003                                     ; interpreted primitive 'INC'
             21fd  0049 004e 0043                           ; 'INC'
             2200  0038                                     ; opcode INC
             2201  0003                                     ; interpreted primitive 'DEC'
             2202  0044 0045 0043                           ; 'DEC'
             2205  0039                                     ; opcode DEC
             2206  0004                                     ; interpreted primitive 'ZERO'
             2207  005a 0045 0052 004f                      ; 'ZERO'
             220b  003a                                     ; opcode ZERO
             220c  0002                                     ; interpreted primitive 'U+'
             220d  0055 002b                                ; 'U+'
             220f  003b                                     ; opcode U+
             2210  0002                                     ; interpreted primitive '2*'
             2211  0032 002a                                ; '2*'
             2213  003c                                     ; opcode 2*
             2214  0000                                     ; end interpreted primitive table
                                                            ; IPRIM? (a -- p T | a F)
             2215  0000                                     ; bucket link

             2216  7e46                                     ; len('IPRIM?')
             2217  0049 0050 0052 0049 004d 003f            ; 'IPRIM?'
IPRIM?:                                                     
             221d                                           
             221d  0018 02a2 000c                           ; DUP tmp !
             2220  0018 06b0 000f 03ec 000c                 ; DUP CELL+ C@ FIND_CHAR !
             2225  0017 0004 2111                           ; DROP doLIT IPRIMS
IPRM1:                                                      
             2228  0018 000f                                ; DUP C@
             222a  0008 2250                                ; ?branch IPRM4
             222c  0018 06b0 000f 03ec 000d 001e            ; DUP CELL+ C@ FIND_CHAR @ XOR
             2232  0008 2239                                ; ?branch IPRM2
             2234  072d 29cc 06b0 0009 2228                 ; COUNT + CELL+ branch IPRM1
IPRM2:                                                      
             2239  0018 000f 0014                           ; DUP C@ >R
             223c  02a2 000d 06b0 001a 06b0 0012 0fe6       ; tmp @ CELL+ OVER CELL+ R> MATCH?
             2243  0008 224b                                ; ?branch IPRM3
             2245  072d 29cc 000d 0004 ffff 000b            ; COUNT + @ doLIT -1 EXIT
IPRM3:                                                      
             224b  072d 29cc 06b0 0009 2228                 ; COUNT + CELL+ branch IPRM1
IPRM4:                                                      
             2250  0017 02a2 000d 0004 0000 000b            ; DROP tmp @ doLIT 0 EXIT
                                                            ; $COMPILE (a --)
             2256  0000                                     ; bucket link

             2257  8a48                                     ; len('$COMPILE')
             2258  0024 0043 004f 004d 0050 0049 004c 0045  ; '$COMPILE'
$COMPILE:                                                   
             2260                                           
             2260  12c2                                     ; ?NUMHEAD
             2261  0008 226b                                ; ?branch SCOM0
             2263  0940                                     ; NUMBER?
             2264  0008 226b                                ; ?branch SCOM0
             2266  0004 0004 297b 297b 000b                 ; doLIT doLIT , , EXIT
SCOM0:                                                      
             226b  11d7 0576                                ; NAME? ?DUP
             226d  0008 2287                                ; ?branch SCOM2
             226f  0018 000d 0018 0004 0080 001c            ; DUP @ DUP doLIT 128 AND
             2275  0008 227b                                ; ?branch SCOM1
             2277  0017 0017 0014 000b                      ; DROP DROP >R EXIT
SCOM1:                                                      
             227b  0004 0020 001c                           ; doLIT 32 AND
             227e  0008 2284                                ; ?branch SCOM1A
             2280  0017 000d 297b 000b                      ; DROP @ , EXIT
SCOM1A:                                                     
             2284  0017 297b 000b                           ; DROP , EXIT
SCOM2:                                                      
             2287  0940                                     ; NUMBER?
             2288  0008 228f                                ; ?branch SCOM3
             228a  0004 0004 297b 297b 000b                 ; doLIT doLIT , , EXIT
SCOM3:                                                      
             228f  12ab                                     ; THROW
                                                            ; INTERPRET, (a --)
             2290  0000                                     ; bucket link

             2291  584a                                     ; len('INTERPRET,')
             2292  0049 004e 0054 0045 0052 0050 0052 0045 0054 002c; 'INTERPRET,'
INTERPRET,:                                                 
             229c                                           
             229c  12c2                                     ; ?NUMHEAD
             229d  0008 22a4                                ; ?branch ITOK0
             229f  0940                                     ; NUMBER?
             22a0  0008 22a4                                ; ?branch ITOK0
             22a2  0787 000b                                ; LINE-LIT EXIT
ITOK0:                                                      
             22a4  11d7 0576                                ; NAME? ?DUP
             22a6  0008 22f1                                ; ?branch ITOK1
             22a8  0018 000d 0004 0040 001c                 ; DUP @ doLIT 64 AND
             22ad  188f                                     ; abort"
             22ae  000d                                     
             22af  0020 0063 006f 006d 0070 0069 006c 0065 0020 006f 006e 006c 0079; ' compile only'
             22bc  001a 0004 165d 001e                      ; OVER doLIT ' XOR
             22c0  0008 22ee                                ; ?branch ITOKX
             22c2  001a 0004 29da 001e                      ; OVER doLIT : XOR
             22c6  0008 22ee                                ; ?branch ITOKX
             22c8  001a 0004 2448 001e                      ; OVER doLIT USER XOR
             22cc  0008 22ee                                ; ?branch ITOKX
             22ce  001a 0004 254d 001e                      ; OVER doLIT CREATE XOR
             22d2  0008 22ee                                ; ?branch ITOKX
             22d4  001a 0004 255e 001e                      ; OVER doLIT VARIABLE XOR
             22d8  0008 22ee                                ; ?branch ITOKX
             22da  001a 0004 2717 001e                      ; OVER doLIT SEE XOR
             22de  0008 22ee                                ; ?branch ITOKX
             22e0  0018 000d 0004 0020 001c                 ; DUP @ doLIT 32 AND
             22e5  0008 22eb                                ; ?branch ITOK0A
             22e7  0017 000d 0775 000b                      ; DROP @ LINE, EXIT
ITOK0A:                                                     
             22eb  0017 0775 000b                           ; DROP LINE, EXIT
ITOKX:                                                      
             22ee  0017 0014 000b                           ; DROP >R EXIT
ITOK1:                                                      
             22f1  12ab                                     ; THROW
                                                            ; REVEAL (--)
             22f2  0000                                     ; bucket link

             22f3  9846                                     ; len('REVEAL')
             22f4  0052 0045 0056 0045 0041 004c            ; 'REVEAL'
REVEAL:                                                     
             22fa                                           
             22fa  03c9 000d 0018 0014 0f9a 06b0 000f 039b 000d 0fb8 0f7d 0576; LAST @ DUP >R HEADER>NA CELL+ C@ CURRENT @ VOCAB>BUCKETS >BUCKET ?DUP
             2306  0008 2310                                ; ?branch RVL0
             2308  0018 000d 0013 000c                      ; DUP @ R@ !
             230c  0012 0019 000c 000b                      ; R> SWAP ! EXIT
RVL0:                                                       
             2310  0012 0017 000b                           ; R> DROP EXIT
                                                            ; IMMEDIATE (--)
             2313  172e                                     ; bucket link

             2314  8a89                                     ; len('IMMEDIATE')
             2315  0049 004d 004d 0045 0044 0049 0041 0054 0045; 'IMMEDIATE'
IMMEDIATE:                                                  
             231e  0004 0080 03c9 000d 06b0 0018 000d 0581 001d 0019 000c 000b; 4 128 LAST 13 CELL+ 24 13 ROT 29 25 12 11
                                                            ; PRIVATE (--)
             232a  1e0e                                     ; bucket link

             232b  8a07                                     ; len('PRIVATE')
             232c  0050 0052 0049 0056 0041 0054 0045       ; 'PRIVATE'
PRIVATE:                                                    
             2333  0004 0100 03c9 000d 06b0 0018 000d 0581 001d 0019 000c 000b; 4 256 LAST 13 CELL+ 24 13 ROT 29 25 12 11
                                                            ; COMPILE-ONLY (--)
             233f  1e8c                                     ; bucket link

             2340  b20c                                     ; len('COMPILE-ONLY')
             2341  0043 004f 004d 0050 0049 004c 0045 002d 004f 004e 004c 0059; 'COMPILE-ONLY'
COMPILE-ONLY:                                               
             234d  0004 0040 03c9 000d 06b0 0018 000d 0581 001d 0019 000c 000b; 4 64 LAST 13 CELL+ 24 13 ROT 29 25 12 11
                                                            ; MARKER (-- ; <string>)
             2359  0fde                                     ; bucket link

             235a  a406                                     ; len('MARKER')
             235b  004d 0041 0052 004b 0045 0052            ; 'MARKER'
MARKER:                                                     
             2361                                           
             2361  0331 000d                                ; STATE @
             2363  0008 2388                                ; ?branch MARK0
             2365  188f                                     ; abort"
             2366  0020                                     
             2367  004d 0041 0052 004b 0045 0052 0020 0063 006f 006d 0070 0069 006c 0065 002d 0073 0074 0061 0074 0065 0020 0075 006e 0073 0075 0070 0070 006f 0072 0074 0065 0064; 'MARKER compile-state unsupported'
             2387  12ab                                     ; THROW
MARK0:                                                      
             2388  03c9 000d 02a2 000c                      ; LAST @ tmp !
             238c  073b 02ae 000c                           ; HERE STRX !
             238f  0f0c 1f04                                ; TOKEN HEADER
             2391  037d 1ed2                                ; FORTHVOC SNAP,
             2393  037d 06b0 1ed2                           ; FORTHVOC CELL+ SNAP,
             2396  037d 06b0 06b0 1ed2                      ; FORTHVOC CELL+ CELL+ SNAP,
             239a  038c 1ed2                                ; CONTEXT SNAP,
             239c  038c 06b0 1ed2                           ; CONTEXT CELL+ SNAP,
             239f  038c 06b0 06b0 1ed2                      ; CONTEXT CELL+ CELL+ SNAP,
             23a3  038c 06b0 06b0 06b0 1ed2                 ; CONTEXT CELL+ CELL+ CELL+ SNAP,
             23a8  038c 06b0 06b0 06b0 06b0 1ed2            ; CONTEXT CELL+ CELL+ CELL+ CELL+ SNAP,
             23ae  038c 06b0 06b0 06b0 06b0 06b0 1ed2       ; CONTEXT CELL+ CELL+ CELL+ CELL+ CELL+ SNAP,
             23b5  038c 06b0 06b0 06b0 06b0 06b0 06b0 1ed2  ; CONTEXT CELL+ CELL+ CELL+ CELL+ CELL+ CELL+ SNAP,
             23bd  038c 06b0 06b0 06b0 06b0 06b0 06b0 06b0 1ed2; CONTEXT CELL+ CELL+ CELL+ CELL+ CELL+ CELL+ CELL+ SNAP,
             23c6  038c 06b0 06b0 06b0 06b0 06b0 06b0 06b0 06b0 1ed2; CONTEXT CELL+ CELL+ CELL+ CELL+ CELL+ CELL+ CELL+ CELL+ SNAP,
             23d0  039b 1ed2                                ; CURRENT SNAP,
             23d2  039b 06b0 1ed2                           ; CURRENT CELL+ SNAP,
             23d5  02a2 000d 03c9 1eee                      ; tmp @ LAST SNAP-INTO,
             23d9  02ae 000d 03a5 1eee                      ; STRX @ CP SNAP-INTO,
             23dd  0004 0004 297b                           ; doLIT 4 ,
             23e0  02ae 000d 297b                           ; STRX @ ,
             23e3  0004 1850 297b                           ; doLIT REWIND-ALL-BUCKETS ,
             23e6  03a5 000d 1850                           ; CP @ REWIND-ALL-BUCKETS
             23e9  0004 000b 297b                           ; doLIT 11 ,
             23ec  22fa 000b                                ; REVEAL EXIT
                                                            ; FORGET (-- ; <string>)
             23ee  16fd                                     ; bucket link

             23ef  a806                                     ; len('FORGET')
             23f0  0046 004f 0052 0047 0045 0054            ; 'FORGET'
FORGET:                                                     
             23f6                                           
             23f6  0331 000d                                ; STATE @
             23f8  0008 241d                                ; ?branch FGT0
             23fa  188f                                     ; abort"
             23fb  0020                                     
             23fc  0046 004f 0052 0047 0045 0054 0020 0063 006f 006d 0070 0069 006c 0065 002d 0073 0074 0061 0074 0065 0020 0075 006e 0073 0075 0070 0070 006f 0072 0074 0065 0064; 'FORGET compile-state unsupported'
             241c  12ab                                     ; THROW
FGT0:                                                       
             241d  0f0c 039b 000d 11a8 0576                 ; TOKEN CURRENT @ find ?DUP
             2422  0008 2441                                ; ?branch FGT1
             2424  0014 058d 0012                           ; >R 2DROP R>
             2427  0018 0004 8000 05ba                      ; DUP doLIT 32768 U<
             242b  0008 2439                                ; ?branch FGT2
             242d  188f                                     ; abort"
             242e  0009                                     
             242f  0070 0072 006f 0074 0065 0063 0074 0065 0064; 'protected'
             2438  12ab                                     ; THROW
FGT2:                                                       
             2439  0fa7 0018 03a5 000c                      ; NA>HEADER DUP CP !
             243d  039b 000d 1834                           ; CURRENT @ REWIND-VOCAB-BUCKETS
             2440  000b                                     ; EXIT
FGT1:                                                       
             2441  12ab                                     ; THROW
                                                            ; USER (n -- ; <string>)
             2442  18c9                                     ; bucket link

             2443  a404                                     ; len('USER')
             2444  0055 0053 0045 0052                      ; 'USER'
USER:                                                       
             2448  0f0c 1f04 16aa 04ae 297b 22fa 000b       ; TOKEN HEADER COMPILE doUSER , REVEAL 11
                                                            ; VOCABULARY (-- ; <string>)
             244f  0000                                     ; bucket link

             2450  b20a                                     ; len('VOCABULARY')
             2451  0056 004f 0043 0041 0042 0055 004c 0041 0052 0059; 'VOCABULARY'
VOCABULARY:                                                 
             245b                                           
             245b  0f0c 1f04                                ; TOKEN HEADER
             245d  073b 0004 0003 29cc 0018 02a2 000c 0017  ; HERE doLIT 3 + DUP tmp ! DROP
             2465  16aa 054c                                ; COMPILE doVOC
             2467  02a2 000d 297b                           ; tmp @ ,
             246a  0004 000b 297b                           ; doLIT 11 ,
             246d  02a2 000d 0004 0003 29cc 297b            ; tmp @ doLIT 3 + ,
             2473  0004 0000 297b                           ; doLIT 0 ,
             2476  0004 0000 297b                           ; doLIT 0 ,
             2479  02a2 000d 0004 0003 29cc 0018 0004 005f 1690 1792; tmp @ doLIT 3 + DUP doLIT 95 ALLOT CLEAR-BUCKET-TABLE
             2483  037d 06b0 000d 02a2 000d 06b0 000c       ; FORTHVOC CELL+ @ tmp @ CELL+ !
             248a  02a2 000d 037d 06b0 000c                 ; tmp @ FORTHVOC CELL+ !
             248f  22fa 000b                                ; REVEAL EXIT
                                                            ; DEFINITIONS (--)
             2491  1456                                     ; bucket link

             2492  a60b                                     ; len('DEFINITIONS')
             2493  0044 0045 0046 0049 004e 0049 0054 0049 004f 004e 0053; 'DEFINITIONS'
DEFINITIONS:                                                
             249e                                           
             249e  038c 000d 0fb8 039b 06b0 000c            ; CONTEXT @ VOCAB>BUCKETS CURRENT CELL+ !
             24a4  039b 06b0 039b 000c 000b                 ; CURRENT CELL+ CURRENT ! EXIT
                                                            ; MODULE (-- ; <string>)
             24a9  2359                                     ; bucket link

             24aa  8a06                                     ; len('MODULE')
             24ab  004d 004f 0044 0055 004c 0045            ; 'MODULE'
MODULE:                                                     
             24b1                                           
             24b1  0331 000d                                ; STATE @
             24b3  0008 24d8                                ; ?branch MOD0
             24b5  188f                                     ; abort"
             24b6  0020                                     
             24b7  004d 004f 0044 0055 004c 0045 0020 0063 006f 006d 0070 0069 006c 0065 002d 0073 0074 0061 0074 0065 0020 0075 006e 0073 0075 0070 0070 006f 0072 0074 0065 0064; 'MODULE compile-state unsupported'
             24d7  12ab                                     ; THROW
MOD0:                                                       
             24d8  04c3 000d 04d8 000d 001d                 ; MODULE_ACTIVE @ MODULE_FAILED @ OR
             24dd  0008 24ef                                ; ?branch MOD1
             24df  188f                                     ; abort"
             24e0  000d                                     
             24e1  006d 006f 0064 0075 006c 0065 0020 0061 0063 0074 0069 0076 0065; 'module active'
             24ee  12ab                                     ; THROW
MOD1:                                                       
             24ef  14a1                                     ; MODULE-SAVE
             24f0  0004 ffff 04c3 000c                      ; doLIT -1 MODULE_ACTIVE !
             24f4  0004 0000 04d8 000c                      ; doLIT 0 MODULE_FAILED !
             24f8  000b                                     ; EXIT
                                                            ; END-MODULE (--)
             24f9  1b3d                                     ; bucket link

             24fa  8a0a                                     ; len('END-MODULE')
             24fb  0045 004e 0044 002d 004d 004f 0044 0055 004c 0045; 'END-MODULE'
END-MODULE:                                                 
             2505                                           
             2505  0331 000d                                ; STATE @
             2507  0008 2530                                ; ?branch EMOD0
             2509  188f                                     ; abort"
             250a  0024                                     
             250b  0045 004e 0044 002d 004d 004f 0044 0055 004c 0045 0020 0063 006f 006d 0070 0069 006c 0065 002d 0073 0074 0061 0074 0065 0020 0075 006e 0073 0075 0070 0070 006f 0072 0074 0065 0064; 'END-MODULE compile-state unsupported'
             252f  12ab                                     ; THROW
EMOD0:                                                      
             2530  04c3 000d 04d8 000d 001d                 ; MODULE_ACTIVE @ MODULE_FAILED @ OR
             2535  0008 2539                                ; ?branch EMOD2
             2537  15cd 000b                                ; MODULE-CLEAR EXIT
EMOD2:                                                      
             2539  188f                                     ; abort"
             253a  0009                                     
             253b  006e 006f 0020 006d 006f 0064 0075 006c 0065; 'no module'
             2544  12ab                                     ; THROW
                                                            ; CREATE (-- ; <string>)
             2545  233f                                     ; bucket link

             2546  8a06                                     ; len('CREATE')
             2547  0043 0052 0045 0041 0054 0045            ; 'CREATE'
CREATE:                                                     
             254d  0f0c 1f04 0004 0006 297b 22fa 000b       ; TOKEN HEADER 4 6 , REVEAL 11
                                                            ; VARIABLE (-- ; <string>)
             2554  244f                                     ; bucket link

             2555  8a08                                     ; len('VARIABLE')
             2556  0056 0041 0052 0049 0041 0042 004c 0045  ; 'VARIABLE'
VARIABLE:                                                   
             255e  254d 0004 0000 297b 000b                 ; CREATE 4 0 , 11
                                                            ; MODULE-SKIP-LINE (--)
             2563  0000                                     ; bucket link

             2564  8a50                                     ; len('MODULE-SKIP-LINE')
             2565  004d 004f 0044 0055 004c 0045 002d 0053 004b 0049 0050 002d 004c 0049 004e 0045; 'MODULE-SKIP-LINE'
MODULE-SKIP-LINE:                                           
             2575                                           
             2575  0f0c 11d7 0008 257f                      ; TOKEN NAME? ?branch MSKL0
             2579  0004 2505 001e 0008 2581                 ; doLIT END-MODULE XOR ?branch MSKL1
             257e  000b                                     ; EXIT
MSKL0:                                                      
             257f  0017 000b                                ; DROP EXIT
MSKL1:                                                      
             2581  15cd 1323 000b                           ; MODULE-CLEAR .OK EXIT
                                                            ; _TYPE (b u --)
             2584  167d                                     ; bucket link

             2585  8a05                                     ; len('_TYPE')
             2586  005f 0054 0059 0050 0045                 ; '_TYPE'
_TYPE:                                                      
             258b                                           
             258b  0009 2599                                ; branch UTYP2
UTYP1:                                                      
             258d  0019 0018 000f 06d5 0b51                 ; SWAP DUP C@ >CHAR EMIT
             2592  0004 0001 29cc 0019 0004 ffff 29cc       ; doLIT 1 + SWAP doLIT -1 +
UTYP2:                                                      
             2599  0018 0008 259e                           ; DUP ?branch UTYP3
             259c  0009 258d                                ; branch UTYP1
UTYP3:                                                      
             259e  058d 000b                                ; 2DROP EXIT
                                                            ; dm+ (b u -- b)
             25a0  0cdb                                     ; bucket link

             25a1  5603                                     ; len('dm+')
             25a2  0064 006d 002b                           ; 'dm+'
dm+:                                                        
             25a5                                           
             25a5  001a 0004 0004 08ef                      ; OVER doLIT 4 U.R
             25a9  0b74 0037 0014                           ; SPACE NEGATE >R
             25ac  0009 25b6                                ; branch PDUM2
PDUM1:                                                      
             25ae  0018 000f 0004 0003 08ef                 ; DUP C@ doLIT 3 U.R
             25b3  0004 0001 29cc                           ; doLIT 1 +
PDUM2:                                                      
             25b6  0007 25ae 0012 0017                      ; doNEXT PDUM1 R> DROP
             25ba  000b                                     ; EXIT
                                                            ; DUMP (b u --)
             25bb  2491                                     ; bucket link

             25bc  a004                                     ; len('DUMP')
             25bd  0044 0055 004d 0050                      ; 'DUMP'
DUMP:                                                       
             25c1                                           
             25c1  0287 000d 0014 08b3                      ; BASE @ >R HEX
             25c5  0004 0010 2999                           ; doLIT 16 /
             25c8  0037 0014                                ; NEGATE >R
DUMP1:                                                      
             25ca  0bba 0004 0010 2993 25a5                 ; CR doLIT 16 2DUP dm+
             25cf  0581 0581                                ; ROT ROT
             25d1  0004 0002 0b99 258b                      ; doLIT 2 SPACES _TYPE
             25d5  0b59 0035                                ; NUF? NOT
             25d7  0008 25df                                ; ?branch DUMP2
             25d9  0007 25ca 0012 0017                      ; doNEXT DUMP1 R> DROP
             25dd  0009 25e1                                ; branch DUMP3
DUMP2:                                                      
             25df  0012 0017                                ; R> DROP
DUMP3:                                                      
             25e1  0017 0012 0287 000c 000b                 ; DROP R> BASE ! EXIT
                                                            ; .S (--)
             25e6  189e                                     ; bucket link

             25e7  a602                                     ; len('.S')
             25e8  002e 0053                                ; '.S'
.S:                                                         
             25ea                                           
             25ea  0bba 06ea                                ; CR DEPTH
             25ec  0576                                     ; ?DUP
             25ed  0008 2608                                ; ?branch DOTS3Z
             25ef  0004 0001 29cc 0037 0014                 ; doLIT 1 + NEGATE >R
             25f4  0009 25fd                                ; branch DOTS2
DOTS1:                                                      
             25f6  0013 0037 0004 0001 29a0 06f8 0906       ; R@ NEGATE doLIT 1 - PICK .
DOTS2:                                                      
             25fd  0007 25f6 0012 0017                      ; doNEXT DOTS1 R> DROP
DOTS3:                                                      
             2601  0cfe                                     ; ."|
             2602  0004                                     
             2603  0020 003c 0073 0070                      ; ' <sp'
             2607  000b                                     ; EXIT
DOTS3Z:                                                     
             2608  0009 2601                                ; branch DOTS3
                                                            ; .BASE (--)
             260a  25e6                                     ; bucket link

             260b  8a05                                     ; len('.BASE')
             260c  002e 0042 0041 0053 0045                 ; '.BASE'
.BASE:                                                      
             2611  0287 000d 08c1 0018 0906 0287 000c 000b  ; BASE 13 DECIMAL 24 . BASE 12 11
                                                            ; .FREE (--)
             2619  260a                                     ; bucket link

             261a  8a05                                     ; len('.FREE')
             261b  002e 0046 0052 0045 0045                 ; '.FREE'
.FREE:                                                      
             2620  0205 000d 03a5 000d 29a0 08fd 000b       ; SP0 13 CP 13 - U. 11
                                                            ; !CSP (--)
             2627  0000                                     ; bucket link

             2628  a004                                     ; len('!CSP')
             2629  0021 0043 0053 0050                      ; '!CSP'
!CSP:                                                       
             262d  0015 0324 000c 000b                      ; 21 CSP 12 11
                                                            ; ?CSP (--)
             2631  18d3                                     ; bucket link

             2632  a004                                     ; len('?CSP')
             2633  003f 0043 0053 0050                      ; '?CSP'
?CSP:                                                       
             2637                                           
             2637  0015 0324 000d 001e                      ; SP@ CSP @ XOR
             263b  188f                                     ; abort"
             263c  0011                                     
             263d  0073 0074 0061 0063 006b 0020 0064 0065 0070 0074 0068 0020 0065 0072 0072 006f 0072; 'stack depth error'
             264e  000b                                     ; EXIT
                                                            ; XT>NAME-IN-VOC (xt va -- na | 0)
             264f  0000                                     ; bucket link

             2650  864e                                     ; len('XT>NAME-IN-VOC')
             2651  0058 0054 003e 004e 0041 004d 0045 002d 0049 004e 002d 0056 004f 0043; 'XT>NAME-IN-VOC'
XT>NAME-IN-VOC:                                             
             265f                                           
             265f  0019 02a2 000c                           ; SWAP tmp !
             2662  0fb8 0576                                ; VOCAB>BUCKETS ?DUP
             2664  0008 268f                                ; ?branch XTNV4
             2666  0004 005f 0037 0014                      ; doLIT 95 NEGATE >R
XTNVL:                                                      
             266a  0018 000d 049a 000c                      ; DUP @ BUCKET_HEAD !
XTNV0:                                                      
             266e  049a 000d 0018                           ; BUCKET_HEAD @ DUP
             2671  0008 2688                                ; ?branch XTNV2
             2673  0018 0f6b 02a2 000d 001e                 ; DUP NAME> tmp @ XOR
             2678  0008 267f                                ; ?branch XTNV1
             267a  000d 049a 000c 0009 266e                 ; @ BUCKET_HEAD ! branch XTNV0
XTNV1:                                                      
             267f  0017 049a 000d 0f9a 0019 0017 0012 0017 000b; DROP BUCKET_HEAD @ HEADER>NA SWAP DROP R> DROP EXIT
XTNV2:                                                      
             2688  0017 06b0                                ; DROP CELL+
             268a  0007 266a 0012 0017                      ; doNEXT XTNVL R> DROP
             268e  0017                                     ; DROP
XTNV4:                                                      
             268f  0004 0000 000b                           ; doLIT 0 EXIT
                                                            ; >NAME (xt -- na | F)
             2692  0000                                     ; bucket link

             2693  8a05                                     ; len('>NAME')
             2694  003e 004e 0041 004d 0045                 ; '>NAME'
>NAME:                                                      
             2699                                           
             2699  037d                                     ; FORTHVOC
TNAM1:                                                      
             269a  0018                                     ; DUP
             269b  0008 26ae                                ; ?branch TNAM4
             269d  001a 001a 265f 0576                      ; OVER OVER XT>NAME-IN-VOC ?DUP
             26a1  0008 26a8                                ; ?branch TNAM2
             26a3  0019 0017 0019 0017 000b                 ; SWAP DROP SWAP DROP EXIT
TNAM2:                                                      
             26a8  0019 0017 06b0 000d 0009 269a            ; SWAP DROP CELL+ @ branch TNAM1
TNAM4:                                                      
             26ae  0017 0004 0000 000b                      ; DROP doLIT 0 EXIT
                                                            ; P>NAME (p -- na | F)
             26b2  0000                                     ; bucket link

             26b3  8a06                                     ; len('P>NAME')
             26b4  0050 003e 004e 0041 004d 0045            ; 'P>NAME'
P>NAME:                                                     
             26ba                                           
             26ba  0004 1f33                                ; doLIT PRIMS
P2NM0:                                                      
             26bc  0018 000f                                ; DUP C@
             26be  0008 26d0                                ; ?branch P2NM2
             26c0  2993 072d 29cc 000d 001e                 ; 2DUP COUNT + @ XOR
             26c5  0008 26cd                                ; ?branch P2NM1
             26c7  072d 29cc 06b0 06b0 0009 26bc            ; COUNT + CELL+ CELL+ branch P2NM0
P2NM1:                                                      
             26cd  0019 0017 000b                           ; SWAP DROP EXIT
P2NM2:                                                      
             26d0  0019 0017 000b                           ; SWAP DROP EXIT
                                                            ; P>OPS (p -- u)
             26d3  0000                                     ; bucket link

             26d4  a605                                     ; len('P>OPS')
             26d5  0050 003e 004f 0050 0053                 ; 'P>OPS'
P>OPS:                                                      
             26da                                           
             26da  0004 1f33                                ; doLIT PRIMS
P2OP0:                                                      
             26dc  0018 000f                                ; DUP C@
             26de  0008 26f4                                ; ?branch P2OP2
             26e0  2993 072d 29cc 000d 001e                 ; 2DUP COUNT + @ XOR
             26e5  0008 26ed                                ; ?branch P2OP1
             26e7  072d 29cc 06b0 06b0 0009 26dc            ; COUNT + CELL+ CELL+ branch P2OP0
P2OP1:                                                      
             26ed  0019 0017 072d 29cc 06b0 000d 000b       ; SWAP DROP COUNT + CELL+ @ EXIT
P2OP2:                                                      
             26f4  0019 0017 0004 0000 000b                 ; SWAP DROP doLIT 0 EXIT
                                                            ; .ID (a --)
             26f9  2619                                     ; bucket link

             26fa  8803                                     ; len('.ID')
             26fb  002e 0049 0044                           ; '.ID'
.ID:                                                        
             26fe                                           
             26fe  0576                                     ; ?DUP
             26ff  0008 2707                                ; ?branch DOTI1
             2701  072d 0004 001f 001c                      ; COUNT doLIT 31 AND
             2705  258b 000b                                ; _TYPE EXIT
DOTI1:                                                      
             2707  0cfe                                     ; ."|
             2708  0008                                     
             2709  007b 006e 006f 004e 0061 006d 0065 007d  ; '{noName}'
             2711  000b                                     ; EXIT
                                                            ; SEE (-- ; <string>)
             2712  1c6f                                     ; bucket link

             2713  8a03                                     ; len('SEE')
             2714  0053 0045 0045                           ; 'SEE'
SEE:                                                        
             2717                                           
             2717  0f0c 11d7 0018 0008 275f                 ; TOKEN NAME? DUP ?branch SEE0
             271c  0017 0bba                                ; DROP CR
SEE1:                                                       
             271e  0018 000d 0018 02a2 000c 0018            ; DUP @ DUP tmp ! DUP
             2724  0004 0200 05ba                           ; doLIT 512 U<
             2727  0008 272c                                ; ?branch SEE2
             2729  26ba                                     ; P>NAME
             272a  0009 272d                                ; branch SEE2A
SEE2:                                                       
             272c  2699                                     ; >NAME
SEE2A:                                                      
             272d  0576                                     ; ?DUP
             272e  0008 2734                                ; ?branch SEE3
             2730  0b74 26fe                                ; SPACE .ID
             2732  0009 2735                                ; branch SEE4
SEE3:                                                       
             2734  08fd                                     ; U.
SEE4:                                                       
             2735  02a2 000d 0004 0200 05ba                 ; tmp @ doLIT 512 U<
             273a  0008 2759                                ; ?branch SEE4XT
             273c  02a2 000d 0004 000b 001e                 ; tmp @ doLIT EXIT XOR
             2741  0008 275d                                ; ?branch SEE5
             2743  02a2 000d 26da 0576                      ; tmp @ P>OPS ?DUP
             2747  0008 2759                                ; ?branch SEE4XT
             2749  0017                                     ; DROP
SEE4A:                                                      
             274a  0b59                                     ; NUF?
             274b  0008 274f                                ; ?branch SEE4B
             274d  0009 275d                                ; branch SEE5
SEE4B:                                                      
             274f  06b0 0018 000d 08fd 06b0                 ; CELL+ DUP @ U. CELL+
             2754  0b59                                     ; NUF?
             2755  0008 271e                                ; ?branch SEE1
             2757  0009 275d                                ; branch SEE5
SEE4XT:                                                     
             2759  06b0                                     ; CELL+
             275a  0b59                                     ; NUF?
             275b  0008 271e                                ; ?branch SEE1
SEE5:                                                       
             275d  0017 000b                                ; DROP EXIT
SEE0:                                                       
             275f  12ab                                     ; THROW
                                                            ; WORDS (--)
             2760  1774                                     ; bucket link

             2761  a605                                     ; len('WORDS')
             2762  0057 004f 0052 0044 0053                 ; 'WORDS'
WORDS:                                                      
             2767                                           
             2767  0bba 038c 000d 0fb8 0576                 ; CR CONTEXT @ VOCAB>BUCKETS ?DUP
             276c  0008 27b0                                ; ?branch WORS4
             276e  0004 005f 0037 0014                      ; doLIT 95 NEGATE >R
WORSL:                                                      
             2772  0018 000d 049a 000c                      ; DUP @ BUCKET_HEAD !
WORS1:                                                      
             2776  049a 000d 0018                           ; BUCKET_HEAD @ DUP
             2779  0008 27a9                                ; ?branch WORS3
             277b  0f9a 0018 000d 0004 0040 001c            ; HEADER>NA DUP @ doLIT 64 AND
             2781  0008 278b                                ; ?branch WORS1B
             2783  0017 049a 000d 000d 049a 000c 0009 2776  ; DROP BUCKET_HEAD @ @ BUCKET_HEAD ! branch WORS1
WORS1B:                                                     
             278b  0018 000d 0004 0100 001c                 ; DUP @ doLIT 256 AND
             2790  0008 279a                                ; ?branch WORS1A
             2792  0017 049a 000d 000d 049a 000c 0009 2776  ; DROP BUCKET_HEAD @ @ BUCKET_HEAD ! branch WORS1
WORS1A:                                                     
             279a  0018 0b74 26fe 0017 049a 000d 000d 049a 000c 0b59; DUP SPACE .ID DROP BUCKET_HEAD @ @ BUCKET_HEAD ! NUF?
             27a4  0008 2776                                ; ?branch WORS1
             27a6  0017 0017 000b                           ; DROP DROP EXIT
WORS3:                                                      
             27a9  0017 06b0                                ; DROP CELL+
             27ab  0007 2772 0012 0017                      ; doNEXT WORSL R> DROP
             27af  0017                                     ; DROP
WORS4:                                                      
             27b0  000b                                     ; EXIT
                                                            ; VER (-- u)
             27b1  2554                                     ; bucket link

             27b2  a403                                     ; len('VER')
             27b3  0056 0045 0052                           ; 'VER'
VER:                                                        
             27b6  0004 0400 000b                           ; 4 1024 11
                                                            ; hi (--)
             27b9  0000                                     ; bucket link

             27ba  d202                                     ; len('hi')
             27bb  0068 0069                                ; 'hi'
hi:                                                         
             27bd                                           
                                                            ; ghost of !io removed; initialization retained as a no-op
             27bd  0bba                                     ; CR
             27be  0cfe                                     ; ."|
             27bf  0014                                     
             27c0  0050 0044 0052 002d 0031 0036 002f 0058 0054 0020 0046 006f 0072 0074 0068 0020 0076 0034 002e 0030; 'PDR-16/XT Forth v4.0'
             27d4  0bba                                     ; CR
             27d5  0cfe                                     ; ."|
             27d6  001f                                     
             27d7  0064 0065 0072 0069 0076 0065 0064 0020 0066 0072 006f 006d 0020 0065 0046 006f 0072 0074 0068 0020 0062 0079 0020 0043 002e 0048 002e 0054 0069 006e 0067; 'derived from eForth by C.H.Ting'
             27f6  0bba 000b                                ; CR EXIT
                                                            ; EMPTY (--)
             27f8  24f9                                     ; bucket link

             27f9  b205                                     ; len('EMPTY')
             27fa  0045 004d 0050 0054 0059                 ; 'EMPTY'
EMPTY:                                                      
             27ff                                           
             27ff  0004 8000 03a5 000c                      ; doLIT 32768 CP !
             2803  0004 50d4 03c9 000c                      ; doLIT LASTN LAST !
             2807  0004 0000 037d 06b0 000c                 ; doLIT 0 FORTHVOC CELL+ !
             280c  0004 8000 1850                           ; doLIT 32768 REWIND-ALL-BUCKETS
             280f  056a 249e                                ; FORTH DEFINITIONS
             2811  000b                                     ; EXIT
                                                            ; CMOVE> (b b u --)
             2812  2545                                     ; bucket link

             2813  7c06                                     ; len('CMOVE>')
             2814  0043 004d 004f 0056 0045 003e            ; 'CMOVE>'
CMOVE>:                                                     
             281a                                           
             281a  0018 0008 2833                           ; DUP ?branch CMVB3
             281d  0014 001a 0013 29cc 0004 0001 29a0 001a 0013 29cc 0004 0001 29a0 000f 0019 000e; >R OVER R@ + doLIT 1 - OVER R@ + doLIT 1 - C@ SWAP C!
             282d  0012 0004 ffff 29cc                      ; R> doLIT -1 +
             2831  0009 281a                                ; branch CMOVE>
CMVB3:                                                      
             2833  0017 058d 000b                           ; DROP 2DROP EXIT
                                                            ; MOVE (b b u --)
             2836  24a9                                     ; bucket link

             2837  8a04                                     ; len('MOVE')
             2838  004d 004f 0056 0045                      ; 'MOVE'
MOVE:                                                       
             283c                                           
             283c  2993 0017 0019 05ba                      ; 2DUP DROP SWAP U<
             2840  0008 2844                                ; ?branch MOVE1
             2842  07c3 000b                                ; CMOVE EXIT
MOVE1:                                                      
             2844  281a 000b                                ; CMOVE> EXIT
                                                            ; COLD (--)
             2846  2812                                     ; bucket link

             2847  8804                                     ; len('COLD')
             2848  0043 004f 004c 0044                      ; 'COLD'
COLD:                                                       
             284c                                           
COLD1:                                                      
             284c  0004 f97f 0016                           ; doLIT 63871 SP!
             284f  0004 fe7f 0010                           ; doLIT 65151 RP!
             2852  0004 0002 0004 fe80                      ; doLIT 2 doLIT 65152
             2856  0004 0234 07c3                           ; doLIT 564 CMOVE
             2859  0004 fee2 037d 000c                      ; doLIT 65250 FORTHVOC !
             285d  0004 0000 037d 06b0 000c                 ; doLIT 0 FORTHVOC CELL+ !
             2862  1369                                     ; PRESET
             2863  27bd                                     ; hi
             2864  0004 50d4 03c9 000c                      ; doLIT LASTN LAST !
             2868  056a 249e                                ; FORTH DEFINITIONS
             286a  1323                                     ; .OK
             286b  0004 f97f 0016                           ; doLIT 63871 SP!
             286e  1614                                     ; QUIT
             286f  0009 284c                                ; branch COLD1
                                                            ; ?rx ?rx ( -- c T | F) shadow primitive for interpreted execution
             2871  2631                                     ; bucket link

             2872  f023                                     ; len('?rx')
             2873  003f 0072 0078                           ; '?rx'
?rx:                                                        
             2876  0002                                     
             2877  000b                                     
                                                            ; tx! tx! ( c -- ) shadow primitive for interpreted execution
             2878  029d                                     ; bucket link

             2879  4223                                     ; len('tx!')
             287a  0074 0078 0021                           ; 'tx!'
tx!:                                                        
             287d  0003                                     
             287e  000b                                     
                                                            ; EXIT EXIT shadow primitive for interpreted execution
             287f  27f8                                     ; bucket link

             2880  a824                                     ; len('EXIT')
             2881  0045 0058 0049 0054                      ; 'EXIT'
EXIT:                                                       
             2885  000b                                     
             2886  000b                                     
                                                            ; ! ! ( w a -- ) shadow primitive for interpreted execution
             2887  2627                                     ; bucket link

             2888  4221                                     ; len('!')
             2889  0021                                     ; '!'
!:                                                          
             288a  000c                                     
             288b  000b                                     
                                                            ; @ @ ( a -- w ) shadow primitive for interpreted execution
             288c  0000                                     ; bucket link

             288d  8021                                     ; len('@')
             288e  0040                                     ; '@'
@:                                                          
             288f  000d                                     
             2890  000b                                     
                                                            ; C! C! ( c b -- ) shadow primitive for interpreted execution
             2891  2846                                     ; bucket link

             2892  4222                                     ; len('C!')
             2893  0043 0021                                ; 'C!'
C!:                                                         
             2895  000e                                     
             2896  000b                                     
                                                            ; C@ C@ ( b -- c ) shadow primitive for interpreted execution
             2897  2891                                     ; bucket link

             2898  8022                                     ; len('C@')
             2899  0043 0040                                ; 'C@'
C@:                                                         
             289b  000f                                     
             289c  000b                                     
                                                            ; RP! RP! ( a -- ) shadow primitive for interpreted execution
             289d  1ba9                                     ; bucket link

             289e  4223                                     ; len('RP!')
             289f  0052 0050 0021                           ; 'RP!'
RP!:                                                        
             28a2  0010                                     
             28a3  000b                                     
                                                            ; RP@ RP@ ( -- a ) shadow primitive for interpreted execution
             28a4  289d                                     ; bucket link

             28a5  8023                                     ; len('RP@')
             28a6  0052 0050 0040                           ; 'RP@'
RP@:                                                        
             28a9  0011                                     
             28aa  000b                                     
                                                            ; R> R> ( -- w ) shadow primitive for interpreted execution
             28ab  28a4                                     ; bucket link

             28ac  7c22                                     ; len('R>')
             28ad  0052 003e                                ; 'R>'
R>:                                                         
             28af  0012                                     
             28b0  000b                                     
                                                            ; R@ R@ ( -- w ) shadow primitive for interpreted execution
             28b1  28ab                                     ; bucket link

             28b2  8022                                     ; len('R@')
             28b3  0052 0040                                ; 'R@'
R@:                                                         
             28b5  0013                                     
             28b6  000b                                     
                                                            ; >R >R ( w -- ) shadow primitive for interpreted execution
             28b7  08c6                                     ; bucket link

             28b8  a422                                     ; len('>R')
             28b9  003e 0052                                ; '>R'
>R:                                                         
             28bb  0014                                     
             28bc  000b                                     
                                                            ; SP@ SP@ ( -- a ) shadow primitive for interpreted execution
             28bd  2712                                     ; bucket link

             28be  8023                                     ; len('SP@')
             28bf  0053 0050 0040                           ; 'SP@'
SP@:                                                        
             28c2  0015                                     
             28c3  000b                                     
                                                            ; SP! SP! ( a -- ) shadow primitive for interpreted execution
             28c4  28bd                                     ; bucket link

             28c5  4223                                     ; len('SP!')
             28c6  0053 0050 0021                           ; 'SP!'
SP!:                                                        
             28c9  0016                                     
             28ca  000b                                     
                                                            ; DROP DROP ( w -- ) shadow primitive for interpreted execution
             28cb  25bb                                     ; bucket link

             28cc  a024                                     ; len('DROP')
             28cd  0044 0052 004f 0050                      ; 'DROP'
DROP:                                                       
             28d1  0017                                     
             28d2  000b                                     
                                                            ; DUP DUP ( w -- w w) shadow primitive for interpreted execution
             28d3  28cb                                     ; bucket link

             28d4  a023                                     ; len('DUP')
             28d5  0044 0055 0050                           ; 'DUP'
DUP:                                                        
             28d8  0018                                     
             28d9  000b                                     
                                                            ; SWAP SWAP ( w1 w2 -- w2 w1 ) shadow primitive for interpreted execution
             28da  28c4                                     ; bucket link

             28db  a024                                     ; len('SWAP')
             28dc  0053 0057 0041 0050                      ; 'SWAP'
SWAP:                                                       
             28e0  0019                                     
             28e1  000b                                     
                                                            ; OVER OVER ( w1 w2 -- w1 w2 w1 ) shadow primitive for interpreted execution
             28e2  13d2                                     ; bucket link

             28e3  a424                                     ; len('OVER')
             28e4  004f 0056 0045 0052                      ; 'OVER'
OVER:                                                       
             28e8  001a                                     
             28e9  000b                                     
                                                            ; 0< 0< ( n -- f ) shadow primitive for interpreted execution
             28ea  0000                                     ; bucket link

             28eb  7822                                     ; len('0<')
             28ec  0030 003c                                ; '0<'
0<:                                                         
             28ee  001b                                     
             28ef  000b                                     
                                                            ; AND AND ( w w -- w ) shadow primitive for interpreted execution
             28f0  1dc8                                     ; bucket link

             28f1  8823                                     ; len('AND')
             28f2  0041 004e 0044                           ; 'AND'
AND:                                                        
             28f5  001c                                     
             28f6  000b                                     
                                                            ; OR OR ( w w -- w ) shadow primitive for interpreted execution
             28f7  28e2                                     ; bucket link

             28f8  a422                                     ; len('OR')
             28f9  004f 0052                                ; 'OR'
OR:                                                         
             28fb  001d                                     
             28fc  000b                                     
                                                            ; XOR XOR ( w w -- w ) shadow primitive for interpreted execution
             28fd  0000                                     ; bucket link

             28fe  a423                                     ; len('XOR')
             28ff  0058 004f 0052                           ; 'XOR'
XOR:                                                        
             2902  001e                                     
             2903  000b                                     
                                                            ; UM+ UM+ ( w w -- w cy ) shadow primitive for interpreted execution
             2904  2442                                     ; bucket link

             2905  5623                                     ; len('UM+')
             2906  0055 004d 002b                           ; 'UM+'
UM+:                                                        
             2909  001f                                     
             290a  000b                                     
                                                            ; <<4 <<4 ( w -- w << 4) shadow primitive for interpreted execution
             290b  085d                                     ; bucket link

             290c  6823                                     ; len('<<4')
             290d  003c 003c 0034                           ; '<<4'
<<4:                                                        
             2910  0020                                     
             2911  000b                                     
                                                            ; <<8 <<8 ( w -- w << 8) shadow primitive for interpreted execution
             2912  290b                                     ; bucket link

             2913  7023                                     ; len('<<8')
             2914  003c 003c 0038                           ; '<<8'
<<8:                                                        
             2917  0021                                     
             2918  000b                                     
                                                            ; <<9 <<9 ( w -- w << 9) shadow primitive for interpreted execution
             2919  2912                                     ; bucket link

             291a  7223                                     ; len('<<9')
             291b  003c 003c 0039                           ; '<<9'
<<9:                                                        
             291e  0022                                     
             291f  000b                                     
                                                            ; 0= 0= ( w -- f ) shadow primitive for interpreted execution
             2920  28ea                                     ; bucket link

             2921  7a22                                     ; len('0=')
             2922  0030 003d                                ; '0='
0=:                                                         
             2924  0023                                     
             2925  000b                                     
                                                            ; 1+ 1+ ( w -- w + 1) shadow primitive for interpreted execution
             2926  0000                                     ; bucket link

             2927  5622                                     ; len('1+')
             2928  0031 002b                                ; '1+'
1+:                                                         
             292a  0024                                     
             292b  000b                                     
                                                            ; 1- 1- ( w -- w - 1) shadow primitive for interpreted execution
             292c  2926                                     ; bucket link

             292d  5a22                                     ; len('1-')
             292e  0031 002d                                ; '1-'
1-:                                                         
             2930  0025                                     
             2931  000b                                     
                                                            ; 2+ 2+ ( w -- w + 2) shadow primitive for interpreted execution
             2932  0719                                     ; bucket link

             2933  5622                                     ; len('2+')
             2934  0032 002b                                ; '2+'
2+:                                                         
             2936  0026                                     
             2937  000b                                     
                                                            ; 2- 2- ( w -- w - 2) shadow primitive for interpreted execution
             2938  2932                                     ; bucket link

             2939  5a22                                     ; len('2-')
             293a  0032 002d                                ; '2-'
2-:                                                         
             293c  0027                                     
             293d  000b                                     
                                                            ; NOT NOT ( w -- ~w ) shadow primitive for interpreted execution
             293e  1708                                     ; bucket link

             293f  a823                                     ; len('NOT')
             2940  004e 004f 0054                           ; 'NOT'
NOT:                                                        
             2943  0035                                     
             2944  000b                                     
                                                            ; SUB SUB ( w1 w2 -- w1-w2 ) shadow primitive for interpreted execution
             2945  28da                                     ; bucket link

             2946  8423                                     ; len('SUB')
             2947  0053 0055 0042                           ; 'SUB'
SUB:                                                        
             294a  0036                                     
             294b  000b                                     
                                                            ; NEGATE NEGATE ( n -- -n ) shadow primitive for interpreted execution
             294c  293e                                     ; bucket link

             294d  8a26                                     ; len('NEGATE')
             294e  004e 0045 0047 0041 0054 0045            ; 'NEGATE'
NEGATE:                                                     
             2954  0037                                     
             2955  000b                                     
                                                            ; INC INC ( w -- w+1 ) shadow primitive for interpreted execution
             2956  2313                                     ; bucket link

             2957  8623                                     ; len('INC')
             2958  0049 004e 0043                           ; 'INC'
INC:                                                        
             295b  0038                                     
             295c  000b                                     
                                                            ; DEC DEC ( w -- w-1 ) shadow primitive for interpreted execution
             295d  28d3                                     ; bucket link

             295e  8623                                     ; len('DEC')
             295f  0044 0045 0043                           ; 'DEC'
DEC:                                                        
             2962  0039                                     
             2963  000b                                     
                                                            ; ZERO ZERO ( w -- 0 ) shadow primitive for interpreted execution
             2964  0000                                     ; bucket link

             2965  9e24                                     ; len('ZERO')
             2966  005a 0045 0052 004f                      ; 'ZERO'
ZERO:                                                       
             296a  003a                                     
             296b  000b                                     
                                                            ; U+ U+ ( w w -- w ) shadow primitive for interpreted execution
             296c  2904                                     ; bucket link

             296d  5622                                     ; len('U+')
             296e  0055 002b                                ; 'U+'
U+:                                                         
             2970  003b                                     
             2971  000b                                     
                                                            ; 2* 2* ( w -- 2w ) shadow primitive for interpreted execution
             2972  2938                                     ; bucket link

             2973  5422                                     ; len('2*')
             2974  0032 002a                                ; '2*'
2*:                                                         
             2976  003c                                     
             2977  000b                                     
                                                            ; , (w --)
             2978  0000                                     ; bucket link

             2979  5801                                     ; len(',')
             297a  002c                                     ; ','
,:                                                          
             297b  073b 0018 06b0 03a5 000c 000c 000b       ; HERE 24 CELL+ CP 12 12 11
                                                            ; ABS ( n -- +n )
             2982  28f0                                     ; bucket link

             2983  a603                                     ; len('ABS')
             2984  0041 0042 0053                           ; 'ABS'
ABS:                                                        
             2987                                           
             2987  0018 001b                                ; DUP 0<
             2989  0008 298c                                ; ?branch HABS1
             298b  0037                                     ; NEGATE
HABS1:                                                      
             298c  000b                                     ; EXIT
                                                            ; 2DUP ( w1 w2 -- w1 w2 w1 w2 )
             298d  2972                                     ; bucket link

             298e  a004                                     ; len('2DUP')
             298f  0032 0044 0055 0050                      ; '2DUP'
2DUP:                                                       
             2993  001a 001a 000b                           ; 26 26 11
                                                            ; / ( n n -- q )
             2996  0658                                     ; bucket link

             2997  5e01                                     ; len('/')
             2998  002f                                     ; '/'
/:                                                          
             2999  065e 0019 0017 000b                      ; /MOD 25 23 11
                                                            ; - ( w w -- w )
             299d  07f5                                     ; bucket link

             299e  5a01                                     ; len('-')
             299f  002d                                     ; '-'
-:                                                          
             29a0  0036 000b                                ; 54 11
                                                            ; = ( w w -- t )
             29a2  0000                                     ; bucket link

             29a3  7a01                                     ; len('=')
             29a4  003d                                     ; '='
=:                                                          
             29a5                                           
             29a5  001e                                     ; XOR
             29a6  0008 29ab                                ; ?branch HEQU1
             29a8  0004 0000 000b                           ; doLIT 0 EXIT
HEQU1:                                                      
             29ab  0004 ffff 000b                           ; doLIT -1 EXIT
                                                            ; <> ( w w -- t )
             29ae  2919                                     ; bucket link

             29af  7c02                                     ; len('<>')
             29b0  003c 003e                                ; '<>'
<>:                                                         
             29b2  29a5 0035 000b                           ; = 53 11
                                                            ; > ( n1 n2 -- t )
             29b5  28b7                                     ; bucket link

             29b6  7c01                                     ; len('>')
             29b7  003e                                     ; '>'
>:                                                          
             29b8  0019 05ca 000b                           ; 25 < 11
                                                            ; <= ( n1 n2 -- t )
             29bb  29ae                                     ; bucket link

             29bc  7a02                                     ; len('<=')
             29bd  003c 003d                                ; '<='
<=:                                                         
             29bf  29b8 0035 000b                           ; > 53 11
                                                            ; >= ( n1 n2 -- t )
             29c2  29b5                                     ; bucket link

             29c3  7a02                                     ; len('>=')
             29c4  003e 003d                                ; '>='
>=:                                                         
             29c6  05ca 0035 000b                           ; < 53 11
                                                            ; + ( w w -- w )
             29c9  0700                                     ; bucket link

             29ca  5601                                     ; len('+')
             29cb  002b                                     ; '+'
+:                                                          
             29cc  003b 000b                                ; 59 11
                                                            ; ; (--)
             29ce  0000                                     ; bucket link

             29cf  76c1                                     ; len(';')
             29d0  003b                                     ; ';'
;:                                                          
             29d1  0004 000b 297b 164d 22fa 000b            ; 4 11 , [ REVEAL 11
                                                            ; : (-- ; <string>)
             29d7  0000                                     ; bucket link

             29d8  7401                                     ; len(':')
             29d9  003a                                     ; ':'
::                                                          
             29da  0f0c 1f04 1655 000b                      ; TOKEN HEADER ] 11
                                                            ; precompiled from V4/Forth Sources/01-image.fs
                                                            ; C,
             29de  2897                                     ; bucket link

             29df  5802                                     ; len('C,')
             29e0  0043 002c                                ; 'C,'
C,:                                                         
             29e2                                           
             29e2  073b 0018 06b0 03a5 000c 000e 000b       ; HERE DUP CELL+ CP ! C! EXIT
                                                            ; IMG-WIDTH
             29e9  2956                                     ; bucket link

             29ea  9009                                     ; len('IMG-WIDTH')
             29eb  0049 004d 0047 002d 0057 0049 0044 0054 0048; 'IMG-WIDTH'
IMG-WIDTH:                                                  
             29f4                                           
             29f4  000d 000b                                ; @ EXIT
                                                            ; IMG-HEIGHT
             29f6  29e9                                     ; bucket link

             29f7  a80a                                     ; len('IMG-HEIGHT')
             29f8  0049 004d 0047 002d 0048 0045 0049 0047 0048 0054; 'IMG-HEIGHT'
IMG-HEIGHT:                                                 
             2a02                                           
             2a02  06b0 000d 000b                           ; CELL+ @ EXIT
                                                            ; IMG-DATA
             2a05  29f6                                     ; bucket link

             2a06  8208                                     ; len('IMG-DATA')
             2a07  0049 004d 0047 002d 0044 0041 0054 0041  ; 'IMG-DATA'
IMG-DATA:                                                   
             2a0f                                           
             2a0f  0004 0002 29cc 000b                      ; doLIT 2 + EXIT
                                                            ; IMG"
             2a13  2a05                                     ; bucket link

             2a14  4484                                     ; len('IMG"')
             2a15  0049 004d 0047 0022                      ; 'IMG"'
IMG":                                                       
             2a19                                           
             2a19  0468 000c 0004 0022 0ed2 2993 0019 0017 0468 000d 0004 0007 0675 001e 0008 2a2a 0c41; IMG-CELLS ! doLIT 34 PARSE 2DUP SWAP DROP IMG-CELLS @ doLIT 7 * XOR ?branch PC_01_2Dimage_IMG_22_IF_FALSE_1 IMGERR
PC_01_2Dimage_IMG_22_IF_FALSE_1:                            
             2a2a  2993 0c5f 073b 0014 2993 0019 0012 0581 07c3 1690 0017 000b; 2DUP IMG-CHECK HERE >R 2DUP SWAP R> ROT CMOVE ALLOT DROP EXIT
                                                            ; EMIT-IMAGE
             2a36  287f                                     ; bucket link

             2a37  8a0a                                     ; len('EMIT-IMAGE')
             2a38  0045 004d 0049 0054 002d 0049 004d 0041 0047 0045; 'EMIT-IMAGE'
EMIT-IMAGE:                                                 
             2a42                                           
             2a42  0018 3120 0474 000c 0018 312e 0019 313b 0019; DUP IMG-WIDTH IMGW ! DUP IMG-HEIGHT SWAP IMG-DATA SWAP
PC_01_2Dimage_EMIT_2DIMAGE_BEGIN_1:                         
             2a4b  0018 0008 2a59 0019 0474 000d 0cce 0bba 0019 0004 0001 29a0 0009 2a4b; DUP ?branch PC_01_2Dimage_EMIT_2DIMAGE_WHILE_END_2 SWAP IMGW @ EMIT-ROW7 CR SWAP doLIT 1 - branch PC_01_2Dimage_EMIT_2DIMAGE_BEGIN_1
PC_01_2Dimage_EMIT_2DIMAGE_WHILE_END_2:                     
             2a59  058d 0c83 000b                           ; 2DROP ANSI-RESET EXIT
                                                            ; precompiled from forth/Forth Sources/04-ansi.fs
                                                            ; ESC
             2a5c  2a36                                     ; bucket link

             2a5d  8603                                     ; len('ESC')
             2a5e  0045 0053 0043                           ; 'ESC'
ESC:                                                        
             2a61                                           
             2a61  0004 001b 0b51 000b                      ; doLIT 27 EMIT EXIT
                                                            ; CSI
             2a65  29de                                     ; bucket link

             2a66  9203                                     ; len('CSI')
             2a67  0043 0053 0049                           ; 'CSI'
CSI:                                                        
             2a6a                                           
             2a6a  2a61                                     ; ESC
             2a6b  0cfe                                     ; ."|
             2a6c  0001                                     
             2a6d  005b                                     ; '['
             2a6e  000b                                     ; EXIT
                                                            ; COLOR>D100
             2a6f  0000                                     ; bucket link

             2a70  600a                                     ; len('COLOR>D100')
             2a71  0043 004f 004c 004f 0052 003e 0044 0031 0030 0030; 'COLOR>D100'
COLOR>D100:                                                 
             2a7b  0006                                     ; 6
             2a7c  0031                                     ; COLOR>D100 data
             2a7d  0031 0031 0030 0032 0031 0031 0030 0032 0032 0031 0030 0032 0032 0031 0031 0031; 49 49 48 50 49 49 48 50 50 49 48 50 50 49 49 49
             2a8d  0031 0031 0030 0032 0031 0031 0030 0032 0032 0031 0030 0032 0032 0032 0031 0031; 49 49 48 50 49 49 48 50 50 49 48 50 50 50 49 49
             2a9d  0031 0031 0031 0032 0031 0031 0031 0032 0032 0031 0031 0032 0032 0032 0031 0031; 49 49 49 50 49 49 49 50 50 49 49 50 50 50 49 49
             2aad  0031 0031 0030 0031 0031 0031 0030 0031 0031 0031 0030 0031 0031 0031 0030 0031; 49 49 48 49 49 49 48 49 49 49 48 49 49 49 48 49
             2abd  0031 0030 0030 0031 0030 0030 0030 0031 0030 0030 0030 0031 0030 0030 0030 0031; 49 48 48 49 48 48 48 49 48 48 48 49 48 48 48 49
             2acd  0031 0030 0030 0031 0030 0030 0030 0031 0030 0030 0030 0031 0030 0030 0030 0031; 49 48 48 49 48 48 48 49 48 48 48 49 48 48 48 49
             2add  0031 0030 0030 0031 0030 0030 0030 0031 0030 0030 0030 0031 0030 0030 0030 0031; 49 48 48 49 48 48 48 49 48 48 48 49 48 48 48 49
             2aed  0031 0030 0030 0031 0030 0030 0030 0031 0030 0030 0030 0031 0030 0030 0030 0031; 49 48 48 49 48 48 48 49 48 48 48 49 48 48 48 49
             2afd  0031 0030 0030 0031 0030 0030 0030 0031 0030 0030 0030 0031 0030 0030 0030 0031; 49 48 48 49 48 48 48 49 48 48 48 49 48 48 48 49
             2b0d  0031 0030 0030 0031 0031 0030 0030 0031 0031 0030 0030 0031 0031 0030 0030 0031; 49 48 48 49 49 48 48 49 49 48 48 49 49 48 48 49
             2b1d  0031 0031 0030 0032 0031 0031 0030 0032 0032 0031 0030 0032 0032 0032 0031 0031; 49 49 48 50 49 49 48 50 50 49 48 50 50 50 49 49
             2b2d  0031 0031 0030 0032 0031 0031 0030 0032 0032 0031 0030 0032 0032 0031 0031 0030; 49 49 48 50 49 49 48 50 50 49 48 50 50 49 49 48
             2b3d  0030 0030 0030 0030 0030 0030 0030 0030 0030 0030 0030 0030 0030 0030 0030 0030; 48 48 48 48 48 48 48 48 48 48 48 48 48 48 48 48
             2b4d  0030 0030 0030 0030 0030 0030 0030 0030 0030 0030 0030 0030 0030 0030 0030 0030; 48 48 48 48 48 48 48 48 48 48 48 48 48 48 48 48
             2b5d  0030 0030 0030 0030 0030 0030 0030 0030 0030 0030 0030 0030 0030 0030 0030 0032; 48 48 48 48 48 48 48 48 48 48 48 48 48 48 48 50
             2b6d  0032 0032 0032 0032 0032 0032 0032 0032 0032 0032 0032 0032 0032 0032 0032; 50 50 50 50 50 50 50 50 50 50 50 50 50 50 50
                                                            ; COLOR>D10
             2b7c  0000                                     ; bucket link

             2b7d  6009                                     ; len('COLOR>D10')
             2b7e  0043 004f 004c 004f 0052 003e 0044 0031 0030; 'COLOR>D10'
COLOR>D10:                                                  
             2b87  0006                                     ; 6
             2b88  0038                                     ; COLOR>D10 data
             2b89  0037 0033 0038 0031 0036 0036 0038 0031 0030 0036 0038 0031 0030 0039 0032 0038; 55 51 56 49 54 54 56 49 48 54 56 49 48 57 50 56
             2b99  0038 0033 0039 0032 0037 0037 0039 0032 0031 0037 0039 0032 0031 0030 0033 0038; 56 51 57 50 55 55 57 50 49 55 57 50 49 48 51 56
             2ba9  0038 0034 0030 0032 0038 0038 0030 0032 0032 0038 0030 0032 0032 0032 0034 0038; 56 52 48 50 56 56 48 50 50 56 48 50 50 50 52 56
             2bb9  0035 0030 0036 0039 0034 0031 0036 0039 0035 0031 0036 0039 0035 0031 0037 0035; 53 48 54 57 52 49 54 57 53 49 54 57 53 49 55 53
             2bc9  0031 0037 0032 0035 0037 0034 0032 0035 0038 0034 0032 0032 0038 0034 0033 0035; 49 55 50 53 55 52 50 53 56 52 50 50 56 52 51 53
             2bd9  0031 0037 0032 0035 0037 0034 0032 0035 0038 0034 0032 0032 0038 0034 0033 0035; 49 55 50 53 55 52 50 53 56 52 50 50 56 52 51 53
             2be9  0031 0037 0033 0035 0038 0034 0033 0035 0038 0034 0033 0032 0038 0035 0033 0035; 49 55 51 53 56 52 51 53 56 52 51 50 56 53 51 53
             2bf9  0031 0036 0032 0035 0037 0033 0032 0035 0037 0033 0032 0031 0037 0033 0032 0034; 49 54 50 53 55 51 50 53 55 51 50 49 55 51 50 52
             2c09  0030 0036 0031 0034 0036 0032 0031 0034 0036 0032 0031 0030 0036 0032 0031 0038; 48 54 49 52 54 50 49 52 54 50 49 48 54 50 49 56
             2c19  0034 0039 0035 0038 0033 0039 0035 0038 0033 0039 0035 0037 0033 0039 0035 0038; 52 57 53 56 51 57 53 56 51 57 53 55 51 57 53 56
             2c29  0037 0033 0039 0031 0037 0036 0039 0031 0030 0036 0039 0031 0030 0030 0032 0038; 55 51 57 49 55 54 57 49 48 54 57 49 48 48 50 56
             2c39  0037 0033 0038 0031 0036 0036 0038 0031 0030 0036 0038 0031 0030 0039 0032 0031; 55 51 56 49 54 54 56 49 48 54 56 49 48 57 50 49
             2c49  0031 0031 0031 0031 0031 0031 0031 0031 0031 0031 0031 0031 0031 0031 0031 0031; 49 49 49 49 49 49 49 49 49 49 49 49 49 49 49 49
             2c59  0031 0031 0031 0031 0031 0031 0031 0031 0031 0031 0031 0031 0031 0031 0031 0031; 49 49 49 49 49 49 49 49 49 49 49 49 49 49 49 49
             2c69  0031 0031 0031 0031 0031 0031 0031 0031 0031 0031 0031 0031 0031 0031 0031 0035; 49 49 49 49 49 49 49 49 49 49 49 49 49 49 49 53
             2c79  0035 0035 0035 0034 0034 0034 0034 0034 0034 0034 0033 0033 0033 0033 0033; 53 53 53 52 52 52 52 52 52 52 51 51 51 51 51
                                                            ; COLOR>D1
             2c88  0000                                     ; bucket link

             2c89  6208                                     ; len('COLOR>D1')
             2c8a  0043 004f 004c 004f 0052 003e 0044 0031  ; 'COLOR>D1'
COLOR>D1:                                                   
             2c92  0006                                     ; 6
             2c93  0031                                     ; COLOR>D1 data
             2c94  0034 0031 0038 0037 0037 0030 0038 0037 0033 0030 0038 0030 0033 0036 0034 0037; 52 49 56 55 55 48 56 55 51 48 56 48 51 54 52 55
             2ca4  0030 0037 0034 0033 0039 0032 0034 0033 0035 0032 0034 0032 0035 0038 0030 0037; 48 55 52 51 57 50 52 51 53 50 52 50 53 56 48 55
             2cb4  0036 0033 0030 0039 0035 0034 0030 0039 0037 0034 0030 0038 0037 0036 0032 0037; 54 51 48 57 53 52 48 57 55 52 48 56 55 54 50 55
             2cc4  0030 0037 0034 0033 0039 0032 0034 0033 0035 0032 0034 0032 0035 0038 0030 0031; 48 55 52 51 57 50 52 51 53 50 52 50 53 56 48 49
             2cd4  0034 0031 0038 0037 0037 0030 0038 0037 0033 0030 0038 0030 0033 0036 0034 0032; 52 49 56 55 55 48 56 55 51 48 56 48 51 54 52 50
             2ce4  0035 0032 0039 0038 0039 0032 0039 0038 0035 0032 0039 0032 0035 0038 0035 0032; 53 50 57 56 57 50 57 56 53 50 57 50 53 56 53 50
             2cf4  0036 0033 0030 0039 0030 0034 0030 0039 0037 0034 0030 0033 0037 0031 0037 0032; 54 51 48 57 48 52 48 57 55 52 48 51 55 49 55 50
             2d04  0030 0037 0034 0033 0034 0032 0034 0033 0035 0032 0034 0037 0035 0033 0035 0036; 48 55 52 51 52 50 52 51 53 50 52 55 53 51 53 54
             2d14  0034 0031 0038 0037 0032 0030 0038 0037 0033 0030 0038 0035 0033 0031 0039 0032; 52 49 56 55 50 48 56 55 51 48 56 53 51 49 57 50
             2d24  0030 0037 0034 0033 0034 0032 0034 0033 0035 0032 0034 0037 0035 0033 0035 0032; 48 55 52 51 52 50 52 51 53 50 52 55 53 51 53 50
             2d34  0036 0033 0030 0039 0030 0034 0030 0039 0037 0034 0030 0033 0037 0031 0037 0032; 54 51 48 57 48 52 48 57 55 52 48 51 55 49 55 50
             2d44  0035 0032 0039 0038 0039 0032 0039 0038 0035 0032 0039 0032 0035 0038 0035 0036; 53 50 57 56 57 50 57 56 53 50 57 50 53 56 53 54
             2d54  0036 0036 0036 0036 0036 0036 0036 0036 0036 0036 0036 0036 0036 0036 0036 0036; 54 54 54 54 54 54 54 54 54 54 54 54 54 54 54 54
             2d64  0036 0036 0036 0036 0036 0036 0036 0036 0036 0036 0036 0036 0036 0036 0036 0036; 54 54 54 54 54 54 54 54 54 54 54 54 54 54 54 54
             2d74  0036 0036 0036 0036 0036 0036 0036 0036 0036 0036 0036 0036 0036 0036 0036 0035; 54 54 54 54 54 54 54 54 54 54 54 54 54 54 54 53
             2d84  0033 0032 0030 0039 0037 0036 0034 0033 0031 0030 0038 0037 0035 0034 0032; 51 50 48 57 55 54 52 51 49 48 56 55 53 52 50
                                                            ; DIGIT@
             2d93  0000                                     ; bucket link

             2d94  8006                                     ; len('DIGIT@')
             2d95  0044 0049 0047 0049 0054 0040            ; 'DIGIT@'
DIGIT@:                                                     
             2d9b                                           
             2d9b  0019 29cc 000f 000b                      ; SWAP + C@ EXIT
                                                            ; COLOR>D
             2d9f  0000                                     ; bucket link

             2da0  8807                                     ; len('COLOR>D')
             2da1  0043 004f 004c 004f 0052 003e 0044       ; 'COLOR>D'
COLOR>D:                                                    
             2da8                                           
             2da8  0018 2c92 2d9b 0019 0018 2b87 2d9b 0019 2a7b 2d9b 000b; DUP COLOR>D1 DIGIT@ SWAP DUP COLOR>D10 DIGIT@ SWAP COLOR>D100 DIGIT@ EXIT
                                                            ; FG!
             2db3  23ee                                     ; bucket link

             2db4  4203                                     ; len('FG!')
             2db5  0046 0047 0021                           ; 'FG!'
FG!:                                                        
             2db8                                           
             2db8  2a6a                                     ; CSI
             2db9  0cfe                                     ; ."|
             2dba  0005                                     
             2dbb  0033 0038 003b 0035 003b                 ; '38;5;'
             2dc0  2da8 0b51 0b51 0b51 0004 006d 0b51 000b  ; COLOR>D EMIT EMIT EMIT doLIT 109 EMIT EXIT
                                                            ; BG!
             2dc8  16f4                                     ; bucket link

             2dc9  4203                                     ; len('BG!')
             2dca  0042 0047 0021                           ; 'BG!'
BG!:                                                        
             2dcd                                           
             2dcd  2a6a                                     ; CSI
             2dce  0cfe                                     ; ."|
             2dcf  0005                                     
             2dd0  0034 0038 003b 0035 003b                 ; '48;5;'
             2dd5  2da8 0b51 0b51 0b51 0004 006d 0b51 000b  ; COLOR>D EMIT EMIT EMIT doLIT 109 EMIT EXIT
                                                            ; ANSI#
             2ddd  2982                                     ; bucket link

             2dde  4605                                     ; len('ANSI#')
             2ddf  0041 004e 0053 0049 0023                 ; 'ANSI#'
ANSI#:                                                      
             2de4                                           
             2de4  0861 0881 0899 0ba2 000b                 ; <# #S #> TYPE EXIT
                                                            ; CLAMP3
             2de9  2a65                                     ; bucket link

             2dea  6606                                     ; len('CLAMP3')
             2deb  0043 004c 0041 004d 0050 0033            ; 'CLAMP3'
CLAMP3:                                                     
             2df1                                           
             2df1  0004 0000 05da 0004 0003 05e6 000b       ; doLIT 0 MAX doLIT 3 MIN EXIT
                                                            ; AT
             2df8  2ddd                                     ; bucket link

             2df9  a802                                     ; len('AT')
             2dfa  0041 0054                                ; 'AT'
AT:                                                         
             2dfc                                           
             2dfc  2a6a 2de4 0004 003b 0b51 2de4 0004 0048 0b51 000b; CSI ANSI# doLIT 59 EMIT ANSI# doLIT 72 EMIT EXIT
                                                            ; HOME
             2e06  138a                                     ; bucket link

             2e07  8a04                                     ; len('HOME')
             2e08  0048 004f 004d 0045                      ; 'HOME'
HOME:                                                       
             2e0c                                           
             2e0c  2a6a                                     ; CSI
             2e0d  0cfe                                     ; ."|
             2e0e  0001                                     
             2e0f  0048                                     ; 'H'
             2e10  000b                                     ; EXIT
                                                            ; SAVE-CURSOR
             2e11  2945                                     ; bucket link

             2e12  a40b                                     ; len('SAVE-CURSOR')
             2e13  0053 0041 0056 0045 002d 0043 0055 0052 0053 004f 0052; 'SAVE-CURSOR'
SAVE-CURSOR:                                                
             2e1e                                           
             2e1e  2a6a                                     ; CSI
             2e1f  0cfe                                     ; ."|
             2e20  0001                                     
             2e21  0073                                     ; 's'
             2e22  000b                                     ; EXIT
                                                            ; RESTORE-CURSOR
             2e23  28b1                                     ; bucket link

             2e24  a40e                                     ; len('RESTORE-CURSOR')
             2e25  0052 0045 0053 0054 004f 0052 0045 002d 0043 0055 0052 0053 004f 0052; 'RESTORE-CURSOR'
RESTORE-CURSOR:                                             
             2e33                                           
             2e33  2a6a                                     ; CSI
             2e34  0cfe                                     ; ."|
             2e35  0001                                     
             2e36  0075                                     ; 'u'
             2e37  000b                                     ; EXIT
                                                            ; CLS
             2e38  2de9                                     ; bucket link

             2e39  a603                                     ; len('CLS')
             2e3a  0043 004c 0053                           ; 'CLS'
CLS:                                                        
             2e3d                                           
             2e3d  2a6a                                     ; CSI
             2e3e  0cfe                                     ; ."|
             2e3f  0002                                     
             2e40  0032 004a                                ; '2J'
             2e42  000b                                     ; EXIT
                                                            ; CL-LINE
             2e43  2e38                                     ; bucket link

             2e44  8a07                                     ; len('CL-LINE')
             2e45  0043 004c 002d 004c 0049 004e 0045       ; 'CL-LINE'
CL-LINE:                                                    
             2e4c                                           
             2e4c  2a6a                                     ; CSI
             2e4d  0cfe                                     ; ."|
             2e4e  0002                                     
             2e4f  0032 004b                                ; '2K'
             2e51  000b                                     ; EXIT
                                                            ; CL-EOL
             2e52  2e43                                     ; bucket link

             2e53  9806                                     ; len('CL-EOL')
             2e54  0043 004c 002d 0045 004f 004c            ; 'CL-EOL'
CL-EOL:                                                     
             2e5a                                           
             2e5a  2a6a                                     ; CSI
             2e5b  0cfe                                     ; ."|
             2e5c  0001                                     
             2e5d  004b                                     ; 'K'
             2e5e  000b                                     ; EXIT
                                                            ; CL-EOS
             2e5f  2e52                                     ; bucket link

             2e60  a606                                     ; len('CL-EOS')
             2e61  0043 004c 002d 0045 004f 0053            ; 'CL-EOS'
CL-EOS:                                                     
             2e67                                           
             2e67  2a6a                                     ; CSI
             2e68  0cfe                                     ; ."|
             2e69  0001                                     
             2e6a  004a                                     ; 'J'
             2e6b  000b                                     ; EXIT
                                                            ; CURSOR-ON
             2e6c  2e5f                                     ; bucket link

             2e6d  9c09                                     ; len('CURSOR-ON')
             2e6e  0043 0055 0052 0053 004f 0052 002d 004f 004e; 'CURSOR-ON'
CURSOR-ON:                                                  
             2e77                                           
             2e77  2a6a                                     ; CSI
             2e78  0cfe                                     ; ."|
             2e79  0004                                     
             2e7a  003f 0032 0035 0068                      ; '?25h'
             2e7e  000b                                     ; EXIT
                                                            ; CURSOR-OFF
             2e7f  2e6c                                     ; bucket link

             2e80  8c0a                                     ; len('CURSOR-OFF')
             2e81  0043 0055 0052 0053 004f 0052 002d 004f 0046 0046; 'CURSOR-OFF'
CURSOR-OFF:                                                 
             2e8b                                           
             2e8b  2a6a                                     ; CSI
             2e8c  0cfe                                     ; ."|
             2e8d  0004                                     
             2e8e  003f 0032 0035 006c                      ; '?25l'
             2e92  000b                                     ; EXIT
                                                            ; NORMAL
             2e93  294c                                     ; bucket link

             2e94  9806                                     ; len('NORMAL')
             2e95  004e 004f 0052 004d 0041 004c            ; 'NORMAL'
NORMAL:                                                     
             2e9b                                           
             2e9b  0c83 000b                                ; ANSI-RESET EXIT
                                                            ; BOLD
             2e9d  2dc8                                     ; bucket link

             2e9e  8804                                     ; len('BOLD')
             2e9f  0042 004f 004c 0044                      ; 'BOLD'
BOLD:                                                       
             2ea3                                           
             2ea3  2a6a                                     ; CSI
             2ea4  0cfe                                     ; ."|
             2ea5  0002                                     
             2ea6  0031 006d                                ; '1m'
             2ea8  000b                                     ; EXIT
                                                            ; DIM
             2ea9  295d                                     ; bucket link

             2eaa  9a03                                     ; len('DIM')
             2eab  0044 0049 004d                           ; 'DIM'
DIM:                                                        
             2eae                                           
             2eae  2a6a                                     ; CSI
             2eaf  0cfe                                     ; ."|
             2eb0  0002                                     
             2eb1  0032 006d                                ; '2m'
             2eb3  000b                                     ; EXIT
                                                            ; BLINK
             2eb4  2e9d                                     ; bucket link

             2eb5  9605                                     ; len('BLINK')
             2eb6  0042 004c 0049 004e 004b                 ; 'BLINK'
BLINK:                                                      
             2ebb                                           
             2ebb  2a6a                                     ; CSI
             2ebc  0cfe                                     ; ."|
             2ebd  0002                                     
             2ebe  0035 006d                                ; '5m'
             2ec0  000b                                     ; EXIT
                                                            ; UNBLINK
             2ec1  296c                                     ; bucket link

             2ec2  9607                                     ; len('UNBLINK')
             2ec3  0055 004e 0042 004c 0049 004e 004b       ; 'UNBLINK'
UNBLINK:                                                    
             2eca                                           
             2eca  2a6a                                     ; CSI
             2ecb  0cfe                                     ; ."|
             2ecc  0003                                     
             2ecd  0032 0035 006d                           ; '25m'
             2ed0  000b                                     ; EXIT
                                                            ; UNDERLINE
             2ed1  2ec1                                     ; bucket link

             2ed2  8a09                                     ; len('UNDERLINE')
             2ed3  0055 004e 0044 0045 0052 004c 0049 004e 0045; 'UNDERLINE'
UNDERLINE:                                                  
             2edc                                           
             2edc  2a6a                                     ; CSI
             2edd  0cfe                                     ; ."|
             2ede  0002                                     
             2edf  0034 006d                                ; '4m'
             2ee1  000b                                     ; EXIT
                                                            ; REVERSE
             2ee2  2e23                                     ; bucket link

             2ee3  8a07                                     ; len('REVERSE')
             2ee4  0052 0045 0056 0045 0052 0053 0045       ; 'REVERSE'
REVERSE:                                                    
             2eeb                                           
             2eeb  2a6a                                     ; CSI
             2eec  0cfe                                     ; ."|
             2eed  0002                                     
             2eee  0037 006d                                ; '7m'
             2ef0  000b                                     ; EXIT
                                                            ; BELL
             2ef1  2eb4                                     ; bucket link

             2ef2  9804                                     ; len('BELL')
             2ef3  0042 0045 004c 004c                      ; 'BELL'
BELL:                                                       
             2ef7                                           
             2ef7  0004 0007 0b51 000b                      ; doLIT 7 EMIT EXIT
                                                            ; HSL
             2efb  2e06                                     ; bucket link

             2efc  9803                                     ; len('HSL')
             2efd  0048 0053 004c                           ; 'HSL'
HSL:                                                        
             2f00                                           
             2f00  0014 0004 0004 0675 0019 0004 0010 0675 29cc 0012 29cc 000b; >R doLIT 4 * SWAP doLIT 16 * + R> + EXIT
                                                            ; H@
             2f0c  2efb                                     ; bucket link

             2f0d  8002                                     ; len('H@')
             2f0e  0048 0040                                ; 'H@'
H@:                                                         
             2f10                                           
             2f10  0004 0010 2999 000b                      ; doLIT 16 / EXIT
                                                            ; S@
             2f14  2e11                                     ; bucket link

             2f15  8002                                     ; len('S@')
             2f16  0053 0040                                ; 'S@'
S@:                                                         
             2f18                                           
             2f18  0004 0004 2999 0004 0004 0668 000b       ; doLIT 4 / doLIT 4 MOD EXIT
                                                            ; L@
             2f1f  1b73                                     ; bucket link

             2f20  8002                                     ; len('L@')
             2f21  004c 0040                                ; 'L@'
L@:                                                         
             2f23                                           
             2f23  0004 0004 0668 000b                      ; doLIT 4 MOD EXIT
                                                            ; SET-H
             2f27  2f14                                     ; bucket link

             2f28  9005                                     ; len('SET-H')
             2f29  0053 0045 0054 002d 0048                 ; 'SET-H'
SET-H:                                                      
             2f2e                                           
             2f2e  0019 0004 0010 0668 0019 0004 0010 0675 29cc 000b; SWAP doLIT 16 MOD SWAP doLIT 16 * + EXIT
                                                            ; SET-S
             2f38  2f27                                     ; bucket link

             2f39  a605                                     ; len('SET-S')
             2f3a  0053 0045 0054 002d 0053                 ; 'SET-S'
SET-S:                                                      
             2f3f                                           
             2f3f  0014 0018 0004 0004 0668 0019 0004 0010 2999 0004 0010 0675 29cc 0012 0004 0004 0675 29cc 000b; >R DUP doLIT 4 MOD SWAP doLIT 16 / doLIT 16 * + R> doLIT 4 * + EXIT
                                                            ; SET-L
             2f52  2f38                                     ; bucket link

             2f53  9805                                     ; len('SET-L')
             2f54  0053 0045 0054 002d 004c                 ; 'SET-L'
SET-L:                                                      
             2f59                                           
             2f59  0019 0004 0004 2999 0004 0004 0675 29cc 000b; SWAP doLIT 4 / doLIT 4 * + EXIT
                                                            ; NEUTRAL?
             2f62  2e93                                     ; bucket link

             2f63  7e08                                     ; len('NEUTRAL?')
             2f64  004e 0045 0055 0054 0052 0041 004c 003f  ; 'NEUTRAL?'
NEUTRAL?:                                                   
             2f6c                                           
             2f6c  2f10 0004 000f 29a5 000b                 ; H@ doLIT 15 = EXIT
                                                            ; H+
             2f71  2f0c                                     ; bucket link

             2f72  5602                                     ; len('H+')
             2f73  0048 002b                                ; 'H+'
H+:                                                         
             2f75                                           
             2f75  0018 2f6c 0008 2f7b 0009 2f84            ; DUP NEUTRAL? ?branch PC_04_2Dansi_H_2B_IF_FALSE_1 branch PC_04_2Dansi_H_2B_IF_END_2
PC_04_2Dansi_H_2B_IF_FALSE_1:                               
             2f7b  0018 2f10 0004 0001 29cc 0004 000c 0668 2f2e; DUP H@ doLIT 1 + doLIT 12 MOD SET-H
PC_04_2Dansi_H_2B_IF_END_2:                                 
             2f84  000b                                     ; EXIT
                                                            ; H-
             2f85  2f71                                     ; bucket link

             2f86  5a02                                     ; len('H-')
             2f87  0048 002d                                ; 'H-'
H-:                                                         
             2f89                                           
             2f89  0018 2f6c 0008 2f8f 0009 2f98            ; DUP NEUTRAL? ?branch PC_04_2Dansi_H_2D_IF_FALSE_1 branch PC_04_2Dansi_H_2D_IF_END_2
PC_04_2Dansi_H_2D_IF_FALSE_1:                               
             2f8f  0018 2f10 0004 000b 29cc 0004 000c 0668 2f2e; DUP H@ doLIT 11 + doLIT 12 MOD SET-H
PC_04_2Dansi_H_2D_IF_END_2:                                 
             2f98  000b                                     ; EXIT
                                                            ; S+
             2f99  2f52                                     ; bucket link

             2f9a  5602                                     ; len('S+')
             2f9b  0053 002b                                ; 'S+'
S+:                                                         
             2f9d                                           
             2f9d  0018 2f18 0004 0001 29cc 2df1 2f3f 000b  ; DUP S@ doLIT 1 + CLAMP3 SET-S EXIT
                                                            ; S-
             2fa5  2f99                                     ; bucket link

             2fa6  5a02                                     ; len('S-')
             2fa7  0053 002d                                ; 'S-'
S-:                                                         
             2fa9                                           
             2fa9  0018 2f18 0004 0001 29a0 2df1 2f3f 000b  ; DUP S@ doLIT 1 - CLAMP3 SET-S EXIT
                                                            ; L+
             2fb1  2f1f                                     ; bucket link

             2fb2  5602                                     ; len('L+')
             2fb3  004c 002b                                ; 'L+'
L+:                                                         
             2fb5                                           
             2fb5  0018 2f23 0004 0001 29cc 2df1 2f59 000b  ; DUP L@ doLIT 1 + CLAMP3 SET-L EXIT
                                                            ; L-
             2fbd  2fb1                                     ; bucket link

             2fbe  5a02                                     ; len('L-')
             2fbf  004c 002d                                ; 'L-'
L-:                                                         
             2fc1                                           
             2fc1  0018 2f23 0004 0001 29a0 2df1 2f59 000b  ; DUP L@ doLIT 1 - CLAMP3 SET-L EXIT
                                                            ; HSL_RED
             2fc9  2f85                                     ; bucket link

             2fca  8807                                     ; len('HSL_RED')
             2fcb  0048 0053 004c 005f 0052 0045 0044       ; 'HSL_RED'
HSL_RED:                                                    
             2fd2                                           
             2fd2  0004 0000 0004 0003 0004 0001 2f00 000b  ; doLIT 0 doLIT 3 doLIT 1 HSL EXIT
                                                            ; HSL_ORANGE
             2fda  2fc9                                     ; bucket link

             2fdb  8a0a                                     ; len('HSL_ORANGE')
             2fdc  0048 0053 004c 005f 004f 0052 0041 004e 0047 0045; 'HSL_ORANGE'
HSL_ORANGE:                                                 
             2fe6                                           
             2fe6  0004 0001 0004 0003 0004 0001 2f00 000b  ; doLIT 1 doLIT 3 doLIT 1 HSL EXIT
                                                            ; HSL_YELLOW
             2fee  2fda                                     ; bucket link

             2fef  ae0a                                     ; len('HSL_YELLOW')
             2ff0  0048 0053 004c 005f 0059 0045 004c 004c 004f 0057; 'HSL_YELLOW'
HSL_YELLOW:                                                 
             2ffa                                           
             2ffa  0004 0002 0004 0003 0004 0001 2f00 000b  ; doLIT 2 doLIT 3 doLIT 1 HSL EXIT
                                                            ; HSL_YGREEN
             3002  2fee                                     ; bucket link

             3003  9c0a                                     ; len('HSL_YGREEN')
             3004  0048 0053 004c 005f 0059 0047 0052 0045 0045 004e; 'HSL_YGREEN'
HSL_YGREEN:                                                 
             300e                                           
             300e  0004 0003 0004 0003 0004 0001 2f00 000b  ; doLIT 3 doLIT 3 doLIT 1 HSL EXIT
                                                            ; HSL_GREEN
             3016  3002                                     ; bucket link

             3017  9c09                                     ; len('HSL_GREEN')
             3018  0048 0053 004c 005f 0047 0052 0045 0045 004e; 'HSL_GREEN'
HSL_GREEN:                                                  
             3021                                           
             3021  0004 0004 0004 0003 0004 0001 2f00 000b  ; doLIT 4 doLIT 3 doLIT 1 HSL EXIT
                                                            ; HSL_GCYAN
             3029  3016                                     ; bucket link

             302a  9c09                                     ; len('HSL_GCYAN')
             302b  0048 0053 004c 005f 0047 0043 0059 0041 004e; 'HSL_GCYAN'
HSL_GCYAN:                                                  
             3034                                           
             3034  0004 0005 0004 0003 0004 0001 2f00 000b  ; doLIT 5 doLIT 3 doLIT 1 HSL EXIT
                                                            ; HSL_CYAN
             303c  3029                                     ; bucket link

             303d  9c08                                     ; len('HSL_CYAN')
             303e  0048 0053 004c 005f 0043 0059 0041 004e  ; 'HSL_CYAN'
HSL_CYAN:                                                   
             3046                                           
             3046  0004 0006 0004 0003 0004 0001 2f00 000b  ; doLIT 6 doLIT 3 doLIT 1 HSL EXIT
                                                            ; HSL_AZURE
             304e  303c                                     ; bucket link

             304f  8a09                                     ; len('HSL_AZURE')
             3050  0048 0053 004c 005f 0041 005a 0055 0052 0045; 'HSL_AZURE'
HSL_AZURE:                                                  
             3059                                           
             3059  0004 0007 0004 0003 0004 0001 2f00 000b  ; doLIT 7 doLIT 3 doLIT 1 HSL EXIT
                                                            ; HSL_BLUE
             3061  304e                                     ; bucket link

             3062  8a08                                     ; len('HSL_BLUE')
             3063  0048 0053 004c 005f 0042 004c 0055 0045  ; 'HSL_BLUE'
HSL_BLUE:                                                   
             306b                                           
             306b  0004 0008 0004 0003 0004 0001 2f00 000b  ; doLIT 8 doLIT 3 doLIT 1 HSL EXIT
                                                            ; HSL_VIOLET
             3073  3061                                     ; bucket link

             3074  a80a                                     ; len('HSL_VIOLET')
             3075  0048 0053 004c 005f 0056 0049 004f 004c 0045 0054; 'HSL_VIOLET'
HSL_VIOLET:                                                 
             307f                                           
             307f  0004 0009 0004 0003 0004 0001 2f00 000b  ; doLIT 9 doLIT 3 doLIT 1 HSL EXIT
                                                            ; HSL_MAGENTA
             3087  3073                                     ; bucket link

             3088  820b                                     ; len('HSL_MAGENTA')
             3089  0048 0053 004c 005f 004d 0041 0047 0045 004e 0054 0041; 'HSL_MAGENTA'
HSL_MAGENTA:                                                
             3094                                           
             3094  0004 000a 0004 0003 0004 0001 2f00 000b  ; doLIT 10 doLIT 3 doLIT 1 HSL EXIT
                                                            ; HSL_ROSE
             309c  3087                                     ; bucket link

             309d  8a08                                     ; len('HSL_ROSE')
             309e  0048 0053 004c 005f 0052 004f 0053 0045  ; 'HSL_ROSE'
HSL_ROSE:                                                   
             30a6                                           
             30a6  0004 000b 0004 0003 0004 0001 2f00 000b  ; doLIT 11 doLIT 3 doLIT 1 HSL EXIT
                                                            ; GRAY
             30ae  0000                                     ; bucket link

             30af  b204                                     ; len('GRAY')
             30b0  0047 0052 0041 0059                      ; 'GRAY'
GRAY:                                                       
             30b4                                           
             30b4  0004 0000 05da 0004 000f 05e6 0004 0004 065e 0019 0014 0004 000f 0019 0012 2f00 000b; doLIT 0 MAX doLIT 15 MIN doLIT 4 /MOD SWAP >R doLIT 15 SWAP R> HSL EXIT
                                                            ; WHITE
             30c5  2760                                     ; bucket link

             30c6  8a05                                     ; len('WHITE')
             30c7  0057 0048 0049 0054 0045                 ; 'WHITE'
WHITE:                                                      
             30cc                                           
             30cc  0004 0000 30b4 000b                      ; doLIT 0 GRAY EXIT
                                                            ; BLACK
             30d0  2ef1                                     ; bucket link

             30d1  9605                                     ; len('BLACK')
             30d2  0042 004c 0041 0043 004b                 ; 'BLACK'
BLACK:                                                      
             30d7                                           
             30d7  0004 000f 30b4 000b                      ; doLIT 15 GRAY EXIT
                                                            ; LIGHTER
             30db  2fbd                                     ; bucket link

             30dc  a407                                     ; len('LIGHTER')
             30dd  004c 0049 0047 0048 0054 0045 0052       ; 'LIGHTER'
LIGHTER:                                                    
             30e4                                           
             30e4  2fb5 000b                                ; L+ EXIT
                                                            ; DARKER
             30e6  2ea9                                     ; bucket link

             30e7  a406                                     ; len('DARKER')
             30e8  0044 0041 0052 004b 0045 0052            ; 'DARKER'
DARKER:                                                     
             30ee                                           
             30ee  2fc1 000b                                ; L- EXIT
                                                            ; SATURATE
             30f0  2fa5                                     ; bucket link

             30f1  8a08                                     ; len('SATURATE')
             30f2  0053 0041 0054 0055 0052 0041 0054 0045  ; 'SATURATE'
SATURATE:                                                   
             30fa                                           
             30fa  2f9d 000b                                ; S+ EXIT
                                                            ; DESATURATE
             30fc  30e6                                     ; bucket link

             30fd  8a0a                                     ; len('DESATURATE')
             30fe  0044 0045 0053 0041 0054 0055 0052 0041 0054 0045; 'DESATURATE'
DESATURATE:                                                 
             3108                                           
             3108  2fa9 000b                                ; S- EXIT
                                                            ; C,
             310a  2e7f                                     ; bucket link

             310b  5802                                     ; len('C,')
             310c  0043 002c                                ; 'C,'
C,:                                                         
             310e                                           
             310e  073b 0018 06b0 03a5 000c 000e 000b       ; HERE DUP CELL+ CP ! C! EXIT
                                                            ; IMG-WIDTH
             3115  2a13                                     ; bucket link

             3116  9009                                     ; len('IMG-WIDTH')
             3117  0049 004d 0047 002d 0057 0049 0044 0054 0048; 'IMG-WIDTH'
IMG-WIDTH:                                                  
             3120                                           
             3120  000d 000b                                ; @ EXIT
                                                            ; IMG-HEIGHT
             3122  3115                                     ; bucket link

             3123  a80a                                     ; len('IMG-HEIGHT')
             3124  0049 004d 0047 002d 0048 0045 0049 0047 0048 0054; 'IMG-HEIGHT'
IMG-HEIGHT:                                                 
             312e                                           
             312e  06b0 000d 000b                           ; CELL+ @ EXIT
                                                            ; IMG-DATA
             3131  3122                                     ; bucket link

             3132  8208                                     ; len('IMG-DATA')
             3133  0049 004d 0047 002d 0044 0041 0054 0041  ; 'IMG-DATA'
IMG-DATA:                                                   
             313b                                           
             313b  0004 0002 29cc 000b                      ; doLIT 2 + EXIT
                                                            ; IMG"
             313f  3131                                     ; bucket link

             3140  4484                                     ; len('IMG"')
             3141  0049 004d 0047 0022                      ; 'IMG"'
IMG":                                                       
             3145                                           
             3145  0468 000c 0004 0022 0ed2 2993 0019 0017 0468 000d 0004 0007 0675 001e 0008 3156 0c41; IMG-CELLS ! doLIT 34 PARSE 2DUP SWAP DROP IMG-CELLS @ doLIT 7 * XOR ?branch PC_04_2Dansi_IMG_22_IF_FALSE_1 IMGERR
PC_04_2Dansi_IMG_22_IF_FALSE_1:                             
             3156  2993 0c5f 073b 0014 2993 0019 0012 0581 07c3 1690 0017 000b; 2DUP IMG-CHECK HERE >R 2DUP SWAP R> ROT CMOVE ALLOT DROP EXIT
                                                            ; EMIT-IMAGE
             3162  2a5c                                     ; bucket link

             3163  8a0a                                     ; len('EMIT-IMAGE')
             3164  0045 004d 0049 0054 002d 0049 004d 0041 0047 0045; 'EMIT-IMAGE'
EMIT-IMAGE:                                                 
             316e                                           
             316e  0018 3120 0474 000c 0018 312e 0019 313b 0019; DUP IMG-WIDTH IMGW ! DUP IMG-HEIGHT SWAP IMG-DATA SWAP
PC_04_2Dansi_EMIT_2DIMAGE_BEGIN_1:                          
             3177  0018 0008 3185 0019 0474 000d 0cce 0bba 0019 0004 0001 29a0 0009 3177; DUP ?branch PC_04_2Dansi_EMIT_2DIMAGE_WHILE_END_2 SWAP IMGW @ EMIT-ROW7 CR SWAP doLIT 1 - branch PC_04_2Dansi_EMIT_2DIMAGE_BEGIN_1
PC_04_2Dansi_EMIT_2DIMAGE_WHILE_END_2:                      
             3185  058d 0c83 000b                           ; 2DROP ANSI-RESET EXIT
                                                            ; CP437-HLINE
             3188  310a                                     ; bucket link

             3189  8a0b                                     ; len('CP437-HLINE')
             318a  0043 0050 0034 0033 0037 002d 0048 004c 0049 004e 0045; 'CP437-HLINE'
CP437-HLINE:                                                
             3195                                           
             3195  0004 00c4 000b                           ; doLIT 196 EXIT
                                                            ; CP437-VLINE
             3198  3188                                     ; bucket link

             3199  8a0b                                     ; len('CP437-VLINE')
             319a  0043 0050 0034 0033 0037 002d 0056 004c 0049 004e 0045; 'CP437-VLINE'
CP437-VLINE:                                                
             31a5                                           
             31a5  0004 00b3 000b                           ; doLIT 179 EXIT
                                                            ; CP437-TL
             31a8  3198                                     ; bucket link

             31a9  9808                                     ; len('CP437-TL')
             31aa  0043 0050 0034 0033 0037 002d 0054 004c  ; 'CP437-TL'
CP437-TL:                                                   
             31b2                                           
             31b2  0004 00da 000b                           ; doLIT 218 EXIT
                                                            ; CP437-TR
             31b5  31a8                                     ; bucket link

             31b6  a408                                     ; len('CP437-TR')
             31b7  0043 0050 0034 0033 0037 002d 0054 0052  ; 'CP437-TR'
CP437-TR:                                                   
             31bf                                           
             31bf  0004 00bf 000b                           ; doLIT 191 EXIT
                                                            ; CP437-BL
             31c2  31b5                                     ; bucket link

             31c3  9808                                     ; len('CP437-BL')
             31c4  0043 0050 0034 0033 0037 002d 0042 004c  ; 'CP437-BL'
CP437-BL:                                                   
             31cc                                           
             31cc  0004 00c0 000b                           ; doLIT 192 EXIT
                                                            ; CP437-BR
             31cf  31c2                                     ; bucket link

             31d0  a408                                     ; len('CP437-BR')
             31d1  0043 0050 0034 0033 0037 002d 0042 0052  ; 'CP437-BR'
CP437-BR:                                                   
             31d9                                           
             31d9  0004 00d9 000b                           ; doLIT 217 EXIT
                                                            ; CP437-TDOWN
             31dc  31cf                                     ; bucket link

             31dd  9c0b                                     ; len('CP437-TDOWN')
             31de  0043 0050 0034 0033 0037 002d 0054 0044 004f 0057 004e; 'CP437-TDOWN'
CP437-TDOWN:                                                
             31e9                                           
             31e9  0004 00c2 000b                           ; doLIT 194 EXIT
                                                            ; CP437-TUP
             31ec  31dc                                     ; bucket link

             31ed  a009                                     ; len('CP437-TUP')
             31ee  0043 0050 0034 0033 0037 002d 0054 0055 0050; 'CP437-TUP'
CP437-TUP:                                                  
             31f7                                           
             31f7  0004 00c1 000b                           ; doLIT 193 EXIT
                                                            ; CP437-TRIGHT
             31fa  31ec                                     ; bucket link

             31fb  a80c                                     ; len('CP437-TRIGHT')
             31fc  0043 0050 0034 0033 0037 002d 0054 0052 0049 0047 0048 0054; 'CP437-TRIGHT'
CP437-TRIGHT:                                               
             3208                                           
             3208  0004 00c3 000b                           ; doLIT 195 EXIT
                                                            ; CP437-TLEFT
             320b  31fa                                     ; bucket link

             320c  a80b                                     ; len('CP437-TLEFT')
             320d  0043 0050 0034 0033 0037 002d 0054 004c 0045 0046 0054; 'CP437-TLEFT'
CP437-TLEFT:                                                
             3218                                           
             3218  0004 00b4 000b                           ; doLIT 180 EXIT
                                                            ; CP437-CROSS
             321b  320b                                     ; bucket link

             321c  a60b                                     ; len('CP437-CROSS')
             321d  0043 0050 0034 0033 0037 002d 0043 0052 004f 0053 0053; 'CP437-CROSS'
CP437-CROSS:                                                
             3228                                           
             3228  0004 00c5 000b                           ; doLIT 197 EXIT
                                                            ; precompiled from forth/Forth Sources/07-math.fs
                                                            ; SINQ-TABLE
             322b  0000                                     ; bucket link

             322c  8a0a                                     ; len('SINQ-TABLE')
             322d  0053 0049 004e 0051 002d 0054 0041 0042 004c 0045; 'SINQ-TABLE'
SINQ-TABLE:                                                 
             3237  0006                                     ; 6
             3238  0000                                     ; SINQ-TABLE data
             3239  00c9 0192 025b 0324 03ed 04b6 057f 0648 0711 07d9 08a2 096a 0a33 0afb 0bc4 0c8c; 201 402 603 804 1005 1206 1407 1608 1809 2009 2210 2410 2611 2811 3012 3212
             3249  0d54 0e1c 0ee3 0fab 1072 113a 1201 12c8 138f 1455 151c 15e2 16a8 176e 1833 18f9; 3412 3612 3811 4011 4210 4410 4609 4808 5007 5205 5404 5602 5800 5998 6195 6393
             3259  19be 1a82 1b47 1c0b 1ccf 1d93 1e57 1f1a 1fdd 209f 2161 2223 22e5 23a6 2467 2528; 6590 6786 6983 7179 7375 7571 7767 7962 8157 8351 8545 8739 8933 9126 9319 9512
             3269  25e8 26a8 2767 2826 28e5 29a3 2a61 2b1f 2bdc 2c99 2d55 2e11 2ecc 2f87 3041 30fb; 9704 9896 10087 10278 10469 10659 10849 11039 11228 11417 11605 11793 11980 12167 12353 12539
             3279  31b5 326e 3326 33df 3496 354d 3604 36ba 376f 3824 38d9 398c 3a40 3af2 3ba5 3c56; 12725 12910 13094 13279 13462 13645 13828 14010 14191 14372 14553 14732 14912 15090 15269 15446
             3289  3d07 3db8 3e68 3f17 3fc5 4073 4121 41ce 427a 4325 43d0 447a 4524 45cd 4675 471c; 15623 15800 15976 16151 16325 16499 16673 16846 17018 17189 17360 17530 17700 17869 18037 18204
             3299  47c3 4869 490f 49b4 4a58 4afb 4b9d 4c3f 4ce0 4d81 4e20 4ebf 4f5d 4ffb 5097 5133; 18371 18537 18703 18868 19032 19195 19357 19519 19680 19841 20000 20159 20317 20475 20631 20787
             32a9  51ce 5268 5302 539b 5432 54c9 5560 55f5 568a 571d 57b0 5842 58d3 5964 59f3 5a82; 20942 21096 21250 21403 21554 21705 21856 22005 22154 22301 22448 22594 22739 22884 23027 23170
             32b9  5b0f 5b9c 5c28 5cb3 5d3e 5dc7 5e4f 5ed7 5f5d 5fe3 6068 60eb 616e 61f0 6271 62f1; 23311 23452 23592 23731 23870 24007 24143 24279 24413 24547 24680 24811 24942 25072 25201 25329
             32c9  6370 63ee 646c 64e8 6563 65dd 6656 66cf 6746 67bc 6832 68a6 6919 698b 69fd 6a6d; 25456 25582 25708 25832 25955 26077 26198 26319 26438 26556 26674 26790 26905 27019 27133 27245
             32d9  6adc 6b4a 6bb7 6c23 6c8e 6cf8 6d61 6dc9 6e30 6e96 6efb 6f5e 6fc1 7022 7083 70e2; 27356 27466 27575 27683 27790 27896 28001 28105 28208 28310 28411 28510 28609 28706 28803 28898
             32e9  7140 719d 71f9 7254 72ae 7307 735e 73b5 740a 745f 74b2 7504 7555 75a5 75f3 7641; 28992 29085 29177 29268 29358 29447 29534 29621 29706 29791 29874 29956 30037 30117 30195 30273
             32f9  768d 76d8 7722 776b 77b3 77fa 783f 7884 78c7 7909 794a 7989 79c8 7a05 7a41 7a7c; 30349 30424 30498 30571 30643 30714 30783 30852 30919 30985 31050 31113 31176 31237 31297 31356
             3309  7ab6 7aee 7b26 7b5c 7b91 7bc5 7bf8 7c29 7c59 7c88 7cb6 7ce3 7d0e 7d39 7d62 7d89; 31414 31470 31526 31580 31633 31685 31736 31785 31833 31880 31926 31971 32014 32057 32098 32137
             3319  7db0 7dd5 7dfa 7e1d 7e3e 7e5f 7e7e 7e9c 7eb9 7ed5 7eef 7f09 7f21 7f37 7f4d 7f61; 32176 32213 32250 32285 32318 32351 32382 32412 32441 32469 32495 32521 32545 32567 32589 32609
             3329  7f74 7f86 7f97 7fa6 7fb4 7fc1 7fcd 7fd8 7fe1 7fe9 7ff0 7ff5 7ff9 7ffd 7ffe; 32628 32646 32663 32678 32692 32705 32717 32728 32737 32745 32752 32757 32761 32765 32766
                                                            ; POW2-TABLE
             3338  0000                                     ; bucket link

             3339  8a0a                                     ; len('POW2-TABLE')
             333a  0050 004f 0057 0032 002d 0054 0041 0042 004c 0045; 'POW2-TABLE'
POW2-TABLE:                                                 
             3344  0006                                     ; 6
             3345  0001                                     ; POW2-TABLE data
             3346  0002 0004 0008 0010 0020 0040 0080 0100 0200 0400 0800 1000 2000 4000 8000; 2 4 8 16 32 64 128 256 512 1024 2048 4096 8192 16384 -32768
                                                            ; LOG2I-TABLE
             3355  0000                                     ; bucket link

             3356  8a0b                                     ; len('LOG2I-TABLE')
             3357  004c 004f 0047 0032 0049 002d 0054 0041 0042 004c 0045; 'LOG2I-TABLE'
LOG2I-TABLE:                                                
             3362  0006                                     ; 6
             3363  0000                                     ; LOG2I-TABLE data
             3364  1000 2000 3000 4000 5000 6000 7000 8000 9000 a000 b000 c000 d000 e000 f000; 4096 8192 12288 16384 20480 24576 28672 -32768 -28672 -24576 -20480 -16384 -12288 -8192 -4096
                                                            ; LOG2F-TABLE
             3373  0000                                     ; bucket link

             3374  8a0b                                     ; len('LOG2F-TABLE')
             3375  004c 004f 0047 0032 0046 002d 0054 0041 0042 004c 0045; 'LOG2F-TABLE'
LOG2F-TABLE:                                                
             3380  0006                                     ; 6
             3381  0000                                     ; LOG2F-TABLE data
             3382  0017 002e 0045 005c 0072 0089 009f 00b6 00cc 00e2 00f9 010f 0125 013b 0150 0166; 23 46 69 92 114 137 159 182 204 226 249 271 293 315 336 358
             3392  017c 0192 01a7 01bd 01d2 01e7 01fc 0212 0227 023c 0251 0265 027a 028f 02a3 02b8; 380 402 423 445 466 487 508 530 551 572 593 613 634 655 675 696
             33a2  02cc 02e1 02f5 030a 031e 0332 0346 035a 036e 0382 0396 03a9 03bd 03d1 03e4 03f8; 716 737 757 778 798 818 838 858 878 898 918 937 957 977 996 1016
             33b2  040b 041e 0432 0445 0458 046b 047e 0491 04a4 04b7 04ca 04dc 04ef 0502 0514 0527; 1035 1054 1074 1093 1112 1131 1150 1169 1188 1207 1226 1244 1263 1282 1300 1319
             33c2  0539 054b 055e 0570 0582 0594 05a6 05b9 05cb 05dc 05ee 0600 0612 0624 0635 0647; 1337 1355 1374 1392 1410 1428 1446 1465 1483 1500 1518 1536 1554 1572 1589 1607
             33d2  0658 066a 067b 068d 069e 06b0 06c1 06d2 06e3 06f4 0705 0716 0727 0738 0749 075a; 1624 1642 1659 1677 1694 1712 1729 1746 1763 1780 1797 1814 1831 1848 1865 1882
             33e2  076b 077b 078c 079d 07ad 07be 07ce 07df 07ef 07ff 0810 0820 0830 0840 0850 0861; 1899 1915 1932 1949 1965 1982 1998 2015 2031 2047 2064 2080 2096 2112 2128 2145
             33f2  0871 0881 0890 08a0 08b0 08c0 08d0 08e0 08ef 08ff 090f 091e 092e 093d 094d 095c; 2161 2177 2192 2208 2224 2240 2256 2272 2287 2303 2319 2334 2350 2365 2381 2396
             3402  096b 097b 098a 0999 09a8 09b8 09c7 09d6 09e5 09f4 0a03 0a12 0a21 0a30 0a3e 0a4d; 2411 2427 2442 2457 2472 2488 2503 2518 2533 2548 2563 2578 2593 2608 2622 2637
             3412  0a5c 0a6b 0a79 0a88 0a97 0aa5 0ab4 0ac2 0ad1 0adf 0aee 0afc 0b0a 0b19 0b27 0b35; 2652 2667 2681 2696 2711 2725 2740 2754 2769 2783 2798 2812 2826 2841 2855 2869
             3422  0b43 0b51 0b5f 0b6e 0b7c 0b8a 0b98 0ba6 0bb3 0bc1 0bcf 0bdd 0beb 0bf9 0c06 0c14; 2883 2897 2911 2926 2940 2954 2968 2982 2995 3009 3023 3037 3051 3065 3078 3092
             3432  0c22 0c2f 0c3d 0c4a 0c58 0c66 0c73 0c80 0c8e 0c9b 0ca9 0cb6 0cc3 0cd0 0cde 0ceb; 3106 3119 3133 3146 3160 3174 3187 3200 3214 3227 3241 3254 3267 3280 3294 3307
             3442  0cf8 0d05 0d12 0d1f 0d2d 0d3a 0d47 0d54 0d60 0d6d 0d7a 0d87 0d94 0da1 0dae 0dba; 3320 3333 3346 3359 3373 3386 3399 3412 3424 3437 3450 3463 3476 3489 3502 3514
             3452  0dc7 0dd4 0de0 0ded 0dfa 0e06 0e13 0e1f 0e2c 0e38 0e45 0e51 0e5e 0e6a 0e76 0e83; 3527 3540 3552 3565 3578 3590 3603 3615 3628 3640 3653 3665 3678 3690 3702 3715
             3462  0e8f 0e9b 0ea7 0eb4 0ec0 0ecc 0ed8 0ee4 0ef0 0efc 0f09 0f15 0f21 0f2d 0f38 0f44; 3727 3739 3751 3764 3776 3788 3800 3812 3824 3836 3849 3861 3873 3885 3896 3908
             3472  0f50 0f5c 0f68 0f74 0f80 0f8b 0f97 0fa3 0faf 0fba 0fc6 0fd2 0fdd 0fe9 0ff4 1000; 3920 3932 3944 3956 3968 3979 3991 4003 4015 4026 4038 4050 4061 4073 4084 4096
                                                            ; LOG2D-TABLE
             3482  0000                                     ; bucket link

             3483  8a0b                                     ; len('LOG2D-TABLE')
             3484  004c 004f 0047 0032 0044 002d 0054 0041 0042 004c 0045; 'LOG2D-TABLE'
LOG2D-TABLE:                                                
             348f  0006                                     ; 6
             3490  0017                                     ; LOG2D-TABLE data
             3491  0017 0017 0017 0016 0017 0016 0017 0016 0016 0017 0016 0016 0016 0015 0016 0016; 23 23 23 22 23 22 23 22 22 23 22 22 22 21 22 22
             34a1  0016 0015 0016 0015 0015 0015 0016 0015 0015 0015 0014 0015 0015 0014 0015 0014; 22 21 22 21 21 21 22 21 21 21 20 21 21 20 21 20
             34b1  0015 0014 0015 0014 0014 0014 0014 0014 0014 0014 0013 0014 0014 0013 0014 0013; 21 20 21 20 20 20 20 20 20 20 19 20 20 19 20 19
             34c1  0013 0014 0013 0013 0013 0013 0013 0013 0013 0013 0012 0013 0013 0012 0013 0012; 19 20 19 19 19 19 19 19 19 19 18 19 19 18 19 18
             34d1  0012 0013 0012 0012 0012 0012 0013 0012 0011 0012 0012 0012 0012 0011 0012 0011; 18 19 18 18 18 18 19 18 17 18 18 18 18 17 18 17
             34e1  0012 0011 0012 0011 0012 0011 0011 0011 0011 0011 0011 0011 0011 0011 0011 0011; 18 17 18 17 18 17 17 17 17 17 17 17 17 17 17 17
             34f1  0010 0011 0011 0010 0011 0010 0011 0010 0010 0011 0010 0010 0010 0010 0011 0010; 16 17 17 16 17 16 17 16 16 17 16 16 16 16 17 16
             3501  0010 000f 0010 0010 0010 0010 0010 000f 0010 0010 000f 0010 000f 0010 000f 000f; 16 15 16 16 16 16 16 15 16 16 15 16 15 16 15 15
             3511  0010 000f 000f 000f 0010 000f 000f 000f 000f 000f 000f 000f 000f 000e 000f 000f; 16 15 15 15 16 15 15 15 15 15 15 15 15 14 15 15
             3521  000f 000e 000f 000f 000e 000f 000e 000f 000e 000f 000e 000e 000f 000e 000e 000e; 15 14 15 15 14 15 14 15 14 15 14 14 15 14 14 14
             3531  000e 000e 000f 000e 000e 000e 000e 000d 000e 000e 000e 000e 000e 000d 000e 000e; 14 14 15 14 14 14 14 13 14 14 14 14 14 13 14 14
             3541  000d 000e 000d 000e 000e 000d 000d 000e 000d 000e 000d 000d 000d 000e 000d 000d; 13 14 13 14 14 13 13 14 13 14 13 13 13 14 13 13
             3551  000d 000d 000d 000e 000d 000d 000d 000c 000d 000d 000d 000d 000d 000d 000c 000d; 13 13 13 14 13 13 13 12 13 13 13 13 13 13 12 13
             3561  000d 000c 000d 000d 000c 000d 000c 000d 000c 000d 000c 000d 000c 000c 000d 000c; 13 12 13 13 12 13 12 13 12 13 12 13 12 12 13 12
             3571  000c 000c 000d 000c 000c 000c 000c 000c 000c 000d 000c 000c 000c 000b 000c 000c; 12 12 13 12 12 12 12 12 12 13 12 12 12 11 12 12
             3581  000c 000c 000c 000c 000b 000c 000c 000c 000b 000c 000c 000b 000c 000b 000c; 12 12 12 12 11 12 12 12 11 12 12 11 12 11 12
                                                            ; EXP2F-TABLE
             3590  0000                                     ; bucket link

             3591  8a0b                                     ; len('EXP2F-TABLE')
             3592  0045 0058 0050 0032 0046 002d 0054 0041 0042 004c 0045; 'EXP2F-TABLE'
EXP2F-TABLE:                                                
             359d  0006                                     ; 6
             359e  1000                                     ; EXP2F-TABLE data
             359f  100b 1016 1021 102d 1038 1043 104e 105a 1065 1070 107c 1087 1093 109e 10aa 10b5; 4107 4118 4129 4141 4152 4163 4174 4186 4197 4208 4220 4231 4243 4254 4266 4277
             35af  10c1 10cd 10d8 10e4 10f0 10fb 1107 1113 111f 112b 1137 1143 114f 115b 1167 1173; 4289 4301 4312 4324 4336 4347 4359 4371 4383 4395 4407 4419 4431 4443 4455 4467
             35bf  117f 118b 1197 11a3 11b0 11bc 11c8 11d5 11e1 11ed 11fa 1206 1213 121f 122c 1238; 4479 4491 4503 4515 4528 4540 4552 4565 4577 4589 4602 4614 4627 4639 4652 4664
             35cf  1245 1252 125f 126b 1278 1285 1292 129f 12ac 12b8 12c5 12d3 12e0 12ed 12fa 1307; 4677 4690 4703 4715 4728 4741 4754 4767 4780 4792 4805 4819 4832 4845 4858 4871
             35df  1314 1321 132f 133c 1349 1357 1364 1372 137f 138d 139a 13a8 13b5 13c3 13d1 13df; 4884 4897 4911 4924 4937 4951 4964 4978 4991 5005 5018 5032 5045 5059 5073 5087
             35ef  13ec 13fa 1408 1416 1424 1432 1440 144e 145c 146a 1478 1487 1495 14a3 14b1 14c0; 5100 5114 5128 5142 5156 5170 5184 5198 5212 5226 5240 5255 5269 5283 5297 5312
             35ff  14ce 14dd 14eb 14fa 1508 1517 1525 1534 1543 1552 1560 156f 157e 158d 159c 15ab; 5326 5341 5355 5370 5384 5399 5413 5428 5443 5458 5472 5487 5502 5517 5532 5547
             360f  15ba 15c9 15d8 15e7 15f7 1606 1615 1624 1634 1643 1653 1662 1672 1681 1691 16a1; 5562 5577 5592 5607 5623 5638 5653 5668 5684 5699 5715 5730 5746 5761 5777 5793
             361f  16b0 16c0 16d0 16e0 16f0 16ff 170f 171f 1730 1740 1750 1760 1770 1780 1791 17a1; 5808 5824 5840 5856 5872 5887 5903 5919 5936 5952 5968 5984 6000 6016 6033 6049
             362f  17b1 17c2 17d2 17e3 17f4 1804 1815 1826 1836 1847 1858 1869 187a 188b 189c 18ad; 6065 6082 6098 6115 6132 6148 6165 6182 6198 6215 6232 6249 6266 6283 6300 6317
             363f  18be 18cf 18e0 18f2 1903 1914 1926 1937 1949 195a 196c 197e 198f 19a1 19b3 19c5; 6334 6351 6368 6386 6403 6420 6438 6455 6473 6490 6508 6526 6543 6561 6579 6597
             364f  19d6 19e8 19fa 1a0c 1a1e 1a31 1a43 1a55 1a67 1a7a 1a8c 1a9e 1ab1 1ac3 1ad6 1ae9; 6614 6632 6650 6668 6686 6705 6723 6741 6759 6778 6796 6814 6833 6851 6870 6889
             365f  1afb 1b0e 1b21 1b34 1b47 1b59 1b6c 1b7f 1b93 1ba6 1bb9 1bcc 1bdf 1bf3 1c06 1c1a; 6907 6926 6945 6964 6983 7001 7020 7039 7059 7078 7097 7116 7135 7155 7174 7194
             366f  1c2d 1c41 1c54 1c68 1c7c 1c8f 1ca3 1cb7 1ccb 1cdf 1cf3 1d07 1d1b 1d30 1d44 1d58; 7213 7233 7252 7272 7292 7311 7331 7351 7371 7391 7411 7431 7451 7472 7492 7512
             367f  1d6c 1d81 1d95 1daa 1dbe 1dd3 1de8 1dfd 1e11 1e26 1e3b 1e50 1e65 1e7a 1e8f 1ea5; 7532 7553 7573 7594 7614 7635 7656 7677 7697 7718 7739 7760 7781 7802 7823 7845
             368f  1eba 1ecf 1ee5 1efa 1f10 1f25 1f3b 1f50 1f66 1f7c 1f92 1fa8 1fbe 1fd4 1fea 2000; 7866 7887 7909 7930 7952 7973 7995 8016 8038 8060 8082 8104 8126 8148 8170 8192
                                                            ; EXP2D-TABLE
             369f  0000                                     ; bucket link

             36a0  8a0b                                     ; len('EXP2D-TABLE')
             36a1  0045 0058 0050 0032 0044 002d 0054 0041 0042 004c 0045; 'EXP2D-TABLE'
EXP2D-TABLE:                                                
             36ac  0006                                     ; 6
             36ad  000b                                     ; EXP2D-TABLE data
             36ae  000b 000b 000c 000b 000b 000b 000c 000b 000b 000c 000b 000c 000b 000c 000b 000c; 11 11 12 11 11 11 12 11 11 12 11 12 11 12 11 12
             36be  000c 000b 000c 000c 000b 000c 000c 000c 000c 000c 000c 000c 000c 000c 000c 000c; 12 11 12 12 11 12 12 12 12 12 12 12 12 12 12 12
             36ce  000c 000c 000c 000d 000c 000c 000d 000c 000c 000d 000c 000d 000c 000d 000c 000d; 12 12 12 13 12 12 13 12 12 13 12 13 12 13 12 13
             36de  000d 000d 000c 000d 000d 000d 000d 000d 000c 000d 000e 000d 000d 000d 000d 000d; 13 13 12 13 13 13 13 13 12 13 14 13 13 13 13 13
             36ee  000d 000e 000d 000d 000e 000d 000e 000d 000e 000d 000e 000d 000e 000e 000e 000d; 13 14 13 13 14 13 14 13 14 13 14 13 14 14 14 13
             36fe  000e 000e 000e 000e 000e 000e 000e 000e 000e 000e 000f 000e 000e 000e 000f 000e; 14 14 14 14 14 14 14 14 14 14 15 14 14 14 15 14
             370e  000f 000e 000f 000e 000f 000e 000f 000f 000f 000e 000f 000f 000f 000f 000f 000f; 15 14 15 14 15 14 15 15 15 14 15 15 15 15 15 15
             371e  000f 000f 000f 0010 000f 000f 000f 0010 000f 0010 000f 0010 000f 0010 0010 000f; 15 15 15 16 15 15 15 16 15 16 15 16 15 16 16 15
             372e  0010 0010 0010 0010 000f 0010 0010 0011 0010 0010 0010 0010 0010 0011 0010 0010; 16 16 16 16 15 16 16 17 16 16 16 16 16 17 16 16
             373e  0011 0010 0011 0011 0010 0011 0011 0010 0011 0011 0011 0011 0011 0011 0011 0011; 17 16 17 17 16 17 17 16 17 17 17 17 17 17 17 17
             374e  0011 0011 0012 0011 0011 0012 0011 0012 0011 0012 0012 0011 0012 0012 0012 0011; 17 17 18 17 17 18 17 18 17 18 18 17 18 18 18 17
             375e  0012 0012 0012 0012 0013 0012 0012 0012 0013 0012 0012 0013 0012 0013 0013 0012; 18 18 18 18 19 18 18 18 19 18 18 19 18 19 19 18
             376e  0013 0013 0013 0013 0012 0013 0013 0014 0013 0013 0013 0013 0014 0013 0014 0013; 19 19 19 19 18 19 19 20 19 19 19 19 20 19 20 19
             377e  0014 0013 0014 0014 0013 0014 0014 0014 0014 0014 0014 0014 0015 0014 0014 0014; 20 19 20 20 19 20 20 20 20 20 20 20 21 20 20 20
             378e  0015 0014 0015 0014 0015 0015 0015 0014 0015 0015 0015 0015 0015 0015 0016 0015; 21 20 21 20 21 21 21 20 21 21 21 21 21 21 22 21
             379e  0015 0016 0015 0016 0015 0016 0015 0016 0016 0016 0016 0016 0016 0016 0016; 21 22 21 22 21 22 21 22 22 22 22 22 22 22 22
                                                            ; ATANF-TABLE
             37ad  0000                                     ; bucket link

             37ae  8a0b                                     ; len('ATANF-TABLE')
             37af  0041 0054 0041 004e 0046 002d 0054 0041 0042 004c 0045; 'ATANF-TABLE'
ATANF-TABLE:                                                
             37ba  0006                                     ; 6
             37bb  0000                                     ; ATANF-TABLE data
             37bc  0029 0051 007a 00a3 00cc 00f4 011d 0146 016f 0197 01c0 01e9 0211 023a 0262 028b; 41 81 122 163 204 244 285 326 367 407 448 489 529 570 610 651
             37cc  02b4 02dc 0305 032d 0356 037e 03a7 03cf 03f7 0420 0448 0470 0499 04c1 04e9 0511; 692 732 773 813 854 894 935 975 1015 1056 1096 1136 1177 1217 1257 1297
             37dc  0539 0561 0589 05b1 05d9 0601 0629 0651 0678 06a0 06c8 06ef 0717 073e 0766 078d; 1337 1377 1417 1457 1497 1537 1577 1617 1656 1696 1736 1775 1815 1854 1894 1933
             37ec  07b5 07dc 0803 082a 0851 0878 089f 08c6 08ed 0914 093b 0961 0988 09ae 09d5 09fb; 1973 2012 2051 2090 2129 2168 2207 2246 2285 2324 2363 2401 2440 2478 2517 2555
             37fc  0a22 0a48 0a6e 0a94 0aba 0ae0 0b06 0b2c 0b51 0b77 0b9d 0bc2 0be7 0c0d 0c32 0c57; 2594 2632 2670 2708 2746 2784 2822 2860 2897 2935 2973 3010 3047 3085 3122 3159
             380c  0c7c 0ca1 0cc6 0ceb 0d10 0d34 0d59 0d7d 0da2 0dc6 0dea 0e0f 0e33 0e56 0e7a 0e9e; 3196 3233 3270 3307 3344 3380 3417 3453 3490 3526 3562 3599 3635 3670 3706 3742
             381c  0ec2 0ee5 0f09 0f2c 0f50 0f73 0f96 0fb9 0fdc 0fff 1021 1044 1067 1089 10ab 10ce; 3778 3813 3849 3884 3920 3955 3990 4025 4060 4095 4129 4164 4199 4233 4267 4302
             382c  10f0 1112 1134 1156 1177 1199 11bb 11dc 11fd 121f 1240 1261 1282 12a3 12c3 12e4; 4336 4370 4404 4438 4471 4505 4539 4572 4605 4639 4672 4705 4738 4771 4803 4836
             383c  1305 1325 1345 1366 1386 13a6 13c6 13e6 1405 1425 1444 1464 1483 14a2 14c1 14e0; 4869 4901 4933 4966 4998 5030 5062 5094 5125 5157 5188 5220 5251 5282 5313 5344
             384c  14ff 151e 153d 155b 157a 1598 15b7 15d5 15f3 1611 162f 164c 166a 1688 16a5 16c2; 5375 5406 5437 5467 5498 5528 5559 5589 5619 5649 5679 5708 5738 5768 5797 5826
             385c  16e0 16fd 171a 1737 1754 1770 178d 17aa 17c6 17e2 17fe 181b 1837 1853 186e 188a; 5856 5885 5914 5943 5972 6000 6029 6058 6086 6114 6142 6171 6199 6227 6254 6282
             386c  18a6 18c1 18dd 18f8 1913 192e 1949 1964 197f 199a 19b4 19cf 19e9 1a04 1a1e 1a38; 6310 6337 6365 6392 6419 6446 6473 6500 6527 6554 6580 6607 6633 6660 6686 6712
             387c  1a52 1a6c 1a86 1a9f 1ab9 1ad3 1aec 1b05 1b1f 1b38 1b51 1b6a 1b83 1b9c 1bb4 1bcd; 6738 6764 6790 6815 6841 6867 6892 6917 6943 6968 6993 7018 7043 7068 7092 7117
             388c  1be5 1bfe 1c16 1c2e 1c46 1c5e 1c76 1c8e 1ca6 1cbe 1cd5 1ced 1d04 1d1b 1d33 1d4a; 7141 7166 7190 7214 7238 7262 7286 7310 7334 7358 7381 7405 7428 7451 7475 7498
             389c  1d61 1d78 1d8e 1da5 1dbc 1dd3 1de9 1dff 1e16 1e2c 1e42 1e58 1e6e 1e84 1e9a 1eb0; 7521 7544 7566 7589 7612 7635 7657 7679 7702 7724 7746 7768 7790 7812 7834 7856
             38ac  1ec5 1edb 1ef0 1f06 1f1b 1f30 1f45 1f5a 1f6f 1f84 1f99 1fae 1fc3 1fd7 1fec 2000; 7877 7899 7920 7942 7963 7984 8005 8026 8047 8068 8089 8110 8131 8151 8172 8192
                                                            ; ATAND-TABLE
             38bc  0000                                     ; bucket link

             38bd  8a0b                                     ; len('ATAND-TABLE')
             38be  0041 0054 0041 004e 0044 002d 0054 0041 0042 004c 0045; 'ATAND-TABLE'
ATAND-TABLE:                                                
             38c9  0006                                     ; 6
             38ca  0029                                     ; ATAND-TABLE data
             38cb  0028 0029 0029 0029 0028 0029 0029 0029 0028 0029 0029 0028 0029 0028 0029 0029; 40 41 41 41 40 41 41 41 40 41 41 40 41 40 41 41
             38db  0028 0029 0028 0029 0028 0029 0028 0028 0029 0028 0028 0029 0028 0028 0028 0028; 40 41 40 41 40 41 40 40 41 40 40 41 40 40 40 40
             38eb  0028 0028 0028 0028 0028 0028 0028 0027 0028 0028 0027 0028 0027 0028 0027 0028; 40 40 40 40 40 40 40 39 40 40 39 40 39 40 39 40
             38fb  0027 0027 0027 0027 0027 0027 0027 0027 0027 0027 0026 0027 0026 0027 0026 0027; 39 39 39 39 39 39 39 39 39 39 38 39 38 39 38 39
             390b  0026 0026 0026 0026 0026 0026 0026 0025 0026 0026 0025 0025 0026 0025 0025 0025; 38 38 38 38 38 38 38 37 38 38 37 37 38 37 37 37
             391b  0025 0025 0025 0025 0024 0025 0024 0025 0024 0024 0025 0024 0023 0024 0024 0024; 37 37 37 37 36 37 36 37 36 36 37 36 35 36 36 36
             392b  0023 0024 0023 0024 0023 0023 0023 0023 0023 0022 0023 0023 0022 0022 0023 0022; 35 36 35 36 35 35 35 35 35 34 35 35 34 34 35 34
             393b  0022 0022 0022 0021 0022 0022 0021 0021 0022 0021 0021 0021 0021 0020 0021 0021; 34 34 34 33 34 34 33 33 34 33 33 33 33 32 33 33
             394b  0020 0020 0021 0020 0020 0020 0020 001f 0020 001f 0020 001f 001f 001f 001f 001f; 32 32 33 32 32 32 32 31 32 31 32 31 31 31 31 31
             395b  001f 001f 001e 001f 001e 001f 001e 001e 001e 001e 001d 001e 001e 001d 001d 001e; 31 31 30 31 30 31 30 30 30 30 29 30 30 29 29 30
             396b  001d 001d 001d 001d 001c 001d 001d 001c 001c 001c 001d 001c 001c 001b 001c 001c; 29 29 29 29 28 29 29 28 28 28 29 28 28 27 28 28
             397b  001b 001c 001b 001b 001b 001b 001b 001b 001b 001a 001b 001a 001b 001a 001a 001a; 27 28 27 27 27 27 27 27 27 26 27 26 27 26 26 26
             398b  001a 001a 0019 001a 001a 0019 0019 001a 0019 0019 0019 0019 0019 0018 0019 0018; 26 26 25 26 26 25 25 26 25 25 25 25 25 24 25 24
             399b  0019 0018 0018 0018 0018 0018 0018 0018 0018 0017 0018 0017 0017 0018 0017 0017; 25 24 24 24 24 24 24 24 24 23 24 23 23 24 23 23
             39ab  0017 0016 0017 0017 0017 0016 0016 0017 0016 0016 0016 0016 0016 0016 0016 0015; 23 22 23 23 23 22 22 23 22 22 22 22 22 22 22 21
             39bb  0016 0015 0016 0015 0015 0015 0015 0015 0015 0015 0015 0015 0014 0015 0014; 22 21 22 21 21 21 21 21 21 21 21 21 20 21 20
                                                            ; SINQ@
             39ca  0000                                     ; bucket link

             39cb  8005                                     ; len('SINQ@')
             39cc  0053 0049 004e 0051 0040                 ; 'SINQ@'
SINQ@:                                                      
             39d1                                           
             39d1  3237 0019 06bc 29cc 000d 000b            ; SINQ-TABLE SWAP CELLS + @ EXIT
                                                            ; POW2@
             39d7  0000                                     ; bucket link

             39d8  8005                                     ; len('POW2@')
             39d9  0050 004f 0057 0032 0040                 ; 'POW2@'
POW2@:                                                      
             39de                                           
             39de  3344 0019 06bc 29cc 000d 000b            ; POW2-TABLE SWAP CELLS + @ EXIT
                                                            ; LOG2I@
             39e4  0000                                     ; bucket link

             39e5  8006                                     ; len('LOG2I@')
             39e6  004c 004f 0047 0032 0049 0040            ; 'LOG2I@'
LOG2I@:                                                     
             39ec                                           
             39ec  3362 0019 06bc 29cc 000d 000b            ; LOG2I-TABLE SWAP CELLS + @ EXIT
                                                            ; LOG2F@
             39f2  0000                                     ; bucket link

             39f3  8006                                     ; len('LOG2F@')
             39f4  004c 004f 0047 0032 0046 0040            ; 'LOG2F@'
LOG2F@:                                                     
             39fa                                           
             39fa  3380 0019 06bc 29cc 000d 000b            ; LOG2F-TABLE SWAP CELLS + @ EXIT
                                                            ; LOG2D@
             3a00  0000                                     ; bucket link

             3a01  8006                                     ; len('LOG2D@')
             3a02  004c 004f 0047 0032 0044 0040            ; 'LOG2D@'
LOG2D@:                                                     
             3a08                                           
             3a08  348f 0019 06bc 29cc 000d 000b            ; LOG2D-TABLE SWAP CELLS + @ EXIT
                                                            ; EXP2F@
             3a0e  0000                                     ; bucket link

             3a0f  8006                                     ; len('EXP2F@')
             3a10  0045 0058 0050 0032 0046 0040            ; 'EXP2F@'
EXP2F@:                                                     
             3a16                                           
             3a16  359d 0019 06bc 29cc 000d 000b            ; EXP2F-TABLE SWAP CELLS + @ EXIT
                                                            ; EXP2D@
             3a1c  0000                                     ; bucket link

             3a1d  8006                                     ; len('EXP2D@')
             3a1e  0045 0058 0050 0032 0044 0040            ; 'EXP2D@'
EXP2D@:                                                     
             3a24                                           
             3a24  36ac 0019 06bc 29cc 000d 000b            ; EXP2D-TABLE SWAP CELLS + @ EXIT
                                                            ; ATANF@
             3a2a  0000                                     ; bucket link

             3a2b  8006                                     ; len('ATANF@')
             3a2c  0041 0054 0041 004e 0046 0040            ; 'ATANF@'
ATANF@:                                                     
             3a32                                           
             3a32  37ba 0019 06bc 29cc 000d 000b            ; ATANF-TABLE SWAP CELLS + @ EXIT
                                                            ; ATAND@
             3a38  0000                                     ; bucket link

             3a39  8006                                     ; len('ATAND@')
             3a3a  0041 0054 0041 004e 0044 0040            ; 'ATAND@'
ATAND@:                                                     
             3a40                                           
             3a40  38c9 0019 06bc 29cc 000d 000b            ; ATAND-TABLE SWAP CELLS + @ EXIT
                                                            ; Q15>
             3a46  160e                                     ; bucket link

             3a47  7c04                                     ; len('Q15>')
             3a48  0051 0031 0035 003e                      ; 'Q15>'
Q15>:                                                       
             3a4c                                           
             3a4c  0018 29cc 0014 001b 0037 0012 29cc 000b  ; DUP + >R 0< NEGATE R> + EXIT
                                                            ; Q15>R
             3a54  3a46                                     ; bucket link

             3a55  a405                                     ; len('Q15>R')
             3a56  0051 0031 0035 003e 0052                 ; 'Q15>R'
Q15>R:                                                      
             3a5b                                           
             3a5b  0019 0004 4000 001f 0581 29cc 3a4c 000b  ; SWAP doLIT 16384 UM+ ROT + Q15> EXIT
                                                            ; U/MOD
             3a63  2ed1                                     ; bucket link

             3a64  8805                                     ; len('U/MOD')
             3a65  0055 002f 004d 004f 0044                 ; 'U/MOD'
U/MOD:                                                      
             3a6a                                           
             3a6a  0014 0004 0000 0012 0605 000b            ; >R doLIT 0 R> UM/MOD EXIT
                                                            ; U/
             3a70  3a63                                     ; bucket link

             3a71  5e02                                     ; len('U/')
             3a72  0055 002f                                ; 'U/'
U/:                                                         
             3a74                                           
             3a74  3a6a 0019 0017 000b                      ; U/MOD SWAP DROP EXIT
                                                            ; U*/
             3a78  3a70                                     ; bucket link

             3a79  5e03                                     ; len('U*/')
             3a7a  0055 002a 002f                           ; 'U*/'
U*/:                                                        
             3a7d                                           
             3a7d  0014 0033 0012 0605 0019 0017 000b       ; >R UM* R> UM/MOD SWAP DROP EXIT
                                                            ; */ROUND
             3a84  0695                                     ; bucket link

             3a85  8807                                     ; len('*/ROUND')
             3a86  002a 002f 0052 004f 0055 004e 0044       ; '*/ROUND'
*/ROUND:                                                    
             3a8d                                           
             3a8d  0018 2987 0014 0690 0019 2987 0018 29cc 0013 05ba 0035 0008 3a9d 0004 0001 29cc; DUP ABS >R */MOD SWAP ABS DUP + R@ U< NOT ?branch PC_07_2Dmath__2A_2FROUND_IF_FALSE_1 doLIT 1 +
PC_07_2Dmath__2A_2FROUND_IF_FALSE_1:                        
             3a9d  0012 0017 000b                           ; R> DROP EXIT
                                                            ; I*F
             3aa0  313f                                     ; bucket link

             3aa1  8c03                                     ; len('I*F')
             3aa2  0049 002a 0046                           ; 'I*F'
I*F:                                                        
             3aa5                                           
             3aa5  067c 3a4c 000b                           ; M* Q15> EXIT
                                                            ; BIN>DEG
             3aa8  30d0                                     ; bucket link

             3aa9  8e07                                     ; len('BIN>DEG')
             3aaa  0042 0049 004e 003e 0044 0045 0047       ; 'BIN>DEG'
BIN>DEG:                                                    
             3ab1                                           
             3ab1  0004 002d 0004 2000 3a8d 000b            ; doLIT 45 doLIT 8192 */ROUND EXIT
                                                            ; DEG>BIN
             3ab7  30fc                                     ; bucket link

             3ab8  9c07                                     ; len('DEG>BIN')
             3ab9  0044 0045 0047 003e 0042 0049 004e       ; 'DEG>BIN'
DEG>BIN:                                                    
             3ac0                                           
             3ac0  0004 0168 0668 0004 2000 0004 002d 3a8d 000b; doLIT 360 MOD doLIT 8192 doLIT 45 */ROUND EXIT
                                                            ; BIN>DEG.S
             3ac9  3aa8                                     ; bucket link

             3aca  a609                                     ; len('BIN>DEG.S')
             3acb  0042 0049 004e 003e 0044 0045 0047 002e 0053; 'BIN>DEG.S'
BIN>DEG.S:                                                  
             3ad4                                           
             3ad4  0004 002d 0675 0004 2000 3a8d 000b       ; doLIT 45 * doLIT 8192 */ROUND EXIT
                                                            ; DEG.S>BIN
             3adb  3ab7                                     ; bucket link

             3adc  9c09                                     ; len('DEG.S>BIN')
             3add  0044 0045 0047 002e 0053 003e 0042 0049 004e; 'DEG.S>BIN'
DEG.S>BIN:                                                  
             3ae6                                           
             3ae6  0018 0004 0168 0675 0014 0019 0013 0668 0019 0004 002d 0675 0004 2000 0019 3a8d 0012 0017 000b; DUP doLIT 360 * >R SWAP R@ MOD SWAP doLIT 45 * doLIT 8192 SWAP */ROUND R> DROP EXIT
                                                            ; STEP16
             3af9  30f0                                     ; bucket link

             3afa  6c06                                     ; len('STEP16')
             3afb  0053 0054 0045 0050 0031 0036            ; 'STEP16'
STEP16:                                                     
             3b01                                           
             3b01  0004 0000 0014 0018 0004 0008 001c 0008 3b11 001a 0004 0002 2999 0012 29cc 0014; doLIT 0 >R DUP doLIT 8 AND ?branch PC_07_2Dmath_STEP16_IF_FALSE_1 OVER doLIT 2 / R> + >R
PC_07_2Dmath_STEP16_IF_FALSE_1:                             
             3b11  0018 0004 0004 001c 0008 3b1e 001a 0004 0004 2999 0012 29cc 0014; DUP doLIT 4 AND ?branch PC_07_2Dmath_STEP16_IF_FALSE_2 OVER doLIT 4 / R> + >R
PC_07_2Dmath_STEP16_IF_FALSE_2:                             
             3b1e  0018 0004 0002 001c 0008 3b2b 001a 0004 0008 2999 0012 29cc 0014; DUP doLIT 2 AND ?branch PC_07_2Dmath_STEP16_IF_FALSE_3 OVER doLIT 8 / R> + >R
PC_07_2Dmath_STEP16_IF_FALSE_3:                             
             3b2b  0018 0004 0001 001c 0008 3b38 001a 0004 0010 2999 0012 29cc 0014; DUP doLIT 1 AND ?branch PC_07_2Dmath_STEP16_IF_FALSE_4 OVER doLIT 16 / R> + >R
PC_07_2Dmath_STEP16_IF_FALSE_4:                             
             3b38  0017 0017 0012 000b                      ; DROP DROP R> EXIT
                                                            ; RATIOQ12
             3b3c  2ee2                                     ; bucket link

             3b3d  6408                                     ; len('RATIOQ12')
             3b3e  0052 0041 0054 0049 004f 0051 0031 0032  ; 'RATIOQ12'
RATIOQ12:                                                   
             3b46                                           
             3b46  0019 0004 1000 0581 3a7d 000b            ; SWAP doLIT 4096 ROT U*/ EXIT
                                                            ; LOG2-NORM
             3b4c  30db                                     ; bucket link

             3b4d  9a09                                     ; len('LOG2-NORM')
             3b4e  004c 004f 0047 0032 002d 004e 004f 0052 004d; 'LOG2-NORM'
LOG2-NORM:                                                  
             3b57                                           
             3b57  0004 000c 0019                           ; doLIT 12 SWAP
PC_07_2Dmath_LOG2_2DNORM_BEGIN_1:                           
             3b5a  0018 0004 2000 05ba 0004 0000 29a5 0008 3b6d 0004 0002 3a74 0019 0004 0001 29cc 0019 0009 3b5a; DUP doLIT 8192 U< doLIT 0 = ?branch PC_07_2Dmath_LOG2_2DNORM_WHILE_END_2 doLIT 2 U/ SWAP doLIT 1 + SWAP branch PC_07_2Dmath_LOG2_2DNORM_BEGIN_1
PC_07_2Dmath_LOG2_2DNORM_WHILE_END_2:                       
PC_07_2Dmath_LOG2_2DNORM_BEGIN_3:                           
             3b6d  0018 0004 1000 05ba 0008 3b7c 0018 29cc 0019 0004 0001 29a0 0019 0009 3b6d; DUP doLIT 4096 U< ?branch PC_07_2Dmath_LOG2_2DNORM_WHILE_END_4 DUP + SWAP doLIT 1 - SWAP branch PC_07_2Dmath_LOG2_2DNORM_BEGIN_3
PC_07_2Dmath_LOG2_2DNORM_WHILE_END_4:                       
             3b7c  000b                                     ; EXIT
                                                            ; LOG2-FRAC
             3b7d  3b4c                                     ; bucket link

             3b7e  8609                                     ; len('LOG2-FRAC')
             3b7f  004c 004f 0047 0032 002d 0046 0052 0041 0043; 'LOG2-FRAC'
LOG2-FRAC:                                                  
             3b88                                           
             3b88  0004 1000 29a0 0004 0010 065e 0018 3a08 0014 39fa 0012 0581 3b01 29cc 000b; doLIT 4096 - doLIT 16 /MOD DUP LOG2D@ >R LOG2F@ R> ROT STEP16 + EXIT
                                                            ; LOG2
             3b97  3b7d                                     ; bucket link

             3b98  6404                                     ; len('LOG2')
             3b99  004c 004f 0047 0032                      ; 'LOG2'
LOG2:                                                       
             3b9d                                           
             3b9d  0018 0004 0000 29a5 0008 3ba8 0017 0004 0000 0009 3bae; DUP doLIT 0 = ?branch PC_07_2Dmath_LOG2_IF_FALSE_1 DROP doLIT 0 branch PC_07_2Dmath_LOG2_IF_END_2
PC_07_2Dmath_LOG2_IF_FALSE_1:                               
             3ba8  3b57 0019 39ec 0019 3b88 29cc            ; LOG2-NORM SWAP LOG2I@ SWAP LOG2-FRAC +
PC_07_2Dmath_LOG2_IF_END_2:                                 
             3bae  000b                                     ; EXIT
                                                            ; EXP2-FRAC
             3baf  3162                                     ; bucket link

             3bb0  8609                                     ; len('EXP2-FRAC')
             3bb1  0045 0058 0050 0032 002d 0046 0052 0041 0043; 'EXP2-FRAC'
EXP2-FRAC:                                                  
             3bba                                           
             3bba  0018 0004 0fff 0019 05ca 0008 3bc6 0017 0004 2000 0009 3bd1; DUP doLIT 4095 SWAP < ?branch PC_07_2Dmath_EXP2_2DFRAC_IF_FALSE_1 DROP doLIT 8192 branch PC_07_2Dmath_EXP2_2DFRAC_IF_END_2
PC_07_2Dmath_EXP2_2DFRAC_IF_FALSE_1:                        
             3bc6  0004 0010 065e 0018 3a24 0014 3a16 0012 0581 3b01 29cc; doLIT 16 /MOD DUP EXP2D@ >R EXP2F@ R> ROT STEP16 +
PC_07_2Dmath_EXP2_2DFRAC_IF_END_2:                          
             3bd1  000b                                     ; EXIT
                                                            ; EXP2
             3bd2  3baf                                     ; bucket link

             3bd3  6404                                     ; len('EXP2')
             3bd4  0045 0058 0050 0032                      ; 'EXP2'
EXP2:                                                       
             3bd8                                           
             3bd8  0004 1000 3a6a 0014 3bba 0012 39de 0004 1000 3a7d 000b; doLIT 4096 U/MOD >R EXP2-FRAC R> POW2@ doLIT 4096 U*/ EXIT
                                                            ; B000
             3be3  3ac9                                     ; bucket link

             3be4  6004                                     ; len('B000')
             3be5  0042 0030 0030 0030                      ; 'B000'
B000:                                                       
             3be9                                           
             3be9  0004 0000 000b                           ; doLIT 0 EXIT
                                                            ; B001
             3bec  3be3                                     ; bucket link

             3bed  6204                                     ; len('B001')
             3bee  0042 0030 0030 0031                      ; 'B001'
B001:                                                       
             3bf2                                           
             3bf2  0004 00b6 000b                           ; doLIT 182 EXIT
                                                            ; B002
             3bf5  3bec                                     ; bucket link

             3bf6  6404                                     ; len('B002')
             3bf7  0042 0030 0030 0032                      ; 'B002'
B002:                                                       
             3bfb                                           
             3bfb  0004 016c 000b                           ; doLIT 364 EXIT
                                                            ; B003
             3bfe  3bf5                                     ; bucket link

             3bff  6604                                     ; len('B003')
             3c00  0042 0030 0030 0033                      ; 'B003'
B003:                                                       
             3c04                                           
             3c04  0004 0222 000b                           ; doLIT 546 EXIT
                                                            ; B005
             3c07  3bfe                                     ; bucket link

             3c08  6a04                                     ; len('B005')
             3c09  0042 0030 0030 0035                      ; 'B005'
B005:                                                       
             3c0d                                           
             3c0d  0004 038e 000b                           ; doLIT 910 EXIT
                                                            ; B010
             3c10  3c07                                     ; bucket link

             3c11  6004                                     ; len('B010')
             3c12  0042 0030 0031 0030                      ; 'B010'
B010:                                                       
             3c16                                           
             3c16  0004 071c 000b                           ; doLIT 1820 EXIT
                                                            ; B015
             3c19  3c10                                     ; bucket link

             3c1a  6a04                                     ; len('B015')
             3c1b  0042 0030 0031 0035                      ; 'B015'
B015:                                                       
             3c1f                                           
             3c1f  0004 0aab 000b                           ; doLIT 2731 EXIT
                                                            ; B030
             3c22  3c19                                     ; bucket link

             3c23  6004                                     ; len('B030')
             3c24  0042 0030 0033 0030                      ; 'B030'
B030:                                                       
             3c28                                           
             3c28  0004 1555 000b                           ; doLIT 5461 EXIT
                                                            ; B045
             3c2b  3c22                                     ; bucket link

             3c2c  6a04                                     ; len('B045')
             3c2d  0042 0030 0034 0035                      ; 'B045'
B045:                                                       
             3c31                                           
             3c31  0004 2000 000b                           ; doLIT 8192 EXIT
                                                            ; BINIAN/4
             3c34  3c2b                                     ; bucket link

             3c35  6808                                     ; len('BINIAN/4')
             3c36  0042 0049 004e 0049 0041 004e 002f 0034  ; 'BINIAN/4'
BINIAN/4:                                                   
             3c3e                                           
             3c3e  0004 4000 000b                           ; doLIT 16384 EXIT
                                                            ; B060
             3c41  3c34                                     ; bucket link

             3c42  6004                                     ; len('B060')
             3c43  0042 0030 0036 0030                      ; 'B060'
B060:                                                       
             3c47                                           
             3c47  0004 2aab 000b                           ; doLIT 10923 EXIT
                                                            ; B075
             3c4a  3c41                                     ; bucket link

             3c4b  6a04                                     ; len('B075')
             3c4c  0042 0030 0037 0035                      ; 'B075'
B075:                                                       
             3c50                                           
             3c50  0004 3555 000b                           ; doLIT 13653 EXIT
                                                            ; B090
             3c53  3c4a                                     ; bucket link

             3c54  6004                                     ; len('B090')
             3c55  0042 0030 0039 0030                      ; 'B090'
B090:                                                       
             3c59                                           
             3c59  3c3e 000b                                ; BINIAN/4 EXIT
                                                            ; B105
             3c5b  3c53                                     ; bucket link

             3c5c  6a04                                     ; len('B105')
             3c5d  0042 0031 0030 0035                      ; 'B105'
B105:                                                       
             3c61                                           
             3c61  0004 4aab 000b                           ; doLIT 19115 EXIT
                                                            ; B120
             3c64  3c5b                                     ; bucket link

             3c65  6004                                     ; len('B120')
             3c66  0042 0031 0032 0030                      ; 'B120'
B120:                                                       
             3c6a                                           
             3c6a  0004 5555 000b                           ; doLIT 21845 EXIT
                                                            ; B135
             3c6d  3c64                                     ; bucket link

             3c6e  6a04                                     ; len('B135')
             3c6f  0042 0031 0033 0035                      ; 'B135'
B135:                                                       
             3c73                                           
             3c73  0004 6000 000b                           ; doLIT 24576 EXIT
                                                            ; B150
             3c76  3c6d                                     ; bucket link

             3c77  6004                                     ; len('B150')
             3c78  0042 0031 0035 0030                      ; 'B150'
B150:                                                       
             3c7c                                           
             3c7c  0004 6aab 000b                           ; doLIT 27307 EXIT
                                                            ; B165
             3c7f  3c76                                     ; bucket link

             3c80  6a04                                     ; len('B165')
             3c81  0042 0031 0036 0035                      ; 'B165'
B165:                                                       
             3c85                                           
             3c85  0004 7555 000b                           ; doLIT 30037 EXIT
                                                            ; BINIAN/2
             3c88  3c7f                                     ; bucket link

             3c89  6408                                     ; len('BINIAN/2')
             3c8a  0042 0049 004e 0049 0041 004e 002f 0032  ; 'BINIAN/2'
BINIAN/2:                                                   
             3c92                                           
             3c92  0004 8000 000b                           ; doLIT -32768 EXIT
                                                            ; B180
             3c95  3c88                                     ; bucket link

             3c96  6004                                     ; len('B180')
             3c97  0042 0031 0038 0030                      ; 'B180'
B180:                                                       
             3c9b                                           
             3c9b  3c92 000b                                ; BINIAN/2 EXIT
                                                            ; B195
             3c9d  3c95                                     ; bucket link

             3c9e  6a04                                     ; len('B195')
             3c9f  0042 0031 0039 0035                      ; 'B195'
B195:                                                       
             3ca3                                           
             3ca3  0004 8aab 000b                           ; doLIT -30037 EXIT
                                                            ; B210
             3ca6  3c9d                                     ; bucket link

             3ca7  6004                                     ; len('B210')
             3ca8  0042 0032 0031 0030                      ; 'B210'
B210:                                                       
             3cac                                           
             3cac  0004 9555 000b                           ; doLIT -27307 EXIT
                                                            ; B225
             3caf  3ca6                                     ; bucket link

             3cb0  6a04                                     ; len('B225')
             3cb1  0042 0032 0032 0035                      ; 'B225'
B225:                                                       
             3cb5                                           
             3cb5  0004 a000 000b                           ; doLIT -24576 EXIT
                                                            ; B240
             3cb8  3caf                                     ; bucket link

             3cb9  6004                                     ; len('B240')
             3cba  0042 0032 0034 0030                      ; 'B240'
B240:                                                       
             3cbe                                           
             3cbe  0004 aaab 000b                           ; doLIT -21845 EXIT
                                                            ; B255
             3cc1  3cb8                                     ; bucket link

             3cc2  6a04                                     ; len('B255')
             3cc3  0042 0032 0035 0035                      ; 'B255'
B255:                                                       
             3cc7                                           
             3cc7  0004 b555 000b                           ; doLIT -19115 EXIT
                                                            ; BINIAN3/4
             3cca  3cc1                                     ; bucket link

             3ccb  6809                                     ; len('BINIAN3/4')
             3ccc  0042 0049 004e 0049 0041 004e 0033 002f 0034; 'BINIAN3/4'
BINIAN3/4:                                                  
             3cd5                                           
             3cd5  0004 c000 000b                           ; doLIT -16384 EXIT
                                                            ; B270
             3cd8  3cca                                     ; bucket link

             3cd9  6004                                     ; len('B270')
             3cda  0042 0032 0037 0030                      ; 'B270'
B270:                                                       
             3cde                                           
             3cde  3cd5 000b                                ; BINIAN3/4 EXIT
                                                            ; B285
             3ce0  3cd8                                     ; bucket link

             3ce1  6a04                                     ; len('B285')
             3ce2  0042 0032 0038 0035                      ; 'B285'
B285:                                                       
             3ce6                                           
             3ce6  0004 caab 000b                           ; doLIT -13653 EXIT
                                                            ; B300
             3ce9  3ce0                                     ; bucket link

             3cea  6004                                     ; len('B300')
             3ceb  0042 0033 0030 0030                      ; 'B300'
B300:                                                       
             3cef                                           
             3cef  0004 d555 000b                           ; doLIT -10923 EXIT
                                                            ; B315
             3cf2  3ce9                                     ; bucket link

             3cf3  6a04                                     ; len('B315')
             3cf4  0042 0033 0031 0035                      ; 'B315'
B315:                                                       
             3cf8                                           
             3cf8  0004 e000 000b                           ; doLIT -8192 EXIT
                                                            ; B330
             3cfb  3cf2                                     ; bucket link

             3cfc  6004                                     ; len('B330')
             3cfd  0042 0033 0033 0030                      ; 'B330'
B330:                                                       
             3d01                                           
             3d01  0004 eaab 000b                           ; doLIT -5461 EXIT
                                                            ; B345
             3d04  3cfb                                     ; bucket link

             3d05  6a04                                     ; len('B345')
             3d06  0042 0033 0034 0035                      ; 'B345'
B345:                                                       
             3d0a                                           
             3d0a  0004 f555 000b                           ; doLIT -2731 EXIT
                                                            ; SINQ
             3d0d  3af9                                     ; bucket link

             3d0e  a204                                     ; len('SINQ')
             3d0f  0053 0049 004e 0051                      ; 'SINQ'
SINQ:                                                       
             3d13                                           
             3d13  0004 0040 2999 39d1 000b                 ; doLIT 64 / SINQ@ EXIT
                                                            ; SIN
             3d18  3d0d                                     ; bucket link

             3d19  9c03                                     ; len('SIN')
             3d1a  0053 0049 004e                           ; 'SIN'
SIN:                                                        
             3d1d                                           
             3d1d  0018 0004 0000 29a5 0008 3d28 0017 0004 0000 0009 3d66; DUP doLIT 0 = ?branch PC_07_2Dmath_SIN_IF_FALSE_1 DROP doLIT 0 branch PC_07_2Dmath_SIN_IF_END_2
PC_07_2Dmath_SIN_IF_FALSE_1:                                
             3d28  0018 3c3e 29a5 0008 3d32 0017 0004 7fff 0009 3d66; DUP BINIAN/4 = ?branch PC_07_2Dmath_SIN_IF_FALSE_3 DROP doLIT 32767 branch PC_07_2Dmath_SIN_IF_END_4
PC_07_2Dmath_SIN_IF_FALSE_3:                                
             3d32  0018 3c92 29a5 0008 3d3c 0017 0004 0000 0009 3d66; DUP BINIAN/2 = ?branch PC_07_2Dmath_SIN_IF_FALSE_5 DROP doLIT 0 branch PC_07_2Dmath_SIN_IF_END_6
PC_07_2Dmath_SIN_IF_FALSE_5:                                
             3d3c  0018 3cd5 29a5 0008 3d46 0017 0004 8000 0009 3d66; DUP BINIAN3/4 = ?branch PC_07_2Dmath_SIN_IF_FALSE_7 DROP doLIT -32768 branch PC_07_2Dmath_SIN_IF_END_8
PC_07_2Dmath_SIN_IF_FALSE_7:                                
             3d46  0018 001b 0008 3d5a 0018 3cd5 05ca 0008 3d55 3c92 29cc 3d13 0037 0009 3d58; DUP 0< ?branch PC_07_2Dmath_SIN_IF_FALSE_9 DUP BINIAN3/4 < ?branch PC_07_2Dmath_SIN_IF_FALSE_10 BINIAN/2 + SINQ NEGATE branch PC_07_2Dmath_SIN_IF_END_11
PC_07_2Dmath_SIN_IF_FALSE_10:                               
             3d55  0037 3d13 0037                           ; NEGATE SINQ NEGATE
PC_07_2Dmath_SIN_IF_END_11:                                 
             3d58  0009 3d66                                ; branch PC_07_2Dmath_SIN_IF_END_12
PC_07_2Dmath_SIN_IF_FALSE_9:                                
             3d5a  0018 3c3e 05ca 0008 3d62 3d13 0009 3d66  ; DUP BINIAN/4 < ?branch PC_07_2Dmath_SIN_IF_FALSE_13 SINQ branch PC_07_2Dmath_SIN_IF_END_14
PC_07_2Dmath_SIN_IF_FALSE_13:                               
             3d62  0037 3c92 29cc 3d13                      ; NEGATE BINIAN/2 + SINQ
PC_07_2Dmath_SIN_IF_END_14:                                 
PC_07_2Dmath_SIN_IF_END_12:                                 
PC_07_2Dmath_SIN_IF_END_8:                                  
PC_07_2Dmath_SIN_IF_END_6:                                  
PC_07_2Dmath_SIN_IF_END_4:                                  
PC_07_2Dmath_SIN_IF_END_2:                                  
             3d66  000b                                     ; EXIT
                                                            ; COS
             3d67  321b                                     ; bucket link

             3d68  a603                                     ; len('COS')
             3d69  0043 004f 0053                           ; 'COS'
COS:                                                        
             3d6c                                           
             3d6c  3c3e 29cc 3d1d 000b                      ; BINIAN/4 + SIN EXIT
                                                            ; XCOMP
             3d70  28fd                                     ; bucket link

             3d71  a005                                     ; len('XCOMP')
             3d72  0058 0043 004f 004d 0050                 ; 'XCOMP'
XCOMP:                                                      
             3d77                                           
             3d77  3d6c 3aa5 000b                           ; COS I*F EXIT
                                                            ; YCOMP
             3d7a  0000                                     ; bucket link

             3d7b  a005                                     ; len('YCOMP')
             3d7c  0059 0043 004f 004d 0050                 ; 'YCOMP'
YCOMP:                                                      
             3d81                                           
             3d81  3d1d 3aa5 000b                           ; SIN I*F EXIT
                                                            ; ATANR
             3d84  2df8                                     ; bucket link

             3d85  a405                                     ; len('ATANR')
             3d86  0041 0054 0041 004e 0052                 ; 'ATANR'
ATANR:                                                      
             3d8b                                           
             3d8b  0018 0004 1000 29a5 0008 3d95 0017 3c31 0009 3da0; DUP doLIT 4096 = ?branch PC_07_2Dmath_ATANR_IF_FALSE_1 DROP B045 branch PC_07_2Dmath_ATANR_IF_END_2
PC_07_2Dmath_ATANR_IF_FALSE_1:                              
             3d95  0004 0010 065e 0018 3a40 0014 3a32 0012 0581 3b01 29cc; doLIT 16 /MOD DUP ATAND@ >R ATANF@ R> ROT STEP16 +
PC_07_2Dmath_ATANR_IF_END_2:                                
             3da0  000b                                     ; EXIT
                                                            ; ATAN2
             3da1  3d84                                     ; bucket link

             3da2  6405                                     ; len('ATAN2')
             3da3  0041 0054 0041 004e 0032                 ; 'ATAN2'
ATAN2:                                                      
             3da8                                           
             3da8  2993 001d 0004 0000 29a5 0008 3db4 058d 0004 0000 0009 3de6; 2DUP OR doLIT 0 = ?branch PC_07_2Dmath_ATAN2_IF_FALSE_1 2DROP doLIT 0 branch PC_07_2Dmath_ATAN2_IF_END_2
PC_07_2Dmath_ATAN2_IF_FALSE_1:                              
             3db4  2993 2987 0019 2987 2993 05ba 0008 3dc3 3b46 3d8b 3c59 0019 29a0 0009 3dc6; 2DUP ABS SWAP ABS 2DUP U< ?branch PC_07_2Dmath_ATAN2_IF_FALSE_3 RATIOQ12 ATANR B090 SWAP - branch PC_07_2Dmath_ATAN2_IF_END_4
PC_07_2Dmath_ATAN2_IF_FALSE_3:                              
             3dc3  0019 3b46 3d8b                           ; SWAP RATIOQ12 ATANR
PC_07_2Dmath_ATAN2_IF_END_4:                                
             3dc6  0014 0018 001b 0008 3ddb 0019 001b 0008 3dd5 0017 3c9b 0012 29cc 0009 3dd9; >R DUP 0< ?branch PC_07_2Dmath_ATAN2_IF_FALSE_5 SWAP 0< ?branch PC_07_2Dmath_ATAN2_IF_FALSE_6 DROP B180 R> + branch PC_07_2Dmath_ATAN2_IF_END_7
PC_07_2Dmath_ATAN2_IF_FALSE_6:                              
             3dd5  0017 3c9b 0012 29a0                      ; DROP B180 R> -
PC_07_2Dmath_ATAN2_IF_END_7:                                
             3dd9  0009 3de6                                ; branch PC_07_2Dmath_ATAN2_IF_END_8
PC_07_2Dmath_ATAN2_IF_FALSE_5:                              
             3ddb  0019 001b 0008 3de4 0017 0012 0037 0009 3de6; SWAP 0< ?branch PC_07_2Dmath_ATAN2_IF_FALSE_9 DROP R> NEGATE branch PC_07_2Dmath_ATAN2_IF_END_10
PC_07_2Dmath_ATAN2_IF_FALSE_9:                              
             3de4  0017 0012                                ; DROP R>
PC_07_2Dmath_ATAN2_IF_END_10:                               
PC_07_2Dmath_ATAN2_IF_END_8:                                
PC_07_2Dmath_ATAN2_IF_END_2:                                
             3de6  000b                                     ; EXIT
                                                            ; SQRT
             3de7  3d18                                     ; bucket link

             3de8  a804                                     ; len('SQRT')
             3de9  0053 0051 0052 0054                      ; 'SQRT'
SQRT:                                                       
             3ded                                           
             3ded  0004 0000 0019 0004 0001                 ; doLIT 0 SWAP doLIT 1
PC_07_2Dmath_SQRT_BEGIN_1:                                  
             3df2  001a 001a 05ba 0004 0000 29a5 0008 3e0c 001a 001a 29a0 0014 0019 0017 0004 0002 29cc 0019 0004 0001 29cc 0019 0012 0019 0009 3df2; OVER OVER U< doLIT 0 = ?branch PC_07_2Dmath_SQRT_WHILE_END_2 OVER OVER - >R SWAP DROP doLIT 2 + SWAP doLIT 1 + SWAP R> SWAP branch PC_07_2Dmath_SQRT_BEGIN_1
PC_07_2Dmath_SQRT_WHILE_END_2:                              
             3e0c  0017 0017 000b                           ; DROP DROP EXIT
                                                            ; precompiled from forth/Forth Sources/03-fstrings.fs
                                                            ; ~err
             3e0f  0000                                     ; bucket link

             3e10  e404                                     ; len('~err')
             3e11  007e 0065 0072 0072                      ; '~err'
~err:                                                       
             3e15                                           
             3e15  0004 ffff                                ; doLIT -1
             3e17  188f                                     ; abort"
             3e18  000c                                     
             3e19  0062 0061 0064 0020 0066 002d 0073 0074 0072 0069 006e 0067; 'bad f-string'
             3e25  000b                                     ; EXIT
                                                            ; ~pad
             3e26  0000                                     ; bucket link

             3e27  c804                                     ; len('~pad')
             3e28  007e 0070 0061 0064                      ; '~pad'
~pad:                                                       
             3e2c                                           
             3e2c  0004 0000 05da 0018 0008 3e3a 0004 0001 29a0 3e2c 06cb 0d4f 0009 3e3b; doLIT 0 MAX DUP ?branch PC_03_2Dfstrings__7Epad_IF_FALSE_1 doLIT 1 - ~pad BL %appc branch PC_03_2Dfstrings__7Epad_IF_END_2
PC_03_2Dfstrings__7Epad_IF_FALSE_1:                         
             3e3a  0017                                     ; DROP
PC_03_2Dfstrings__7Epad_IF_END_2:                           
             3e3b  000b                                     ; EXIT
                                                            ; ~wtype
             3e3c  0000                                     ; bucket link

             3e3d  ca06                                     ; len('~wtype')
             3e3e  007e 0077 0074 0079 0070 0065            ; '~wtype'
~wtype:                                                     
             3e44                                           
             3e44  02d2 000d 001a 29a0 3e2c 0d60 000b       ; %mtw @ OVER - ~pad %appb EXIT
                                                            ; ~char
             3e4b  0000                                     ; bucket link

             3e4c  e405                                     ; len('~char')
             3e4d  007e 0063 0068 0061 0072                 ; '~char'
~char:                                                      
             3e52                                           
             3e52  0018 0004 0100 05ba 0008 3e59 000b       ; DUP doLIT 256 U< ?branch PC_03_2Dfstrings__7Echar_IF_FALSE_1 EXIT
PC_03_2Dfstrings__7Echar_IF_FALSE_1:                        
             3e59  0004 0100 065e 0019 0017 000b            ; doLIT 256 /MOD SWAP DROP EXIT
                                                            ; ~next-char
             3e5f  0000                                     ; bucket link

             3e60  e40a                                     ; len('~next-char')
             3e61  007e 006e 0065 0078 0074 002d 0063 0068 0061 0072; '~next-char'
~next-char:                                                 
             3e6b                                           
             3e6b  0019 0004 0001 29cc 0019 0004 0001 29a0 000b; SWAP doLIT 1 + SWAP doLIT 1 - EXIT
                                                            ; ~nzlen
             3e74  0000                                     ; bucket link

             3e75  dc06                                     ; len('~nzlen')
             3e76  007e 006e 007a 006c 0065 006e            ; '~nzlen'
~nzlen:                                                     
             3e7c                                           
             3e7c  0018 0008 3e91 001a 000f 3e52 0008 3e88 0004 0001 0009 3e8a; DUP ?branch PC_03_2Dfstrings__7Enzlen_IF_FALSE_1 OVER C@ ~char ?branch PC_03_2Dfstrings__7Enzlen_IF_FALSE_2 doLIT 1 branch PC_03_2Dfstrings__7Enzlen_IF_END_3
PC_03_2Dfstrings__7Enzlen_IF_FALSE_2:                       
             3e88  0004 0000                                ; doLIT 0
PC_03_2Dfstrings__7Enzlen_IF_END_3:                         
             3e8a  0014 3e6b 3e7c 0012 29cc 0009 3e94       ; >R ~next-char ~nzlen R> + branch PC_03_2Dfstrings__7Enzlen_IF_END_4
PC_03_2Dfstrings__7Enzlen_IF_FALSE_1:                       
             3e91  058d 0004 0000                           ; 2DROP doLIT 0
PC_03_2Dfstrings__7Enzlen_IF_END_4:                         
             3e94  000b                                     ; EXIT
                                                            ; ~appnz
             3e95  0000                                     ; bucket link

             3e96  f406                                     ; len('~appnz')
             3e97  007e 0061 0070 0070 006e 007a            ; '~appnz'
~appnz:                                                     
             3e9d                                           
             3e9d  0018 0008 3eae 001a 000f 3e52 0576 0008 3ea9 0d4f 0009 3eaa; DUP ?branch PC_03_2Dfstrings__7Eappnz_IF_FALSE_1 OVER C@ ~char ?DUP ?branch PC_03_2Dfstrings__7Eappnz_IF_FALSE_2 %appc branch PC_03_2Dfstrings__7Eappnz_IF_END_3
PC_03_2Dfstrings__7Eappnz_IF_FALSE_2:                       
             3ea9  0017                                     ; DROP
PC_03_2Dfstrings__7Eappnz_IF_END_3:                         
             3eaa  3e6b 3e9d 0009 3eaf                      ; ~next-char ~appnz branch PC_03_2Dfstrings__7Eappnz_IF_END_4
PC_03_2Dfstrings__7Eappnz_IF_FALSE_1:                       
             3eae  058d                                     ; 2DROP
PC_03_2Dfstrings__7Eappnz_IF_END_4:                         
             3eaf  000b                                     ; EXIT
                                                            ; ~wtype-nz
             3eb0  0000                                     ; bucket link

             3eb1  f409                                     ; len('~wtype-nz')
             3eb2  007e 0077 0074 0079 0070 0065 002d 006e 007a; '~wtype-nz'
~wtype-nz:                                                  
             3ebb                                           
             3ebb  2993 3e7c 02d2 000d 0019 29a0 3e2c 3e9d 000b; 2DUP ~nzlen %mtw @ SWAP - ~pad ~appnz EXIT
                                                            ; ~xstr
             3ec4  0000                                     ; bucket link

             3ec5  e405                                     ; len('~xstr')
             3ec6  007e 0078 0073 0074 0072                 ; '~xstr'
~xstr:                                                      
             3ecb                                           
             3ecb  0287 000d 0014 08b3 0861 0881 0899 0012 0287 000c 000b; BASE @ >R HEX <# #S #> R> BASE ! EXIT
                                                            ; ~pdigits
             3ed6  0000                                     ; bucket link

             3ed7  e608                                     ; len('~pdigits')
             3ed8  007e 0070 0064 0069 0067 0069 0074 0073  ; '~pdigits'
~pdigits:                                                   
             3ee0                                           
             3ee0  0018 0008 3eec 0004 0001 29a0 0014 0878 0012 3ee0 0009 3eed; DUP ?branch PC_03_2Dfstrings__7Epdigits_IF_FALSE_1 doLIT 1 - >R # R> ~pdigits branch PC_03_2Dfstrings__7Epdigits_IF_END_2
PC_03_2Dfstrings__7Epdigits_IF_FALSE_1:                     
             3eec  0017                                     ; DROP
PC_03_2Dfstrings__7Epdigits_IF_END_2:                       
             3eed  000b                                     ; EXIT
                                                            ; ~pstr
             3eee  0000                                     ; bucket link

             3eef  e405                                     ; len('~pstr')
             3ef0  007e 0070 0073 0074 0072                 ; '~pstr'
~pstr:                                                      
             3ef5                                           
             3ef5  0018 0014 2987 0861 02de 000d 0018 0008 3f04 3ee0 0004 002e 086b 0009 3f05; DUP >R ABS <# %mtp @ DUP ?branch PC_03_2Dfstrings__7Epstr_IF_FALSE_1 ~pdigits doLIT 46 HOLD branch PC_03_2Dfstrings__7Epstr_IF_END_2
PC_03_2Dfstrings__7Epstr_IF_FALSE_1:                        
             3f04  0017                                     ; DROP
PC_03_2Dfstrings__7Epstr_IF_END_2:                          
             3f05  0881 0012 088e 0899 000b                 ; #S R> SIGN #> EXIT
                                                            ; ~outd
             3f0a  0000                                     ; bucket link

             3f0b  c805                                     ; len('~outd')
             3f0c  007e 006f 0075 0074 0064                 ; '~outd'
~outd:                                                      
             3f11                                           
             3f11  02de 000d 001b 0008 3f1a 08a5 3ebb 0009 3f1c; %mtp @ 0< ?branch PC_03_2Dfstrings__7Eoutd_IF_FALSE_1 str ~wtype-nz branch PC_03_2Dfstrings__7Eoutd_IF_END_2
PC_03_2Dfstrings__7Eoutd_IF_FALSE_1:                        
             3f1a  3ef5 3ebb                                ; ~pstr ~wtype-nz
PC_03_2Dfstrings__7Eoutd_IF_END_2:                          
             3f1c  000b                                     ; EXIT
                                                            ; ~outu
             3f1d  0000                                     ; bucket link

             3f1e  ea05                                     ; len('~outu')
             3f1f  007e 006f 0075 0074 0075                 ; '~outu'
~outu:                                                      
             3f24                                           
             3f24  02de 000d 001b 0008 3f2f 0861 0881 0899 3ebb 0009 3f30; %mtp @ 0< ?branch PC_03_2Dfstrings__7Eoutu_IF_FALSE_1 <# #S #> ~wtype-nz branch PC_03_2Dfstrings__7Eoutu_IF_END_2
PC_03_2Dfstrings__7Eoutu_IF_FALSE_1:                        
             3f2f  3e15                                     ; ~err
PC_03_2Dfstrings__7Eoutu_IF_END_2:                          
             3f30  000b                                     ; EXIT
                                                            ; ~outx
             3f31  0000                                     ; bucket link

             3f32  f005                                     ; len('~outx')
             3f33  007e 006f 0075 0074 0078                 ; '~outx'
~outx:                                                      
             3f38                                           
             3f38  02de 000d 001b 0008 3f41 3ecb 3ebb 0009 3f42; %mtp @ 0< ?branch PC_03_2Dfstrings__7Eoutx_IF_FALSE_1 ~xstr ~wtype-nz branch PC_03_2Dfstrings__7Eoutx_IF_END_2
PC_03_2Dfstrings__7Eoutx_IF_FALSE_1:                        
             3f41  3e15                                     ; ~err
PC_03_2Dfstrings__7Eoutx_IF_END_2:                          
             3f42  000b                                     ; EXIT
                                                            ; ~outc
             3f43  0000                                     ; bucket link

             3f44  c605                                     ; len('~outc')
             3f45  007e 006f 0075 0074 0063                 ; '~outc'
~outc:                                                      
             3f4a                                           
             3f4a  02de 000d 001b 0008 3f58 02d2 000d 0004 0001 29a0 3e2c 0d4f 0009 3f59; %mtp @ 0< ?branch PC_03_2Dfstrings__7Eoutc_IF_FALSE_1 %mtw @ doLIT 1 - ~pad %appc branch PC_03_2Dfstrings__7Eoutc_IF_END_2
PC_03_2Dfstrings__7Eoutc_IF_FALSE_1:                        
             3f58  3e15                                     ; ~err
PC_03_2Dfstrings__7Eoutc_IF_END_2:                          
             3f59  000b                                     ; EXIT
                                                            ; ~outs
             3f5a  0000                                     ; bucket link

             3f5b  e605                                     ; len('~outs')
             3f5c  007e 006f 0075 0074 0073                 ; '~outs'
~outs:                                                      
             3f61                                           
             3f61  02de 000d 001b 0008 3f69 3e44 0009 3f6a  ; %mtp @ 0< ?branch PC_03_2Dfstrings__7Eouts_IF_FALSE_1 ~wtype branch PC_03_2Dfstrings__7Eouts_IF_END_2
PC_03_2Dfstrings__7Eouts_IF_FALSE_1:                        
             3f69  3e15                                     ; ~err
PC_03_2Dfstrings__7Eouts_IF_END_2:                          
             3f6a  000b                                     ; EXIT
                                                            ; ~pow10
             3f6b  0000                                     ; bucket link

             3f6c  6006                                     ; len('~pow10')
             3f6d  007e 0070 006f 0077 0031 0030            ; '~pow10'
~pow10:                                                     
             3f73                                           
             3f73  0018 0008 3f7f 0004 0001 29a0 3f73 0004 000a 0675 0009 3f82; DUP ?branch PC_03_2Dfstrings__7Epow10_IF_FALSE_1 doLIT 1 - ~pow10 doLIT 10 * branch PC_03_2Dfstrings__7Epow10_IF_END_2
PC_03_2Dfstrings__7Epow10_IF_FALSE_1:                       
             3f7f  0017 0004 0001                           ; DROP doLIT 1
PC_03_2Dfstrings__7Epow10_IF_END_2:                         
             3f82  000b                                     ; EXIT
                                                            ; ~outa
             3f83  0000                                     ; bucket link

             3f84  c205                                     ; len('~outa')
             3f85  007e 006f 0075 0074 0061                 ; '~outa'
~outa:                                                      
             3f8a                                           
             3f8a  02de 000d 001b 0008 3f93 0004 0000 02de 000c; %mtp @ 0< ?branch PC_03_2Dfstrings__7Eouta_IF_FALSE_1 doLIT 0 %mtp !
PC_03_2Dfstrings__7Eouta_IF_FALSE_1:                        
             3f93  02de 000d 0008 3f9d 02de 000d 3f73 3ad4 0009 3f9e; %mtp @ ?branch PC_03_2Dfstrings__7Eouta_IF_FALSE_2 %mtp @ ~pow10 BIN>DEG.S branch PC_03_2Dfstrings__7Eouta_IF_END_3
PC_03_2Dfstrings__7Eouta_IF_FALSE_2:                        
             3f9d  3ab1                                     ; BIN>DEG
PC_03_2Dfstrings__7Eouta_IF_END_3:                          
             3f9e  3f11 000b                                ; ~outd EXIT
                                                            ; ~c@
             3fa0  0000                                     ; bucket link

             3fa1  8003                                     ; len('~c@')
             3fa2  007e 0063 0040                           ; '~c@'
~c@:                                                        
             3fa5                                           
             3fa5  02ba 000d 000f 000b                      ; %mta @ C@ EXIT
                                                            ; ~width-digits
             3fa9  0000                                     ; bucket link

             3faa  e60d                                     ; len('~width-digits')
             3fab  007e 0077 0069 0064 0074 0068 002d 0064 0069 0067 0069 0074 0073; '~width-digits'
~width-digits:                                              
             3fb8                                           
             3fb8  02c6 000d 0008 3fd4 3fa5 0004 0030 0004 003a 05f6 0008 3fd4 3fa5 0004 0030 29a0 02d2 000d 0004 000a 0675 29cc 02d2 000c 0004 0001 0d08 3fb8; %mtu @ ?branch PC_03_2Dfstrings__7Ewidth_2Ddigits_IF_FALSE_1 ~c@ doLIT 48 doLIT 58 WITHIN ?branch PC_03_2Dfstrings__7Ewidth_2Ddigits_IF_FALSE_2 ~c@ doLIT 48 - %mtw @ doLIT 10 * + %mtw ! doLIT 1 %adv ~width-digits
PC_03_2Dfstrings__7Ewidth_2Ddigits_IF_FALSE_2:              
PC_03_2Dfstrings__7Ewidth_2Ddigits_IF_FALSE_1:              
             3fd4  000b                                     ; EXIT
                                                            ; ~prec-digits
             3fd5  0000                                     ; bucket link

             3fd6  e60c                                     ; len('~prec-digits')
             3fd7  007e 0070 0072 0065 0063 002d 0064 0069 0067 0069 0074 0073; '~prec-digits'
~prec-digits:                                               
             3fe3                                           
             3fe3  02c6 000d 0008 4003 3fa5 0004 0030 0004 003a 05f6 0008 4003 0004 ffff 02ea 000c 3fa5 0004 0030 29a0 02de 000d 0004 000a 0675 29cc 02de 000c 0004 0001 0d08 3fe3; %mtu @ ?branch PC_03_2Dfstrings__7Eprec_2Ddigits_IF_FALSE_1 ~c@ doLIT 48 doLIT 58 WITHIN ?branch PC_03_2Dfstrings__7Eprec_2Ddigits_IF_FALSE_2 doLIT -1 %mtf ! ~c@ doLIT 48 - %mtp @ doLIT 10 * + %mtp ! doLIT 1 %adv ~prec-digits
PC_03_2Dfstrings__7Eprec_2Ddigits_IF_FALSE_2:               
PC_03_2Dfstrings__7Eprec_2Ddigits_IF_FALSE_1:               
             4003  000b                                     ; EXIT
                                                            ; ~default?
             4004  0000                                     ; bucket link

             4005  7e09                                     ; len('~default?')
             4006  007e 0064 0065 0066 0061 0075 006c 0074 003f; '~default?'
~default?:                                                  
             400f                                           
             400f  3fa5 0004 007d 29a5 000b                 ; ~c@ doLIT 125 = EXIT
                                                            ; ~type-sa
             4014  0000                                     ; bucket link

             4015  c208                                     ; len('~type-sa')
             4016  007e 0074 0079 0070 0065 002d 0073 0061  ; '~type-sa'
~type-sa:                                                   
             401e                                           
             401e  0018 0004 0073 29a5 0008 4028 0017 3f61 0009 4034; DUP doLIT 115 = ?branch PC_03_2Dfstrings__7Etype_2Dsa_IF_FALSE_1 DROP ~outs branch PC_03_2Dfstrings__7Etype_2Dsa_IF_END_2
PC_03_2Dfstrings__7Etype_2Dsa_IF_FALSE_1:                   
             4028  0018 0004 0061 29a5 0008 4032 0017 3f8a 0009 4034; DUP doLIT 97 = ?branch PC_03_2Dfstrings__7Etype_2Dsa_IF_FALSE_3 DROP ~outa branch PC_03_2Dfstrings__7Etype_2Dsa_IF_END_4
PC_03_2Dfstrings__7Etype_2Dsa_IF_FALSE_3:                   
             4032  0017 3e15                                ; DROP ~err
PC_03_2Dfstrings__7Etype_2Dsa_IF_END_4:                     
PC_03_2Dfstrings__7Etype_2Dsa_IF_END_2:                     
             4034  000b                                     ; EXIT
                                                            ; ~type-dispatch
             4035  0000                                     ; bucket link

             4036  d00e                                     ; len('~type-dispatch')
             4037  007e 0074 0079 0070 0065 002d 0064 0069 0073 0070 0061 0074 0063 0068; '~type-dispatch'
~type-dispatch:                                             
             4045                                           
             4045  0018 0004 0064 29a5 0008 404f 0017 3f11 0009 406e; DUP doLIT 100 = ?branch PC_03_2Dfstrings__7Etype_2Ddispatch_IF_FALSE_1 DROP ~outd branch PC_03_2Dfstrings__7Etype_2Ddispatch_IF_END_2
PC_03_2Dfstrings__7Etype_2Ddispatch_IF_FALSE_1:             
             404f  0018 0004 0075 29a5 0008 4059 0017 3f24 0009 406e; DUP doLIT 117 = ?branch PC_03_2Dfstrings__7Etype_2Ddispatch_IF_FALSE_3 DROP ~outu branch PC_03_2Dfstrings__7Etype_2Ddispatch_IF_END_4
PC_03_2Dfstrings__7Etype_2Ddispatch_IF_FALSE_3:             
             4059  0018 0004 0078 29a5 0008 4063 0017 3f38 0009 406e; DUP doLIT 120 = ?branch PC_03_2Dfstrings__7Etype_2Ddispatch_IF_FALSE_5 DROP ~outx branch PC_03_2Dfstrings__7Etype_2Ddispatch_IF_END_6
PC_03_2Dfstrings__7Etype_2Ddispatch_IF_FALSE_5:             
             4063  0018 0004 0063 29a5 0008 406d 0017 3f4a 0009 406e; DUP doLIT 99 = ?branch PC_03_2Dfstrings__7Etype_2Ddispatch_IF_FALSE_7 DROP ~outc branch PC_03_2Dfstrings__7Etype_2Ddispatch_IF_END_8
PC_03_2Dfstrings__7Etype_2Ddispatch_IF_FALSE_7:             
             406d  401e                                     ; ~type-sa
PC_03_2Dfstrings__7Etype_2Ddispatch_IF_END_8:               
PC_03_2Dfstrings__7Etype_2Ddispatch_IF_END_6:               
PC_03_2Dfstrings__7Etype_2Ddispatch_IF_END_4:               
PC_03_2Dfstrings__7Etype_2Ddispatch_IF_END_2:               
             406e  000b                                     ; EXIT
                                                            ; ~field-tail
             406f  0000                                     ; bucket link

             4070  d80b                                     ; len('~field-tail')
             4071  007e 0066 0069 0065 006c 0064 002d 0074 0061 0069 006c; '~field-tail'
~field-tail:                                                
             407c                                           
             407c  0004 0001 0d08 02c6 000d 0576 0008 4087 0017 0009 4095; doLIT 1 %adv %mtu @ ?DUP ?branch PC_03_2Dfstrings__7Efield_2Dtail_IF_FALSE_1 DROP branch PC_03_2Dfstrings__7Efield_2Dtail_IF_END_2
PC_03_2Dfstrings__7Efield_2Dtail_IF_FALSE_1:                
             4087  188f                                     ; abort"
             4088  000c                                     
             4089  0062 0061 0064 0020 0066 002d 0073 0074 0072 0069 006e 0067; 'bad f-string'
PC_03_2Dfstrings__7Efield_2Dtail_IF_END_2:                  
             4095  3fa5 0004 007d 001e                      ; ~c@ doLIT 125 XOR
             4099  188f                                     ; abort"
             409a  000c                                     
             409b  0062 0061 0064 0020 0066 002d 0073 0074 0072 0069 006e 0067; 'bad f-string'
             40a7  0004 0001 0d08 4045 000b                 ; doLIT 1 %adv ~type-dispatch EXIT
                                                            ; ~field
             40ac  0000                                     ; bucket link

             40ad  c806                                     ; len('~field')
             40ae  007e 0066 0069 0065 006c 0064            ; '~field'
~field:                                                     
             40b4                                           
             40b4  0004 0001 0d08 0004 0000 02d2 000c 0004 ffff 02de 000c 02c6 000d 0576 0008 40c7 0017 0009 40d5; doLIT 1 %adv doLIT 0 %mtw ! doLIT -1 %mtp ! %mtu @ ?DUP ?branch PC_03_2Dfstrings__7Efield_IF_FALSE_1 DROP branch PC_03_2Dfstrings__7Efield_IF_END_2
PC_03_2Dfstrings__7Efield_IF_FALSE_1:                       
             40c7  188f                                     ; abort"
             40c8  000c                                     
             40c9  0062 0061 0064 0020 0066 002d 0073 0074 0072 0069 006e 0067; 'bad f-string'
PC_03_2Dfstrings__7Efield_IF_END_2:                         
             40d5  400f 0008 40de 0004 0001 0d08 3f11 0009 412c; ~default? ?branch PC_03_2Dfstrings__7Efield_IF_FALSE_3 doLIT 1 %adv ~outd branch PC_03_2Dfstrings__7Efield_IF_END_4
PC_03_2Dfstrings__7Efield_IF_FALSE_3:                       
             40de  3fb8 02c6 000d 0576 0008 40e7 0017 0009 40f5; ~width-digits %mtu @ ?DUP ?branch PC_03_2Dfstrings__7Efield_IF_FALSE_5 DROP branch PC_03_2Dfstrings__7Efield_IF_END_6
PC_03_2Dfstrings__7Efield_IF_FALSE_5:                       
             40e7  188f                                     ; abort"
             40e8  000c                                     
             40e9  0062 0061 0064 0020 0066 002d 0073 0074 0072 0069 006e 0067; 'bad f-string'
PC_03_2Dfstrings__7Efield_IF_END_6:                         
             40f5  3fa5 0004 002e 29a5 0008 411d 0004 0001 0d08 0004 0000 02de 000c 0004 0000 02ea 000c 3fe3 02ea 000d 0576 0008 410f 0017 0009 411d; ~c@ doLIT 46 = ?branch PC_03_2Dfstrings__7Efield_IF_FALSE_7 doLIT 1 %adv doLIT 0 %mtp ! doLIT 0 %mtf ! ~prec-digits %mtf @ ?DUP ?branch PC_03_2Dfstrings__7Efield_IF_FALSE_8 DROP branch PC_03_2Dfstrings__7Efield_IF_END_9
PC_03_2Dfstrings__7Efield_IF_FALSE_8:                       
             410f  188f                                     ; abort"
             4110  000c                                     
             4111  0062 0061 0064 0020 0066 002d 0073 0074 0072 0069 006e 0067; 'bad f-string'
PC_03_2Dfstrings__7Efield_IF_END_9:                         
PC_03_2Dfstrings__7Efield_IF_FALSE_7:                       
             411d  3fa5 0018 0004 007d 29a5 0008 412b 0017 0004 0001 0d08 3f11 0009 412c; ~c@ DUP doLIT 125 = ?branch PC_03_2Dfstrings__7Efield_IF_FALSE_10 DROP doLIT 1 %adv ~outd branch PC_03_2Dfstrings__7Efield_IF_END_11
PC_03_2Dfstrings__7Efield_IF_FALSE_10:                      
             412b  407c                                     ; ~field-tail
PC_03_2Dfstrings__7Efield_IF_END_11:                        
PC_03_2Dfstrings__7Efield_IF_END_4:                         
             412c  000b                                     ; EXIT
                                                            ; ~eval-lbrace
             412d  0000                                     ; bucket link

             412e  ca0c                                     ; len('~eval-lbrace')
             412f  007e 0065 0076 0061 006c 002d 006c 0062 0072 0061 0063 0065; '~eval-lbrace'
~eval-lbrace:                                               
             413b                                           
             413b  0004 0001 02c6 000d 05ba 0008 4158 02ba 000d 0004 0001 29cc 000f 0004 007b 29a5 0008 4155 0004 007b 0d4f 0004 0002 0d08 0009 4156; doLIT 1 %mtu @ U< ?branch PC_03_2Dfstrings__7Eeval_2Dlbrace_IF_FALSE_1 %mta @ doLIT 1 + C@ doLIT 123 = ?branch PC_03_2Dfstrings__7Eeval_2Dlbrace_IF_FALSE_2 doLIT 123 %appc doLIT 2 %adv branch PC_03_2Dfstrings__7Eeval_2Dlbrace_IF_END_3
PC_03_2Dfstrings__7Eeval_2Dlbrace_IF_FALSE_2:               
             4155  40b4                                     ; ~field
PC_03_2Dfstrings__7Eeval_2Dlbrace_IF_END_3:                 
             4156  0009 4159                                ; branch PC_03_2Dfstrings__7Eeval_2Dlbrace_IF_END_4
PC_03_2Dfstrings__7Eeval_2Dlbrace_IF_FALSE_1:               
             4158  40b4                                     ; ~field
PC_03_2Dfstrings__7Eeval_2Dlbrace_IF_END_4:                 
             4159  000b                                     ; EXIT
                                                            ; ~eval-rbrace
             415a  0000                                     ; bucket link

             415b  ca0c                                     ; len('~eval-rbrace')
             415c  007e 0065 0076 0061 006c 002d 0072 0062 0072 0061 0063 0065; '~eval-rbrace'
~eval-rbrace:                                               
             4168                                           
             4168  0004 0001 02c6 000d 05ba 0008 4185 02ba 000d 0004 0001 29cc 000f 0004 007d 29a5 0008 4182 0004 007d 0d4f 0004 0002 0d08 0009 4183; doLIT 1 %mtu @ U< ?branch PC_03_2Dfstrings__7Eeval_2Drbrace_IF_FALSE_1 %mta @ doLIT 1 + C@ doLIT 125 = ?branch PC_03_2Dfstrings__7Eeval_2Drbrace_IF_FALSE_2 doLIT 125 %appc doLIT 2 %adv branch PC_03_2Dfstrings__7Eeval_2Drbrace_IF_END_3
PC_03_2Dfstrings__7Eeval_2Drbrace_IF_FALSE_2:               
             4182  3e15                                     ; ~err
PC_03_2Dfstrings__7Eeval_2Drbrace_IF_END_3:                 
             4183  0009 4186                                ; branch PC_03_2Dfstrings__7Eeval_2Drbrace_IF_END_4
PC_03_2Dfstrings__7Eeval_2Drbrace_IF_FALSE_1:               
             4185  3e15                                     ; ~err
PC_03_2Dfstrings__7Eeval_2Drbrace_IF_END_4:                 
             4186  000b                                     ; EXIT
                                                            ; ~eval
             4187  0000                                     ; bucket link

             4188  d805                                     ; len('~eval')
             4189  007e 0065 0076 0061 006c                 ; '~eval'
~eval:                                                      
             418e                                           
             418e  2993 0017 02ba 000c 02c6 000c 0017 0d15  ; 2DUP DROP %mta ! %mtu ! DROP %clr
PC_03_2Dfstrings__7Eeval_BEGIN_1:                           
             4196  02c6 000d 0008 41b5 3fa5 0018 0004 007b 29a5 0008 41a5 0017 413b 0009 41b3; %mtu @ ?branch PC_03_2Dfstrings__7Eeval_WHILE_END_2 ~c@ DUP doLIT 123 = ?branch PC_03_2Dfstrings__7Eeval_IF_FALSE_3 DROP ~eval-lbrace branch PC_03_2Dfstrings__7Eeval_IF_END_4
PC_03_2Dfstrings__7Eeval_IF_FALSE_3:                        
             41a5  0018 0004 007d 29a5 0008 41af 0017 4168 0009 41b3; DUP doLIT 125 = ?branch PC_03_2Dfstrings__7Eeval_IF_FALSE_5 DROP ~eval-rbrace branch PC_03_2Dfstrings__7Eeval_IF_END_6
PC_03_2Dfstrings__7Eeval_IF_FALSE_5:                        
             41af  0d4f 0004 0001 0d08                      ; %appc doLIT 1 %adv
PC_03_2Dfstrings__7Eeval_IF_END_6:                          
PC_03_2Dfstrings__7Eeval_IF_END_4:                          
             41b3  0009 4196                                ; branch PC_03_2Dfstrings__7Eeval_BEGIN_1
PC_03_2Dfstrings__7Eeval_WHILE_END_2:                       
             41b5  0d70 000b                                ; %ret EXIT
                                                            ; ~run
             41b7  0000                                     ; bucket link

             41b8  dc44                                     ; len('~run')
             41b9  007e 0072 0075 006e                      ; '~run'
~run:                                                       
             41bd                                           
             41bd  0ce0 072d 418e 000b                      ; do$ COUNT ~eval EXIT
                                                            ; ~"|
             41c1  41b7                                     ; bucket link

             41c2  f843                                     ; len('~"|')
             41c3  007e 0022 007c                           ; '~"|'
~"|:                                                        
             41c6                                           
             41c6  41bd 000b                                ; ~run EXIT
                                                            ; F"
             41c8  2db3                                     ; bucket link

             41c9  4482                                     ; len('F"')
             41ca  0046 0022                                ; 'F"'
F":                                                         
             41cc                                           
             41cc  0331 000d 0008 41d9 0004 0022 0ed2 0da4 16aa 41bd 16de 0009 41de; STATE @ ?branch PC_03_2Dfstrings_F_22_IF_FALSE_1 doLIT 34 PARSE UNESCAPE COMPILE ~run ESC," branch PC_03_2Dfstrings_F_22_IF_END_2
PC_03_2Dfstrings_F_22_IF_FALSE_1:                           
             41d9  0004 0022 0ed2 0da4 418e                 ; doLIT 34 PARSE UNESCAPE ~eval
PC_03_2Dfstrings_F_22_IF_END_2:                             
             41de  000b                                     ; EXIT
                                                            ; precompiled from forth/Forth Sources/08-editor.fs
                                                            ; EDIT-LINE-CAP
             41df  3bd2                                     ; bucket link

             41e0  a00d                                     ; len('EDIT-LINE-CAP')
             41e1  0045 0044 0049 0054 002d 004c 0049 004e 0045 002d 0043 0041 0050; 'EDIT-LINE-CAP'
EDIT-LINE-CAP:                                              
             41ee                                           
             41ee  0004 00a0 000b                           ; doLIT 160 EXIT
                                                            ; EDIT-REC-SIZE
             41f1  41df                                     ; bucket link

             41f2  8a0d                                     ; len('EDIT-REC-SIZE')
             41f3  0045 0044 0049 0054 002d 0052 0045 0043 002d 0053 0049 005a 0045; 'EDIT-REC-SIZE'
EDIT-REC-SIZE:                                              
             4200                                           
             4200  0004 00a4 000b                           ; doLIT 164 EXIT
                                                            ; EDIT-ARENA-SIZE
             4203  41f1                                     ; bucket link

             4204  8a0f                                     ; len('EDIT-ARENA-SIZE')
             4205  0045 0044 0049 0054 002d 0041 0052 0045 004e 0041 002d 0053 0049 005a 0045; 'EDIT-ARENA-SIZE'
EDIT-ARENA-SIZE:                                            
             4214                                           
             4214  0004 2000 000b                           ; doLIT 8192 EXIT
                                                            ; EDIT-TEXT-W
             4217  4203                                     ; bucket link

             4218  ae0b                                     ; len('EDIT-TEXT-W')
             4219  0045 0044 0049 0054 002d 0054 0045 0058 0054 002d 0057; 'EDIT-TEXT-W'
EDIT-TEXT-W:                                                
             4224                                           
             4224  0004 0050 000b                           ; doLIT 80 EXIT
                                                            ; EDIT-TEXT-H
             4227  4217                                     ; bucket link

             4228  900b                                     ; len('EDIT-TEXT-H')
             4229  0045 0044 0049 0054 002d 0054 0045 0058 0054 002d 0048; 'EDIT-TEXT-H'
EDIT-TEXT-H:                                                
             4234                                           
             4234  0004 0017 000b                           ; doLIT 23 EXIT
                                                            ; EDIT-STATUS-ROW
             4237  4227                                     ; bucket link

             4238  ae0f                                     ; len('EDIT-STATUS-ROW')
             4239  0045 0044 0049 0054 002d 0053 0054 0041 0054 0055 0053 002d 0052 004f 0057; 'EDIT-STATUS-ROW'
EDIT-STATUS-ROW:                                            
             4248                                           
             4248  0004 0018 000b                           ; doLIT 24 EXIT
                                                            ; EDIT-HELP-ROW
             424b  4237                                     ; bucket link

             424c  ae0d                                     ; len('EDIT-HELP-ROW')
             424d  0045 0044 0049 0054 002d 0048 0045 004c 0050 002d 0052 004f 0057; 'EDIT-HELP-ROW'
EDIT-HELP-ROW:                                              
             425a                                           
             425a  0004 0019 000b                           ; doLIT 25 EXIT
                                                            ; EDIT-MSG-NONE
             425d  424b                                     ; bucket link

             425e  8a0d                                     ; len('EDIT-MSG-NONE')
             425f  0045 0044 0049 0054 002d 004d 0053 0047 002d 004e 004f 004e 0045; 'EDIT-MSG-NONE'
EDIT-MSG-NONE:                                              
             426c                                           
             426c  0004 0000 000b                           ; doLIT 0 EXIT
                                                            ; EDIT-MSG-SAVED
             426f  425d                                     ; bucket link

             4270  880e                                     ; len('EDIT-MSG-SAVED')
             4271  0045 0044 0049 0054 002d 004d 0053 0047 002d 0053 0041 0056 0045 0044; 'EDIT-MSG-SAVED'
EDIT-MSG-SAVED:                                             
             427f                                           
             427f  0004 0001 000b                           ; doLIT 1 EXIT
                                                            ; EDIT-MSG-BUFFER
             4282  426f                                     ; bucket link

             4283  a40f                                     ; len('EDIT-MSG-BUFFER')
             4284  0045 0044 0049 0054 002d 004d 0053 0047 002d 0042 0055 0046 0046 0045 0052; 'EDIT-MSG-BUFFER'
EDIT-MSG-BUFFER:                                            
             4293                                           
             4293  0004 0002 000b                           ; doLIT 2 EXIT
                                                            ; EDIT-MSG-LONG
             4296  4282                                     ; bucket link

             4297  8e0d                                     ; len('EDIT-MSG-LONG')
             4298  0045 0044 0049 0054 002d 004d 0053 0047 002d 004c 004f 004e 0047; 'EDIT-MSG-LONG'
EDIT-MSG-LONG:                                              
             42a5                                           
             42a5  0004 0003 000b                           ; doLIT 3 EXIT
                                                            ; EDIT-MSG-OPEN
             42a8  4296                                     ; bucket link

             42a9  9c0d                                     ; len('EDIT-MSG-OPEN')
             42aa  0045 0044 0049 0054 002d 004d 0053 0047 002d 004f 0050 0045 004e; 'EDIT-MSG-OPEN'
EDIT-MSG-OPEN:                                              
             42b7                                           
             42b7  0004 0004 000b                           ; doLIT 4 EXIT
                                                            ; EDIT-MSG-READ
             42ba  42a8                                     ; bucket link

             42bb  880d                                     ; len('EDIT-MSG-READ')
             42bc  0045 0044 0049 0054 002d 004d 0053 0047 002d 0052 0045 0041 0044; 'EDIT-MSG-READ'
EDIT-MSG-READ:                                              
             42c9                                           
             42c9  0004 0005 000b                           ; doLIT 5 EXIT
                                                            ; EDIT-MSG-WRITE
             42cc  42ba                                     ; bucket link

             42cd  8a0e                                     ; len('EDIT-MSG-WRITE')
             42ce  0045 0044 0049 0054 002d 004d 0053 0047 002d 0057 0052 0049 0054 0045; 'EDIT-MSG-WRITE'
EDIT-MSG-WRITE:                                             
             42dc                                           
             42dc  0004 0006 000b                           ; doLIT 6 EXIT
                                                            ; EDIT-MSG-NEW
             42df  42cc                                     ; bucket link

             42e0  ae0c                                     ; len('EDIT-MSG-NEW')
             42e1  0045 0044 0049 0054 002d 004d 0053 0047 002d 004e 0045 0057; 'EDIT-MSG-NEW'
EDIT-MSG-NEW:                                               
             42ed                                           
             42ed  0004 0007 000b                           ; doLIT 7 EXIT
                                                            ; EDIT-MSG-NAME
             42f0  42df                                     ; bucket link

             42f1  8a0d                                     ; len('EDIT-MSG-NAME')
             42f2  0045 0044 0049 0054 002d 004d 0053 0047 002d 004e 0041 004d 0045; 'EDIT-MSG-NAME'
EDIT-MSG-NAME:                                              
             42ff                                           
             42ff  0004 0008 000b                           ; doLIT 8 EXIT
                                                            ; EDIT-MSG-UNSUP
             4302  42f0                                     ; bucket link

             4303  a00e                                     ; len('EDIT-MSG-UNSUP')
             4304  0045 0044 0049 0054 002d 004d 0053 0047 002d 0055 004e 0053 0055 0050; 'EDIT-MSG-UNSUP'
EDIT-MSG-UNSUP:                                             
             4312                                           
             4312  0004 0009 000b                           ; doLIT 9 EXIT
                                                            ; EDIT-USER-OFFSET
             4315  4302                                     ; bucket link

             4316  a810                                     ; len('EDIT-USER-OFFSET')
             4317  0045 0044 0049 0054 002d 0055 0053 0045 0052 002d 004f 0046 0046 0053 0045 0054; 'EDIT-USER-OFFSET'
EDIT-USER-OFFSET:                                           
             4327                                           
             4327  0004 0100 000b                           ; doLIT 256 EXIT
                                                            ; EDIT-PATH-SIZE
             432a  4315                                     ; bucket link

             432b  8a0e                                     ; len('EDIT-PATH-SIZE')
             432c  0045 0044 0049 0054 002d 0050 0041 0054 0048 002d 0053 0049 005a 0045; 'EDIT-PATH-SIZE'
EDIT-PATH-SIZE:                                             
             433a                                           
             433a  0004 0104 000b                           ; doLIT 260 EXIT
                                                            ; EDIT-MARK
             433d  432a                                     ; bucket link

             433e  9609                                     ; len('EDIT-MARK')
             433f  0045 0044 0049 0054 002d 004d 0041 0052 004b; 'EDIT-MARK'
EDIT-MARK:                                                  
             4348  0004 0100 04a4 000d 29cc 000b            ; 4 256 UP 13 + 11
                                                            ; EDIT-BASE
             434e  433d                                     ; bucket link

             434f  8a09                                     ; len('EDIT-BASE')
             4350  0045 0044 0049 0054 002d 0042 0041 0053 0045; 'EDIT-BASE'
EDIT-BASE:                                                  
             4359  0004 0101 04a4 000d 29cc 000b            ; 4 257 UP 13 + 11
                                                            ; EDIT-HERE
             435f  434e                                     ; bucket link

             4360  8a09                                     ; len('EDIT-HERE')
             4361  0045 0044 0049 0054 002d 0048 0045 0052 0045; 'EDIT-HERE'
EDIT-HERE:                                                  
             436a  0004 0102 04a4 000d 29cc 000b            ; 4 258 UP 13 + 11
                                                            ; EDIT-LIMIT
             4370  435f                                     ; bucket link

             4371  a80a                                     ; len('EDIT-LIMIT')
             4372  0045 0044 0049 0054 002d 004c 0049 004d 0049 0054; 'EDIT-LIMIT'
EDIT-LIMIT:                                                 
             437c  0004 0103 04a4 000d 29cc 000b            ; 4 259 UP 13 + 11
                                                            ; EDIT-FREE
             4382  4370                                     ; bucket link

             4383  8a09                                     ; len('EDIT-FREE')
             4384  0045 0044 0049 0054 002d 0046 0052 0045 0045; 'EDIT-FREE'
EDIT-FREE:                                                  
             438d  0004 0104 04a4 000d 29cc 000b            ; 4 260 UP 13 + 11
                                                            ; EDIT-HEAD
             4393  4382                                     ; bucket link

             4394  8809                                     ; len('EDIT-HEAD')
             4395  0045 0044 0049 0054 002d 0048 0045 0041 0044; 'EDIT-HEAD'
EDIT-HEAD:                                                  
             439e  0004 0105 04a4 000d 29cc 000b            ; 4 261 UP 13 + 11
                                                            ; EDIT-TAIL
             43a4  4393                                     ; bucket link

             43a5  9809                                     ; len('EDIT-TAIL')
             43a6  0045 0044 0049 0054 002d 0054 0041 0049 004c; 'EDIT-TAIL'
EDIT-TAIL:                                                  
             43af  0004 0106 04a4 000d 29cc 000b            ; 4 262 UP 13 + 11
                                                            ; EDIT-CUR
             43b5  43a4                                     ; bucket link

             43b6  a408                                     ; len('EDIT-CUR')
             43b7  0045 0044 0049 0054 002d 0043 0055 0052  ; 'EDIT-CUR'
EDIT-CUR:                                                   
             43bf  0004 0107 04a4 000d 29cc 000b            ; 4 263 UP 13 + 11
                                                            ; EDIT-TOP
             43c5  43b5                                     ; bucket link

             43c6  a008                                     ; len('EDIT-TOP')
             43c7  0045 0044 0049 0054 002d 0054 004f 0050  ; 'EDIT-TOP'
EDIT-TOP:                                                   
             43cf  0004 0108 04a4 000d 29cc 000b            ; 4 264 UP 13 + 11
                                                            ; EDIT-LINES
             43d5  43c5                                     ; bucket link

             43d6  a60a                                     ; len('EDIT-LINES')
             43d7  0045 0044 0049 0054 002d 004c 0049 004e 0045 0053; 'EDIT-LINES'
EDIT-LINES:                                                 
             43e1  0004 0109 04a4 000d 29cc 000b            ; 4 265 UP 13 + 11
                                                            ; EDIT-CUR#
             43e7  43d5                                     ; bucket link

             43e8  4609                                     ; len('EDIT-CUR#')
             43e9  0045 0044 0049 0054 002d 0043 0055 0052 0023; 'EDIT-CUR#'
EDIT-CUR#:                                                  
             43f2  0004 010a 04a4 000d 29cc 000b            ; 4 266 UP 13 + 11
                                                            ; EDIT-TOP#
             43f8  43e7                                     ; bucket link

             43f9  4609                                     ; len('EDIT-TOP#')
             43fa  0045 0044 0049 0054 002d 0054 004f 0050 0023; 'EDIT-TOP#'
EDIT-TOP#:                                                  
             4403  0004 010b 04a4 000d 29cc 000b            ; 4 267 UP 13 + 11
                                                            ; EDIT-COL
             4409  43f8                                     ; bucket link

             440a  9808                                     ; len('EDIT-COL')
             440b  0045 0044 0049 0054 002d 0043 004f 004c  ; 'EDIT-COL'
EDIT-COL:                                                   
             4413  0004 010c 04a4 000d 29cc 000b            ; 4 268 UP 13 + 11
                                                            ; EDIT-PREF
             4419  4409                                     ; bucket link

             441a  8c09                                     ; len('EDIT-PREF')
             441b  0045 0044 0049 0054 002d 0050 0052 0045 0046; 'EDIT-PREF'
EDIT-PREF:                                                  
             4424  0004 010d 04a4 000d 29cc 000b            ; 4 269 UP 13 + 11
                                                            ; EDIT-MODIFIED
             442a  4419                                     ; bucket link

             442b  880d                                     ; len('EDIT-MODIFIED')
             442c  0045 0044 0049 0054 002d 004d 004f 0044 0049 0046 0049 0045 0044; 'EDIT-MODIFIED'
EDIT-MODIFIED:                                              
             4439  0004 010e 04a4 000d 29cc 000b            ; 4 270 UP 13 + 11
                                                            ; EDIT-INSERT
             443f  442a                                     ; bucket link

             4440  a80b                                     ; len('EDIT-INSERT')
             4441  0045 0044 0049 0054 002d 0049 004e 0053 0045 0052 0054; 'EDIT-INSERT'
EDIT-INSERT:                                                
             444c  0004 010f 04a4 000d 29cc 000b            ; 4 271 UP 13 + 11
                                                            ; EDIT-RUNNING
             4452  443f                                     ; bucket link

             4453  8e0c                                     ; len('EDIT-RUNNING')
             4454  0045 0044 0049 0054 002d 0052 0055 004e 004e 0049 004e 0047; 'EDIT-RUNNING'
EDIT-RUNNING:                                               
             4460  0004 0110 04a4 000d 29cc 000b            ; 4 272 UP 13 + 11
                                                            ; EDIT-MSG
             4466  4452                                     ; bucket link

             4467  8e08                                     ; len('EDIT-MSG')
             4468  0045 0044 0049 0054 002d 004d 0053 0047  ; 'EDIT-MSG'
EDIT-MSG:                                                   
             4470  0004 0111 04a4 000d 29cc 000b            ; 4 273 UP 13 + 11
                                                            ; EDIT-PATH-LEN
             4476  4466                                     ; bucket link

             4477  9c0d                                     ; len('EDIT-PATH-LEN')
             4478  0045 0044 0049 0054 002d 0050 0041 0054 0048 002d 004c 0045 004e; 'EDIT-PATH-LEN'
EDIT-PATH-LEN:                                              
             4485  0004 0112 04a4 000d 29cc 000b            ; 4 274 UP 13 + 11
                                                            ; EDIT-PATH-BUF#
             448b  4476                                     ; bucket link

             448c  460e                                     ; len('EDIT-PATH-BUF#')
             448d  0045 0044 0049 0054 002d 0050 0041 0054 0048 002d 0042 0055 0046 0023; 'EDIT-PATH-BUF#'
EDIT-PATH-BUF#:                                             
             449b  0004 0113 04a4 000d 29cc 000b            ; 4 275 UP 13 + 11
                                                            ; EDIT-CLIP-LEN
             44a1  448b                                     ; bucket link

             44a2  9c0d                                     ; len('EDIT-CLIP-LEN')
             44a3  0045 0044 0049 0054 002d 0043 004c 0049 0050 002d 004c 0045 004e; 'EDIT-CLIP-LEN'
EDIT-CLIP-LEN:                                              
             44b0  0004 0114 04a4 000d 29cc 000b            ; 4 276 UP 13 + 11
                                                            ; EDIT-CLIP-BUF#
             44b6  44a1                                     ; bucket link

             44b7  460e                                     ; len('EDIT-CLIP-BUF#')
             44b8  0045 0044 0049 0054 002d 0043 004c 0049 0050 002d 0042 0055 0046 0023; 'EDIT-CLIP-BUF#'
EDIT-CLIP-BUF#:                                             
             44c6  0004 0115 04a4 000d 29cc 000b            ; 4 277 UP 13 + 11
                                                            ; ET1
             44cc  44b6                                     ; bucket link

             44cd  6203                                     ; len('ET1')
             44ce  0045 0054 0031                           ; 'ET1'
ET1:                                                        
             44d1  0004 0116 04a4 000d 29cc 000b            ; 4 278 UP 13 + 11
                                                            ; ET2
             44d7  44cc                                     ; bucket link

             44d8  6403                                     ; len('ET2')
             44d9  0045 0054 0032                           ; 'ET2'
ET2:                                                        
             44dc  0004 0117 04a4 000d 29cc 000b            ; 4 279 UP 13 + 11
                                                            ; ET3
             44e2  44d7                                     ; bucket link

             44e3  6603                                     ; len('ET3')
             44e4  0045 0054 0033                           ; 'ET3'
ET3:                                                        
             44e7  0004 0118 04a4 000d 29cc 000b            ; 4 280 UP 13 + 11
                                                            ; ET4
             44ed  44e2                                     ; bucket link

             44ee  6803                                     ; len('ET4')
             44ef  0045 0054 0034                           ; 'ET4'
ET4:                                                        
             44f2  0004 0119 04a4 000d 29cc 000b            ; 4 281 UP 13 + 11
                                                            ; EDIT-LINE-NEXT
             44f8  44ed                                     ; bucket link

             44f9  a80e                                     ; len('EDIT-LINE-NEXT')
             44fa  0045 0044 0049 0054 002d 004c 0049 004e 0045 002d 004e 0045 0058 0054; 'EDIT-LINE-NEXT'
EDIT-LINE-NEXT:                                             
             4508                                           
             4508  000b                                     ; EXIT
                                                            ; EDIT-LINE-PREV
             4509  44f8                                     ; bucket link

             450a  ac0e                                     ; len('EDIT-LINE-PREV')
             450b  0045 0044 0049 0054 002d 004c 0049 004e 0045 002d 0050 0052 0045 0056; 'EDIT-LINE-PREV'
EDIT-LINE-PREV:                                             
             4519                                           
             4519  0024 000b                                ; 1+ EXIT
                                                            ; EDIT-LINE-LEN
             451b  4509                                     ; bucket link

             451c  9c0d                                     ; len('EDIT-LINE-LEN')
             451d  0045 0044 0049 0054 002d 004c 0049 004e 0045 002d 004c 0045 004e; 'EDIT-LINE-LEN'
EDIT-LINE-LEN:                                              
             452a                                           
             452a  0004 0002 29cc 000b                      ; doLIT 2 + EXIT
                                                            ; EDIT-LINE-FLAGS
             452e  451b                                     ; bucket link

             452f  a60f                                     ; len('EDIT-LINE-FLAGS')
             4530  0045 0044 0049 0054 002d 004c 0049 004e 0045 002d 0046 004c 0041 0047 0053; 'EDIT-LINE-FLAGS'
EDIT-LINE-FLAGS:                                            
             453f                                           
             453f  0004 0003 29cc 000b                      ; doLIT 3 + EXIT
                                                            ; EDIT-LINE-TEXT
             4543  452e                                     ; bucket link

             4544  a80e                                     ; len('EDIT-LINE-TEXT')
             4545  0045 0044 0049 0054 002d 004c 0049 004e 0045 002d 0054 0045 0058 0054; 'EDIT-LINE-TEXT'
EDIT-LINE-TEXT:                                             
             4553                                           
             4553  0004 0004 29cc 000b                      ; doLIT 4 + EXIT
                                                            ; EDIT-LINE-LEN@
             4557  4543                                     ; bucket link

             4558  800e                                     ; len('EDIT-LINE-LEN@')
             4559  0045 0044 0049 0054 002d 004c 0049 004e 0045 002d 004c 0045 004e 0040; 'EDIT-LINE-LEN@'
EDIT-LINE-LEN@:                                             
             4567                                           
             4567  452a 000d 000b                           ; EDIT-LINE-LEN @ EXIT
                                                            ; EDIT-LINE-LEN!
             456a  4557                                     ; bucket link

             456b  420e                                     ; len('EDIT-LINE-LEN!')
             456c  0045 0044 0049 0054 002d 004c 0049 004e 0045 002d 004c 0045 004e 0021; 'EDIT-LINE-LEN!'
EDIT-LINE-LEN!:                                             
             457a                                           
             457a  452a 000c 000b                           ; EDIT-LINE-LEN ! EXIT
                                                            ; EDIT-LINE-ADDR
             457d  456a                                     ; bucket link

             457e  a40e                                     ; len('EDIT-LINE-ADDR')
             457f  0045 0044 0049 0054 002d 004c 0049 004e 0045 002d 0041 0044 0044 0052; 'EDIT-LINE-ADDR'
EDIT-LINE-ADDR:                                             
             458d                                           
             458d  0019 4553 29cc 000b                      ; SWAP EDIT-LINE-TEXT + EXIT
                                                            ; EDIT-PATH-BUF
             4591  457d                                     ; bucket link

             4592  8c0d                                     ; len('EDIT-PATH-BUF')
             4593  0045 0044 0049 0054 002d 0050 0041 0054 0048 002d 0042 0055 0046; 'EDIT-PATH-BUF'
EDIT-PATH-BUF:                                              
             45a0                                           
             45a0  449b 000d 000b                           ; EDIT-PATH-BUF# @ EXIT
                                                            ; EDIT-CLIP-BUF
             45a3  4591                                     ; bucket link

             45a4  8c0d                                     ; len('EDIT-CLIP-BUF')
             45a5  0045 0044 0049 0054 002d 0043 004c 0049 0050 002d 0042 0055 0046; 'EDIT-CLIP-BUF'
EDIT-CLIP-BUF:                                              
             45b2                                           
             45b2  44c6 000d 000b                           ; EDIT-CLIP-BUF# @ EXIT
                                                            ; EDIT-PATH$
             45b5  45a3                                     ; bucket link

             45b6  480a                                     ; len('EDIT-PATH$')
             45b7  0045 0044 0049 0054 002d 0050 0041 0054 0048 0024; 'EDIT-PATH$'
EDIT-PATH$:                                                 
             45c1                                           
             45c1  45a0 4485 000d 000b                      ; EDIT-PATH-BUF EDIT-PATH-LEN @ EXIT
                                                            ; EDIT-PATH!
             45c5  45b5                                     ; bucket link

             45c6  420a                                     ; len('EDIT-PATH!')
             45c7  0045 0044 0049 0054 002d 0050 0041 0054 0048 0021; 'EDIT-PATH!'
EDIT-PATH!:                                                 
             45d1                                           
             45d1  0018 4485 000c 45a0 0019 07c3 000b       ; DUP EDIT-PATH-LEN ! EDIT-PATH-BUF SWAP CMOVE EXIT
                                                            ; EDIT-MSG!
             45d8  45c5                                     ; bucket link

             45d9  4209                                     ; len('EDIT-MSG!')
             45da  0045 0044 0049 0054 002d 004d 0053 0047 0021; 'EDIT-MSG!'
EDIT-MSG!:                                                  
             45e3                                           
             45e3  4470 000c 000b                           ; EDIT-MSG ! EXIT
                                                            ; EDIT-CUR-LEN
             45e6  45d8                                     ; bucket link

             45e7  9c0c                                     ; len('EDIT-CUR-LEN')
             45e8  0045 0044 0049 0054 002d 0043 0055 0052 002d 004c 0045 004e; 'EDIT-CUR-LEN'
EDIT-CUR-LEN:                                               
             45f4                                           
             45f4  43bf 000d 4567 000b                      ; EDIT-CUR @ EDIT-LINE-LEN@ EXIT
                                                            ; EDIT-CUR-ADDR
             45f8  45e6                                     ; bucket link

             45f9  a40d                                     ; len('EDIT-CUR-ADDR')
             45fa  0045 0044 0049 0054 002d 0043 0055 0052 002d 0041 0044 0044 0052; 'EDIT-CUR-ADDR'
EDIT-CUR-ADDR:                                              
             4607                                           
             4607  43bf 000d 4553 000b                      ; EDIT-CUR @ EDIT-LINE-TEXT EXIT
                                                            ; EDIT-LINE-COUNT
             460b  45f8                                     ; bucket link

             460c  a80f                                     ; len('EDIT-LINE-COUNT')
             460d  0045 0044 0049 0054 002d 004c 0049 004e 0045 002d 0043 004f 0055 004e 0054; 'EDIT-LINE-COUNT'
EDIT-LINE-COUNT:                                            
             461c                                           
             461c  43e1 000d 000b                           ; EDIT-LINES @ EXIT
                                                            ; EDIT-COL!
             461f  460b                                     ; bucket link

             4620  4209                                     ; len('EDIT-COL!')
             4621  0045 0044 0049 0054 002d 0043 004f 004c 0021; 'EDIT-COL!'
EDIT-COL!:                                                  
             462a                                           
             462a  0018 4413 000c 4424 000c 000b            ; DUP EDIT-COL ! EDIT-PREF ! EXIT
                                                            ; EDIT-CLEAR-LINE
             4630  461f                                     ; bucket link

             4631  8a0f                                     ; len('EDIT-CLEAR-LINE')
             4632  0045 0044 0049 0054 002d 0043 004c 0045 0041 0052 002d 004c 0049 004e 0045; 'EDIT-CLEAR-LINE'
EDIT-CLEAR-LINE:                                            
             4641                                           
             4641  0004 0000 001a 452a 000c 0017 000b       ; doLIT 0 OVER EDIT-LINE-LEN ! DROP EXIT
                                                            ; ED-ALLOC
             4648  4630                                     ; bucket link

             4649  8608                                     ; len('ED-ALLOC')
             464a  0045 0044 002d 0041 004c 004c 004f 0043  ; 'ED-ALLOC'
ED-ALLOC:                                                   
             4652                                           
             4652  438d 000d 0576 0008 465d 0018 000d 438d 000c 0009 4671; EDIT-FREE @ ?DUP ?branch PC_08_2Deditor_ED_2DALLOC_IF_FALSE_1 DUP @ EDIT-FREE ! branch PC_08_2Deditor_ED_2DALLOC_IF_END_2
PC_08_2Deditor_ED_2DALLOC_IF_FALSE_1:                       
             465d  436a 000d 0018 4200 29cc 437c 000d 0019 05ba 0008 466c 0017 0004 0000 000b; EDIT-HERE @ DUP EDIT-REC-SIZE + EDIT-LIMIT @ SWAP U< ?branch PC_08_2Deditor_ED_2DALLOC_IF_FALSE_3 DROP doLIT 0 EXIT
PC_08_2Deditor_ED_2DALLOC_IF_FALSE_3:                       
             466c  0018 4200 29cc 436a 000c                 ; DUP EDIT-REC-SIZE + EDIT-HERE !
PC_08_2Deditor_ED_2DALLOC_IF_END_2:                         
             4671  0018 0004 0000 001a 000c 0019 0017 0018 4519 0004 0000 0019 000c 0018 452a 0004 0000 0019 000c 0018 453f 0004 0000 0019 000c 000b; DUP doLIT 0 OVER ! SWAP DROP DUP EDIT-LINE-PREV doLIT 0 SWAP ! DUP EDIT-LINE-LEN doLIT 0 SWAP ! DUP EDIT-LINE-FLAGS doLIT 0 SWAP ! EXIT
                                                            ; EDIT-FREE-LINE
             468b  4648                                     ; bucket link

             468c  8a0e                                     ; len('EDIT-FREE-LINE')
             468d  0045 0044 0049 0054 002d 0046 0052 0045 0045 002d 004c 0049 004e 0045; 'EDIT-FREE-LINE'
EDIT-FREE-LINE:                                             
             469b                                           
             469b  438d 000d 001a 000c 438d 000c 000b       ; EDIT-FREE @ OVER ! EDIT-FREE ! EXIT
                                                            ; EDIT-LINK-AFTER
             46a2  468b                                     ; bucket link

             46a3  a40f                                     ; len('EDIT-LINK-AFTER')
             46a4  0045 0044 0049 0054 002d 004c 0049 004e 004b 002d 0041 0046 0054 0045 0052; 'EDIT-LINK-AFTER'
EDIT-LINK-AFTER:                                            
             46b3                                           
             46b3  44d1 000c 44dc 000c 44d1 000d 000d 44dc 000d 000c 44d1 000d 44dc 000d 4519 000c 44dc 000d 000d 0576 0008 46d0 44dc 000d 0019 4519 000c 0009 46d4; ET1 ! ET2 ! ET1 @ @ ET2 @ ! ET1 @ ET2 @ EDIT-LINE-PREV ! ET2 @ @ ?DUP ?branch PC_08_2Deditor_EDIT_2DLINK_2DAFTER_IF_FALSE_1 ET2 @ SWAP EDIT-LINE-PREV ! branch PC_08_2Deditor_EDIT_2DLINK_2DAFTER_IF_END_2
PC_08_2Deditor_EDIT_2DLINK_2DAFTER_IF_FALSE_1:              
             46d0  44d1 000d 43af 000c                      ; ET1 @ EDIT-TAIL !
PC_08_2Deditor_EDIT_2DLINK_2DAFTER_IF_END_2:                
             46d4  44d1 000d 44dc 000d 000c 000b            ; ET1 @ ET2 @ ! EXIT
                                                            ; EDIT-UNLINK
             46da  46a2                                     ; bucket link

             46db  960b                                     ; len('EDIT-UNLINK')
             46dc  0045 0044 0049 0054 002d 0055 004e 004c 0049 004e 004b; 'EDIT-UNLINK'
EDIT-UNLINK:                                                
             46e7                                           
             46e7  0018 000d 44d1 000c 0018 4519 000d 44dc 000c 44dc 000d 0008 46fb 44d1 000d 44dc 000d 000c 0009 46ff; DUP @ ET1 ! DUP EDIT-LINE-PREV @ ET2 ! ET2 @ ?branch PC_08_2Deditor_EDIT_2DUNLINK_IF_FALSE_1 ET1 @ ET2 @ ! branch PC_08_2Deditor_EDIT_2DUNLINK_IF_END_2
PC_08_2Deditor_EDIT_2DUNLINK_IF_FALSE_1:                    
             46fb  44d1 000d 439e 000c                      ; ET1 @ EDIT-HEAD !
PC_08_2Deditor_EDIT_2DUNLINK_IF_END_2:                      
             46ff  44d1 000d 0008 470b 44dc 000d 44d1 000d 4519 000c 0009 470f; ET1 @ ?branch PC_08_2Deditor_EDIT_2DUNLINK_IF_FALSE_3 ET2 @ ET1 @ EDIT-LINE-PREV ! branch PC_08_2Deditor_EDIT_2DUNLINK_IF_END_4
PC_08_2Deditor_EDIT_2DUNLINK_IF_FALSE_3:                    
             470b  44dc 000d 43af 000c                      ; ET2 @ EDIT-TAIL !
PC_08_2Deditor_EDIT_2DUNLINK_IF_END_4:                      
             470f  000b                                     ; EXIT
                                                            ; EDIT-RESET-BUFFER
             4710  46da                                     ; bucket link

             4711  a411                                     ; len('EDIT-RESET-BUFFER')
             4712  0045 0044 0049 0054 002d 0052 0045 0053 0045 0054 002d 0042 0055 0046 0046 0045 0052; 'EDIT-RESET-BUFFER'
EDIT-RESET-BUFFER:                                          
             4723                                           
             4723  0004 0000 438d 000c 4359 000d 436a 000c 0004 0000 4439 000c 0004 0000 4470 000c 0004 0000 4413 000c 0004 0000 4424 000c 0004 0000 44b0 000c 4652 0018 0023 0008 4749 0017 4293 4470 000c 000b; doLIT 0 EDIT-FREE ! EDIT-BASE @ EDIT-HERE ! doLIT 0 EDIT-MODIFIED ! doLIT 0 EDIT-MSG ! doLIT 0 EDIT-COL ! doLIT 0 EDIT-PREF ! doLIT 0 EDIT-CLIP-LEN ! ED-ALLOC DUP 0= ?branch PC_08_2Deditor_EDIT_2DRESET_2DBUFFER_IF_FALSE_1 DROP EDIT-MSG-BUFFER EDIT-MSG ! EXIT
PC_08_2Deditor_EDIT_2DRESET_2DBUFFER_IF_FALSE_1:            
             4749  0018 439e 000c 0018 43af 000c 0018 43bf 000c 0018 43cf 000c 0017 0004 0001 43e1 000c 0004 0001 43f2 000c 0004 0001 4403 000c 000b; DUP EDIT-HEAD ! DUP EDIT-TAIL ! DUP EDIT-CUR ! DUP EDIT-TOP ! DROP doLIT 1 EDIT-LINES ! doLIT 1 EDIT-CUR# ! doLIT 1 EDIT-TOP# ! EXIT
                                                            ; EDIT-INIT
             4763  4710                                     ; bucket link

             4764  a809                                     ; len('EDIT-INIT')
             4765  0045 0044 0049 0054 002d 0049 004e 0049 0054; 'EDIT-INIT'
EDIT-INIT:                                                  
             476e                                           
             476e  03a5 000d 4348 000c 03a5 000d 0018 449b 000c 433a 29cc 0018 44c6 000c 41ee 29cc 0018 4359 000c 0018 436a 000c 4214 29cc 437c 000c 437c 000d 03a5 000c 0004 0001 444c 000c 426c 4470 000c 0004 0000 4485 000c 4723 000b; CP @ EDIT-MARK ! CP @ DUP EDIT-PATH-BUF# ! EDIT-PATH-SIZE + DUP EDIT-CLIP-BUF# ! EDIT-LINE-CAP + DUP EDIT-BASE ! DUP EDIT-HERE ! EDIT-ARENA-SIZE + EDIT-LIMIT ! EDIT-LIMIT @ CP ! doLIT 1 EDIT-INSERT ! EDIT-MSG-NONE EDIT-MSG ! doLIT 0 EDIT-PATH-LEN ! EDIT-RESET-BUFFER EXIT
                                                            ; EDIT-DONE
             4799  4763                                     ; bucket link

             479a  8a09                                     ; len('EDIT-DONE')
             479b  0045 0044 0049 0054 002d 0044 004f 004e 0045; 'EDIT-DONE'
EDIT-DONE:                                                  
             47a4                                           
             47a4  4348 000d 03a5 000c 2e9b 2e77 000b       ; EDIT-MARK @ CP ! NORMAL CURSOR-ON EXIT
                                                            ; EDIT-TRIM-LEN
             47ab  4799                                     ; bucket link

             47ac  9c0d                                     ; len('EDIT-TRIM-LEN')
             47ad  0045 0044 0049 0054 002d 0054 0052 0049 004d 002d 004c 0045 004e; 'EDIT-TRIM-LEN'
EDIT-TRIM-LEN:                                              
             47ba                                           
             47ba  0018 4567 44d1 000c                      ; DUP EDIT-LINE-LEN@ ET1 !
PC_08_2Deditor_EDIT_2DTRIM_2DLEN_BEGIN_1:                   
             47be  44d1 000d 0008 47da 0018 4553 44d1 000d 0025 29cc 000f 06cb 29a5 0008 47d4 44d1 000d 0025 44d1 000c 0009 47d8; ET1 @ ?branch PC_08_2Deditor_EDIT_2DTRIM_2DLEN_WHILE_END_2 DUP EDIT-LINE-TEXT ET1 @ 1- + C@ BL = ?branch PC_08_2Deditor_EDIT_2DTRIM_2DLEN_IF_FALSE_3 ET1 @ 1- ET1 ! branch PC_08_2Deditor_EDIT_2DTRIM_2DLEN_IF_END_4
PC_08_2Deditor_EDIT_2DTRIM_2DLEN_IF_FALSE_3:                
             47d4  0017 44d1 000d 000b                      ; DROP ET1 @ EXIT
PC_08_2Deditor_EDIT_2DTRIM_2DLEN_IF_END_4:                  
             47d8  0009 47be                                ; branch PC_08_2Deditor_EDIT_2DTRIM_2DLEN_BEGIN_1
PC_08_2Deditor_EDIT_2DTRIM_2DLEN_WHILE_END_2:               
             47da  0017 0004 0000 000b                      ; DROP doLIT 0 EXIT
                                                            ; EDIT-EXTEND-CUR
             47de  47ab                                     ; bucket link

             47df  a40f                                     ; len('EDIT-EXTEND-CUR')
             47e0  0045 0044 0049 0054 002d 0045 0058 0054 0045 004e 0044 002d 0043 0055 0052; 'EDIT-EXTEND-CUR'
EDIT-EXTEND-CUR:                                            
             47ef                                           
             47ef  0018 41ee 29b8 0008 47fb 0017 42a5 4470 000c 0004 0000 000b; DUP EDIT-LINE-CAP > ?branch PC_08_2Deditor_EDIT_2DEXTEND_2DCUR_IF_FALSE_1 DROP EDIT-MSG-LONG EDIT-MSG ! doLIT 0 EXIT
PC_08_2Deditor_EDIT_2DEXTEND_2DCUR_IF_FALSE_1:              
             47fb  0018 45f4 29bf 0008 4804 0017 0004 ffff 000b; DUP EDIT-CUR-LEN <= ?branch PC_08_2Deditor_EDIT_2DEXTEND_2DCUR_IF_FALSE_2 DROP doLIT -1 EXIT
PC_08_2Deditor_EDIT_2DEXTEND_2DCUR_IF_FALSE_2:              
             4804  0018 44d1 000c 45f4 44dc 000c 43bf 000d 4553 44dc 000d 29cc 44d1 000d 44dc 000d 29a0 06cb 07e4 44d1 000d 43bf 000d 452a 000c 0017 0004 ffff 000b; DUP ET1 ! EDIT-CUR-LEN ET2 ! EDIT-CUR @ EDIT-LINE-TEXT ET2 @ + ET1 @ ET2 @ - BL FILL ET1 @ EDIT-CUR @ EDIT-LINE-LEN ! DROP doLIT -1 EXIT
                                                            ; EDIT-ENSURE-VISIBLE
             4821  47de                                     ; bucket link

             4822  8a13                                     ; len('EDIT-ENSURE-VISIBLE')
             4823  0045 0044 0049 0054 002d 0045 004e 0053 0055 0052 0045 002d 0056 0049 0053 0049 0042 004c 0045; 'EDIT-ENSURE-VISIBLE'
EDIT-ENSURE-VISIBLE:                                        
             4836                                           
PC_08_2Deditor_EDIT_2DENSURE_2DVISIBLE_BEGIN_1:             
             4836  43f2 000d 4403 000d 05ca 0008 484a 43cf 000d 4519 000d 43cf 000c 4403 000d 0025 4403 000c 0009 4836; EDIT-CUR# @ EDIT-TOP# @ < ?branch PC_08_2Deditor_EDIT_2DENSURE_2DVISIBLE_WHILE_END_2 EDIT-TOP @ EDIT-LINE-PREV @ EDIT-TOP ! EDIT-TOP# @ 1- EDIT-TOP# ! branch PC_08_2Deditor_EDIT_2DENSURE_2DVISIBLE_BEGIN_1
PC_08_2Deditor_EDIT_2DENSURE_2DVISIBLE_WHILE_END_2:         
PC_08_2Deditor_EDIT_2DENSURE_2DVISIBLE_BEGIN_3:             
             484a  43f2 000d 4403 000d 4234 29cc 29c6 0008 485f 43cf 000d 000d 43cf 000c 4403 000d 0024 4403 000c 0009 484a; EDIT-CUR# @ EDIT-TOP# @ EDIT-TEXT-H + >= ?branch PC_08_2Deditor_EDIT_2DENSURE_2DVISIBLE_WHILE_END_4 EDIT-TOP @ @ EDIT-TOP ! EDIT-TOP# @ 1+ EDIT-TOP# ! branch PC_08_2Deditor_EDIT_2DENSURE_2DVISIBLE_BEGIN_3
PC_08_2Deditor_EDIT_2DENSURE_2DVISIBLE_WHILE_END_4:         
             485f  000b                                     ; EXIT
                                                            ; EDIT-MOVE-UP
             4860  4821                                     ; bucket link

             4861  a00c                                     ; len('EDIT-MOVE-UP')
             4862  0045 0044 0049 0054 002d 004d 004f 0056 0045 002d 0055 0050; 'EDIT-MOVE-UP'
EDIT-MOVE-UP:                                               
             486e                                           
             486e  43bf 000d 4519 000d 0576 0008 4881 43bf 000c 43f2 000d 0025 43f2 000c 4424 000d 4413 000c 4836; EDIT-CUR @ EDIT-LINE-PREV @ ?DUP ?branch PC_08_2Deditor_EDIT_2DMOVE_2DUP_IF_FALSE_1 EDIT-CUR ! EDIT-CUR# @ 1- EDIT-CUR# ! EDIT-PREF @ EDIT-COL ! EDIT-ENSURE-VISIBLE
PC_08_2Deditor_EDIT_2DMOVE_2DUP_IF_FALSE_1:                 
             4881  000b                                     ; EXIT
                                                            ; EDIT-MOVE-DOWN
             4882  4860                                     ; bucket link

             4883  9c0e                                     ; len('EDIT-MOVE-DOWN')
             4884  0045 0044 0049 0054 002d 004d 004f 0056 0045 002d 0044 004f 0057 004e; 'EDIT-MOVE-DOWN'
EDIT-MOVE-DOWN:                                             
             4892                                           
             4892  43bf 000d 000d 0576 0008 48a4 43bf 000c 43f2 000d 0024 43f2 000c 4424 000d 4413 000c 4836; EDIT-CUR @ @ ?DUP ?branch PC_08_2Deditor_EDIT_2DMOVE_2DDOWN_IF_FALSE_1 EDIT-CUR ! EDIT-CUR# @ 1+ EDIT-CUR# ! EDIT-PREF @ EDIT-COL ! EDIT-ENSURE-VISIBLE
PC_08_2Deditor_EDIT_2DMOVE_2DDOWN_IF_FALSE_1:               
             48a4  000b                                     ; EXIT
                                                            ; EDIT-MOVE-LEFT
             48a5  4882                                     ; bucket link

             48a6  a80e                                     ; len('EDIT-MOVE-LEFT')
             48a7  0045 0044 0049 0054 002d 004d 004f 0056 0045 002d 004c 0045 0046 0054; 'EDIT-MOVE-LEFT'
EDIT-MOVE-LEFT:                                             
             48b5                                           
             48b5  4413 000d 0008 48c2 4413 000d 0025 4413 000c 4413 000d 4424 000c; EDIT-COL @ ?branch PC_08_2Deditor_EDIT_2DMOVE_2DLEFT_IF_FALSE_1 EDIT-COL @ 1- EDIT-COL ! EDIT-COL @ EDIT-PREF !
PC_08_2Deditor_EDIT_2DMOVE_2DLEFT_IF_FALSE_1:               
             48c2  000b                                     ; EXIT
                                                            ; EDIT-MOVE-RIGHT
             48c3  48a5                                     ; bucket link

             48c4  a80f                                     ; len('EDIT-MOVE-RIGHT')
             48c5  0045 0044 0049 0054 002d 004d 004f 0056 0045 002d 0052 0049 0047 0048 0054; 'EDIT-MOVE-RIGHT'
EDIT-MOVE-RIGHT:                                            
             48d4                                           
             48d4  4413 000d 0024 0018 4413 000c 4424 000c 000b; EDIT-COL @ 1+ DUP EDIT-COL ! EDIT-PREF ! EXIT
                                                            ; EDIT-MOVE-HOME
             48dd  48c3                                     ; bucket link

             48de  8a0e                                     ; len('EDIT-MOVE-HOME')
             48df  0045 0044 0049 0054 002d 004d 004f 0056 0045 002d 0048 004f 004d 0045; 'EDIT-MOVE-HOME'
EDIT-MOVE-HOME:                                             
             48ed                                           
             48ed  0004 0000 462a 000b                      ; doLIT 0 EDIT-COL! EXIT
                                                            ; EDIT-MOVE-END
             48f1  48dd                                     ; bucket link

             48f2  880d                                     ; len('EDIT-MOVE-END')
             48f3  0045 0044 0049 0054 002d 004d 004f 0056 0045 002d 0045 004e 0044; 'EDIT-MOVE-END'
EDIT-MOVE-END:                                              
             4900                                           
             4900  45f4 462a 000b                           ; EDIT-CUR-LEN EDIT-COL! EXIT
                                                            ; EDIT-PAGE-UP
             4903  48f1                                     ; bucket link

             4904  a00c                                     ; len('EDIT-PAGE-UP')
             4905  0045 0044 0049 0054 002d 0050 0041 0047 0045 002d 0055 0050; 'EDIT-PAGE-UP'
EDIT-PAGE-UP:                                               
             4911                                           
             4911  0004 0000 44d1 000c                      ; doLIT 0 ET1 !
PC_08_2Deditor_EDIT_2DPAGE_2DUP_BEGIN_1:                    
             4915  44d1 000d 4234 05ca 0008 4923 486e 44d1 000d 0024 44d1 000c 0009 4915; ET1 @ EDIT-TEXT-H < ?branch PC_08_2Deditor_EDIT_2DPAGE_2DUP_WHILE_END_2 EDIT-MOVE-UP ET1 @ 1+ ET1 ! branch PC_08_2Deditor_EDIT_2DPAGE_2DUP_BEGIN_1
PC_08_2Deditor_EDIT_2DPAGE_2DUP_WHILE_END_2:                
             4923  000b                                     ; EXIT
                                                            ; EDIT-PAGE-DOWN
             4924  4903                                     ; bucket link

             4925  9c0e                                     ; len('EDIT-PAGE-DOWN')
             4926  0045 0044 0049 0054 002d 0050 0041 0047 0045 002d 0044 004f 0057 004e; 'EDIT-PAGE-DOWN'
EDIT-PAGE-DOWN:                                             
             4934                                           
             4934  0004 0000 44d1 000c                      ; doLIT 0 ET1 !
PC_08_2Deditor_EDIT_2DPAGE_2DDOWN_BEGIN_1:                  
             4938  44d1 000d 4234 05ca 0008 4946 4892 44d1 000d 0024 44d1 000c 0009 4938; ET1 @ EDIT-TEXT-H < ?branch PC_08_2Deditor_EDIT_2DPAGE_2DDOWN_WHILE_END_2 EDIT-MOVE-DOWN ET1 @ 1+ ET1 ! branch PC_08_2Deditor_EDIT_2DPAGE_2DDOWN_BEGIN_1
PC_08_2Deditor_EDIT_2DPAGE_2DDOWN_WHILE_END_2:              
             4946  000b                                     ; EXIT
                                                            ; EDIT-SET-MODIFIED
             4947  4924                                     ; bucket link

             4948  8811                                     ; len('EDIT-SET-MODIFIED')
             4949  0045 0044 0049 0054 002d 0053 0045 0054 002d 004d 004f 0044 0049 0046 0049 0045 0044; 'EDIT-SET-MODIFIED'
EDIT-SET-MODIFIED:                                          
             495a                                           
             495a  0004 ffff 4439 000c 426c 4470 000c 000b  ; doLIT -1 EDIT-MODIFIED ! EDIT-MSG-NONE EDIT-MSG ! EXIT
                                                            ; EDIT-OVERWRITE-CHAR
             4962  4947                                     ; bucket link

             4963  a413                                     ; len('EDIT-OVERWRITE-CHAR')
             4964  0045 0044 0049 0054 002d 004f 0056 0045 0052 0057 0052 0049 0054 0045 002d 0043 0048 0041 0052; 'EDIT-OVERWRITE-CHAR'
EDIT-OVERWRITE-CHAR:                                        
             4977                                           
             4977  4413 000d 0024 47ef 0023 0008 4980 0017 000b; EDIT-COL @ 1+ EDIT-EXTEND-CUR 0= ?branch PC_08_2Deditor_EDIT_2DOVERWRITE_2DCHAR_IF_FALSE_1 DROP EXIT
PC_08_2Deditor_EDIT_2DOVERWRITE_2DCHAR_IF_FALSE_1:          
             4980  4413 000d 43bf 000d 458d 000e 4413 000d 0024 462a 495a 000b; EDIT-COL @ EDIT-CUR @ EDIT-LINE-ADDR C! EDIT-COL @ 1+ EDIT-COL! EDIT-SET-MODIFIED EXIT
                                                            ; EDIT-INSERT-CHAR
             498c  4962                                     ; bucket link

             498d  a410                                     ; len('EDIT-INSERT-CHAR')
             498e  0045 0044 0049 0054 002d 0049 004e 0053 0045 0052 0054 002d 0043 0048 0041 0052; 'EDIT-INSERT-CHAR'
EDIT-INSERT-CHAR:                                           
             499e                                           
             499e  4413 000d 44e7 000c 45f4 44f2 000c 44e7 000d 44f2 000d 29c6 0008 49bd 44e7 000d 0024 47ef 0023 0008 49b5 0017 000b; EDIT-COL @ ET3 ! EDIT-CUR-LEN ET4 ! ET3 @ ET4 @ >= ?branch PC_08_2Deditor_EDIT_2DINSERT_2DCHAR_IF_FALSE_1 ET3 @ 1+ EDIT-EXTEND-CUR 0= ?branch PC_08_2Deditor_EDIT_2DINSERT_2DCHAR_IF_FALSE_2 DROP EXIT
PC_08_2Deditor_EDIT_2DINSERT_2DCHAR_IF_FALSE_2:             
             49b5  4413 000d 43bf 000d 458d 000e 0009 49da  ; EDIT-COL @ EDIT-CUR @ EDIT-LINE-ADDR C! branch PC_08_2Deditor_EDIT_2DINSERT_2DCHAR_IF_END_3
PC_08_2Deditor_EDIT_2DINSERT_2DCHAR_IF_FALSE_1:             
             49bd  44f2 000d 0024 47ef 0023 0008 49c6 0017 000b; ET4 @ 1+ EDIT-EXTEND-CUR 0= ?branch PC_08_2Deditor_EDIT_2DINSERT_2DCHAR_IF_FALSE_4 DROP EXIT
PC_08_2Deditor_EDIT_2DINSERT_2DCHAR_IF_FALSE_4:             
             49c6  44e7 000d 43bf 000d 458d 0018 0024 0019 44f2 000d 44e7 000d 29a0 281a 4413 000d 43bf 000d 458d 000e; ET3 @ EDIT-CUR @ EDIT-LINE-ADDR DUP 1+ SWAP ET4 @ ET3 @ - CMOVE> EDIT-COL @ EDIT-CUR @ EDIT-LINE-ADDR C!
PC_08_2Deditor_EDIT_2DINSERT_2DCHAR_IF_END_3:               
             49da  4413 000d 0024 462a 495a 000b            ; EDIT-COL @ 1+ EDIT-COL! EDIT-SET-MODIFIED EXIT
                                                            ; EDIT-JOIN-NEXT
             49e0  498c                                     ; bucket link

             49e1  a80e                                     ; len('EDIT-JOIN-NEXT')
             49e2  0045 0044 0049 0054 002d 004a 004f 0049 004e 002d 004e 0045 0058 0054; 'EDIT-JOIN-NEXT'
EDIT-JOIN-NEXT:                                             
             49f0                                           
             49f0  43bf 000d 000d 0576 0023 0008 49f9 0017 000b; EDIT-CUR @ @ ?DUP 0= ?branch PC_08_2Deditor_EDIT_2DJOIN_2DNEXT_IF_FALSE_1 DROP EXIT
PC_08_2Deditor_EDIT_2DJOIN_2DNEXT_IF_FALSE_1:               
             49f9  0018 44d1 000c 45f4 44dc 000c 44d1 000d 4567 44e7 000c 44dc 000d 44e7 000d 29cc 41ee 29b8 0008 4a11 42a5 4470 000c 000b; DUP ET1 ! EDIT-CUR-LEN ET2 ! ET1 @ EDIT-LINE-LEN@ ET3 ! ET2 @ ET3 @ + EDIT-LINE-CAP > ?branch PC_08_2Deditor_EDIT_2DJOIN_2DNEXT_IF_FALSE_2 EDIT-MSG-LONG EDIT-MSG ! EXIT
PC_08_2Deditor_EDIT_2DJOIN_2DNEXT_IF_FALSE_2:               
             4a11  44d1 000d 4553 43bf 000d 4553 44dc 000d 29cc 44e7 000d 07c3 44dc 000d 44e7 000d 29cc 43bf 000d 452a 000c 44d1 000d 46e7 44d1 000d 469b 43e1 000d 0025 43e1 000c 495a 000b; ET1 @ EDIT-LINE-TEXT EDIT-CUR @ EDIT-LINE-TEXT ET2 @ + ET3 @ CMOVE ET2 @ ET3 @ + EDIT-CUR @ EDIT-LINE-LEN ! ET1 @ EDIT-UNLINK ET1 @ EDIT-FREE-LINE EDIT-LINES @ 1- EDIT-LINES ! EDIT-SET-MODIFIED EXIT
                                                            ; EDIT-DELETE-CHAR
             4a33  49e0                                     ; bucket link

             4a34  a410                                     ; len('EDIT-DELETE-CHAR')
             4a35  0045 0044 0049 0054 002d 0044 0045 004c 0045 0054 0045 002d 0043 0048 0041 0052; 'EDIT-DELETE-CHAR'
EDIT-DELETE-CHAR:                                           
             4a45                                           
             4a45  4413 000d 44d1 000c 45f4 44dc 000c 44d1 000d 44dc 000d 05ca 0008 4a6e 43bf 000d 44d1 000d 0024 458d 43bf 000d 44d1 000d 458d 44dc 000d 44d1 000d 29a0 0025 07c3 44dc 000d 0025 43bf 000d 452a 000c 495a 000b; EDIT-COL @ ET1 ! EDIT-CUR-LEN ET2 ! ET1 @ ET2 @ < ?branch PC_08_2Deditor_EDIT_2DDELETE_2DCHAR_IF_FALSE_1 EDIT-CUR @ ET1 @ 1+ EDIT-LINE-ADDR EDIT-CUR @ ET1 @ EDIT-LINE-ADDR ET2 @ ET1 @ - 1- CMOVE ET2 @ 1- EDIT-CUR @ EDIT-LINE-LEN ! EDIT-SET-MODIFIED EXIT
PC_08_2Deditor_EDIT_2DDELETE_2DCHAR_IF_FALSE_1:             
             4a6e  44d1 000d 44dc 000d 29a5 0008 4a76 49f0  ; ET1 @ ET2 @ = ?branch PC_08_2Deditor_EDIT_2DDELETE_2DCHAR_IF_FALSE_2 EDIT-JOIN-NEXT
PC_08_2Deditor_EDIT_2DDELETE_2DCHAR_IF_FALSE_2:             
             4a76  000b                                     ; EXIT
                                                            ; EDIT-SPLIT-LINE
             4a77  4a33                                     ; bucket link

             4a78  8a0f                                     ; len('EDIT-SPLIT-LINE')
             4a79  0045 0044 0049 0054 002d 0053 0050 004c 0049 0054 002d 004c 0049 004e 0045; 'EDIT-SPLIT-LINE'
EDIT-SPLIT-LINE:                                            
             4a88                                           
             4a88  4652 0018 0023 0008 4a92 0017 4293 4470 000c 000b; ED-ALLOC DUP 0= ?branch PC_08_2Deditor_EDIT_2DSPLIT_2DLINE_IF_FALSE_1 DROP EDIT-MSG-BUFFER EDIT-MSG ! EXIT
PC_08_2Deditor_EDIT_2DSPLIT_2DLINE_IF_FALSE_1:              
             4a92  0018 44d1 000c 43bf 000d 44dc 000c 4413 000d 44e7 000c 44dc 000d 4567 44f2 000c 44e7 000d 44f2 000d 05ca 0008 4ac6 44f2 000d 44e7 000d 29a0 0018 44d1 000d 452a 000c 44dc 000d 4553 44e7 000d 29cc 44d1 000d 4553 0581 07c3 44e7 000d 44dc 000d 452a 000c 0009 4acc; DUP ET1 ! EDIT-CUR @ ET2 ! EDIT-COL @ ET3 ! ET2 @ EDIT-LINE-LEN@ ET4 ! ET3 @ ET4 @ < ?branch PC_08_2Deditor_EDIT_2DSPLIT_2DLINE_IF_FALSE_2 ET4 @ ET3 @ - DUP ET1 @ EDIT-LINE-LEN ! ET2 @ EDIT-LINE-TEXT ET3 @ + ET1 @ EDIT-LINE-TEXT ROT CMOVE ET3 @ ET2 @ EDIT-LINE-LEN ! branch PC_08_2Deditor_EDIT_2DSPLIT_2DLINE_IF_END_3
PC_08_2Deditor_EDIT_2DSPLIT_2DLINE_IF_FALSE_2:              
             4ac6  0004 0000 44d1 000d 452a 000c            ; doLIT 0 ET1 @ EDIT-LINE-LEN !
PC_08_2Deditor_EDIT_2DSPLIT_2DLINE_IF_END_3:                
             4acc  44d1 000d 44dc 000d 46b3 43e1 000d 0024 43e1 000c 44d1 000d 43bf 000c 43f2 000d 0024 43f2 000c 0004 0000 462a 4836 495a 000b; ET1 @ ET2 @ EDIT-LINK-AFTER EDIT-LINES @ 1+ EDIT-LINES ! ET1 @ EDIT-CUR ! EDIT-CUR# @ 1+ EDIT-CUR# ! doLIT 0 EDIT-COL! EDIT-ENSURE-VISIBLE EDIT-SET-MODIFIED EXIT
                                                            ; EDIT-BACKSPACE
             4ae5  4a77                                     ; bucket link

             4ae6  8a0e                                     ; len('EDIT-BACKSPACE')
             4ae7  0045 0044 0049 0054 002d 0042 0041 0043 004b 0053 0050 0041 0043 0045; 'EDIT-BACKSPACE'
EDIT-BACKSPACE:                                             
             4af5                                           
             4af5  4413 000d 0023 0008 4b12 43bf 000d 4519 000d 0576 0008 4b11 0018 4567 44d1 000c 43bf 000c 43f2 000d 0025 43f2 000c 44d1 000d 462a 49f0 4836; EDIT-COL @ 0= ?branch PC_08_2Deditor_EDIT_2DBACKSPACE_IF_FALSE_1 EDIT-CUR @ EDIT-LINE-PREV @ ?DUP ?branch PC_08_2Deditor_EDIT_2DBACKSPACE_IF_FALSE_2 DUP EDIT-LINE-LEN@ ET1 ! EDIT-CUR ! EDIT-CUR# @ 1- EDIT-CUR# ! ET1 @ EDIT-COL! EDIT-JOIN-NEXT EDIT-ENSURE-VISIBLE
PC_08_2Deditor_EDIT_2DBACKSPACE_IF_FALSE_2:                 
             4b11  000b                                     ; EXIT
PC_08_2Deditor_EDIT_2DBACKSPACE_IF_FALSE_1:                 
             4b12  4413 000d 0025 0018 4413 000c 4424 000c 4413 000d 45f4 29c6 0008 4b21 000b; EDIT-COL @ 1- DUP EDIT-COL ! EDIT-PREF ! EDIT-COL @ EDIT-CUR-LEN >= ?branch PC_08_2Deditor_EDIT_2DBACKSPACE_IF_FALSE_3 EXIT
PC_08_2Deditor_EDIT_2DBACKSPACE_IF_FALSE_3:                 
             4b21  4a45 000b                                ; EDIT-DELETE-CHAR EXIT
                                                            ; EDIT-DELETE-LINE
             4b23  4ae5                                     ; bucket link

             4b24  8a10                                     ; len('EDIT-DELETE-LINE')
             4b25  0045 0044 0049 0054 002d 0044 0045 004c 0045 0054 0045 002d 004c 0049 004e 0045; 'EDIT-DELETE-LINE'
EDIT-DELETE-LINE:                                           
             4b35                                           
             4b35  43e1 000d 0004 0001 29a5 0008 4b44 43bf 000d 4641 0004 0000 462a 495a 000b; EDIT-LINES @ doLIT 1 = ?branch PC_08_2Deditor_EDIT_2DDELETE_2DLINE_IF_FALSE_1 EDIT-CUR @ EDIT-CLEAR-LINE doLIT 0 EDIT-COL! EDIT-SET-MODIFIED EXIT
PC_08_2Deditor_EDIT_2DDELETE_2DLINE_IF_FALSE_1:             
             4b44  43bf 000d 44d1 000c 44d1 000d 000d 0576 0008 4b53 0018 43bf 000c 0009 4b5f; EDIT-CUR @ ET1 ! ET1 @ @ ?DUP ?branch PC_08_2Deditor_EDIT_2DDELETE_2DLINE_IF_FALSE_2 DUP EDIT-CUR ! branch PC_08_2Deditor_EDIT_2DDELETE_2DLINE_IF_END_3
PC_08_2Deditor_EDIT_2DDELETE_2DLINE_IF_FALSE_2:             
             4b53  44d1 000d 4519 000d 0018 43bf 000c 43f2 000d 0025 43f2 000c; ET1 @ EDIT-LINE-PREV @ DUP EDIT-CUR ! EDIT-CUR# @ 1- EDIT-CUR# !
PC_08_2Deditor_EDIT_2DDELETE_2DLINE_IF_END_3:               
             4b5f  44d1 000d 43cf 000d 29a5 0008 4b6e 43bf 000d 43cf 000c 43f2 000d 4403 000c; ET1 @ EDIT-TOP @ = ?branch PC_08_2Deditor_EDIT_2DDELETE_2DLINE_IF_FALSE_4 EDIT-CUR @ EDIT-TOP ! EDIT-CUR# @ EDIT-TOP# !
PC_08_2Deditor_EDIT_2DDELETE_2DLINE_IF_FALSE_4:             
             4b6e  44d1 000d 46e7 44d1 000d 469b 43e1 000d 0025 43e1 000c 45f4 4413 000d 05e6 462a 4836 495a 000b; ET1 @ EDIT-UNLINK ET1 @ EDIT-FREE-LINE EDIT-LINES @ 1- EDIT-LINES ! EDIT-CUR-LEN EDIT-COL @ MIN EDIT-COL! EDIT-ENSURE-VISIBLE EDIT-SET-MODIFIED EXIT
                                                            ; EDIT-COPY-LINE
             4b81  4b23                                     ; bucket link

             4b82  8a0e                                     ; len('EDIT-COPY-LINE')
             4b83  0045 0044 0049 0054 002d 0043 004f 0050 0059 002d 004c 0049 004e 0045; 'EDIT-COPY-LINE'
EDIT-COPY-LINE:                                             
             4b91                                           
             4b91  43bf 000d 4567 0018 44b0 000c 43bf 000d 4553 45b2 0581 07c3 426c 4470 000c 000b; EDIT-CUR @ EDIT-LINE-LEN@ DUP EDIT-CLIP-LEN ! EDIT-CUR @ EDIT-LINE-TEXT EDIT-CLIP-BUF ROT CMOVE EDIT-MSG-NONE EDIT-MSG ! EXIT
                                                            ; EDIT-PASTE-LINE
             4ba1  4b81                                     ; bucket link

             4ba2  8a0f                                     ; len('EDIT-PASTE-LINE')
             4ba3  0045 0044 0049 0054 002d 0050 0041 0053 0054 0045 002d 004c 0049 004e 0045; 'EDIT-PASTE-LINE'
EDIT-PASTE-LINE:                                            
             4bb2                                           
             4bb2  4652 0018 0023 0008 4bbc 0017 4293 4470 000c 000b; ED-ALLOC DUP 0= ?branch PC_08_2Deditor_EDIT_2DPASTE_2DLINE_IF_FALSE_1 DROP EDIT-MSG-BUFFER EDIT-MSG ! EXIT
PC_08_2Deditor_EDIT_2DPASTE_2DLINE_IF_FALSE_1:              
             4bbc  0018 44d1 000c 44b0 000d 0018 44d1 000d 452a 000c 45b2 44d1 000d 4553 0581 07c3 44d1 000d 43bf 000d 46b3 44d1 000d 43bf 000c 43e1 000d 0024 43e1 000c 43f2 000d 0024 43f2 000c 0004 0000 462a 4836 495a 000b; DUP ET1 ! EDIT-CLIP-LEN @ DUP ET1 @ EDIT-LINE-LEN ! EDIT-CLIP-BUF ET1 @ EDIT-LINE-TEXT ROT CMOVE ET1 @ EDIT-CUR @ EDIT-LINK-AFTER ET1 @ EDIT-CUR ! EDIT-LINES @ 1+ EDIT-LINES ! EDIT-CUR# @ 1+ EDIT-CUR# ! doLIT 0 EDIT-COL! EDIT-ENSURE-VISIBLE EDIT-SET-MODIFIED EXIT
                                                            ; EDIT-NEW
             4be5  4ba1                                     ; bucket link

             4be6  ae08                                     ; len('EDIT-NEW')
             4be7  0045 0044 0049 0054 002d 004e 0045 0057  ; 'EDIT-NEW'
EDIT-NEW:                                                   
             4bef                                           
             4bef  4723 42ed 4470 000c 000b                 ; EDIT-RESET-BUFFER EDIT-MSG-NEW EDIT-MSG ! EXIT
                                                            ; EDIT-LOAD
             4bf4  4be5                                     ; bucket link

             4bf5  8809                                     ; len('EDIT-LOAD')
             4bf6  0045 0044 0049 0054 002d 004c 004f 0041 0044; 'EDIT-LOAD'
EDIT-LOAD:                                                  
             4bff                                           
             4bff  45d1 4723 45c1 13bf 13dd 0018 0008 4c0d 0019 0017 42b7 4470 000c 000b; EDIT-PATH! EDIT-RESET-BUFFER EDIT-PATH$ R/O OPEN-FILE DUP ?branch PC_08_2Deditor_EDIT_2DLOAD_IF_FALSE_1 SWAP DROP EDIT-MSG-OPEN EDIT-MSG ! EXIT
PC_08_2Deditor_EDIT_2DLOAD_IF_FALSE_1:                      
             4c0d  0017 0014 439e 000d 44dc 000c 0004 ffff 44e7 000c; DROP >R EDIT-HEAD @ ET2 ! doLIT -1 ET3 !
PC_08_2Deditor_EDIT_2DLOAD_BEGIN_2:                         
             4c17  074d 41ee 0013 1407 0018 0008 4c2a 0017 0017 0017 0012 13fa 0017 42c9 4470 000c 0004 0001 000b; TIB EDIT-LINE-CAP R@ READ-LINE DUP ?branch PC_08_2Deditor_EDIT_2DLOAD_IF_FALSE_3 DROP DROP DROP R> CLOSE-FILE DROP EDIT-MSG-READ EDIT-MSG ! doLIT 1 EXIT
PC_08_2Deditor_EDIT_2DLOAD_IF_FALSE_3:                      
             4c2a  0017 0008 4c61 44e7 000d 0023 0008 4c50 4652 0018 0023 0008 4c41 0017 0012 13fa 0017 4293 4470 000c 0004 0002 000b; DROP ?branch PC_08_2Deditor_EDIT_2DLOAD_WHILE_END_4 ET3 @ 0= ?branch PC_08_2Deditor_EDIT_2DLOAD_IF_FALSE_5 ED-ALLOC DUP 0= ?branch PC_08_2Deditor_EDIT_2DLOAD_IF_FALSE_6 DROP R> CLOSE-FILE DROP EDIT-MSG-BUFFER EDIT-MSG ! doLIT 2 EXIT
PC_08_2Deditor_EDIT_2DLOAD_IF_FALSE_6:                      
             4c41  0018 43af 000d 46b3 0018 44dc 000c 43e1 000d 0024 43e1 000c 0017 0009 4c54; DUP EDIT-TAIL @ EDIT-LINK-AFTER DUP ET2 ! EDIT-LINES @ 1+ EDIT-LINES ! DROP branch PC_08_2Deditor_EDIT_2DLOAD_IF_END_7
PC_08_2Deditor_EDIT_2DLOAD_IF_FALSE_5:                      
             4c50  0004 0000 44e7 000c                      ; doLIT 0 ET3 !
PC_08_2Deditor_EDIT_2DLOAD_IF_END_7:                        
             4c54  0018 44dc 000d 452a 000c 074d 44dc 000d 4553 0581 07c3 0009 4c17; DUP ET2 @ EDIT-LINE-LEN ! TIB ET2 @ EDIT-LINE-TEXT ROT CMOVE branch PC_08_2Deditor_EDIT_2DLOAD_BEGIN_2
PC_08_2Deditor_EDIT_2DLOAD_WHILE_END_4:                     
             4c61  0017 0012 13fa 0017 439e 000d 43bf 000c 439e 000d 43cf 000c 0004 0001 43f2 000c 0004 0001 4403 000c 0004 0000 462a 0004 0000 4439 000c 426c 4470 000c 0004 0000 000b; DROP R> CLOSE-FILE DROP EDIT-HEAD @ EDIT-CUR ! EDIT-HEAD @ EDIT-TOP ! doLIT 1 EDIT-CUR# ! doLIT 1 EDIT-TOP# ! doLIT 0 EDIT-COL! doLIT 0 EDIT-MODIFIED ! EDIT-MSG-NONE EDIT-MSG ! doLIT 0 EXIT
                                                            ; EDIT-SAVE
             4c82  4bf4                                     ; bucket link

             4c83  8a09                                     ; len('EDIT-SAVE')
             4c84  0045 0044 0049 0054 002d 0053 0041 0056 0045; 'EDIT-SAVE'
EDIT-SAVE:                                                  
             4c8d                                           
             4c8d  4485 000d 0023 0008 4c98 42ff 4470 000c 0004 0001 000b; EDIT-PATH-LEN @ 0= ?branch PC_08_2Deditor_EDIT_2DSAVE_IF_FALSE_1 EDIT-MSG-NAME EDIT-MSG ! doLIT 1 EXIT
PC_08_2Deditor_EDIT_2DSAVE_IF_FALSE_1:                      
             4c98  45c1 1463 0017 45c1 13cf 13ec 0018 0008 4ca7 0019 0017 42dc 4470 000c 000b; EDIT-PATH$ DELETE-FILE DROP EDIT-PATH$ R/W CREATE-FILE DUP ?branch PC_08_2Deditor_EDIT_2DSAVE_IF_FALSE_2 SWAP DROP EDIT-MSG-WRITE EDIT-MSG ! EXIT
PC_08_2Deditor_EDIT_2DSAVE_IF_FALSE_2:                      
             4ca7  0017 44f2 000c 439e 000d                 ; DROP ET4 ! EDIT-HEAD @
PC_08_2Deditor_EDIT_2DSAVE_BEGIN_3:                         
             4cac  0018 0008 4ccd 0018 47ba 0018 44dc 000c 001a 4553 44dc 000d 44f2 000d 1415 0018 0008 4cc9 0017 44f2 000d 13fa 0017 42dc 4470 000c 0004 0001 000b; DUP ?branch PC_08_2Deditor_EDIT_2DSAVE_WHILE_END_4 DUP EDIT-TRIM-LEN DUP ET2 ! OVER EDIT-LINE-TEXT ET2 @ ET4 @ WRITE-LINE DUP ?branch PC_08_2Deditor_EDIT_2DSAVE_IF_FALSE_5 DROP ET4 @ CLOSE-FILE DROP EDIT-MSG-WRITE EDIT-MSG ! doLIT 1 EXIT
PC_08_2Deditor_EDIT_2DSAVE_IF_FALSE_5:                      
             4cc9  0017 000d 0009 4cac                      ; DROP @ branch PC_08_2Deditor_EDIT_2DSAVE_BEGIN_3
PC_08_2Deditor_EDIT_2DSAVE_WHILE_END_4:                     
             4ccd  0017 44f2 000d 1454 0017 44f2 000d 13fa 0017 0004 0000 4439 000c 427f 4470 000c 0004 0000 000b; DROP ET4 @ FLUSH-FILE DROP ET4 @ CLOSE-FILE DROP doLIT 0 EDIT-MODIFIED ! EDIT-MSG-SAVED EDIT-MSG ! doLIT 0 EXIT
                                                            ; EDIT-.MSG
             4ce0  4c82                                     ; bucket link

             4ce1  8e09                                     ; len('EDIT-.MSG')
             4ce2  0045 0044 0049 0054 002d 002e 004d 0053 0047; 'EDIT-.MSG'
EDIT-.MSG:                                                  
             4ceb                                           
             4ceb  4470 000d 0018 427f 29a5 0008 4cfc 0017  ; EDIT-MSG @ DUP EDIT-MSG-SAVED = ?branch PC_08_2Deditor_EDIT_2D_2EMSG_IF_FALSE_1 DROP
             4cf3  0cfe                                     ; ."|
             4cf4  0006                                     
             4cf5  0020 0053 0061 0076 0065 0064            ; ' Saved'
             4cfb  000b                                     ; EXIT
PC_08_2Deditor_EDIT_2D_2EMSG_IF_FALSE_1:                    
             4cfc  0018 4293 29a5 0008 4d11 0017            ; DUP EDIT-MSG-BUFFER = ?branch PC_08_2Deditor_EDIT_2D_2EMSG_IF_FALSE_2 DROP
             4d02  0cfe                                     ; ."|
             4d03  000c                                     
             4d04  0020 0042 0075 0066 0066 0065 0072 0020 0066 0075 006c 006c; ' Buffer full'
             4d10  000b                                     ; EXIT
PC_08_2Deditor_EDIT_2D_2EMSG_IF_FALSE_2:                    
             4d11  0018 42a5 29a5 0008 4d28 0017            ; DUP EDIT-MSG-LONG = ?branch PC_08_2Deditor_EDIT_2D_2EMSG_IF_FALSE_3 DROP
             4d17  0cfe                                     ; ."|
             4d18  000e                                     
             4d19  0020 004c 0069 006e 0065 0020 0074 006f 006f 0020 006c 006f 006e 0067; ' Line too long'
             4d27  000b                                     ; EXIT
PC_08_2Deditor_EDIT_2D_2EMSG_IF_FALSE_3:                    
             4d28  0018 42b7 29a5 0008 4d3d 0017            ; DUP EDIT-MSG-OPEN = ?branch PC_08_2Deditor_EDIT_2D_2EMSG_IF_FALSE_4 DROP
             4d2e  0cfe                                     ; ."|
             4d2f  000c                                     
             4d30  0020 004f 0070 0065 006e 0020 0066 0061 0069 006c 0065 0064; ' Open failed'
             4d3c  000b                                     ; EXIT
PC_08_2Deditor_EDIT_2D_2EMSG_IF_FALSE_4:                    
             4d3d  0018 42c9 29a5 0008 4d52 0017            ; DUP EDIT-MSG-READ = ?branch PC_08_2Deditor_EDIT_2D_2EMSG_IF_FALSE_5 DROP
             4d43  0cfe                                     ; ."|
             4d44  000c                                     
             4d45  0020 0052 0065 0061 0064 0020 0066 0061 0069 006c 0065 0064; ' Read failed'
             4d51  000b                                     ; EXIT
PC_08_2Deditor_EDIT_2D_2EMSG_IF_FALSE_5:                    
             4d52  0018 42dc 29a5 0008 4d68 0017            ; DUP EDIT-MSG-WRITE = ?branch PC_08_2Deditor_EDIT_2D_2EMSG_IF_FALSE_6 DROP
             4d58  0cfe                                     ; ."|
             4d59  000d                                     
             4d5a  0020 0057 0072 0069 0074 0065 0020 0066 0061 0069 006c 0065 0064; ' Write failed'
             4d67  000b                                     ; EXIT
PC_08_2Deditor_EDIT_2D_2EMSG_IF_FALSE_6:                    
             4d68  0018 42ed 29a5 0008 4d7c 0017            ; DUP EDIT-MSG-NEW = ?branch PC_08_2Deditor_EDIT_2D_2EMSG_IF_FALSE_7 DROP
             4d6e  0cfe                                     ; ."|
             4d6f  000b                                     
             4d70  0020 004e 0065 0077 0020 0062 0075 0066 0066 0065 0072; ' New buffer'
             4d7b  000b                                     ; EXIT
PC_08_2Deditor_EDIT_2D_2EMSG_IF_FALSE_7:                    
             4d7c  0018 42ff 29a5 0008 4d91 0017            ; DUP EDIT-MSG-NAME = ?branch PC_08_2Deditor_EDIT_2D_2EMSG_IF_FALSE_8 DROP
             4d82  0cfe                                     ; ."|
             4d83  000c                                     
             4d84  0020 004e 006f 0020 0066 0069 006c 0065 006e 0061 006d 0065; ' No filename'
             4d90  000b                                     ; EXIT
PC_08_2Deditor_EDIT_2D_2EMSG_IF_FALSE_8:                    
             4d91  0018 4312 29a5 0008 4da5 0017            ; DUP EDIT-MSG-UNSUP = ?branch PC_08_2Deditor_EDIT_2D_2EMSG_IF_FALSE_9 DROP
             4d97  0cfe                                     ; ."|
             4d98  000b                                     
             4d99  0020 004e 006f 0074 0020 0069 006e 0020 004d 0056 0050; ' Not in MVP'
             4da4  000b                                     ; EXIT
PC_08_2Deditor_EDIT_2D_2EMSG_IF_FALSE_9:                    
             4da5  0017 000b                                ; DROP EXIT
                                                            ; EDIT-DRAW-ROW
             4da7  4ce0                                     ; bucket link

             4da8  ae0d                                     ; len('EDIT-DRAW-ROW')
             4da9  0045 0044 0049 0054 002d 0044 0052 0041 0057 002d 0052 004f 0057; 'EDIT-DRAW-ROW'
EDIT-DRAW-ROW:                                              
             4db6                                           
             4db6  44d1 000c 44dc 000c 0004 0001 44d1 000d 2dfc 2e4c 44dc 000d 0576 0008 4de6 44dc 000d 4567 4224 05e6 44e7 000c 0004 0000 44f2 000c; ET1 ! ET2 ! doLIT 1 ET1 @ AT CL-LINE ET2 @ ?DUP ?branch PC_08_2Deditor_EDIT_2DDRAW_2DROW_IF_FALSE_1 ET2 @ EDIT-LINE-LEN@ EDIT-TEXT-W MIN ET3 ! doLIT 0 ET4 !
PC_08_2Deditor_EDIT_2DDRAW_2DROW_BEGIN_2:                   
             4dd0  44f2 000d 44e7 000d 05ca 0008 4de6 44dc 000d 4553 44f2 000d 29cc 000f 0b51 44f2 000d 0024 44f2 000c 0009 4dd0; ET4 @ ET3 @ < ?branch PC_08_2Deditor_EDIT_2DDRAW_2DROW_WHILE_END_3 ET2 @ EDIT-LINE-TEXT ET4 @ + C@ EMIT ET4 @ 1+ ET4 ! branch PC_08_2Deditor_EDIT_2DDRAW_2DROW_BEGIN_2
PC_08_2Deditor_EDIT_2DDRAW_2DROW_WHILE_END_3:               
PC_08_2Deditor_EDIT_2DDRAW_2DROW_IF_FALSE_1:                
             4de6  000b                                     ; EXIT
                                                            ; EDIT-DRAW-TEXT
             4de7  4da7                                     ; bucket link

             4de8  a80e                                     ; len('EDIT-DRAW-TEXT')
             4de9  0045 0044 0049 0054 002d 0044 0052 0041 0057 002d 0054 0045 0058 0054; 'EDIT-DRAW-TEXT'
EDIT-DRAW-TEXT:                                             
             4df7                                           
             4df7  43cf 000d 44d1 000c 0004 0001 44dc 000c  ; EDIT-TOP @ ET1 ! doLIT 1 ET2 !
PC_08_2Deditor_EDIT_2DDRAW_2DTEXT_BEGIN_1:                  
             4dff  44dc 000d 4234 29bf 0008 4e1a 44d1 000d 44dc 000d 4db6 44d1 000d 0008 4e13 44d1 000d 000d 44d1 000c; ET2 @ EDIT-TEXT-H <= ?branch PC_08_2Deditor_EDIT_2DDRAW_2DTEXT_WHILE_END_2 ET1 @ ET2 @ EDIT-DRAW-ROW ET1 @ ?branch PC_08_2Deditor_EDIT_2DDRAW_2DTEXT_IF_FALSE_3 ET1 @ @ ET1 !
PC_08_2Deditor_EDIT_2DDRAW_2DTEXT_IF_FALSE_3:               
             4e13  44dc 000d 0024 44dc 000c 0009 4dff       ; ET2 @ 1+ ET2 ! branch PC_08_2Deditor_EDIT_2DDRAW_2DTEXT_BEGIN_1
PC_08_2Deditor_EDIT_2DDRAW_2DTEXT_WHILE_END_2:              
             4e1a  000b                                     ; EXIT
                                                            ; EDIT-DRAW-STATUS
             4e1b  4de7                                     ; bucket link

             4e1c  a610                                     ; len('EDIT-DRAW-STATUS')
             4e1d  0045 0044 0049 0054 002d 0044 0052 0041 0057 002d 0053 0054 0041 0054 0055 0053; 'EDIT-DRAW-STATUS'
EDIT-DRAW-STATUS:                                           
             4e2d                                           
             4e2d  2eeb 0004 0001 4248 2dfc 2e4c 45c1 0ba2 4439 000d 0008 4e3f; REVERSE doLIT 1 EDIT-STATUS-ROW AT CL-LINE EDIT-PATH$ TYPE EDIT-MODIFIED @ ?branch PC_08_2Deditor_EDIT_2DDRAW_2DSTATUS_IF_FALSE_1
             4e39  0cfe                                     ; ."|
             4e3a  0002                                     
             4e3b  0020 002a                                ; ' *'
             4e3d  0009 4e43                                ; branch PC_08_2Deditor_EDIT_2DDRAW_2DSTATUS_IF_END_2
PC_08_2Deditor_EDIT_2DDRAW_2DSTATUS_IF_FALSE_1:             
             4e3f  0cfe                                     ; ."|
             4e40  0002                                     
             4e41  0020 002d                                ; ' -'
PC_08_2Deditor_EDIT_2DDRAW_2DSTATUS_IF_END_2:               
             4e43  0cfe                                     ; ."|
             4e44  0004                                     
             4e45  0020 004c 006e 0020                      ; ' Ln '
             4e49  43f2 000d 2de4                           ; EDIT-CUR# @ ANSI#
             4e4c  0cfe                                     ; ."|
             4e4d  0005                                     
             4e4e  0020 0043 006f 006c 0020                 ; ' Col '
             4e53  4413 000d 0024 2de4 444c 000d 0008 4e63  ; EDIT-COL @ 1+ ANSI# EDIT-INSERT @ ?branch PC_08_2Deditor_EDIT_2DDRAW_2DSTATUS_IF_FALSE_3
             4e5b  0cfe                                     ; ."|
             4e5c  0004                                     
             4e5d  0020 0049 004e 0053                      ; ' INS'
             4e61  0009 4e69                                ; branch PC_08_2Deditor_EDIT_2DDRAW_2DSTATUS_IF_END_4
PC_08_2Deditor_EDIT_2DDRAW_2DSTATUS_IF_FALSE_3:             
             4e63  0cfe                                     ; ."|
             4e64  0004                                     
             4e65  0020 004f 0056 0052                      ; ' OVR'
PC_08_2Deditor_EDIT_2DDRAW_2DSTATUS_IF_END_4:               
             4e69  4ceb 2e9b 000b                           ; EDIT-.MSG NORMAL EXIT
                                                            ; EDIT-DRAW-HELP
             4e6c  4e1b                                     ; bucket link

             4e6d  a00e                                     ; len('EDIT-DRAW-HELP')
             4e6e  0045 0044 0049 0054 002d 0044 0052 0041 0057 002d 0048 0045 004c 0050; 'EDIT-DRAW-HELP'
EDIT-DRAW-HELP:                                             
             4e7c                                           
             4e7c  0004 0001 425a 2dfc 2e4c 2e9b            ; doLIT 1 EDIT-HELP-ROW AT CL-LINE NORMAL
             4e82  0cfe                                     ; ."|
             4e83  0001                                     
             4e84  0031                                     ; '1'
             4e85  3046 2dcd 30d7 2db8                      ; HSL_CYAN BG! BLACK FG!
             4e89  0cfe                                     ; ."|
             4e8a  0006                                     
             4e8b  0020 0020 0020 0020 0020 0020            ; '      '
             4e91  2e9b                                     ; NORMAL
             4e92  0cfe                                     ; ."|
             4e93  0001                                     
             4e94  0032                                     ; '2'
             4e95  3046 2dcd 30d7 2db8                      ; HSL_CYAN BG! BLACK FG!
             4e99  0cfe                                     ; ."|
             4e9a  0006                                     
             4e9b  0053 0061 0076 0065 0020 0020            ; 'Save  '
             4ea1  2e9b                                     ; NORMAL
             4ea2  0cfe                                     ; ."|
             4ea3  0001                                     
             4ea4  0033                                     ; '3'
             4ea5  3046 2dcd 30d7 2db8                      ; HSL_CYAN BG! BLACK FG!
             4ea9  0cfe                                     ; ."|
             4eaa  0006                                     
             4eab  0020 0020 0020 0020 0020 0020            ; '      '
             4eb1  2e9b                                     ; NORMAL
             4eb2  0cfe                                     ; ."|
             4eb3  0001                                     
             4eb4  0034                                     ; '4'
             4eb5  3046 2dcd 30d7 2db8                      ; HSL_CYAN BG! BLACK FG!
             4eb9  0cfe                                     ; ."|
             4eba  0006                                     
             4ebb  004e 0065 0077 0020 0020 0020            ; 'New   '
             4ec1  2e9b                                     ; NORMAL
             4ec2  0cfe                                     ; ."|
             4ec3  0001                                     
             4ec4  0035                                     ; '5'
             4ec5  3046 2dcd 30d7 2db8                      ; HSL_CYAN BG! BLACK FG!
             4ec9  0cfe                                     ; ."|
             4eca  0006                                     
             4ecb  0043 006f 0070 0079 0020 0020            ; 'Copy  '
             4ed1  2e9b                                     ; NORMAL
             4ed2  0cfe                                     ; ."|
             4ed3  0001                                     
             4ed4  0036                                     ; '6'
             4ed5  3046 2dcd 30d7 2db8                      ; HSL_CYAN BG! BLACK FG!
             4ed9  0cfe                                     ; ."|
             4eda  0006                                     
             4edb  0020 0020 0020 0020 0020 0020            ; '      '
             4ee1  2e9b                                     ; NORMAL
             4ee2  0cfe                                     ; ."|
             4ee3  0001                                     
             4ee4  0037                                     ; '7'
             4ee5  3046 2dcd 30d7 2db8                      ; HSL_CYAN BG! BLACK FG!
             4ee9  0cfe                                     ; ."|
             4eea  0006                                     
             4eeb  0050 0061 0073 0074 0065 0020            ; 'Paste '
             4ef1  2e9b                                     ; NORMAL
             4ef2  0cfe                                     ; ."|
             4ef3  0001                                     
             4ef4  0038                                     ; '8'
             4ef5  3046 2dcd 30d7 2db8                      ; HSL_CYAN BG! BLACK FG!
             4ef9  0cfe                                     ; ."|
             4efa  0006                                     
             4efb  0044 0065 006c 004c 006e 0020            ; 'DelLn '
             4f01  2e9b                                     ; NORMAL
             4f02  0cfe                                     ; ."|
             4f03  0001                                     
             4f04  0039                                     ; '9'
             4f05  3046 2dcd 30d7 2db8                      ; HSL_CYAN BG! BLACK FG!
             4f09  0cfe                                     ; ."|
             4f0a  0006                                     
             4f0b  0020 0020 0020 0020 0020 0020            ; '      '
             4f11  2e9b                                     ; NORMAL
             4f12  0cfe                                     ; ."|
             4f13  0002                                     
             4f14  0031 0030                                ; '10'
             4f16  3046 2dcd 30d7 2db8                      ; HSL_CYAN BG! BLACK FG!
             4f1a  0cfe                                     ; ."|
             4f1b  0006                                     
             4f1c  0045 0078 0069 0074 0020 0020            ; 'Exit  '
             4f22  2e9b 000b                                ; NORMAL EXIT
                                                            ; EDIT-PLACE-CURSOR
             4f24  4e6c                                     ; bucket link

             4f25  a411                                     ; len('EDIT-PLACE-CURSOR')
             4f26  0045 0044 0049 0054 002d 0050 004c 0041 0043 0045 002d 0043 0055 0052 0053 004f 0052; 'EDIT-PLACE-CURSOR'
EDIT-PLACE-CURSOR:                                          
             4f37                                           
             4f37  43f2 000d 4403 000d 29a0 0024 0004 0001 05da 4234 05e6 44d1 000c 4413 000d 0024 0004 0001 05da 4224 05e6 44dc 000c 44dc 000d 44d1 000d 2dfc 000b; EDIT-CUR# @ EDIT-TOP# @ - 1+ doLIT 1 MAX EDIT-TEXT-H MIN ET1 ! EDIT-COL @ 1+ doLIT 1 MAX EDIT-TEXT-W MIN ET2 ! ET2 @ ET1 @ AT EXIT
                                                            ; EDIT-REDRAW
             4f54  4f24                                     ; bucket link

             4f55  ae0b                                     ; len('EDIT-REDRAW')
             4f56  0045 0044 0049 0054 002d 0052 0045 0044 0052 0041 0057; 'EDIT-REDRAW'
EDIT-REDRAW:                                                
             4f61                                           
             4f61  2e8b 2e3d 2e0c 4df7 4e2d 4e7c 4f37 2e77 000b; CURSOR-OFF CLS HOME EDIT-DRAW-TEXT EDIT-DRAW-STATUS EDIT-DRAW-HELP EDIT-PLACE-CURSOR CURSOR-ON EXIT
                                                            ; EDIT-HANDLE-PRINTABLE
             4f6a  4f54                                     ; bucket link

             4f6b  8a15                                     ; len('EDIT-HANDLE-PRINTABLE')
             4f6c  0045 0044 0049 0054 002d 0048 0041 004e 0044 004c 0045 002d 0050 0052 0049 004e 0054 0041 0042 004c 0045; 'EDIT-HANDLE-PRINTABLE'
EDIT-HANDLE-PRINTABLE:                                      
             4f81                                           
             4f81  0018 0004 0020 0004 007f 05f6 0008 4f92 444c 000d 0008 4f90 499e 0009 4f91; DUP doLIT 32 doLIT 127 WITHIN ?branch PC_08_2Deditor_EDIT_2DHANDLE_2DPRINTABLE_IF_FALSE_1 EDIT-INSERT @ ?branch PC_08_2Deditor_EDIT_2DHANDLE_2DPRINTABLE_IF_FALSE_2 EDIT-INSERT-CHAR branch PC_08_2Deditor_EDIT_2DHANDLE_2DPRINTABLE_IF_END_3
PC_08_2Deditor_EDIT_2DHANDLE_2DPRINTABLE_IF_FALSE_2:        
             4f90  4977                                     ; EDIT-OVERWRITE-CHAR
PC_08_2Deditor_EDIT_2DHANDLE_2DPRINTABLE_IF_END_3:          
             4f91  000b                                     ; EXIT
PC_08_2Deditor_EDIT_2DHANDLE_2DPRINTABLE_IF_FALSE_1:        
             4f92  0017 000b                                ; DROP EXIT
                                                            ; EDIT-HANDLE-CHAR
             4f94  4f6a                                     ; bucket link

             4f95  a410                                     ; len('EDIT-HANDLE-CHAR')
             4f96  0045 0044 0049 0054 002d 0048 0041 004e 0044 004c 0045 002d 0043 0048 0041 0052; 'EDIT-HANDLE-CHAR'
EDIT-HANDLE-CHAR:                                           
             4fa6                                           
             4fa6  0018 0004 0008 29a5 0008 4faf 0017 4af5 000b; DUP doLIT 8 = ?branch PC_08_2Deditor_EDIT_2DHANDLE_2DCHAR_IF_FALSE_1 DROP EDIT-BACKSPACE EXIT
PC_08_2Deditor_EDIT_2DHANDLE_2DCHAR_IF_FALSE_1:             
             4faf  0018 0004 007f 29a5 0008 4fb8 0017 4af5 000b; DUP doLIT 127 = ?branch PC_08_2Deditor_EDIT_2DHANDLE_2DCHAR_IF_FALSE_2 DROP EDIT-BACKSPACE EXIT
PC_08_2Deditor_EDIT_2DHANDLE_2DCHAR_IF_FALSE_2:             
             4fb8  0018 0004 000d 29a5 0008 4fc1 0017 4a88 000b; DUP doLIT 13 = ?branch PC_08_2Deditor_EDIT_2DHANDLE_2DCHAR_IF_FALSE_3 DROP EDIT-SPLIT-LINE EXIT
PC_08_2Deditor_EDIT_2DHANDLE_2DCHAR_IF_FALSE_3:             
             4fc1  0018 0004 000a 29a5 0008 4fca 0017 4a88 000b; DUP doLIT 10 = ?branch PC_08_2Deditor_EDIT_2DHANDLE_2DCHAR_IF_FALSE_4 DROP EDIT-SPLIT-LINE EXIT
PC_08_2Deditor_EDIT_2DHANDLE_2DCHAR_IF_FALSE_4:             
             4fca  0018 0004 0009 29a5 0008 4fd6 0017 06cb 4f81 06cb 4f81 000b; DUP doLIT 9 = ?branch PC_08_2Deditor_EDIT_2DHANDLE_2DCHAR_IF_FALSE_5 DROP BL EDIT-HANDLE-PRINTABLE BL EDIT-HANDLE-PRINTABLE EXIT
PC_08_2Deditor_EDIT_2DHANDLE_2DCHAR_IF_FALSE_5:             
             4fd6  4f81 000b                                ; EDIT-HANDLE-PRINTABLE EXIT
                                                            ; EDIT-HANDLE-EKEY
             4fd8  4f94                                     ; bucket link

             4fd9  b210                                     ; len('EDIT-HANDLE-EKEY')
             4fda  0045 0044 0049 0054 002d 0048 0041 004e 0044 004c 0045 002d 0045 004b 0045 0059; 'EDIT-HANDLE-EKEY'
EDIT-HANDLE-EKEY:                                           
             4fea                                           
             4fea  0018 0a60 29a5 0008 4ff2 0017 48b5 000b  ; DUP KEY_LEFT = ?branch PC_08_2Deditor_EDIT_2DHANDLE_2DEKEY_IF_FALSE_1 DROP EDIT-MOVE-LEFT EXIT
PC_08_2Deditor_EDIT_2DHANDLE_2DEKEY_IF_FALSE_1:             
             4ff2  0018 0a6e 29a5 0008 4ffa 0017 48d4 000b  ; DUP KEY_RIGHT = ?branch PC_08_2Deditor_EDIT_2DHANDLE_2DEKEY_IF_FALSE_2 DROP EDIT-MOVE-RIGHT EXIT
PC_08_2Deditor_EDIT_2DHANDLE_2DEKEY_IF_FALSE_2:             
             4ffa  0018 0a46 29a5 0008 5002 0017 486e 000b  ; DUP KEY_UP = ?branch PC_08_2Deditor_EDIT_2DHANDLE_2DEKEY_IF_FALSE_3 DROP EDIT-MOVE-UP EXIT
PC_08_2Deditor_EDIT_2DHANDLE_2DEKEY_IF_FALSE_3:             
             5002  0018 0a53 29a5 0008 500a 0017 4892 000b  ; DUP KEY_DOWN = ?branch PC_08_2Deditor_EDIT_2DHANDLE_2DEKEY_IF_FALSE_4 DROP EDIT-MOVE-DOWN EXIT
PC_08_2Deditor_EDIT_2DHANDLE_2DEKEY_IF_FALSE_4:             
             500a  0018 0a7b 29a5 0008 5012 0017 48ed 000b  ; DUP KEY_HOME = ?branch PC_08_2Deditor_EDIT_2DHANDLE_2DEKEY_IF_FALSE_5 DROP EDIT-MOVE-HOME EXIT
PC_08_2Deditor_EDIT_2DHANDLE_2DEKEY_IF_FALSE_5:             
             5012  0018 0a87 29a5 0008 501a 0017 4900 000b  ; DUP KEY_END = ?branch PC_08_2Deditor_EDIT_2DHANDLE_2DEKEY_IF_FALSE_6 DROP EDIT-MOVE-END EXIT
PC_08_2Deditor_EDIT_2DHANDLE_2DEKEY_IF_FALSE_6:             
             501a  0018 0a94 29a5 0008 5022 0017 4911 000b  ; DUP KEY_PGUP = ?branch PC_08_2Deditor_EDIT_2DHANDLE_2DEKEY_IF_FALSE_7 DROP EDIT-PAGE-UP EXIT
PC_08_2Deditor_EDIT_2DHANDLE_2DEKEY_IF_FALSE_7:             
             5022  0018 0aa1 29a5 0008 502a 0017 4934 000b  ; DUP KEY_PGDN = ?branch PC_08_2Deditor_EDIT_2DHANDLE_2DEKEY_IF_FALSE_8 DROP EDIT-PAGE-DOWN EXIT
PC_08_2Deditor_EDIT_2DHANDLE_2DEKEY_IF_FALSE_8:             
             502a  0018 0acb 29a5 0008 5032 0017 4af5 000b  ; DUP KEY_BACKSPACE = ?branch PC_08_2Deditor_EDIT_2DHANDLE_2DEKEY_IF_FALSE_9 DROP EDIT-BACKSPACE EXIT
PC_08_2Deditor_EDIT_2DHANDLE_2DEKEY_IF_FALSE_9:             
             5032  0018 0ab9 29a5 0008 503a 0017 4a45 000b  ; DUP KEY_DEL = ?branch PC_08_2Deditor_EDIT_2DHANDLE_2DEKEY_IF_FALSE_10 DROP EDIT-DELETE-CHAR EXIT
PC_08_2Deditor_EDIT_2DHANDLE_2DEKEY_IF_FALSE_10:            
             503a  0018 0ad9 29a5 0008 5042 0017 4a88 000b  ; DUP KEY_ENTER = ?branch PC_08_2Deditor_EDIT_2DHANDLE_2DEKEY_IF_FALSE_11 DROP EDIT-SPLIT-LINE EXIT
PC_08_2Deditor_EDIT_2DHANDLE_2DEKEY_IF_FALSE_11:            
             5042  0018 0aad 29a5 0008 504e 0017 444c 000d 0023 444c 000c 000b; DUP KEY_INS = ?branch PC_08_2Deditor_EDIT_2DHANDLE_2DEKEY_IF_FALSE_12 DROP EDIT-INSERT @ 0= EDIT-INSERT ! EXIT
PC_08_2Deditor_EDIT_2DHANDLE_2DEKEY_IF_FALSE_12:            
             504e  0018 0aef 29a5 0008 5057 0017 4c8d 0017 000b; DUP KEY_F2 = ?branch PC_08_2Deditor_EDIT_2DHANDLE_2DEKEY_IF_FALSE_13 DROP EDIT-SAVE DROP EXIT
PC_08_2Deditor_EDIT_2DHANDLE_2DEKEY_IF_FALSE_13:            
             5057  0018 0b05 29a5 0008 505f 0017 4bef 000b  ; DUP KEY_F4 = ?branch PC_08_2Deditor_EDIT_2DHANDLE_2DEKEY_IF_FALSE_14 DROP EDIT-NEW EXIT
PC_08_2Deditor_EDIT_2DHANDLE_2DEKEY_IF_FALSE_14:            
             505f  0018 0b10 29a5 0008 5067 0017 4b91 000b  ; DUP KEY_F5 = ?branch PC_08_2Deditor_EDIT_2DHANDLE_2DEKEY_IF_FALSE_15 DROP EDIT-COPY-LINE EXIT
PC_08_2Deditor_EDIT_2DHANDLE_2DEKEY_IF_FALSE_15:            
             5067  0018 0b26 29a5 0008 506f 0017 4bb2 000b  ; DUP KEY_F7 = ?branch PC_08_2Deditor_EDIT_2DHANDLE_2DEKEY_IF_FALSE_16 DROP EDIT-PASTE-LINE EXIT
PC_08_2Deditor_EDIT_2DHANDLE_2DEKEY_IF_FALSE_16:            
             506f  0018 0b31 29a5 0008 5077 0017 4b35 000b  ; DUP KEY_F8 = ?branch PC_08_2Deditor_EDIT_2DHANDLE_2DEKEY_IF_FALSE_17 DROP EDIT-DELETE-LINE EXIT
PC_08_2Deditor_EDIT_2DHANDLE_2DEKEY_IF_FALSE_17:            
             5077  0018 0b48 29a5 0008 5082 0017 0004 0000 4460 000c 000b; DUP KEY_F10 = ?branch PC_08_2Deditor_EDIT_2DHANDLE_2DEKEY_IF_FALSE_18 DROP doLIT 0 EDIT-RUNNING ! EXIT
PC_08_2Deditor_EDIT_2DHANDLE_2DEKEY_IF_FALSE_18:            
             5082  0017 4312 4470 000c 000b                 ; DROP EDIT-MSG-UNSUP EDIT-MSG ! EXIT
                                                            ; EDIT-WAIT-INPUT
             5087  4fd8                                     ; bucket link

             5088  a80f                                     ; len('EDIT-WAIT-INPUT')
             5089  0045 0044 0049 0054 002d 0057 0041 0049 0054 002d 0049 004e 0050 0055 0054; 'EDIT-WAIT-INPUT'
EDIT-WAIT-INPUT:                                            
             5098                                           
PC_08_2Deditor_EDIT_2DWAIT_2DINPUT_BEGIN_1:                 
             5098  0a19 0008 509d 4fea 000b                 ; ?EKEY ?branch PC_08_2Deditor_EDIT_2DWAIT_2DINPUT_IF_FALSE_2 EDIT-HANDLE-EKEY EXIT
PC_08_2Deditor_EDIT_2DWAIT_2DINPUT_IF_FALSE_2:              
             509d  09f6 0008 50a2 4fa6 000b                 ; ?KEY ?branch PC_08_2Deditor_EDIT_2DWAIT_2DINPUT_IF_FALSE_3 EDIT-HANDLE-CHAR EXIT
PC_08_2Deditor_EDIT_2DWAIT_2DINPUT_IF_FALSE_3:              
             50a2  0009 5098                                ; branch PC_08_2Deditor_EDIT_2DWAIT_2DINPUT_BEGIN_1
             50a4  000b                                     ; EXIT
                                                            ; EDIT-RUN
             50a5  5087                                     ; bucket link

             50a6  9c08                                     ; len('EDIT-RUN')
             50a7  0045 0044 0049 0054 002d 0052 0055 004e  ; 'EDIT-RUN'
EDIT-RUN:                                                   
             50af                                           
             50af  0004 ffff 4460 000c                      ; doLIT -1 EDIT-RUNNING !
PC_08_2Deditor_EDIT_2DRUN_BEGIN_1:                          
             50b3  4460 000d 0008 50bb 4f61 5098 0009 50b3  ; EDIT-RUNNING @ ?branch PC_08_2Deditor_EDIT_2DRUN_WHILE_END_2 EDIT-REDRAW EDIT-WAIT-INPUT branch PC_08_2Deditor_EDIT_2DRUN_BEGIN_1
PC_08_2Deditor_EDIT_2DRUN_WHILE_END_2:                      
             50bb  2e9b 2e77 2e3d 2e0c 000b                 ; NORMAL CURSOR-ON CLS HOME EXIT
                                                            ; EDIT
             50c0  50a5                                     ; bucket link

             50c1  a804                                     ; len('EDIT')
             50c2  0045 0044 0049 0054                      ; 'EDIT'
EDIT:                                                       
             50c6                                           
             50c6  476e 2993 4bff 0018 0008 50ce 47a4 000b  ; EDIT-INIT 2DUP EDIT-LOAD DUP ?branch PC_08_2Deditor_EDIT_IF_FALSE_1 EDIT-DONE EXIT
PC_08_2Deditor_EDIT_IF_FALSE_1:                             
             50ce  0017 50af 47a4 0004 0000 000b            ; DROP EDIT-RUN EDIT-DONE doLIT 0 EXIT
                                                            ; NEW-EDIT
             50d4  2f62                                     ; bucket link

             50d5  a808                                     ; len('NEW-EDIT')
             50d6  004e 0045 0057 002d 0045 0044 0049 0054  ; 'NEW-EDIT'
NEW-EDIT:                                                   
             50de                                           
             50de  476e 45d1 4bef 50af 47a4 000b            ; EDIT-INIT EDIT-PATH! EDIT-NEW EDIT-RUN EDIT-DONE EXIT
             org $0034                                      
             0034  fee2                                     ; FORTHVOC bucket table ptr
             org $0064                                      
FORTH_BUCKET_SEED_ROM:                                      ; Seed FORTH bucket table template
             0064  0000                                     ; FORTH bucket 32
             0065  2887                                     ; FORTH bucket 33
             0066  0000                                     ; FORTH bucket 34
             0067  0895                                     ; FORTH bucket 35
             0068  1896                                     ; FORTH bucket 36
             0069  0d6a                                     ; FORTH bucket 37
             006a  0000                                     ; FORTH bucket 38
             006b  165a                                     ; FORTH bucket 39
             006c  0eea                                     ; FORTH bucket 40
             006d  0000                                     ; FORTH bucket 41
             006e  3a84                                     ; FORTH bucket 42
             006f  29c9                                     ; FORTH bucket 43
             0070  2978                                     ; FORTH bucket 44
             0071  299d                                     ; FORTH bucket 45
             0072  26f9                                     ; FORTH bucket 46
             0073  2996                                     ; FORTH bucket 47
             0074  2920                                     ; FORTH bucket 48
             0075  292c                                     ; FORTH bucket 49
             0076  298d                                     ; FORTH bucket 50
             0077  0000                                     ; FORTH bucket 51
             0078  0000                                     ; FORTH bucket 52
             0079  0000                                     ; FORTH bucket 53
             007a  0000                                     ; FORTH bucket 54
             007b  0000                                     ; FORTH bucket 55
             007c  0000                                     ; FORTH bucket 56
             007d  0000                                     ; FORTH bucket 57
             007e  29d7                                     ; FORTH bucket 58
             007f  29ce                                     ; FORTH bucket 59
             0080  29bb                                     ; FORTH bucket 60
             0081  29a2                                     ; FORTH bucket 61
             0082  29c2                                     ; FORTH bucket 62
             0083  2871                                     ; FORTH bucket 63
             0084  288c                                     ; FORTH bucket 64
             0085  3da1                                     ; FORTH bucket 65
             0086  3d04                                     ; FORTH bucket 66
             0087  3d67                                     ; FORTH bucket 67
             0088  3adb                                     ; FORTH bucket 68
             0089  50c0                                     ; FORTH bucket 69
             008a  41c8                                     ; FORTH bucket 70
             008b  30ae                                     ; FORTH bucket 71
             008c  309c                                     ; FORTH bucket 72
             008d  3aa0                                     ; FORTH bucket 73
             008e  0000                                     ; FORTH bucket 74
             008f  0b3f                                     ; FORTH bucket 75
             0090  3b97                                     ; FORTH bucket 76
             0091  2836                                     ; FORTH bucket 77
             0092  50d4                                     ; FORTH bucket 78
             0093  28f7                                     ; FORTH bucket 79
             0094  232a                                     ; FORTH bucket 80
             0095  3a54                                     ; FORTH bucket 81
             0096  3b3c                                     ; FORTH bucket 82
             0097  3de7                                     ; FORTH bucket 83
             0098  1d05                                     ; FORTH bucket 84
             0099  3a78                                     ; FORTH bucket 85
             009a  27b1                                     ; FORTH bucket 86
             009b  30c5                                     ; FORTH bucket 87
             009c  3d70                                     ; FORTH bucket 88
             009d  3d7a                                     ; FORTH bucket 89
             009e  2964                                     ; FORTH bucket 90
             009f  16be                                     ; FORTH bucket 91
             00a0  0ef2                                     ; FORTH bucket 92
             00a1  1652                                     ; FORTH bucket 93
             00a2  11fe                                     ; FORTH bucket 94
             00a3  2584                                     ; FORTH bucket 95
             00a4  0000                                     ; FORTH bucket 96
             00a5  1246                                     ; FORTH bucket 97
             00a6  0000                                     ; FORTH bucket 98
             00a7  0000                                     ; FORTH bucket 99
             00a8  25a0                                     ; FORTH bucket 100
             00a9  0000                                     ; FORTH bucket 101
             00aa  0000                                     ; FORTH bucket 102
             00ab  0000                                     ; FORTH bucket 103
             00ac  27b9                                     ; FORTH bucket 104
             00ad  0000                                     ; FORTH bucket 105
             00ae  0000                                     ; FORTH bucket 106
             00af  1224                                     ; FORTH bucket 107
             00b0  0000                                     ; FORTH bucket 108
             00b1  0000                                     ; FORTH bucket 109
             00b2  0000                                     ; FORTH bucket 110
             00b3  0000                                     ; FORTH bucket 111
             00b4  0e6f                                     ; FORTH bucket 112
             00b5  0000                                     ; FORTH bucket 113
             00b6  0000                                     ; FORTH bucket 114
             00b7  08a0                                     ; FORTH bucket 115
             00b8  2878                                     ; FORTH bucket 116
             00b9  0000                                     ; FORTH bucket 117
             00ba  0000                                     ; FORTH bucket 118
             00bb  0000                                     ; FORTH bucket 119
             00bc  0000                                     ; FORTH bucket 120
             00bd  0000                                     ; FORTH bucket 121
             00be  0000                                     ; FORTH bucket 122
             00bf  0000                                     ; FORTH bucket 123
             00c0  0000                                     ; FORTH bucket 124
             00c1  0000                                     ; FORTH bucket 125
             00c2  41c1                                     ; FORTH bucket 126
             org $50e4                                      
             org $8000                                      
CODER:                                                      ; Beginning of the runtime user dictionary in RAM
             org $f8ff                                      
Top_DS:                                                     ; Lower limit of data stack
             org $f980                                      
SPP:                                                        ; Upper boundary of data stack
             org $fa80                                      
TIBB:                                                       ; Start of The Input Buffer
             org $fdff                                      
Top_RS:                                                     ; Lower limit of return stack
             org $fe80                                      
RPP:                                                        ; Upper boundary of return stack
             org $fe80                                      
UPP:                                                        ; Start of user variable space
             org $0000                                      
EM:                                                         ; Just beyond end of memory
