:100000000C94E9800C941A810C941A810C941A8136
:100010000C941A810C941A810C941A810C941A81F4
:100020000C941A810C941A810C941A810C941A81E4
:100030000C941A810C941A810C941A810C941A81D4
:100040000C941A810C941A810C941A810C941A81C4
:100050000C941A810C941A810C941A810C94648863
:100060000C941A810C94D8880C94AE880C941A8144
:100070000C941A810C941A810C941A810C941A8194
:100080000C941A810C941A810C941A810C941A8184
:100090000C941A810C941A810C941A810C941A8174
:1000A0000C941A810C941A810C941A810C941A8164
:1000B0000C941A810C941A810C941A810C941A8154
:1000C0000C941A810C941A810C941A810C941A8144
:1000D0000C941A810C941A810C941A810C941A8134
:1000E0000C941A810C940D830C947A810C948F8754
:1000F0000C94CE870C941C810C94FB870C9479850E
:100100000C941A870C9403840C94F8850C945082F8
:100110000C946C810C943C840C94D0870C94C88310
:100120000C9442880C9426860C9499840C94178322
:100130000C9495830C9464850C9451820C9488865D
:100140000C9459870C945F840C94B2810C94B685FE
:100150000C94E2850C9440870C94FF810C947F876B
:100160000C9410860C945B870C945A820C945A86DB
:100170000C9428860C9444860C94B1830C9490853E
:100180000C9458810C94CE860C9428840C94BD83D6
:100190000C94CC850C94D5830C9422880C942885DF
:1001A0000C94ED840C94CF8A0C943E850C940E86AE
:1001B0000C946B870C94A9870C948E840C946F8696
:1001C0000C9449810C94F4860C9412830C94A787A8
:1001D000000000000000000000000000000000001F
:1001E000000000000000000000000000000000000F
:1001F00000000000000000000000000000000000FF
:1002000000000000000000000000000000000000EE
:1002100000000000000000000000000000000000DE
:1002200000000000000000000000000000000000CE
:1002300000000000000000000000000000000000BE
:1002400000000000000000000000000000000000AE
:10025000000000000000000000000000000000009E
:10026000000000000000000000000000000000008E
:10027000000000000000000000000000000000007E
:10028000000000000000000000000000000000006E
:10029000000000000000000000000000000000005E
:1002A000000000000000000000000000000000004E
:1002B000000000000000000000000000000000003E
:1002C000000000000000000000000000000000002E
:1002D000000000000000000000000000000000001E
:1002E000000000000000000000000000000000000E
:1002F00000000000000000000000000000000000FE
:1003000000000000000000000000000000000000ED
:1003100000000000000000000000000000000000DD
:1003200000000000000000000000000000000000CD
:1003300000000000000000000000000000000000BD
:1003400000000000000000000000000000000000AD
:10035000000000000000000000000000000000009D
:10036000000000000000000000000000000000008D
:10037000000000000000000000000000000000007D
:10038000000000000000000000000000000000006D
:10039000000000000000000000000000000000005D
:1003A000000000000000000000000000000000004D
:1003B000000000000000000000000000000000003D
:1003C000000000000000000000000000000000002D
:1003D000000000000000000000000000000000001D
:1003E000000000000000000000000000000000000D
:1003F00000000000000000000000000000000000FD
:1004000000000000000000000000000000000000EC
:1004100000000000000000000000000000000000DC
:1004200000000000000000000000000000000000CC
:1004300000000000000000000000000000000000BC
:1004400000000000000000000000000000000000AC
:10045000000000000000000000000000000000009C
:10046000000000000000000000000000000000008C
:10047000000000000000000000000000000000007C
:10048000000000000000000000000000000000006C
:10049000000000000000000000000000000000005C
:1004A000000000000000000000000000000000004C
:1004B000000000000000000000000000000000003C
:1004C000000000000000000000000000000000002C
:1004D000000000000000000000000000000000001C
:1004E000000000000000000000000000000000000C
:1004F00000000000000000000000000000000000FC
:1005000000000000000000000000000000000000EB
:1005100000000000000000000000000000000000DB
:1005200000000000000000000000000000000000CB
:1005300000000000000000000000000000000000BB
:1005400000000000000000000000000000000000AB
:10055000000000000000000000000000000000009B
:10056000000000000000000000000000000000008B
:10057000000000000000000000000000000000007B
:10058000000000000000000000000000000000006B
:10059000000000000000000000000000000000005B
:1005A000000000000000000000000000000000004B
:1005B000000000000000000000000000000000003B
:1005C000000000000000000000000000000000002B
:1005D000000000000000000000000000000000001B
:1005E000000000000000000000000000000000000B
:1005F00000000000000000000000000000000000FB
:1006000000000000000000000000000000000000EA
:1006100000000000000000000000000000000000DA
:1006200000000000000000000000000000000000CA
:1006300000000000000000000000000000000000BA
:1006400000000000000000000000000000000000AA
:10065000000000000000000000000000000000009A
:10066000000000000000000000000000000000008A
:10067000000000000000000000000000000000007A
:10068000000000000000000000000000000000006A
:10069000000000000000000000000000000000005A
:1006A000000000000000000000000000000000004A
:1006B000000000000000000000000000000000003A
:1006C000000000000000000000000000000000002A
:1006D000000000000000000000000000000000001A
:1006E000000000000000000000000000000000000A
:1006F00000000000000000000000000000000000FA
:1007000000000000000000000000000000000000E9
:1007100000000000000000000000000000000000D9
:1007200000000000000000000000000000000000C9
:1007300000000000000000000000000000000000B9
:1007400000000000000000000000000000000000A9
:100750000000000000000000000000000000000099
:100760000000000000000000000000000000000089
:100770000000000000000000000000000000000079
:100780000000000000000000000000000000000069
:100790000000000000000000000000000000000059
:1007A0000000000000000000000000000000000049
:1007B0000000000000000000000000000000000039
:1007C0000000000000000000000000000000000029
:1007D0000000000000000000000000000000000019
:1007E0000000000000000000000000000000000009
:1007F00000000000000000000000000000000000F9
:1008000000000000000000000000000000000000E8
:1008100000000000000000000000000000000000D8
:1008200000000000000000000000000000000000C8
:1008300000000000000000000000000000000000B8
:1008400000000000000000000000000000000000A8
:100850000000000000000000000000000000000098
:100860000000000000000000000000000000000088
:100870000000000000000000000000000000000078
:100880000000000000000000000000000000000068
:100890000000000000000000000000000000000058
:1008A0000000000000000000000000000000000048
:1008B0000000000000000000000000000000000038
:1008C0000000000000000000000000000000000028
:1008D0000000000000000000000000000000000018
:1008E0000000000000000000000000000000000008
:1008F00000000000000000000000000000000000F8
:1009000000000000000000000000000000000000E7
:1009100000000000000000000000000000000000D7
:1009200000000000000000000000000000000000C7
:1009300000000000000000000000000000000000B7
:1009400000000000000000000000000000000000A7
:100950000000000000000000000000000000000097
:100960000000000000000000000000000000000087
:100970000000000000000000000000000000000077
:100980000000000000000000000000000000000067
:100990000000000000000000000000000000000057
:1009A0000000000000000000000000000000000047
:1009B0000000000000000000000000000000000037
:1009C0000000000000000000000000000000000027
:1009D0000000000000000000000000000000000017
:1009E0000000000000000000000000000000000007
:1009F00000000000000000000000000000000000F7
:100A000000000000000000000000000000000000E6
:100A100000000000000000000000000000000000D6
:100A200000000000000000000000000000000000C6
:100A300000000000000000000000000000000000B6
:100A400000000000000000000000000000000000A6
:100A50000000000000000000000000000000000096
:100A60000000000000000000000000000000000086
:100A70000000000000000000000000000000000076
:100A80000000000000000000000000000000000066
:100A90000000000000000000000000000000000056
:100AA0000000000000000000000000000000000046
:100AB0000000000000000000000000000000000036
:100AC0000000000000000000000000000000000026
:100AD0000000000000000000000000000000000016
:100AE0000000000000000000000000000000000006
:100AF00000000000000000000000000000000000F6
:100B000000000000000000000000000000000000E5
:100B100000000000000000000000000000000000D5
:100B200000000000000000000000000000000000C5
:100B300000000000000000000000000000000000B5
:100B400000000000000000000000000000000000A5
:100B50000000000000000000000000000000000095
:100B60000000000000000000000000000000000085
:100B70000000000000000000000000000000000075
:100B80000000000000000000000000000000000065
:100B90000000000000000000000000000000000055
:100BA0000000000000000000000000000000000045
:100BB0000000000000000000000000000000000035
:100BC0000000000000000000000000000000000025
:100BD0000000000000000000000000000000000015
:100BE0000000000000000000000000000000000005
:100BF00000000000000000000000000000000000F5
:100C000000000000000000000000000000000000E4
:100C100000000000000000000000000000000000D4
:100C200000000000000000000000000000000000C4
:100C300000000000000000000000000000000000B4
:100C400000000000000000000000000000000000A4
:100C50000000000000000000000000000000000094
:100C60000000000000000000000000000000000084
:100C70000000000000000000000000000000000074
:100C80000000000000000000000000000000000064
:100C90000000000000000000000000000000000054
:100CA0000000000000000000000000000000000044
:100CB0000000000000000000000000000000000034
:100CC0000000000000000000000000000000000024
:100CD0000000000000000000000000000000000014
:100CE0000000000000000000000000000000000004
:100CF00000000000000000000000000000000000F4
:100D000000000000000000000000000000000000E3
:100D100000000000000000000000000000000000D3
:100D200000000000000000000000000000000000C3
:100D300000000000000000000000000000000000B3
:100D400000000000000000000000000000000000A3
:100D50000000000000000000000000000000000093
:100D60000000000000000000000000000000000083
:100D70000000000000000000000000000000000073
:100D80000000000000000000000000000000000063
:100D90000000000000000000000000000000000053
:100DA0000000000000000000000000000000000043
:100DB0000000000000000000000000000000000033
:100DC0000000000000000000000000000000000023
:100DD0000000000000000000000000000000000013
:100DE0000000000000000000000000000000000003
:100DF00000000000000000000000000000000000F3
:100E000000000000000000000000000000000000E2
:100E100000000000000000000000000000000000D2
:100E200000000000000000000000000000000000C2
:100E300000000000000000000000000000000000B2
:100E400000000000000000000000000000000000A2
:100E50000000000000000000000000000000000092
:100E60000000000000000000000000000000000082
:100E70000000000000000000000000000000000072
:100E80000000000000000000000000000000000062
:100E90000000000000000000000000000000000052
:100EA0000000000000000000000000000000000042
:100EB0000000000000000000000000000000000032
:100EC0000000000000000000000000000000000022
:100ED0000000000000000000000000000000000012
:100EE0000000000000000000000000000000000002
:100EF00000000000000000000000000000000000F2
:100F000000000000000000000000000000000000E1
:100F100000000000000000000000000000000000D1
:100F200000000000000000000000000000000000C1
:100F300000000000000000000000000000000000B1
:100F400000000000000000000000000000000000A1
:100F50000000000000000000000000000000000091
:100F60000000000000000000000000000000000081
:100F70000000000000000000000000000000000071
:100F80000000000000000000000000000000000061
:100F90000000000000000000000000000000000051
:100FA0000000000000000000000000000000000041
:100FB0000000000000000000000000000000000031
:100FC0000000000000000000000000000000000021
:100FD0000000000000000000000000000000000011
:100FE0000000000000000000000000000000000001
:100FF00000000000000000000000000000000000F1
:1010000000000000000000000000000000000000E0
:1010100000000000000000000000000000000000D0
:1010200000000000000000000000000000000000C0
:1010300000000000000000000000000000000000B0
:1010400000000000000000000000000000000000A0
:101050000000000000000000000000000000000090
:101060000000000000000000000000000000000080
:101070000000000000000000000000000000000070
:101080000000000000000000000000000000000060
:101090000000000000000000000000000000000050
:1010A0000000000000000000000000000000000040
:1010B0000000000000000000000000000000000030
:1010C0000000000000000000000000000000000020
:1010D0000000000000000000000000000000000010
:1010E0000000000000000000000000000000000000
:1010F00000000000000000000000000000000000F0
:1011000000000000000000000000000000000000DF
:1011100000000000000000000000000000000000CF
:1011200000000000000000000000000000000000BF
:1011300000000000000000000000000000000000AF
:10114000000000000000000000000000000000009F
:10115000000000000000000000000000000000008F
:10116000000000000000000000000000000000007F
:10117000000000000000000000000000000000006F
:10118000000000000000000000000000000000005F
:10119000000000000000000000000000000000004F
:1011A000000000000000000000000000000000003F
:1011B000000000000000000000000000000000002F
:1011C000000000000000000000000000000000001F
:1011D000000000000000000000000000000000000F
:1011E00000000000000000000000000000000000FF
:1011F00000000000000000000000000000000000EF
:1012000000000000000000000000000000000000DE
:1012100000000000000000000000000000000000CE
:1012200000000000000000000000000000000000BE
:1012300000000000000000000000000000000000AE
:10124000000000000000000000000000000000009E
:10125000000000000000000000000000000000008E
:10126000000000000000000000000000000000007E
:10127000000000000000000000000000000000006E
:10128000000000000000000000000000000000005E
:10129000000000000000000000000000000000004E
:1012A000000000000000000000000000000000003E
:1012B000000000000000000000000000000000002E
:1012C000000000000000000000000000000000001E
:1012D000000000000000000000000000000000000E
:1012E00000000000000000000000000000000000FE
:1012F00000000000000000000000000000000000EE
:1013000000000000000000000000000000000000DD
:1013100000000000000000000000000000000000CD
:1013200000000000000000000000000000000000BD
:1013300000000000000000000000000000000000AD
:10134000000000000000000000000000000000009D
:10135000000000000000000000000000000000008D
:10136000000000000000000000000000000000007D
:10137000000000000000000000000000000000006D
:10138000000000000000000000000000000000005D
:10139000000000000000000000000000000000004D
:1013A000000000000000000000000000000000003D
:1013B000000000000000000000000000000000002D
:1013C000000000000000000000000000000000001D
:1013D000000000000000000000000000000000000D
:1013E00000000000000000000000000000000000FD
:1013F00000000000000000000000000000000000ED
:1014000000000000000000000000000000000000DC
:1014100000000000000000000000000000000000CC
:1014200000000000000000000000000000000000BC
:1014300000000000000000000000000000000000AC
:10144000000000000000000000000000000000009C
:10145000000000000000000000000000000000008C
:10146000000000000000000000000000000000007C
:10147000000000000000000000000000000000006C
:10148000000000000000000000000000000000005C
:10149000000000000000000000000000000000004C
:1014A000000000000000000000000000000000003C
:1014B000000000000000000000000000000000002C
:1014C000000000000000000000000000000000001C
:1014D000000000000000000000000000000000000C
:1014E00000000000000000000000000000000000FC
:1014F00000000000000000000000000000000000EC
:1015000000000000000000000000000000000000DB
:1015100000000000000000000000000000000000CB
:1015200000000000000000000000000000000000BB
:1015300000000000000000000000000000000000AB
:10154000000000000000000000000000000000009B
:10155000000000000000000000000000000000008B
:10156000000000000000000000000000000000007B
:10157000000000000000000000000000000000006B
:10158000000000000000000000000000000000005B
:10159000000000000000000000000000000000004B
:1015A000000000000000000000000000000000003B
:1015B000000000000000000000000000000000002B
:1015C000000000000000000000000000000000001B
:1015D000000000000000000000000000000000000B
:1015E00000000000000000000000000000000000FB
:1015F00000000000000000000000000000000000EB
:1016000000000000000000000000000000000000DA
:1016100000000000000000000000000000000000CA
:1016200000000000000000000000000000000000BA
:1016300000000000000000000000000000000000AA
:10164000000000000000000000000000000000009A
:10165000000000000000000000000000000000008A
:10166000000000000000000000000000000000007A
:10167000000000000000000000000000000000006A
:10168000000000000000000000000000000000005A
:10169000000000000000000000000000000000004A
:1016A000000000000000000000000000000000003A
:1016B000000000000000000000000000000000002A
:1016C000000000000000000000000000000000001A
:1016D000000000000000000000000000000000000A
:1016E00000000000000000000000000000000000FA
:1016F00000000000000000000000000000000000EA
:1017000000000000000000000000000000000000D9
:1017100000000000000000000000000000000000C9
:1017200000000000000000000000000000000000B9
:1017300000000000000000000000000000000000A9
:101740000000000000000000000000000000000099
:101750000000000000000000000000000000000089
:101760000000000000000000000000000000000079
:101770000000000000000000000000000000000069
:101780000000000000000000000000000000000059
:101790000000000000000000000000000000000049
:1017A0000000000000000000000000000000000039
:1017B0000000000000000000000000000000000029
:1017C0000000000000000000000000000000000019
:1017D0000000000000000000000000000000000009
:1017E00000000000000000000000000000000000F9
:1017F00000000000000000000000000000000000E9
:1018000000000000000000000000000000000000D8
:1018100000000000000000000000000000000000C8
:1018200000000000000000000000000000000000B8
:1018300000000000000000000000000000000000A8
:101840000000000000000000000000000000000098
:101850000000000000000000000000000000000088
:101860000000000000000000000000000000000078
:101870000000000000000000000000000000000068
:101880000000000000000000000000000000000058
:101890000000000000000000000000000000000048
:1018A0000000000000000000000000000000000038
:1018B0000000000000000000000000000000000028
:1018C0000000000000000000000000000000000018
:1018D0000000000000000000000000000000000008
:1018E00000000000000000000000000000000000F8
:1018F00000000000000000000000000000000000E8
:1019000000000000000000000000000000000000D7
:1019100000000000000000000000000000000000C7
:1019200000000000000000000000000000000000B7
:1019300000000000000000000000000000000000A7
:101940000000000000000000000000000000000097
:101950000000000000000000000000000000000087
:101960000000000000000000000000000000000077
:101970000000000000000000000000000000000067
:101980000000000000000000000000000000000057
:101990000000000000000000000000000000000047
:1019A0000000000000000000000000000000000037
:1019B0000000000000000000000000000000000027
:1019C0000000000000000000000000000000000017
:1019D0000000000000000000000000000000000007
:1019E00000000000000000000000000000000000F7
:1019F00000000000000000000000000000000000E7
:101A000000000000000000000000000000000000D6
:101A100000000000000000000000000000000000C6
:101A200000000000000000000000000000000000B6
:101A300000000000000000000000000000000000A6
:101A40000000000000000000000000000000000096
:101A50000000000000000000000000000000000086
:101A60000000000000000000000000000000000076
:101A70000000000000000000000000000000000066
:101A80000000000000000000000000000000000056
:101A90000000000000000000000000000000000046
:101AA0000000000000000000000000000000000036
:101AB0000000000000000000000000000000000026
:101AC0000000000000000000000000000000000016
:101AD0000000000000000000000000000000000006
:101AE00000000000000000000000000000000000F6
:101AF00000000000000000000000000000000000E6
:101B000000000000000000000000000000000000D5
:101B100000000000000000000000000000000000C5
:101B200000000000000000000000000000000000B5
:101B300000000000000000000000000000000000A5
:101B40000000000000000000000000000000000095
:101B50000000000000000000000000000000000085
:101B60000000000000000000000000000000000075
:101B70000000000000000000000000000000000065
:101B80000000000000000000000000000000000055
:101B90000000000000000000000000000000000045
:101BA0000000000000000000000000000000000035
:101BB0000000000000000000000000000000000025
:101BC0000000000000000000000000000000000015
:101BD0000000000000000000000000000000000005
:101BE00000000000000000000000000000000000F5
:101BF00000000000000000000000000000000000E5
:101C000000000000000000000000000000000000D4
:101C100000000000000000000000000000000000C4
:101C200000000000000000000000000000000000B4
:101C300000000000000000000000000000000000A4
:101C40000000000000000000000000000000000094
:101C50000000000000000000000000000000000084
:101C60000000000000000000000000000000000074
:101C70000000000000000000000000000000000064
:101C80000000000000000000000000000000000054
:101C90000000000000000000000000000000000044
:101CA0000000000000000000000000000000000034
:101CB0000000000000000000000000000000000024
:101CC0000000000000000000000000000000000014
:101CD0000000000000000000000000000000000004
:101CE00000000000000000000000000000000000F4
:101CF00000000000000000000000000000000000E4
:101D000000000000000000000000000000000000D3
:101D100000000000000000000000000000000000C3
:101D200000000000000000000000000000000000B3
:101D300000000000000000000000000000000000A3
:101D40000000000000000000000000000000000093
:101D50000000000000000000000000000000000083
:101D60000000000000000000000000000000000073
:101D70000000000000000000000000000000000063
:101D80000000000000000000000000000000000053
:101D90000000000000000000000000000000000043
:101DA0000000000000000000000000000000000033
:101DB0000000000000000000000000000000000023
:101DC0000000000000000000000000000000000013
:101DD0000000000000000000000000000000000003
:101DE00000000000000000000000000000000000F3
:101DF00000000000000000000000000000000000E3
:101E000000000000000000000000000000000000D2
:101E100000000000000000000000000000000000C2
:101E200000000000000000000000000000000000B2
:101E300000000000000000000000000000000000A2
:101E40000000000000000000000000000000000092
:101E50000000000000000000000000000000000082
:101E60000000000000000000000000000000000072
:101E70000000000000000000000000000000000062
:101E80000000000000000000000000000000000052
:101E90000000000000000000000000000000000042
:101EA0000000000000000000000000000000000032
:101EB0000000000000000000000000000000000022
:101EC0000000000000000000000000000000000012
:101ED0000000000000000000000000000000000002
:101EE00000000000000000000000000000000000F2
:101EF00000000000000000000000000000000000E2
:101F000000000000000000000000000000000000D1
:101F100000000000000000000000000000000000C1
:101F200000000000000000000000000000000000B1
:101F300000000000000000000000000000000000A1
:101F40000000000000000000000000000000000091
:101F50000000000000000000000000000000000081
:101F60000000000000000000000000000000000071
:101F70000000000000000000000000000000000061
:101F80000000000000000000000000000000000051
:101F90000000000000000000000000000000000041
:101FA0000000000000000000000000000000000031
:101FB0000000000000000000000000000000000021
:101FC0000000000000000000000000000000000011
:101FD0000000000000000000000000000000000001
:101FE00000000000000000000000000000000000F1
:101FF00000000000000000000000000000000000E1
:1020000000000000000000000000000000000000D0
:1020100000000000000000000000000000000000C0
:1020200000000000000000000000000000000000B0
:1020300000000000000000000000000000000000A0
:102040000000000000000000000000000000000090
:102050000000000000000000000000000000000080
:102060000000000000000000000000000000000070
:102070000000000000000000000000000000000060
:102080000000000000000000000000000000000050
:102090000000000000000000000000000000000040
:1020A0000000000000000000000000000000000030
:1020B0000000000000000000000000000000000020
:1020C0000000000000000000000000000000000010
:1020D0000000000000000000000000000000000000
:1020E00000000000000000000000000000000000F0
:1020F00000000000000000000000000000000000E0
:1021000000000000000000000000000000000000CF
:1021100000000000000000000000000000000000BF
:1021200000000000000000000000000000000000AF
:10213000000000000000000000000000000000009F
:10214000000000000000000000000000000000008F
:10215000000000000000000000000000000000007F
:10216000000000000000000000000000000000006F
:10217000000000000000000000000000000000005F
:10218000000000000000000000000000000000004F
:10219000000000000000000000000000000000003F
:1021A000000000000000000000000000000000002F
:1021B000000000000000000000000000000000001F
:1021C000000000000000000000000000000000000F
:1021D00000000000000000000000000000000000FF
:1021E00000000000000000000000000000000000EF
:1021F00000000000000000000000000000000000DF
:1022000000000000000000000000000000000000CE
:1022100000000000000000000000000000000000BE
:1022200000000000000000000000000000000000AE
:10223000000000000000000000000000000000009E
:10224000000000000000000000000000000000008E
:10225000000000000000000000000000000000007E
:10226000000000000000000000000000000000006E
:10227000000000000000000000000000000000005E
:10228000000000000000000000000000000000004E
:10229000000000000000000000000000000000003E
:1022A000000000000000000000000000000000002E
:1022B000000000000000000000000000000000001E
:1022C000000000000000000000000000000000000E
:1022D00000000000000000000000000000000000FE
:1022E00000000000000000000000000000000000EE
:1022F00000000000000000000000000000000000DE
:1023000000000000000000000000000000000000CD
:1023100000000000000000000000000000000000BD
:1023200000000000000000000000000000000000AD
:10233000000000000000000000000000000000009D
:10234000000000000000000000000000000000008D
:10235000000000000000000000000000000000007D
:10236000000000000000000000000000000000006D
:10237000000000000000000000000000000000005D
:10238000000000000000000000000000000000004D
:10239000000000000000000000000000000000003D
:1023A000000000000000000000000000000000002D
:1023B000000000000000000000000000000000001D
:1023C000000000000000000000000000000000000D
:1023D00000000000000000000000000000000000FD
:1023E00000000000000000000000000000000000ED
:1023F00000000000000000000000000000000000DD
:1024000000000000000000000000000000000000CC
:1024100000000000000000000000000000000000BC
:1024200000000000000000000000000000000000AC
:10243000000000000000000000000000000000009C
:10244000000000000000000000000000000000008C
:10245000000000000000000000000000000000007C
:10246000000000000000000000000000000000006C
:10247000000000000000000000000000000000005C
:10248000000000000000000000000000000000004C
:10249000000000000000000000000000000000003C
:1024A000000000000000000000000000000000002C
:1024B000000000000000000000000000000000001C
:1024C000000000000000000000000000000000000C
:1024D00000000000000000000000000000000000FC
:1024E00000000000000000000000000000000000EC
:1024F00000000000000000000000000000000000DC
:1025000000000000000000000000000000000000CB
:1025100000000000000000000000000000000000BB
:1025200000000000000000000000000000000000AB
:10253000000000000000000000000000000000009B
:10254000000000000000000000000000000000008B
:10255000000000000000000000000000000000007B
:10256000000000000000000000000000000000006B
:10257000000000000000000000000000000000005B
:10258000000000000000000000000000000000004B
:10259000000000000000000000000000000000003B
:1025A000000000000000000000000000000000002B
:1025B000000000000000000000000000000000001B
:1025C000000000000000000000000000000000000B
:1025D00000000000000000000000000000000000FB
:1025E00000000000000000000000000000000000EB
:1025F00000000000000000000000000000000000DB
:1026000000000000000000000000000000000000CA
:1026100000000000000000000000000000000000BA
:1026200000000000000000000000000000000000AA
:10263000000000000000000000000000000000009A
:10264000000000000000000000000000000000008A
:10265000000000000000000000000000000000007A
:10266000000000000000000000000000000000006A
:10267000000000000000000000000000000000005A
:10268000000000000000000000000000000000004A
:10269000000000000000000000000000000000003A
:1026A000000000000000000000000000000000002A
:1026B000000000000000000000000000000000001A
:1026C000000000000000000000000000000000000A
:1026D00000000000000000000000000000000000FA
:1026E00000000000000000000000000000000000EA
:1026F00000000000000000000000000000000000DA
:1027000000000000000000000000000000000000C9
:1027100000000000000000000000000000000000B9
:1027200000000000000000000000000000000000A9
:102730000000000000000000000000000000000099
:102740000000000000000000000000000000000089
:102750000000000000000000000000000000000079
:102760000000000000000000000000000000000069
:102770000000000000000000000000000000000059
:102780000000000000000000000000000000000049
:102790000000000000000000000000000000000039
:1027A0000000000000000000000000000000000029
:1027B0000000000000000000000000000000000019
:1027C0000000000000000000000000000000000009
:1027D00000000000000000000000000000000000F9
:1027E00000000000000000000000000000000000E9
:1027F00000000000000000000000000000000000D9
:1028000000000000000000000000000000000000C8
:1028100000000000000000000000000000000000B8
:1028200000000000000000000000000000000000A8
:102830000000000000000000000000000000000098
:102840000000000000000000000000000000000088
:102850000000000000000000000000000000000078
:102860000000000000000000000000000000000068
:102870000000000000000000000000000000000058
:102880000000000000000000000000000000000048
:102890000000000000000000000000000000000038
:1028A0000000000000000000000000000000000028
:1028B0000000000000000000000000000000000018
:1028C0000000000000000000000000000000000008
:1028D00000000000000000000000000000000000F8
:1028E00000000000000000000000000000000000E8
:1028F00000000000000000000000000000000000D8
:1029000000000000000000000000000000000000C7
:1029100000000000000000000000000000000000B7
:1029200000000000000000000000000000000000A7
:102930000000000000000000000000000000000097
:102940000000000000000000000000000000000087
:102950000000000000000000000000000000000077
:102960000000000000000000000000000000000067
:102970000000000000000000000000000000000057
:102980000000000000000000000000000000000047
:102990000000000000000000000000000000000037
:1029A0000000000000000000000000000000000027
:1029B0000000000000000000000000000000000017
:1029C0000000000000000000000000000000000007
:1029D00000000000000000000000000000000000F7
:1029E00000000000000000000000000000000000E7
:1029F00000000000000000000000000000000000D7
:102A000000000000000000000000000000000000C6
:102A100000000000000000000000000000000000B6
:102A200000000000000000000000000000000000A6
:102A30000000000000000000000000000000000096
:102A40000000000000000000000000000000000086
:102A50000000000000000000000000000000000076
:102A60000000000000000000000000000000000066
:102A70000000000000000000000000000000000056
:102A80000000000000000000000000000000000046
:102A90000000000000000000000000000000000036
:102AA0000000000000000000000000000000000026
:102AB0000000000000000000000000000000000016
:102AC0000000000000000000000000000000000006
:102AD00000000000000000000000000000000000F6
:102AE00000000000000000000000000000000000E6
:102AF00000000000000000000000000000000000D6
:102B000000000000000000000000000000000000C5
:102B100000000000000000000000000000000000B5
:102B200000000000000000000000000000000000A5
:102B30000000000000000000000000000000000095
:102B40000000000000000000000000000000000085
:102B50000000000000000000000000000000000075
:102B60000000000000000000000000000000000065
:102B70000000000000000000000000000000000055
:102B80000000000000000000000000000000000045
:102B90000000000000000000000000000000000035
:102BA0000000000000000000000000000000000025
:102BB0000000000000000000000000000000000015
:102BC0000000000000000000000000000000000005
:102BD00000000000000000000000000000000000F5
:102BE00000000000000000000000000000000000E5
:102BF00000000000000000000000000000000000D5
:102C000000000000000000000000000000000000C4
:102C100000000000000000000000000000000000B4
:102C200000000000000000000000000000000000A4
:102C30000000000000000000000000000000000094
:102C40000000000000000000000000000000000084
:102C50000000000000000000000000000000000074
:102C60000000000000000000000000000000000064
:102C70000000000000000000000000000000000054
:102C80000000000000000000000000000000000044
:102C90000000000000000000000000000000000034
:102CA0000000000000000000000000000000000024
:102CB0000000000000000000000000000000000014
:102CC0000000000000000000000000000000000004
:102CD00000000000000000000000000000000000F4
:102CE00000000000000000000000000000000000E4
:102CF00000000000000000000000000000000000D4
:102D000000000000000000000000000000000000C3
:102D100000000000000000000000000000000000B3
:102D200000000000000000000000000000000000A3
:102D30000000000000000000000000000000000093
:102D40000000000000000000000000000000000083
:102D50000000000000000000000000000000000073
:102D60000000000000000000000000000000000063
:102D70000000000000000000000000000000000053
:102D80000000000000000000000000000000000043
:102D90000000000000000000000000000000000033
:102DA0000000000000000000000000000000000023
:102DB0000000000000000000000000000000000013
:102DC0000000000000000000000000000000000003
:102DD00000000000000000000000000000000000F3
:102DE00000000000000000000000000000000000E3
:102DF00000000000000000000000000000000000D3
:102E000000000000000000000000000000000000C2
:102E100000000000000000000000000000000000B2
:102E200000000000000000000000000000000000A2
:102E30000000000000000000000000000000000092
:102E40000000000000000000000000000000000082
:102E50000000000000000000000000000000000072
:102E60000000000000000000000000000000000062
:102E70000000000000000000000000000000000052
:102E80000000000000000000000000000000000042
:102E90000000000000000000000000000000000032
:102EA0000000000000000000000000000000000022
:102EB0000000000000000000000000000000000012
:102EC0000000000000000000000000000000000002
:102ED00000000000000000000000000000000000F2
:102EE00000000000000000000000000000000000E2
:102EF00000000000000000000000000000000000D2
:102F000000000000000000000000000000000000C1
:102F100000000000000000000000000000000000B1
:102F200000000000000000000000000000000000A1
:102F30000000000000000000000000000000000091
:102F40000000000000000000000000000000000081
:102F50000000000000000000000000000000000071
:102F60000000000000000000000000000000000061
:102F70000000000000000000000000000000000051
:102F80000000000000000000000000000000000041
:102F90000000000000000000000000000000000031
:102FA0000000000000000000000000000000000021
:102FB0000000000000000000000000000000000011
:102FC0000000000000000000000000000000000001
:102FD00000000000000000000000000000000000F1
:102FE00000000000000000000000000000000000E1
:102FF00000000000000000000000000000000000D1
:1030000000000000000000000000000000000000C0
:1030100000000000000000000000000000000000B0
:1030200000000000000000000000000000000000A0
:103030000000000000000000000000000000000090
:103040000000000000000000000000000000000080
:103050000000000000000000000000000000000070
:103060000000000000000000000000000000000060
:103070000000000000000000000000000000000050
:103080000000000000000000000000000000000040
:103090000000000000000000000000000000000030
:1030A0000000000000000000000000000000000020
:1030B0000000000000000000000000000000000010
:1030C0000000000000000000000000000000000000
:1030D00000000000000000000000000000000000F0
:1030E00000000000000000000000000000000000E0
:1030F00000000000000000000000000000000000D0
:1031000000000000000000000000000000000000BF
:1031100000000000000000000000000000000000AF
:10312000000000000000000000000000000000009F
:10313000000000000000000000000000000000008F
:10314000000000000000000000000000000000007F
:10315000000000000000000000000000000000006F
:10316000000000000000000000000000000000005F
:10317000000000000000000000000000000000004F
:10318000000000000000000000000000000000003F
:10319000000000000000000000000000000000002F
:1031A000000000000000000000000000000000001F
:1031B000000000000000000000000000000000000F
:1031C00000000000000000000000000000000000FF
:1031D00000000000000000000000000000000000EF
:1031E00000000000000000000000000000000000DF
:1031F00000000000000000000000000000000000CF
:1032000000000000000000000000000000000000BE
:1032100000000000000000000000000000000000AE
:10322000000000000000000000000000000000009E
:10323000000000000000000000000000000000008E
:10324000000000000000000000000000000000007E
:10325000000000000000000000000000000000006E
:10326000000000000000000000000000000000005E
:10327000000000000000000000000000000000004E
:10328000000000000000000000000000000000003E
:10329000000000000000000000000000000000002E
:1032A000000000000000000000000000000000001E
:1032B000000000000000000000000000000000000E
:1032C00000000000000000000000000000000000FE
:1032D00000000000000000000000000000000000EE
:1032E00000000000000000000000000000000000DE
:1032F00000000000000000000000000000000000CE
:1033000000000000000000000000000000000000BD
:1033100000000000000000000000000000000000AD
:10332000000000000000000000000000000000009D
:10333000000000000000000000000000000000008D
:10334000000000000000000000000000000000007D
:10335000000000000000000000000000000000006D
:10336000000000000000000000000000000000005D
:10337000000000000000000000000000000000004D
:10338000000000000000000000000000000000003D
:10339000000000000000000000000000000000002D
:1033A000000000000000000000000000000000001D
:1033B000000000000000000000000000000000000D
:1033C00000000000000000000000000000000000FD
:1033D00000000000000000000000000000000000ED
:1033E00000000000000000000000000000000000DD
:1033F00000000000000000000000000000000000CD
:1034000000000000000000000000000000000000BC
:1034100000000000000000000000000000000000AC
:10342000000000000000000000000000000000009C
:10343000000000000000000000000000000000008C
:10344000000000000000000000000000000000007C
:10345000000000000000000000000000000000006C
:10346000000000000000000000000000000000005C
:10347000000000000000000000000000000000004C
:10348000000000000000000000000000000000003C
:10349000000000000000000000000000000000002C
:1034A000000000000000000000000000000000001C
:1034B000000000000000000000000000000000000C
:1034C00000000000000000000000000000000000FC
:1034D00000000000000000000000000000000000EC
:1034E00000000000000000000000000000000000DC
:1034F00000000000000000000000000000000000CC
:1035000000000000000000000000000000000000BB
:1035100000000000000000000000000000000000AB
:10352000000000000000000000000000000000009B
:10353000000000000000000000000000000000008B
:10354000000000000000000000000000000000007B
:10355000000000000000000000000000000000006B
:10356000000000000000000000000000000000005B
:10357000000000000000000000000000000000004B
:10358000000000000000000000000000000000003B
:10359000000000000000000000000000000000002B
:1035A000000000000000000000000000000000001B
:1035B000000000000000000000000000000000000B
:1035C00000000000000000000000000000000000FB
:1035D00000000000000000000000000000000000EB
:1035E00000000000000000000000000000000000DB
:1035F00000000000000000000000000000000000CB
:1036000000000000000000000000000000000000BA
:1036100000000000000000000000000000000000AA
:10362000000000000000000000000000000000009A
:10363000000000000000000000000000000000008A
:10364000000000000000000000000000000000007A
:10365000000000000000000000000000000000006A
:10366000000000000000000000000000000000005A
:10367000000000000000000000000000000000004A
:10368000000000000000000000000000000000003A
:10369000000000000000000000000000000000002A
:1036A000000000000000000000000000000000001A
:1036B000000000000000000000000000000000000A
:1036C00000000000000000000000000000000000FA
:1036D00000000000000000000000000000000000EA
:1036E00000000000000000000000000000000000DA
:1036F00000000000000000000000000000000000CA
:1037000000000000000000000000000000000000B9
:1037100000000000000000000000000000000000A9
:103720000000000000000000000000000000000099
:103730000000000000000000000000000000000089
:103740000000000000000000000000000000000079
:103750000000000000000000000000000000000069
:103760000000000000000000000000000000000059
:103770000000000000000000000000000000000049
:103780000000000000000000000000000000000039
:103790000000000000000000000000000000000029
:1037A0000000000000000000000000000000000019
:1037B0000000000000000000000000000000000009
:1037C00000000000000000000000000000000000F9
:1037D00000000000000000000000000000000000E9
:1037E00000000000000000000000000000000000D9
:1037F00000000000000000000000000000000000C9
:1038000000000000000000000000000000000000B8
:1038100000000000000000000000000000000000A8
:103820000000000000000000000000000000000098
:103830000000000000000000000000000000000088
:103840000000000000000000000000000000000078
:103850000000000000000000000000000000000068
:103860000000000000000000000000000000000058
:103870000000000000000000000000000000000048
:103880000000000000000000000000000000000038
:103890000000000000000000000000000000000028
:1038A0000000000000000000000000000000000018
:1038B0000000000000000000000000000000000008
:1038C00000000000000000000000000000000000F8
:1038D00000000000000000000000000000000000E8
:1038E00000000000000000000000000000000000D8
:1038F00000000000000000000000000000000000C8
:1039000000000000000000000000000000000000B7
:1039100000000000000000000000000000000000A7
:103920000000000000000000000000000000000097
:103930000000000000000000000000000000000087
:103940000000000000000000000000000000000077
:103950000000000000000000000000000000000067
:103960000000000000000000000000000000000057
:103970000000000000000000000000000000000047
:103980000000000000000000000000000000000037
:103990000000000000000000000000000000000027
:1039A0000000000000000000000000000000000017
:1039B0000000000000000000000000000000000007
:1039C00000000000000000000000000000000000F7
:1039D00000000000000000000000000000000000E7
:1039E00000000000000000000000000000000000D7
:1039F00000000000000000000000000000000000C7
:103A000000000000000000000000000000000000B6
:103A100000000000000000000000000000000000A6
:103A20000000000000000000000000000000000096
:103A30000000000000000000000000000000000086
:103A40000000000000000000000000000000000076
:103A50000000000000000000000000000000000066
:103A60000000000000000000000000000000000056
:103A70000000000000000000000000000000000046
:103A80000000000000000000000000000000000036
:103A90000000000000000000000000000000000026
:103AA0000000000000000000000000000000000016
:103AB0000000000000000000000000000000000006
:103AC00000000000000000000000000000000000F6
:103AD00000000000000000000000000000000000E6
:103AE00000000000000000000000000000000000D6
:103AF00000000000000000000000000000000000C6
:103B000000000000000000000000000000000000B5
:103B100000000000000000000000000000000000A5
:103B20000000000000000000000000000000000095
:103B30000000000000000000000000000000000085
:103B40000000000000000000000000000000000075
:103B50000000000000000000000000000000000065
:103B60000000000000000000000000000000000055
:103B70000000000000000000000000000000000045
:103B80000000000000000000000000000000000035
:103B90000000000000000000000000000000000025
:103BA0000000000000000000000000000000000015
:103BB0000000000000000000000000000000000005
:103BC00000000000000000000000000000000000F5
:103BD00000000000000000000000000000000000E5
:103BE00000000000000000000000000000000000D5
:103BF00000000000000000000000000000000000C5
:103C000000000000000000000000000000000000B4
:103C100000000000000000000000000000000000A4
:103C20000000000000000000000000000000000094
:103C30000000000000000000000000000000000084
:103C40000000000000000000000000000000000074
:103C50000000000000000000000000000000000064
:103C60000000000000000000000000000000000054
:103C70000000000000000000000000000000000044
:103C80000000000000000000000000000000000034
:103C90000000000000000000000000000000000024
:103CA0000000000000000000000000000000000014
:103CB0000000000000000000000000000000000004
:103CC00000000000000000000000000000000000F4
:103CD00000000000000000000000000000000000E4
:103CE00000000000000000000000000000000000D4
:103CF00000000000000000000000000000000000C4
:103D000000000000000000000000000000000000B3
:103D100000000000000000000000000000000000A3
:103D20000000000000000000000000000000000093
:103D30000000000000000000000000000000000083
:103D40000000000000000000000000000000000073
:103D50000000000000000000000000000000000063
:103D60000000000000000000000000000000000053
:103D70000000000000000000000000000000000043
:103D80000000000000000000000000000000000033
:103D90000000000000000000000000000000000023
:103DA0000000000000000000000000000000000013
:103DB0000000000000000000000000000000000003
:103DC00000000000000000000000000000000000F3
:103DD00000000000000000000000000000000000E3
:103DE00000000000000000000000000000000000D3
:103DF00000000000000000000000000000000000C3
:103E000000000000000000000000000000000000B2
:103E100000000000000000000000000000000000A2
:103E20000000000000000000000000000000000092
:103E30000000000000000000000000000000000082
:103E40000000000000000000000000000000000072
:103E50000000000000000000000000000000000062
:103E60000000000000000000000000000000000052
:103E70000000000000000000000000000000000042
:103E80000000000000000000000000000000000032
:103E90000000000000000000000000000000000022
:103EA0000000000000000000000000000000000012
:103EB0000000000000000000000000000000000002
:103EC00000000000000000000000000000000000F2
:103ED00000000000000000000000000000000000E2
:103EE00000000000000000000000000000000000D2
:103EF00000000000000000000000000000000000C2
:103F000000000000000000000000000000000000B1
:103F100000000000000000000000000000000000A1
:103F20000000000000000000000000000000000091
:103F30000000000000000000000000000000000081
:103F40000000000000000000000000000000000071
:103F50000000000000000000000000000000000061
:103F60000000000000000000000000000000000051
:103F70000000000000000000000000000000000041
:103F80000000000000000000000000000000000031
:103F90000000000000000000000000000000000021
:103FA0000000000000000000000000000000000011
:103FB0000000000000000000000000000000000001
:103FC00000000000000000000000000000000000F1
:103FD00000000000000000000000000000000000E1
:103FE00000000000000000000000000000000000D1
:103FF00000000000000000000000000000000000C1
:1040000000000000000000000000000000000000B0
:1040100000000000000000000000000000000000A0
:104020000000000000000000000000000000000090
:104030000000000000000000000000000000000080
:104040000000000000000000000000000000000070
:104050000000000000000000000000000000000060
:104060000000000000000000000000000000000050
:104070000000000000000000000000000000000040
:104080000000000000000000000000000000000030
:104090000000000000000000000000000000000020
:1040A0000000000000000000000000000000000010
:1040B0000000000000000000000000000000000000
:1040C00000000000000000000000000000000000F0
:1040D00000000000000000000000000000000000E0
:1040E00000000000000000000000000000000000D0
:1040F00000000000000000000000000000000000C0
:1041000000000000000000000000000000000000AF
:10411000000000000000000000000000000000009F
:10412000000000000000000000000000000000008F
:10413000000000000000000000000000000000007F
:10414000000000000000000000000000000000006F
:10415000000000000000000000000000000000005F
:10416000000000000000000000000000000000004F
:10417000000000000000000000000000000000003F
:10418000000000000000000000000000000000002F
:10419000000000000000000000000000000000001F
:1041A000000000000000000000000000000000000F
:1041B00000000000000000000000000000000000FF
:1041C00000000000000000000000000000000000EF
:1041D0003A00F605080018400400FFFFEA020C0050
:1041E000BA3F04003000B529DE020D0004000A00C9
:1041F0007506E129DE020C0004000100080DF83FFD
:104200000B000000097E7E0064006500660061000E
:1042100075006C0074003F00BA3F04007D00BA29AD
:104220000B00000008C27E00740079007000650079
:104230002D0073006100180004007300BA29080003
:104240003D401700763F0900494018000400610016
:10425000BA290800474017009F3F0900494017004E
:104260002A3E0B0000000ED07E0074007900700022
:1042700065002D0064006900730070006100740027
:1042800063006800180004006400BA290800644054
:104290001700263F09008340180004007500BA2962
:1042A00008006E401700393F0900834018000400E1
:1042B0007800BA290800784017004D3F0900834074
:1042C000180004006300BA290800824017005F3F0D
:1042D0000900834033400B0000000BD87E006600CD
:1042E000690065006C0064002D00740061006900C5
:1042F0006C0004000100080DC6020D0076050800E0
:104300009C4017000900AA40A4180C00620061003C
:104310006400200066002D007300740072006900C4
:104320006E006700BA3F04007D001E00A4180C0058
:10433000620061006400200066002D0073007400BC
:10434000720069006E00670004000100080D5A4009
:104350000B00000006C87E006600690065006C0066
:10436000640004000100080D04000000D2020C00EB
:104370000400FFFFDE020C00C6020D0076050800F7
:10438000DC4017000900EA40A4180C00620061003C
:104390006400200066002D00730074007200690044
:1043A0006E00670024400800F34004000100080D7F
:1043B000263F09004141CD3FC6020D0076050800A9
:1043C000FC40170009000A41A4180C0062006100BB
:1043D0006400200066002D00730074007200690004
:1043E0006E006700BA3F04002E00BA29080032416F
:1043F00004000100080D04000000DE020C000400AF
:104400000000EA020C00F83FEA020D007605080001
:104410002441170009003241A4180C006200610019
:104420006400200066002D007300740072006900B3
:104430006E006700BA3F180004007D00BA2908002A
:104440004041170004000100080D263F09004141CA
:1044500091400B0000000CCA7E00650076006100F0
:104460006C002D006C00620072006100630065004A
:1044700004000100C6020D00BA0508006D41BA0231
:104480000D0004000100E1290F0004007B00BA299F
:1044900008006A4104007B004F0D04000200080D73
:1044A00009006B41C94009006E41C9400B00000082
:1044B0000CCA7E006500760061006C002D00720061
:1044C0006200720061006300650004000100C60222
:1044D0000D00BA0508009A41BA020D00040001005F
:1044E000E1290F0004007D00BA290800974104006B
:1044F0007D004F0D04000200080D090098412A3E7E
:1045000009009B412A3E0B00000005D87E00650093
:10451000760061006C00A8291700BA020C00C602E0
:104520000C001700150DC6020D000800CA41BA3F65
:10453000180004007B00BA290800BA411700504156
:104540000900C841180004007D00BA290800C441D0
:1045500017007D410900C8414F0D04000100080DFE
:104560000900AB41700D0B00000044DC7E007200BE
:1045700075006E00E00C2D07A3410B00CC4143F801
:104580007E0022007C00D2410B00C82D82444600F0
:10459000220031030D000800EE4104002200D20E7B
:1045A000A40DBF16D241F3160900F3410400220006
:1045B000D20EA40DA3410B00E73B0DA04500440023
:1045C000490054002D004C0049004E0045002D00CC
:1045D0004300410050000400A0000B00F4410D8A8C
:1045E00045004400490054002D005200450043009E
:1045F0002D00530049005A0045000400A4000B00A0
:1046000006420F8A45004400490054002D00410035
:10461000520045004E0041002D00530049005A0051
:104620004500040000200B0018420BAE450044007A
:10463000490054002D0054004500580054002D003E
:104640005700040050000B002C420B904500440022
:10465000490054002D0054004500580054002D001E
:104660004800040017000B003C420FAE4500440018
:10467000490054002D0053005400410054005500DF
:1046800053002D0052004F005700040018000B008B
:104690004C420DAE45004400490054002D00480036
:1046A00045004C0050002D0052004F005700040000
:1046B00019000B0060420D8A450044004900540077
:1046C0002D004D00530047002D004E004F004E00BE
:1046D0004500040000000B0072420E8845004400B3
:1046E000490054002D004D00530047002D00530099
:1046F0004100560045004400040001000B008442C4
:104700000FA445004400490054002D004D00530003
:1047100047002D004200550046004600450052006B
:10472000040002000B0097420D8E45004400490032
:1047300054002D004D00530047002D004C004F0049
:104740004E004700040003000B00AB420D9C4500E7
:104750004400490054002D004D00530047002D0037
:104760004F00500045004E00040004000B00BD4205
:104770000D8845004400490054002D004D005300B1
:1047800047002D0052004500410044000400050090
:104790000B00CF420E8A45004400490054002D0012
:1047A0004D00530047002D005700520049005400AF
:1047B0004500040006000B00E1420CAE4500440039
:1047C000490054002D004D00530047002D004E00BD
:1047D00045005700040007000B00F4420D8A450015
:1047E0004400490054002D004D00530047002D00A7
:1047F0004E0041004D004500040008000B00054339
:104800000EA045004400490054002D004D00530007
:1048100047002D0055004E00530055005000040085
:1048200009000B00174310A845004400490054003C
:104830002D0055005300450052002D004F0046004A
:104840004600530045005400040000010B002A43B9
:104850000E8A45004400490054002D0050004100DC
:10486000540048002D00530049005A004500040040
:1048700004010B003F4309964500440049005400E1
:104880002D004D00410052004B0004000001A40423
:104890000D00E1290B005243098A450044004900FC
:1048A00054002D0042004100530045000400010166
:1048B000A4040D00E1290B006343098A450044006C
:1048C000490054002D0048004500520045000400F6
:1048D0000201A4040D00E1290B0074430AA845005D
:1048E0004400490054002D004C0049004D0049008F
:1048F000540004000301A4040D00E1290B008543CA
:10490000098A45004400490054002D004600520029
:104910004500450004000401A4040D00E1290B003A
:104920009743098845004400490054002D00480081
:1049300045004100440004000501A4040D00E129E4
:104940000B00A843099845004400490054002D007D
:104950005400410049004C0004000601A4040D006D
:10496000E1290B00B94308A4450044004900540064
:104970002D0043005500520004000701A4040D005F
:10498000E1290B00CA4308A0450044004900540037
:104990002D0054004F00500004000801A4040D0035
:1049A000E1290B00DA430AA64500440049005400FF
:1049B0002D004C0049004E00450053000400090141
:1049C000A4040D00E1290B00EA4309464500440018
:1049D000490054002D0043005500520023000400FC
:1049E0000A01A4040D00E1290B00FC43094645001F
:1049F0004400490054002D0054004F005000230093
:104A000004000B01A4040D00E1290B000D440898DB
:104A100045004400490054002D0043004F004C0065
:104A200004000C01A4040D00E1290B001E44098CB4
:104A300045004400490054002D005000520045003C
:104A4000460004000D01A4040D00E1290B002E44D2
:104A50000D8845004400490054002D004D004F00D2
:104A600044004900460049004500440004000E018E
:104A7000A4040D00E1290B003F440BA845004400AD
:104A8000490054002D0049004E00530045005200DB
:104A9000540004000F01A4040D00E1290B0054444C
:104AA0000C8E45004400490054002D005200550072
:104AB0004E004E0049004E00470004001001A404BF
:104AC0000D00E1290B006744088E450044004900B1
:104AD00054002D004D005300470004001101A404B0
:104AE0000D00E1290B007B440D9C4500440049006A
:104AF00054002D0050004100540048002D004C008F
:104B000045004E0004001201A4040D00E1290B0031
:104B10008B440E4645004400490054002D005000CF
:104B20004100540048002D0042005500460023007B
:104B300004001301A4040D00E1290B00A0440D9C06
:104B400045004400490054002D0043004C0049003A
:104B500050002D004C0045004E0004001401A40438
:104B60000D00E1290B00B6440E4645004400490003
:104B700054002D0043004C00490050002D0042001D
:104B800055004600230004001501A4040D00E1298E
:104B90000B00CB44036245005400310004001601B1
:104BA000A4040D00E1290B00E14403644500540016
:104BB000320004001701A4040D00E1290B00EC44AD
:104BC000036645005400330004001801A4040D00DE
:104BD000E1290B00F7440368450054003400040049
:104BE0001901A4040D00E1290B0002450EA845009F
:104BF0004400490054002D004C0049004E0045007F
:104C00002D004E004500580054000B000D450EAC21
:104C100045004400490054002D004C0049004E005E
:104C200045002D00500052004500560024000B00A6
:104C30001E450D9C45004400490054002D004C00C9
:104C400049004E0045002D004C0045004E00040078
:104C50000200E1290B0030450FA645004400490041
:104C600054002D004C0049004E0045002D00460028
:104C70004C0041004700530004000300E1290B00F1
:104C800043450EA845004400490054002D004C0047
:104C900049004E0045002D005400450058005400C6
:104CA00004000400E1290B0058450E804500440033
:104CB000490054002D004C0049004E0045002D00D5
:104CC0004C0045004E0040003F450D000B006C4578
:104CD0000E4245004400490054002D004C0049009C
:104CE0004E0045002D004C0045004E0021003F4580
:104CF0000C000B007F450EA4450044004900540001
:104D00002D004C0049004E0045002D00410044009C
:104D10004400520019006845E1290B0092450D8CB2
:104D200045004400490054002D005000410054004B
:104D300048002D00420055004600B0440D000B0015
:104D4000A6450D8C45004400490054002D00430049
:104D50004C00490050002D00420055004600DB4445
:104D60000D000B00B8450A484500440049005400B6
:104D70002D0050004100540048002400B5459A44DD
:104D80000D000B00CA450A4245004400490054008A
:104D90002D005000410054004800210018009A44A2
:104DA0000C00B5451900C3070B00DA450942450060
:104DB0004400490054002D004D00530047002100DD
:104DC00085440C000B00ED450C9C45004400490057
:104DD00054002D004300550052002D004C004500AA
:104DE0004E00D4430D007C450B00FB450DA445004F
:104DF0004400490054002D004300550052002D008E
:104E00004100440044005200D4430D0068450B00AB
:104E10000D460FA845004400490054002D004C00E9
:104E200049004E0045002D0043004F0055004E0044
:104E30005400F6430D000B00204609424500440093
:104E4000490054002D0043004F004C002100180081
:104E500028440C0039440C000B0034460F8A4500EE
:104E60004400490054002D0043004C00450041001F
:104E700052002D004C0049004E0045000400000087
:104E80001A003F450C0017000B00454608864500F8
:104E900044002D0041004C004C004F004300A24351
:104EA0000D0076050800724618000D00A2430C00A4
:104EB000090086467F430D0018001542E129914301
:104EC0000D001900BA050800814617000400000013
:104ED0000B0018001542E1297F430C001800040064
:104EE00000001A000C001900170018002E450400DD
:104EF000000019000C0018003F45040000001900D4
:104F00000C00180054450400000019000C000B00B0
:104F10005D460E8A45004400490054002D004600BD
:104F20005200450045002D004C0049004E00450050
:104F3000A2430D001A000C00A2430C000B00A04677
:104F40000FA445004400490054002D004C004900C6
:104F50004E004B002D004100460054004500520019
:104F6000E6440C00F1440C00E6440D000D00F14451
:104F70000D000C00E6440D00F1440D002E450C0020
:104F8000F1440D000D0076050800E546F1440D00E2
:104F900019002E450C000900E946E6440D00C44303
:104FA0000C00E6440D00F1440D000C000B00B74668
:104FB0000B9645004400490054002D0055004E005A
:104FC0004C0049004E004B0018000D00E6440C0058
:104FD00018002E450D00F1440C00F1440D000800AE
:104FE0001047E6440D00F1440D000C000900144781
:104FF000E6440D00B3430C00E6440D0008002047D2
:10500000F1440D00E6440D002E450C000900244734
:10501000F1440D00C4430C000B00EF4611A4450001
:105020004400490054002D00520045005300450043
:1050300054002D0042005500460046004500520035
:1050400004000000A2430C006E430D007F430C00DF
:10505000040000004E440C000400000085440C00D5
:105060000400000028440C000400000039440C0037
:1050700004000000C5440C00674618002300080027
:105080005E471700A84285440C000B001800B3438C
:105090000C001800C4430C001800D4430C00180086
:1050A000E4430C00170004000100F6430C00040068
:1050B000010007440C000400010018440C000B0020
:1050C000254709A845004400490054002D00490027
:1050D0004E0049005400A5030D005D430C00A503DC
:1050E0000D001800B0440C004F43E1291800DB44C8
:1050F0000C000342E12918006E430C0018007F43A6
:105100000C002942E12991430C0091430D00A503B5
:105110000C000400010061440C00814285440C0035
:10512000040000009A440C0038470B007847098AB5
:1051300045004400490054002D0044004F004E003B
:1051400045005D430D00A5030C00B02E8C2E0B0016
:10515000AE470D9C45004400490054002D0054000A
:10516000520049004D002D004C0045004E00180033
:105170007C45E6440C00E6440D000800EF471800AB
:105180006845E6440D002500E1290F00CB06BA2949
:105190000800E947E6440D002500E6440C0009003C
:1051A000ED471700E6440D000B000900D347170038
:1051B000040000000B00C0470FA445004400490054
:1051C00054002D0045005800540045004E00440096
:1051D0002D0043005500520018000342CD2908005D
:1051E00010481700BA4285440C00040000000B0070
:1051F00018000946D4290800194817000400FFFFC9
:105200000B001800E6440C000946F1440C00D4439E
:105210000D006845F1440D00E129E6440D00F1441C
:105220000D00B529CB06E407E6440D00D4430D007C
:105230003F450C0017000400FFFF0B00F347138AE3
:1052400045004400490054002D0045004E00530025
:105250005500520045002D005600490053004900FA
:1052600042004C00450007440D0018440D00CA05DB
:1052700008005F48E4430D002E450D00E4430C0098
:1052800018440D00250018440C0009004B48074441
:105290000D0018440D004942E129DB29080074483B
:1052A000E4430D000D00E4430C0018440D002400FD
:1052B00018440C0009005F480B0036480CA045005C
:1052C0004400490054002D004D004F005600450099
:1052D0002D0055005000D4430D002E450D007605DD
:1052E00008009648D4430C0007440D0025000744ED
:1052F0000C0039440D0028440C004B480B00754845
:105300000E9C45004400490054002D004D004F0004
:10531000560045002D0044004F0057004E00D44376
:105320000D000D0076050800B948D4430C00074471
:105330000D00240007440C0039440D0028440C00E3
:105340004B480B0097480EA8450044004900540004
:105350002D004D004F00560045002D004C0045002B
:105360004600540028440D000800D74828440D008A
:10537000250028440C0028440D0039440C000B0083
:10538000BA480FA845004400490054002D004D00C4
:105390004F00560045002D005200490047004800CC
:1053A000540028440D002400180028440C003944FF
:1053B0000C000B00D8480E8A4500440049005400F8
:1053C0002D004D004F00560045002D0048004F00B5
:1053D0004D004500040000003F460B00F2480D88D8
:1053E00045004400490054002D004D004F00560078
:1053F00045002D0045004E00440009463F460B0085
:1054000006490CA045004400490054002D005000FE
:105410004100470045002D005500500004000000E9
:10542000E6440C00E6440D004942CA05080038492C
:105430008348E6440D002400E6440C0009002A4994
:105440000B0018490E9C45004400490054002D00F3
:1054500050004100470045002D0044004F00570018
:105460004E0004000000E6440C00E6440D004942F2
:10547000CA0508005B49A748E6440D002400E6443D
:105480000C0009004D490B003949118845004400C2
:10549000490054002D005300450054002D004D00DC
:1054A0004F00440049004600490045004400040004
:1054B000FFFF4E440C00814285440C000B005C4908
:1054C00013A445004400490054002D004F0056002D
:1054D00045005200570052004900540045002D007D
:1054E000430048004100520028440D0024000448B5
:1054F00023000800954917000B0028440D00D443F1
:105500000D00A2450E0028440D0024003F466F49BF
:105510000B00774910A445004400490054002D00B9
:1055200049004E0053004500520054002D00430036
:1055300048004100520028440D00FC440C0009467C
:1055400007450C00FC440D0007450D00DB29080051
:10555000D249FC440D002400044823000800CA4935
:1055600017000B0028440D00D4430D00A2450E0087
:105570000900EF4907450D002400044823000800F6
:10558000DB4917000B00FC440D00D4430D00A2457D
:1055900018002400190007450D00FC440D00B52932
:1055A0002F2828440D00D4430D00A2450E002844A6
:1055B0000D0024003F466F490B00A1490EA845008D
:1055C0004400490054002D004A004F0049004E009D
:1055D0002D004E00450058005400D4430D000D002E
:1055E0007605230008000E4A17000B001800E64459
:1055F0000C000946F1440C00E6440D007C45FC44D7
:105600000C00F1440D00FC440D00E1290342CD29BA
:105610000800264ABA4285440C000B00E6440D00FF
:105620006845D4430D006845F1440D00E129FC4470
:105630000D00C307F1440D00FC440D00E129D443E3
:105640000D003F450C00E6440D00FC46E6440D000D
:10565000B046F6430D002500F6430C006F490B00E1
:10566000F54910A445004400490054002D004400B1
:1056700045004C004500540045002D004300480003
:105680004100520028440D00E6440C000946F14454
:105690000C00E6440D00F1440D00CA050800834AE1
:1056A000D4430D00E6440D002400A245D4430D0070
:1056B000E6440D00A245F1440D00E6440D00B52975
:1056C0002500C307F1440D002500D4430D003F45DC
:1056D0000C006F490B00E6440D00F1440D00BA299F
:1056E00008008B4A054A0B00484A0F8A45004400CF
:1056F000490054002D00530050004C004900540054
:105700002D004C0049004E0045006746180023005C
:105710000800A74A1700A84285440C000B00180097
:10572000E6440C00D4430D00F1440C0028440D0065
:10573000FC440C00F1440D007C4507450C00FC4482
:105740000D0007450D00CA050800DB4A07450D009E
:10575000FC440D00B5291800E6440D003F450C003F
:10576000F1440D006845FC440D00E129E6440D00BC
:1057700068458105C307FC440D00F1440D003F4519
:105780000C000900E14A04000000E6440D003F451A
:105790000C00E6440D00F1440D00C846F6430D0030
:1057A0002400F6430C00E6440D00D4430C000744EB
:1057B0000D00240007440C00040000003F464B4845
:1057C0006F490B008C4A0E8A450044004900540082
:1057D0002D004200410043004B00530050004100A7
:1057E0004300450028440D0023000800274BD44304
:1057F0000D002E450D0076050800264B18007C454F
:10580000E6440C00D4430C0007440D002500074477
:105810000C00E6440D003F46054A4B480B00284467
:105820000D002500180028440C0039440C002844C1
:105830000D000946DB290800364B0B005A4A0B00C5
:10584000FA4A108A45004400490054002D004400E3
:1058500045004C004500540045002D004C00490017
:105860004E004500F6430D0004000100BA2908006F
:10587000594BD4430D005646040000003F466F4983
:105880000B00D4430D00E6440C00E6440D000D006F
:1058900076050800684B1800D4430C000900744BCF
:1058A000E6440D002E450D001800D4430C000744BB
:1058B0000D00250007440C00E6440D00E4430D00F4
:1058C000BA290800834BD4430D00E4430C0007447D
:1058D0000D0018440C00E6440D00FC46E6440D00A3
:1058E000B046F6430D002500F6430C000946284457
:1058F0000D00E6053F464B486F490B00384B0E8ABA
:1059000045004400490054002D0043004F00500062
:1059100059002D004C0049004E004500D4430D00B5
:105920007C451800C5440C00D4430D006845C745AC
:105930008105C307814285440C000B00964B0F8AFA
:1059400045004400490054002D0050004100530020
:10595000540045002D004C0049004E0045006746AC
:10596000180023000800D14B1700A84285440C0002
:105970000B001800E6440C00C5440D001800E64476
:105980000D003F450C00C745E6440D006845810504
:10599000C307E6440D00D4430D00C846E6440D009D
:1059A000D4430C00F6430D002400F6430C000744DA
:1059B0000D00240007440C00040000003F464B4843
:1059C0006F490B00B64B08AE450044004900540037
:1059D0002D004E00450057003847024385440C0017
:1059E0000B00FA4B098845004400490054002D0083
:1059F0004C004F0041004400E6453847D645D313DC
:105A0000F11318000800224C19001700CC428544FD
:105A10000C000B0017001400B3430D00F1440C0000
:105A20000400FFFFFC440C004D07034213001B144D
:105A3000180008003F4C17001700170012000E1442
:105A40001700DE4285440C00040001000B00170023
:105A50000800764CFC440D0023000800654C6746A6
:105A6000180023000800564C170012000E141700EF
:105A7000A84285440C00040002000B001800C44337
:105A80000D00C8461800F1440C00F6430D00240038
:105A9000F6430C0017000900694C04000000FC44A8
:105AA0000C001800F1440D003F450C004D07F14477
:105AB0000D0068458105C30709002C4C1700120032
:105AC0000E141700B3430D00D4430C00B3430D0074
:105AD000E4430C000400010007440C000400010032
:105AE00018440C00040000003F46040000004E442F
:105AF0000C00814285440C00040000000B00094C9E
:105B0000098A45004400490054002D00530041001B
:105B1000560045009A440D0023000800AD4C144384
:105B200085440C00040001000B00D64577141700D3
:105B3000D645E313001418000800BC4C19001700E8
:105B4000F14285440C000B00170007450C00B343DD
:105B50000D0018000800E24C1800CF471800F1446F
:105B60000C001A006845F1440D0007450D0029148A
:105B700018000800DE4C170007450D000E14170032
:105B8000F14285440C00040001000B0017000D00D9
:105B90000900C14C170007450D00681417000745A0
:105BA0000D000E141700040000004E440C00944237
:105BB00085440C00040000000B00974C098E450042
:105BC0004400490054002D002E004D0053004700B2
:105BD00085440D0018009442BA290800114D1700A1
:105BE000FE0C060020005300610076006500640092
:105BF0000B001800A842BA290800264D1700FE0C19
:105C00000C0020004200750066006600650072000E
:105C10002000660075006C006C000B001800BA4292
:105C2000BA2908003D4D1700FE0C0E0020004C0064
:105C300069006E006500200074006F006F00200096
:105C40006C006F006E0067000B001800CC42BA2990
:105C50000800524D1700FE0C0C0020004F00700091
:105C600065006E0020006600610069006C00650040
:105C700064000B001800DE42BA290800674D1700C7
:105C8000FE0C0C0020005200650061006400200042
:105C90006600610069006C00650064000B0018007C
:105CA000F142BA2908007D4D1700FE0C0D002000BE
:105CB00057007200690074006500200066006100F2
:105CC00069006C00650064000B0018000243BA29EB
:105CD0000800914D1700FE0C0B0020004E006500DF
:105CE00077002000620075006600660065007200A3
:105CF0000B0018001443BA290800A64D1700FE0C2B
:105D00000C0020004E006F002000660069006C004F
:105D100065006E0061006D0065000B0018002743F0
:105D2000BA290800BA4D1700FE0C0B0020004E00E7
:105D30006F007400200069006E0020004D005600C6
:105D400050000B0017000B00F54C0DAE4500440051
:105D5000490054002D0044005200410057002D001E
:105D600052004F005700E6440C00F1440C000400C0
:105D70000100E6440D00112E612EF1440D00760560
:105D80000800FB4DF1440D007C453942E605FC441A
:105D90000C000400000007450C0007450D00FC4402
:105DA0000D00CA050800FB4DF1440D00684507458C
:105DB0000D00E1290F00510B07450D002400074598
:105DC0000C000900E54D0B00BC4D0EA84500440039
:105DD000490054002D0044005200410057002D009E
:105DE0005400450058005400E4430D00E6440C0004
:105DF00004000100F1440C00F1440D004942D42993
:105E000008002F4EE6440D00F1440D00CB4DE64452
:105E10000D000800284EE6440D000D00E6440C007D
:105E2000F1440D002400F1440C000900144E0B0055
:105E3000FC4D10A645004400490054002D004400CC
:105E40005200410057002D005300540041005400FF
:105E500055005300002F040001005D42112E612EF9
:105E6000D645A20B4E440D000800544EFE0C020015
:105E700020002A000900584EFE0C020020002D00D0
:105E8000FE0C040020004C006E00200007440D00B2
:105E9000F92DFE0C0500200043006F006C0020006F
:105EA00028440D002400F92D61440D000800784EAF
:105EB000FE0C0400200049004E00530009007E4EF5
:105EC000FE0C040020004F0056005200004DB02E82
:105ED0000B00304E0EA045004400490054002D0038
:105EE00044005200410057002D00480045004C007E
:105EF0005000040001006F42112E612EB02EFE0CE6
:105F0000010031005B30E22DEC30CD2DFE0C06009F
:105F1000200020002000200020002000B02EFE0CD9
:105F2000010032005B30E22DEC30CD2DFE0C06007E
:105F3000530061007600650020002000B02EFE0CAA
:105F4000010033005B30E22DEC30CD2DFE0C06005D
:105F5000200020002000200020002000B02EFE0C99
:105F6000010034005B30E22DEC30CD2DFE0C06003C
:105F70004E0065007700200020002000B02EFE0CAF
:105F8000010035005B30E22DEC30CD2DFE0C06001B
:105F900043006F007000790020002000B02EFE0C3E
:105FA000010036005B30E22DEC30CD2DFE0C0600FA
:105FB000200020002000200020002000B02EFE0C39
:105FC000010037005B30E22DEC30CD2DFE0C0600D9
:105FD000500061007300740065002000B02EFE0CBC
:105FE000010038005B30E22DEC30CD2DFE0C0600B8
:105FF000440065006C004C006E002000B02EFE0CCA
:10600000010039005B30E22DEC30CD2DFE0C060096
:10601000200020002000200020002000B02EFE0CD8
:106020000200310030005B30E22DEC30CD2DFE0C53
:106030000600450078006900740020002000B02EA2
:106040000B00814E11A445004400490054002D006E
:1060500050004C004100430045002D004300550016
:10606000520053004F00520007440D0018440D0029
:10607000B529240004000100DA054942E605E6449A
:106080000C0028440D00240004000100DA05394208
:10609000E605F1440C00F1440D00E6440D00112E1C
:1060A0000B00394F0BAE45004400490054002D0051
:1060B000520045004400520041005700A02E522ECD
:1060C000212E0C4E424E914E4C4F8C2E0B00694FA0
:1060D000158A45004400490054002D004800410045
:1060E0004E0044004C0045002D0050005200490075
:1060F0004E005400410042004C00450018000400CE
:10610000200004007F00F6050800A74F61440D0041
:106110000800A54FB3490900A64F8C490B00170092
:106120000B007F4F10A445004400490054002D008F
:10613000480041004E0044004C0045002D00430043
:10614000480041005200180004000800BA29080065
:10615000C44F17000A4B0B00180004007F00BA2937
:106160000800CD4F17000A4B0B00180004000D006B
:10617000BA290800D64F17009D4A0B0018000400EA
:106180000A00BA290800DF4F17009D4A0B001800CB
:1061900004000900BA290800EB4F1700CB06964F00
:1061A000CB06964F0B00964F0B00A94F10B245003F
:1061B0004400490054002D00480041004E004400B6
:1061C0004C0045002D0045004B00450059001800CB
:1061D000600ABA29080007501700CA480B001800C7
:1061E0006E0ABA2908000F501700E9480B00180082
:1061F000460ABA2908001750170083480B001800F8
:10620000530ABA2908001F501700A7480B001800AE
:106210007B0ABA2908002750170002490B00180012
:10622000870ABA2908002F50170015490B001800DB
:10623000940ABA2908003750170026490B001800A5
:10624000A10ABA2908003F50170049490B0018005D
:10625000CB0ABA290800475017000A4B0B00180058
:10626000B90ABA2908004F5017005A4A0B00180003
:10627000D90ABA290800575017009D4A0B00180088
:10628000AD0ABA2908006350170061440D002300CD
:1062900061440C000B001800EF0ABA2908006C508A
:1062A0001700A24C17000B001800050BBA290800B4
:1062B00074501700044C0B001800100BBA2908008A
:1062C0007C501700A64B0B001800260BBA290800BB
:1062D00084501700C74B0B001800310BBA29080077
:1062E0008C5017004A4B0B001800480BBA290800C5
:1062F000975017000400000075440C000B001700B5
:10630000274385440C000B00ED4F0FA845004400C7
:10631000490054002D0057004100490054002D0051
:1063200049004E00500055005400190A0800B250B0
:10633000FF4F0B00F6090800B750BB4F0B000900D8
:10634000AD500B009C50089C45004400490054008F
:106350002D00520055004E000400FFFF75440C0054
:1063600075440D000800D050764FAD500900C8505C
:10637000B02E8C2E522E212E0B00BA5004A84500B0
:106380004400490054008347A829144C1800080011
:10639000E350B9470B001700C450B9470400000090
:1063A0000B00772F08A84E00450057002D00450030
:1063B0004400490054008347E645044CC450B947A3
:1063C0000B000000000000000000000000000000C2
:1063D00000000000000000000000000000000000BD
:1063E00000000000000000000000000000000000AD
:1063F000000000000000000000000000000000009D
:10640000000000000000000000000000000000008C
:10641000000000000000000000000000000000007C
:10642000000000000000000000000000000000006C
:10643000000000000000000000000000000000005C
:10644000000000000000000000000000000000004C
:10645000000000000000000000000000000000003C
:10646000000000000000000000000000000000002C
:10647000000000000000000000000000000000001C
:10648000000000000000000000000000000000000C
:1064900000000000000000000000000000000000FC
:1064A00000000000000000000000000000000000EC
:1064B00000000000000000000000000000000000DC
:1064C00000000000000000000000000000000000CC
:1064D00000000000000000000000000000000000BC
:1064E00000000000000000000000000000000000AC
:1064F000000000000000000000000000000000009C
:10650000000000000000000000000000000000008B
:10651000000000000000000000000000000000007B
:10652000000000000000000000000000000000006B
:10653000000000000000000000000000000000005B
:10654000000000000000000000000000000000004B
:10655000000000000000000000000000000000003B
:10656000000000000000000000000000000000002B
:10657000000000000000000000000000000000001B
:10658000000000000000000000000000000000000B
:1065900000000000000000000000000000000000FB
:1065A00000000000000000000000000000000000EB
:1065B00000000000000000000000000000000000DB
:1065C00000000000000000000000000000000000CB
:1065D00000000000000000000000000000000000BB
:1065E00000000000000000000000000000000000AB
:1065F000000000000000000000000000000000009B
:10660000000000000000000000000000000000008A
:10661000000000000000000000000000000000007A
:10662000000000000000000000000000000000006A
:10663000000000000000000000000000000000005A
:10664000000000000000000000000000000000004A
:10665000000000000000000000000000000000003A
:10666000000000000000000000000000000000002A
:10667000000000000000000000000000000000001A
:10668000000000000000000000000000000000000A
:1066900000000000000000000000000000000000FA
:1066A00000000000000000000000000000000000EA
:1066B00000000000000000000000000000000000DA
:1066C00000000000000000000000000000000000CA
:1066D00000000000000000000000000000000000BA
:1066E00000000000000000000000000000000000AA
:1066F000000000000000000000000000000000009A
:106700000000000000000000000000000000000089
:106710000000000000000000000000000000000079
:106720000000000000000000000000000000000069
:106730000000000000000000000000000000000059
:106740000000000000000000000000000000000049
:106750000000000000000000000000000000000039
:106760000000000000000000000000000000000029
:106770000000000000000000000000000000000019
:106780000000000000000000000000000000000009
:1067900000000000000000000000000000000000F9
:1067A00000000000000000000000000000000000E9
:1067B00000000000000000000000000000000000D9
:1067C00000000000000000000000000000000000C9
:1067D00000000000000000000000000000000000B9
:1067E00000000000000000000000000000000000A9
:1067F0000000000000000000000000000000000099
:106800000000000000000000000000000000000088
:106810000000000000000000000000000000000078
:106820000000000000000000000000000000000068
:106830000000000000000000000000000000000058
:106840000000000000000000000000000000000048
:106850000000000000000000000000000000000038
:106860000000000000000000000000000000000028
:106870000000000000000000000000000000000018
:106880000000000000000000000000000000000008
:1068900000000000000000000000000000000000F8
:1068A00000000000000000000000000000000000E8
:1068B00000000000000000000000000000000000D8
:1068C00000000000000000000000000000000000C8
:1068D00000000000000000000000000000000000B8
:1068E00000000000000000000000000000000000A8
:1068F0000000000000000000000000000000000098
:106900000000000000000000000000000000000087
:106910000000000000000000000000000000000077
:106920000000000000000000000000000000000067
:106930000000000000000000000000000000000057
:106940000000000000000000000000000000000047
:106950000000000000000000000000000000000037
:106960000000000000000000000000000000000027
:106970000000000000000000000000000000000017
:106980000000000000000000000000000000000007
:1069900000000000000000000000000000000000F7
:1069A00000000000000000000000000000000000E7
:1069B00000000000000000000000000000000000D7
:1069C00000000000000000000000000000000000C7
:1069D00000000000000000000000000000000000B7
:1069E00000000000000000000000000000000000A7
:1069F0000000000000000000000000000000000097
:106A00000000000000000000000000000000000086
:106A10000000000000000000000000000000000076
:106A20000000000000000000000000000000000066
:106A30000000000000000000000000000000000056
:106A40000000000000000000000000000000000046
:106A50000000000000000000000000000000000036
:106A60000000000000000000000000000000000026
:106A70000000000000000000000000000000000016
:106A80000000000000000000000000000000000006
:106A900000000000000000000000000000000000F6
:106AA00000000000000000000000000000000000E6
:106AB00000000000000000000000000000000000D6
:106AC00000000000000000000000000000000000C6
:106AD00000000000000000000000000000000000B6
:106AE00000000000000000000000000000000000A6
:106AF0000000000000000000000000000000000096
:106B00000000000000000000000000000000000085
:106B10000000000000000000000000000000000075
:106B20000000000000000000000000000000000065
:106B30000000000000000000000000000000000055
:106B40000000000000000000000000000000000045
:106B50000000000000000000000000000000000035
:106B60000000000000000000000000000000000025
:106B70000000000000000000000000000000000015
:106B80000000000000000000000000000000000005
:106B900000000000000000000000000000000000F5
:106BA00000000000000000000000000000000000E5
:106BB00000000000000000000000000000000000D5
:106BC00000000000000000000000000000000000C5
:106BD00000000000000000000000000000000000B5
:106BE00000000000000000000000000000000000A5
:106BF0000000000000000000000000000000000095
:106C00000000000000000000000000000000000084
:106C10000000000000000000000000000000000074
:106C20000000000000000000000000000000000064
:106C30000000000000000000000000000000000054
:106C40000000000000000000000000000000000044
:106C50000000000000000000000000000000000034
:106C60000000000000000000000000000000000024
:106C70000000000000000000000000000000000014
:106C80000000000000000000000000000000000004
:106C900000000000000000000000000000000000F4
:106CA00000000000000000000000000000000000E4
:106CB00000000000000000000000000000000000D4
:106CC00000000000000000000000000000000000C4
:106CD00000000000000000000000000000000000B4
:106CE00000000000000000000000000000000000A4
:106CF0000000000000000000000000000000000094
:106D00000000000000000000000000000000000083
:106D10000000000000000000000000000000000073
:106D20000000000000000000000000000000000063
:106D30000000000000000000000000000000000053
:106D40000000000000000000000000000000000043
:106D50000000000000000000000000000000000033
:106D60000000000000000000000000000000000023
:106D70000000000000000000000000000000000013
:106D80000000000000000000000000000000000003
:106D900000000000000000000000000000000000F3
:106DA00000000000000000000000000000000000E3
:106DB00000000000000000000000000000000000D3
:106DC00000000000000000000000000000000000C3
:106DD00000000000000000000000000000000000B3
:106DE00000000000000000000000000000000000A3
:106DF0000000000000000000000000000000000093
:106E00000000000000000000000000000000000082
:106E10000000000000000000000000000000000072
:106E20000000000000000000000000000000000062
:106E30000000000000000000000000000000000052
:106E40000000000000000000000000000000000042
:106E50000000000000000000000000000000000032
:106E60000000000000000000000000000000000022
:106E70000000000000000000000000000000000012
:106E80000000000000000000000000000000000002
:106E900000000000000000000000000000000000F2
:106EA00000000000000000000000000000000000E2
:106EB00000000000000000000000000000000000D2
:106EC00000000000000000000000000000000000C2
:106ED00000000000000000000000000000000000B2
:106EE00000000000000000000000000000000000A2
:106EF0000000000000000000000000000000000092
:106F00000000000000000000000000000000000081
:106F10000000000000000000000000000000000071
:106F20000000000000000000000000000000000061
:106F30000000000000000000000000000000000051
:106F40000000000000000000000000000000000041
:106F50000000000000000000000000000000000031
:106F60000000000000000000000000000000000021
:106F70000000000000000000000000000000000011
:106F80000000000000000000000000000000000001
:106F900000000000000000000000000000000000F1
:106FA00000000000000000000000000000000000E1
:106FB00000000000000000000000000000000000D1
:106FC00000000000000000000000000000000000C1
:106FD00000000000000000000000000000000000B1
:106FE00000000000000000000000000000000000A1
:106FF0000000000000000000000000000000000091
:107000000000000000000000000000000000000080
:107010000000000000000000000000000000000070
:107020000000000000000000000000000000000060
:107030000000000000000000000000000000000050
:107040000000000000000000000000000000000040
:107050000000000000000000000000000000000030
:107060000000000000000000000000000000000020
:107070000000000000000000000000000000000010
:107080000000000000000000000000000000000000
:1070900000000000000000000000000000000000F0
:1070A00000000000000000000000000000000000E0
:1070B00000000000000000000000000000000000D0
:1070C00000000000000000000000000000000000C0
:1070D00000000000000000000000000000000000B0
:1070E00000000000000000000000000000000000A0
:1070F0000000000000000000000000000000000090
:10710000000000000000000000000000000000007F
:10711000000000000000000000000000000000006F
:10712000000000000000000000000000000000005F
:10713000000000000000000000000000000000004F
:10714000000000000000000000000000000000003F
:10715000000000000000000000000000000000002F
:10716000000000000000000000000000000000001F
:10717000000000000000000000000000000000000F
:1071800000000000000000000000000000000000FF
:1071900000000000000000000000000000000000EF
:1071A00000000000000000000000000000000000DF
:1071B00000000000000000000000000000000000CF
:1071C00000000000000000000000000000000000BF
:1071D00000000000000000000000000000000000AF
:1071E000000000000000000000000000000000009F
:1071F000000000000000000000000000000000008F
:10720000000000000000000000000000000000007E
:10721000000000000000000000000000000000006E
:10722000000000000000000000000000000000005E
:10723000000000000000000000000000000000004E
:10724000000000000000000000000000000000003E
:10725000000000000000000000000000000000002E
:10726000000000000000000000000000000000001E
:10727000000000000000000000000000000000000E
:1072800000000000000000000000000000000000FE
:1072900000000000000000000000000000000000EE
:1072A00000000000000000000000000000000000DE
:1072B00000000000000000000000000000000000CE
:1072C00000000000000000000000000000000000BE
:1072D00000000000000000000000000000000000AE
:1072E000000000000000000000000000000000009E
:1072F000000000000000000000000000000000008E
:10730000000000000000000000000000000000007D
:10731000000000000000000000000000000000006D
:10732000000000000000000000000000000000005D
:10733000000000000000000000000000000000004D
:10734000000000000000000000000000000000003D
:10735000000000000000000000000000000000002D
:10736000000000000000000000000000000000001D
:10737000000000000000000000000000000000000D
:1073800000000000000000000000000000000000FD
:1073900000000000000000000000000000000000ED
:1073A00000000000000000000000000000000000DD
:1073B00000000000000000000000000000000000CD
:1073C00000000000000000000000000000000000BD
:1073D00000000000000000000000000000000000AD
:1073E000000000000000000000000000000000009D
:1073F000000000000000000000000000000000008D
:10740000000000000000000000000000000000007C
:10741000000000000000000000000000000000006C
:10742000000000000000000000000000000000005C
:10743000000000000000000000000000000000004C
:10744000000000000000000000000000000000003C
:10745000000000000000000000000000000000002C
:10746000000000000000000000000000000000001C
:10747000000000000000000000000000000000000C
:1074800000000000000000000000000000000000FC
:1074900000000000000000000000000000000000EC
:1074A00000000000000000000000000000000000DC
:1074B00000000000000000000000000000000000CC
:1074C00000000000000000000000000000000000BC
:1074D00000000000000000000000000000000000AC
:1074E000000000000000000000000000000000009C
:1074F000000000000000000000000000000000008C
:10750000000000000000000000000000000000007B
:10751000000000000000000000000000000000006B
:10752000000000000000000000000000000000005B
:10753000000000000000000000000000000000004B
:10754000000000000000000000000000000000003B
:10755000000000000000000000000000000000002B
:10756000000000000000000000000000000000001B
:10757000000000000000000000000000000000000B
:1075800000000000000000000000000000000000FB
:1075900000000000000000000000000000000000EB
:1075A00000000000000000000000000000000000DB
:1075B00000000000000000000000000000000000CB
:1075C00000000000000000000000000000000000BB
:1075D00000000000000000000000000000000000AB
:1075E000000000000000000000000000000000009B
:1075F000000000000000000000000000000000008B
:10760000000000000000000000000000000000007A
:10761000000000000000000000000000000000006A
:10762000000000000000000000000000000000005A
:10763000000000000000000000000000000000004A
:10764000000000000000000000000000000000003A
:10765000000000000000000000000000000000002A
:10766000000000000000000000000000000000001A
:10767000000000000000000000000000000000000A
:1076800000000000000000000000000000000000FA
:1076900000000000000000000000000000000000EA
:1076A00000000000000000000000000000000000DA
:1076B00000000000000000000000000000000000CA
:1076C00000000000000000000000000000000000BA
:1076D00000000000000000000000000000000000AA
:1076E000000000000000000000000000000000009A
:1076F000000000000000000000000000000000008A
:107700000000000000000000000000000000000079
:107710000000000000000000000000000000000069
:107720000000000000000000000000000000000059
:107730000000000000000000000000000000000049
:107740000000000000000000000000000000000039
:107750000000000000000000000000000000000029
:107760000000000000000000000000000000000019
:107770000000000000000000000000000000000009
:1077800000000000000000000000000000000000F9
:1077900000000000000000000000000000000000E9
:1077A00000000000000000000000000000000000D9
:1077B00000000000000000000000000000000000C9
:1077C00000000000000000000000000000000000B9
:1077D00000000000000000000000000000000000A9
:1077E0000000000000000000000000000000000099
:1077F0000000000000000000000000000000000089
:107800000000000000000000000000000000000078
:107810000000000000000000000000000000000068
:107820000000000000000000000000000000000058
:107830000000000000000000000000000000000048
:107840000000000000000000000000000000000038
:107850000000000000000000000000000000000028
:107860000000000000000000000000000000000018
:107870000000000000000000000000000000000008
:1078800000000000000000000000000000000000F8
:1078900000000000000000000000000000000000E8
:1078A00000000000000000000000000000000000D8
:1078B00000000000000000000000000000000000C8
:1078C00000000000000000000000000000000000B8
:1078D00000000000000000000000000000000000A8
:1078E0000000000000000000000000000000000098
:1078F0000000000000000000000000000000000088
:107900000000000000000000000000000000000077
:107910000000000000000000000000000000000067
:107920000000000000000000000000000000000057
:107930000000000000000000000000000000000047
:107940000000000000000000000000000000000037
:107950000000000000000000000000000000000027
:107960000000000000000000000000000000000017
:107970000000000000000000000000000000000007
:1079800000000000000000000000000000000000F7
:1079900000000000000000000000000000000000E7
:1079A00000000000000000000000000000000000D7
:1079B00000000000000000000000000000000000C7
:1079C00000000000000000000000000000000000B7
:1079D00000000000000000000000000000000000A7
:1079E0000000000000000000000000000000000097
:1079F0000000000000000000000000000000000087
:107A00000000000000000000000000000000000076
:107A10000000000000000000000000000000000066
:107A20000000000000000000000000000000000056
:107A30000000000000000000000000000000000046
:107A40000000000000000000000000000000000036
:107A50000000000000000000000000000000000026
:107A60000000000000000000000000000000000016
:107A70000000000000000000000000000000000006
:107A800000000000000000000000000000000000F6
:107A900000000000000000000000000000000000E6
:107AA00000000000000000000000000000000000D6
:107AB00000000000000000000000000000000000C6
:107AC00000000000000000000000000000000000B6
:107AD00000000000000000000000000000000000A6
:107AE0000000000000000000000000000000000096
:107AF0000000000000000000000000000000000086
:107B00000000000000000000000000000000000075
:107B10000000000000000000000000000000000065
:107B20000000000000000000000000000000000055
:107B30000000000000000000000000000000000045
:107B40000000000000000000000000000000000035
:107B50000000000000000000000000000000000025
:107B60000000000000000000000000000000000015
:107B70000000000000000000000000000000000005
:107B800000000000000000000000000000000000F5
:107B900000000000000000000000000000000000E5
:107BA00000000000000000000000000000000000D5
:107BB00000000000000000000000000000000000C5
:107BC00000000000000000000000000000000000B5
:107BD00000000000000000000000000000000000A5
:107BE0000000000000000000000000000000000095
:107BF0000000000000000000000000000000000085
:107C00000000000000000000000000000000000074
:107C10000000000000000000000000000000000064
:107C20000000000000000000000000000000000054
:107C30000000000000000000000000000000000044
:107C40000000000000000000000000000000000034
:107C50000000000000000000000000000000000024
:107C60000000000000000000000000000000000014
:107C70000000000000000000000000000000000004
:107C800000000000000000000000000000000000F4
:107C900000000000000000000000000000000000E4
:107CA00000000000000000000000000000000000D4
:107CB00000000000000000000000000000000000C4
:107CC00000000000000000000000000000000000B4
:107CD00000000000000000000000000000000000A4
:107CE0000000000000000000000000000000000094
:107CF0000000000000000000000000000000000084
:107D00000000000000000000000000000000000073
:107D10000000000000000000000000000000000063
:107D20000000000000000000000000000000000053
:107D30000000000000000000000000000000000043
:107D40000000000000000000000000000000000033
:107D50000000000000000000000000000000000023
:107D60000000000000000000000000000000000013
:107D70000000000000000000000000000000000003
:107D800000000000000000000000000000000000F3
:107D900000000000000000000000000000000000E3
:107DA00000000000000000000000000000000000D3
:107DB00000000000000000000000000000000000C3
:107DC00000000000000000000000000000000000B3
:107DD00000000000000000000000000000000000A3
:107DE0000000000000000000000000000000000093
:107DF0000000000000000000000000000000000083
:107E00000000000000000000000000000000000072
:107E10000000000000000000000000000000000062
:107E20000000000000000000000000000000000052
:107E30000000000000000000000000000000000042
:107E40000000000000000000000000000000000032
:107E50000000000000000000000000000000000022
:107E60000000000000000000000000000000000012
:107E70000000000000000000000000000000000002
:107E800000000000000000000000000000000000F2
:107E900000000000000000000000000000000000E2
:107EA00000000000000000000000000000000000D2
:107EB00000000000000000000000000000000000C2
:107EC00000000000000000000000000000000000B2
:107ED00000000000000000000000000000000000A2
:107EE0000000000000000000000000000000000092
:107EF0000000000000000000000000000000000082
:107F00000000000000000000000000000000000071
:107F10000000000000000000000000000000000061
:107F20000000000000000000000000000000000051
:107F30000000000000000000000000000000000041
:107F40000000000000000000000000000000000031
:107F50000000000000000000000000000000000021
:107F60000000000000000000000000000000000011
:107F70000000000000000000000000000000000001
:107F800000000000000000000000000000000000F1
:107F900000000000000000000000000000000000E1
:107FA00000000000000000000000000000000000D1
:107FB00000000000000000000000000000000000C1
:107FC00000000000000000000000000000000000B1
:107FD00000000000000000000000000000000000A1
:107FE0000000000000000000000000000000000091
:107FF0000000000000000000000000000000000081
:108000000000000000000000000000000000000070
:108010000000000000000000000000000000000060
:108020000000000000000000000000000000000050
:108030000000000000000000000000000000000040
:108040000000000000000000000000000000000030
:108050000000000000000000000000000000000020
:108060000000000000000000000000000000000010
:108070000000000000000000000000000000000000
:1080800000000000000000000000000000000000F0
:1080900000000000000000000000000000000000E0
:1080A00000000000000000000000000000000000D0
:1080B00000000000000000000000000000000000C0
:1080C00000000000000000000000000000000000B0
:1080D00000000000000000000000000000000000A0
:1080E0000000000000000000000000000000000090
:1080F0000000000000000000000000000000000080
:10810000000000000000000000000000000000006F
:10811000000000000000000000000000000000005F
:10812000000000000000000000000000000000004F
:10813000000000000000000000000000000000003F
:10814000000000000000000000000000000000002F
:10815000000000000000000000000000000000001F
:10816000000000000000000000000000000000000F
:1081700000000000000000000000000000000000FF
:1081800000000000000000000000000000000000EF
:1081900000000000000000000000000000000000DF
:1081A00000000000000000000000000000000000CF
:1081B00000000000000000000000000000000000BF
:1081C00000000000000000000000000000000000AF
:1081D000030041004E0044001C00000002004F005C
:1081E00052001D000000030058004F0052001E0006
:1081F0000000030055004D002B001F00000003008D
:108200003C003C0034002000000003003C003C0027
:1082100038002100000003003C003C00390022002F
:108220000000020030003D00230000000200310089
:108230002B0024000000020031002D00250000006A
:10824000020032002B0026000000020032002D0048
:1082500027000000050048004F00500045004E0078
:10826000280000000700480043005200450041007C
:1082700054004500290000000600480043004C005F
:108280004F00530045002A0000000700480052003C
:108290004500410044004C004E002B000000080047
:1082A0004800570052004900540045004C004E0061
:1082B0002C000000050048005300450045004B001D
:1082C0002D00000005004800540045004C004C0003
:1082D0002E00000005004800530049005A004500E8
:1082E0002F0000000600480046004C0055005300D7
:1082F00048003000000007004800440045004C00E2
:1083000045005400450031000000070048005200BD
:1083100045004E0041004D004500320000000300C2
:1083200055004D002A003300000003004E004F00AE
:108330005400350000000300530055004200360091
:10834000000006004E004500470041005400450073
:1083500037000000030049004E00430038000000D1
:1083600003004400450043003900000004005A00A7
:10837000450052004F003A000000020055002B005B
:108380003B000000020032002A003C000000000018
:108390000000457E5000520049004D003F0018008B
:1083A000A2020C001800B0060F00EC030C0017002E
:1083B0000400481F18000F00080020211800B00614
:1083C0000F00EC030D001E00080004212D07E12919
:1083D000B006B0060900F220A2020D001900180034
:1083E0000F00C10F08001421190017002D07E12903
:1083F000B006B0060900F220190017002D07E12988
:1084000018000D001900B0060D000400FFFF0B005E
:108410001700A2020D00040000000B0003003F0043
:10842000720078000200030074007800210003004D
:10843000010021000C00010040000D00020043007B
:1084400021000E000200430040000F000300520014
:1084500050002100100003005200500040001100A5
:10846000020052003E0012000200520040001300C1
:1084700002003E0052001400030053005000400070
:1084800015000300530050002100160004004400B2
:1084900052004F00500017000300440055005000E8
:1084A0001800040053005700410050001900040058
:1084B0004F005600450052001A00020030003C00F8
:1084C0001B00030041004E0044001C0002004F004E
:1084D00052001D00030058004F0052001E00030010
:1084E00055004D002B001F00020030003D0023000E
:1084F000020031002B002400020031002D00250075
:10850000020032002B002600020032002D0027005E
:10851000050048004F00500045004E0028000700AD
:108520004800430052004500410054004500290026
:108530000600480043004C004F00530045002A004D
:108540000700480052004500410044004C004E0026
:108550002B00080048005700520049005400450015
:108560004C004E002C00050048005300450045001B
:108570004B002D0005004800540045004C004C0005
:108580002E0005004800530049005A0045002F0006
:108590000600480046004C005500530048003000DB
:1085A00007004800440045004C00450054004500C9
:1085B000310007004800520045004E0041004D00C8
:1085C00045003200030055004D002A00330003002F
:1085D0004E004F0054003500030053005500420088
:1085E000360006004E00450047004100540045009B
:1085F0003700030049004E004300380003004400E8
:1086000045004300390004005A00450052004F0065
:108610003A00020055002B003B00020032002A0005
:108620003C0000000000467E490050005200490016
:108630004D003F001800A2020C001800B0060F0009
:10864000EC030C0017000400262118000F0008009E
:1086500065221800B0060F00EC030D001E00080094
:108660004E222D07E129B00609003D2218000F0017
:108670001400A2020D00B0061A00B0061200E60FA8
:10868000080060222D07E1290D000400FFFF0B0008
:108690002D07E129B00609003D221700A2020D00B6
:1086A000040000000B000000488A240043004F0033
:1086B0004D00500049004C004500D61208008022B1
:1086C00040090800802204000400902990290B0032
:1086D000D711760508009C2218000D001800040030
:1086E00080001C00080090221700170014000B00E7
:1086F000040020001C000800992217000D0090299A
:108700000B00170090290B0040090800A422040068
:108710000400902990290B00BF1200004A5849001C
:108720004E005400450052005000520045005400D5
:108730002C00D6120800B92240090800B922870788
:108740000B00D71176050800062318000D00040061
:1087500040001C00A4180D00200063006F006D0095
:10876000700069006C00650020006F006E006C00F6
:1087700079001A00040072161E00080003231A0074
:108780000400EF291E00080003231A0004005D24E2
:108790001E00080003231A00040062251E000800C2
:1087A00003231A00040073251E00080003231A0087
:1087B00004002C271E000800032318000D000400ED
:1087C00020001C000800002317000D0075070B0097
:1087D000170075070B00170014000B00BF120000F4
:1087E0004698520045005600450041004C00C90320
:1087F0000D00180014009A0FB0060F009B030D0027
:10880000B80F7D0F76050800252318000D00130012
:108810000C00120019000C000B00120017000B00D6
:108820004317898A49004D004D0045004400490026
:1088300041005400450004008000C9030D00B0064B
:1088400018000D0081051D0019000C000B00231EEF
:10885000078A50005200490056004100540045006C
:1088600004000001C9030D00B00618000D008105C9
:108870001D0019000C000B00A11E0CB243004F009C
:108880004D00500049004C0045002D004F004E00A7
:108890004C00590004004000C9030D00B006180048
:1088A0000D0081051D0019000C000B00DE0F06A451
:1088B0004D00410052004B004500520031030D00B5
:1088C00008009D23A41820004D00410052004B00D9
:1088D00045005200200063006F006D0070006900C9
:1088E0006C0065002D007300740061007400650069
:1088F000200075006E0073007500700070006F003E
:108900007200740065006400BF12C9030D00A2026A
:108910000C003B07AE020C000C0F191F7D03E71E75
:108920007D03B006E71E7D03B006B006E71E8C038C
:10893000E71E8C03B006E71E8C03B006B006E71EE8
:108940008C03B006B006B006E71E8C03B006B00676
:10895000B006B006E71E8C03B006B006B006B0063F
:10896000B006E71E8C03B006B006B006B006B0062F
:10897000B006E71E8C03B006B006B006B006B0061F
:10898000B006B006E71E8C03B006B006B006B0060F
:10899000B006B006B006B006E71E9B03E71E9B03B9
:1089A000B006E71EA2020D00C903031FAE020D00B0
:1089B000A503031F040004009029AE020D009029B6
:1089C000040065189029A5030D00651804000B002C
:1089D00090290F230B00121706A846004F005200E3
:1089E00047004500540031030D0008003224A4184C
:1089F000200046004F005200470045005400200070
:108A000063006F006D00700069006C0065002D0050
:108A100073007400610074006500200075006E0032
:108A200073007500700070006F00720074006500C4
:108A30006400BF120C0F9B030D00A81176050800FF
:108A4000562414008D051200180004000080BA0599
:108A500008004E24A4180900700072006F00740012
:108A600065006300740065006400BF12A70F180062
:108A7000A5030C009B030D0049180B00BF12DE1864
:108A800004A455005300450052000C0F191FBF16D7
:108A9000AE0490290F230B0000000AB256004F00CD
:108AA00043004100420055004C0041005200590073
:108AB0000C0F191F3B0704000300E1291800A20254
:108AC0000C001700BF164C05A2020D0090290400EF
:108AD0000B009029A2020D0004000300E129902957
:108AE000040000009029040000009029A2020D005B
:108AF00004000300E129180004005F00A516A71771
:108B00007D03B0060D00A2020D00B0060C00A2020B
:108B10000D007D03B0060C000F230B006A140BA69A
:108B200044004500460049004E00490054004900F9
:108B30004F004E0053008C030D00B80F9B03B0068E
:108B40000C009B03B0069B030C000B006E23068AEF
:108B50004D004F00440055004C00450031030D000E
:108B60000800ED24A41820004D004F0044005500DB
:108B70004C004500200063006F006D00700069002C
:108B80006C0065002D0073007400610074006500C6
:108B9000200075006E0073007500700070006F009B
:108BA0007200740065006400BF12C3040D00D80495
:108BB0000D001D0008000425A4180D006D006F00B5
:108BC000640075006C0065002000610063007400A3
:108BD000690076006500BF12B5140400FFFFC304EE
:108BE0000C0004000000D8040C000B00521B0A8A81
:108BF00045004E0044002D004D004F00440055003C
:108C00004C00450031030D0008004525A418240040
:108C100045004E0044002D004D004F00440055001B
:108C20004C004500200063006F006D00700069007B
:108C30006C0065002D007300740061007400650015
:108C4000200075006E0073007500700070006F00EA
:108C50007200740065006400BF12C3040D00D804E4
:108C60000D001D0008004E25E1150B00A418090099
:108C70006E006F0020006D006F00640075006C00D6
:108C80006500BF125423068A43005200450041008C
:108C9000540045000C0F191F0400060090290F23F3
:108CA0000B006424088A560041005200490041002C
:108CB00042004C00450062250400000090290B0092
:108CC0000000508A4D004F00440055004C00450004
:108CD0002D0053004B00490050002D004C0049006E
:108CE0004E0045000C0FD7110800942504001A25EA
:108CF0001E00080096250B0017000B00E115371326
:108D00000B009216058A5F00540059005000450080
:108D10000900AE25190018000F00D506510B0400FC
:108D20000100E12919000400FFFFE12918000800F3
:108D3000B3250900A2258D050B00DB0C035664004A
:108D40006D002B001A0004000400EF08740B3700BC
:108D500014000900CB2518000F0004000300EF08E1
:108D600004000100E1290700C325120017000B00D1
:108D7000A62404A0440055004D00500087020D00B9
:108D80001400B30804001000AE2937001400BA0B19
:108D900004001000A829BA258105810504000200FD
:108DA000990BA025590B35000800F4250700DF2595
:108DB000120017000900F625120017001700120014
:108DC00087020C000B00B31802A62E005300BA0B4A
:108DD000EA06760508001D2604000100E129370097
:108DE0001400090012261300370004000100B52901
:108DF000F806060907000B2612001700FE0C0400F7
:108E000020003C00730070000B0009001626FB25B3
:108E1000058A2E00420041005300450087020D00E4
:108E2000C1081800060987020C000B001F26058ADE
:108E30002E00460052004500450005020D00A50326
:108E40000D00B529FD080B00000004A0210043001F
:108E500053005000150024030C000B00E81804A078
:108E60003F00430053005000150024030D001E0076
:108E7000A418110073007400610063006B002000EF
:108E800064006500700074006800200065007200D6
:108E900072006F0072000B0000004E8658005400F4
:108EA0003E004E0041004D0045002D0049004E009F
:108EB0002D0056004F0043001900A2020C00B80F0D
:108EC00076050800A42604005F003700140018008F
:108ED0000D009A040C009A040D00180008009D264D
:108EE00018006B0FA2020D001E00080094260D0052
:108EF0009A040C000900832617009A040D009A0FAB
:108F000019001700120017000B001700B006070029
:108F10007F26120017001700040000000B0000005D
:108F2000058A3E004E0041004D0045007D031800BB
:108F30000800C3261A001A00742676050800BD260C
:108F400019001700190017000B0019001700B006D0
:108F50000D000900AF261700040000000B00000000
:108F6000068A50003E004E0041004D0045000400BE
:108F7000481F18000F000800E526A8292D07E12941
:108F80000D001E000800E2262D07E129B006B006FC
:108F90000900D126190017000B00190017000B005B
:108FA000000005A650003E004F0050005300040092
:108FB000481F18000F0008000927A8292D07E129DC
:108FC0000D001E00080002272D07E129B006B0069B
:108FD0000900F126190017002D07E129B0060D0040
:108FE0000B0019001700040000000B002E26038858
:108FF0002E0049004400760508001C272D070400B8
:109000001F001C00A0250B00FE0C08007B006E005A
:109010006F004E0061006D0065007D000B00841C38
:10902000038A5300450045000C0FD71118000800B3
:1090300074271700BA0B18000D001800A2020C00CC
:10904000180004000002BA0508004127CF260900D5
:109050004227AE26760508004927740B132709001E
:109060004A27FD08A2020D0004000002BA0508000C
:109070006E27A2020D0004000B001E0008007227DC
:10908000A2020D00EF26760508006E271700590B87
:109090000800642709007227B00618000D00FD08BB
:1090A000B006590B0800332709007227B006590B88
:1090B0000800332717000B00BF12891705A65700B9
:1090C0004F00520044005300BA0B8C030D00B80F40
:1090D00076050800C52704005F003700140018005B
:1090E0000D009A040C009A040D0018000800BE2719
:1090F0009A0F18000D00040040001C000800A02773
:1091000017009A040D000D009A040C0009008B272B
:1091100018000D00040000011C000800AF27170014
:109120009A040D000D009A040C0009008B2718000A
:10913000740B132717009A040D000D009A040C00FD
:10914000590B08008B27170017000B001700B006FB
:10915000070087271200170017000B00692503A4DA
:10916000560045005200040000040B00000002D22B
:1091700068006900BA0BFE0C140050004400520055
:109180002D00310036002F0058005400200046000A
:109190006F007200740068002000760034002E001A
:1091A0003000BA0BFE0C1F006400650072006900FD
:1091B0007600650064002000660072006F006D009C
:1091C0002000650046006F007200740068002000F7
:1091D00062007900200043002E0048002E00540059
:1091E00069006E006700BA0B0B000E2505B2450042
:1091F0004D0050005400590004000080A5030C00ED
:109200000400E950C9030C00040000007D03B0060F
:109210000C000400008065186A05B3240B005A2571
:10922000067C43004D004F00560045003E001800EC
:109230000800482814001A001300E1290400010066
:10924000B5291A001300E12904000100B5290F0017
:1092500019000E0012000400FFFFE12909002F2869
:1092600017008D050B00BE24048A4D004F005600E8
:109270004500A82917001900BA0508005928C30796
:109280000B002F280B002728048843004F004C00B8
:10929000440004007FF9160004007FFE1000040063
:1092A0000200040080FE04003402C3070400E2FE52
:1092B0007D030C00040000007D03B0060C007D134C
:1092C000D2270400E950C9030C006A05B324371300
:1092D00004007FF91600281609006128462623F0AD
:1092E0003F007200780002000B009D0223427400D0
:1092F0007800210003000B000D2824A84500580029
:10930000490054000B000B003C26214221000C00B8
:109310000B000000218040000D000B005B28224262
:10932000430021000E000B00A628228043004000CD
:109330000F000B00BE1B2342520050002100100002
:109340000B00B228238052005000400011000B0097
:10935000B928227C52003E0012000B00C028228057
:109360005200400013000B00C60822A43E00520029
:1093700014000B00272723805300500040001500E5
:109380000B00D228234253005000210016000B008E
:10939000D02524A0440052004F00500017000B00BD
:1093A000E02823A044005500500018000B00D928E5
:1093B00024A0530057004100500019000B00E61391
:1093C00024A44F005600450052001A000B00000074
:1093D000227830003C001B000B00DD1D238841007B
:1093E0004E0044001C000B00F72822A44F0052003E
:1093F0001D000B00211223A458004F0052001E0034
:109400000B005724235655004D002B001F000B0066
:109410005D0823683C003C00340020000B0020293C
:1094200023703C003C00380021000B0027292372E8
:109430003C003C00390022000B00FF28227A30005B
:109440003D0023000B000000225631002B002400B9
:109450000B003B29225A31002D0025000B00190773
:10946000225632002B0026000B004729225A3200D8
:109470002D0027000B001D1723A84E004F0054009D
:1094800035000B00EF2823845300550042003600BE
:109490000B005329268A4E00450047004100540026
:1094A000450037000B002823238649004E00430067
:1094B00038000B00E82823864400450043003900AB
:1094C0000B000000249E5A00450052004F003A0055
:1094D0000B001929225655002B003B000B004D298B
:1094E000225432002A003C000B00000001582C00DE
:1094F0003B071800B006A5030C000C000B00052963
:1095000003A641004200530018001B000800A129D7
:1095100037000B00872904A032004400550050009A
:109520001A001A000B005806015E2F005E06190093
:1095300017000B00F507015A2D0036000B00000044
:10954000017A3D001E000800C029040000000B0045
:109550000400FFFF0B002E29027C3C003E00BA29CC
:1095600035000B00CC28017C3E001900CA050B0019
:10957000C329027A3C003D00CD2935000B00CA29E1
:10958000027A3E003D00CA0535000B000007015677
:109590002B003B000B000000C1763B0004000B00D9
:1095A000902962160F230B00000001743A000C0F83
:1095B000191F6A160B00AC28025843002C003B0709
:1095C0001800B006A5030C000E000B006B290990D3
:1095D00049004D0047002D00570049004400540049
:1095E00048000D000B00FE290AA849004D00470065
:1095F0002D00480045004900470048005400B006CF
:109600000D000B000B2A088249004D0047002D0079
:10961000440041005400410004000200E1290B0015
:109620001A2A844449004D004700220068040C00B7
:1096300004002200D20EA8291900170068040D00AA
:109640000400070075061E0008003F2A410CA829E7
:109650005F0C3B071400A829190012008105C307FD
:10966000A51617000B0094280A8A45004D004900F2
:1096700054002D0049004D004100470045001800EE
:10968000353174040C0018004331190050311900B1
:10969000180008006E2A190074040D00CE0CBA0BD5
:1096A000190004000100B5290900602A8D05830C0A
:1096B0000B004B2A038645005300430004001B00A7
:1096C000510B0B00F3290392430053004900762A03
:1096D000FE0C01005B000B0000000A6043004F001D
:1096E0004C004F0052003E0044003100300030007A
:1096F000060031003100310030003200310031000D
:1097000030003200320031003000320032003100CF
:1097100031003100310031003000320031003100C1
:1097200030003200320031003000320032003200AE
:1097300031003100310031003100320031003100A0
:10974000310032003200310031003200320032008C
:109750003100310031003100300031003100310082
:109760003000310031003100300031003100310073
:109770003000310031003000300031003000300066
:109780003000310030003000300031003000300057
:109790003000310031003000300031003000300046
:1097A0003000310030003000300031003000300037
:1097B0003000310031003000300031003000300026
:1097C0003000310030003000300031003000300017
:1097D0003000310031003000300031003000300006
:1097E00030003100300030003000310030003000F7
:1097F00030003100310030003000310030003000E6
:1098000030003100300030003000310030003000D6
:1098100030003100310030003000310031003000C4
:1098200030003100310030003000310031003000B4
:1098300030003100310031003000320031003100A1
:10984000300032003200310030003200320032008D
:109850003100310031003100300032003100310080
:10986000300032003200310030003200320031006E
:109870003100300030003000300030003000300067
:109880003000300030003000300030003000300058
:109890003000300030003000300030003000300048
:1098A0003000300030003000300030003000300038
:1098B0003000300030003000300030003000300028
:1098C0003000300030003000300030003000300018
:1098D00030003200320032003200320032003200FA
:1098E00032003200320032003200320032003200E8
:1098F00032000000096043004F004C004F0052004E
:109900003E004400310030000600380037003300CC
:1099100038003100360036003800310030003600A3
:109920003800310030003900320038003800330090
:10993000390032003700370039003200310037007B
:109940003900320031003000330038003800340074
:109950003000320038003800300032003200380069
:109960003000320032003200340038003500300060
:10997000360039003400310036003900350031003E
:10998000360039003500310037003500310037002E
:109990003200350037003400320035003800340022
:1099A0003200320038003400330035003100370017
:1099B0003200350037003400320035003800340002
:1099C00032003200380034003300350031003700F7
:1099D00033003500380034003300350038003400DF
:1099E00033003200380035003300350031003600D6
:1099F00032003500370033003200350037003300C5
:109A000032003100370033003200340030003600BD
:109A100031003400360032003100340036003200AC
:109A20003100300036003200310038003400390097
:109A30003500380033003900350038003300390074
:109A40003500370033003900350038003700330067
:109A5000390031003700360039003100300036005F
:109A60003900310030003000320038003700330058
:109A70003800310036003600380031003000360042
:109A8000380031003000390032003100310031003F
:109A9000310031003100310031003100310031003E
:109AA000310031003100310031003100310031002E
:109AB000310031003100310031003100310031001E
:109AC000310031003100310031003100310031000E
:109AD00031003100310031003100310031003100FE
:109AE00031003100310031003100350035003500E2
:109AF00035003400340034003400340034003400C5
:109B000033003300330033003300000008624300A9
:109B10004F004C004F0052003E0044003100060050
:109B20003100340031003800370037003000380091
:109B30003700330030003800300033003600340086
:109B40003700300037003400330039003200340071
:109B50003300350032003400320035003800300068
:109B60003700360033003000390035003400300053
:109B7000390037003400300038003700360032003A
:109B80003700300037003400330039003200340031
:109B90003300350032003400320035003800300028
:109BA0003100340031003800370037003000380011
:109BB0003700330030003800300033003600340006
:109BC00032003500320039003800390032003900E7
:109BD00038003500320039003200350038003500D9
:109BE00032003600330030003900300034003000DD
:109BF00039003700340030003300370031003700BF
:109C000032003000370034003300340032003400BA
:109C100033003500320034003700350033003500A2
:109C20003600340031003800370032003000380090
:109C30003700330030003800350033003100390080
:109C4000320030003700340033003400320034007A
:109C50003300350032003400370035003300350062
:109C6000320036003300300039003000340030005C
:109C7000390037003400300033003700310037003E
:109C80003200350032003900380039003200390026
:109C90003800350032003900320035003800350018
:109CA0003600360036003600360036003600360004
:109CB00036003600360036003600360036003600F4
:109CC00036003600360036003600360036003600E4
:109CD00036003600360036003600360036003600D4
:109CE00036003600360036003600360036003600C4
:109CF00036003600360036003600360036003600B4
:109D000035003300320030003900370036003400AF
:109D100033003100300038003700350034003200A5
:109D200000000680440049004700490054004000FC
:109D30001900E1290F000B000000078843004F00C5
:109D40004C004F0052003E0044001800A72CB02DDC
:109D5000190018009C2BB02D1900902AB02D0B0073
:109D6000032403424600470021007F2AFE0C050021
:109D7000330038003B0035003B00BD2D510B510B2B
:109D8000510B04006D00510B0B00091703424200F8
:109D9000470021007F2AFE0C0500340038003B00FC
:109DA00035003B00BD2D510B510B510B04006D00D4
:109DB000510B0B009729054641004E005300490006
:109DC0002300610881089908A20B0B007A2A066615
:109DD00043004C0041004D005000330004000000DF
:109DE000DA0504000300E6050B00F22D02A841008D
:109DF00054007F2AF92D04003B00510BF92D04007B
:109E00004800510B0B009E13048A48004F004D0080
:109E100045007F2AFE0C010048000B005A290BA4C4
:109E200053004100560045002D00430055005200EC
:109E300053004F0052007F2AFE0C010073000B00FC
:109E4000C6280EA452004500530054004F00520093
:109E500045002D0043005500520053004F005200B2
:109E60007F2AFE0C010075000B00FE2D03A64300A7
:109E70004C0053007F2AFE0C020032004A000B0007
:109E80004D2E078A43004C002D004C0049004E0027
:109E900045007F2AFE0C020032004B000B00582EBA
:109EA000069843004C002D0045004F004C007F2ACF
:109EB000FE0C01004B000B00672E06A643004C0071
:109EC0002D0045004F0053007F2AFE0C01004A0080
:109ED0000B00742E099C43005500520053004F00A4
:109EE00052002D004F004E007F2AFE0C04003F0060
:109EF0003200350068000B00812E0A8C43005500AB
:109F0000520053004F0052002D004F004600460003
:109F10007F2AFE0C04003F00320035006C000B006D
:109F2000612906984E004F0052004D0041004C0040
:109F3000830C0B00DD2D048842004F004C004400D0
:109F40007F2AFE0C020031006D000B007229039A7B
:109F5000440049004D007F2AFE0C020032006D00D3
:109F60000B00B22E059642004C0049004E004B00FB
:109F70007F2AFE0C020035006D000B008129079638
:109F800055004E0042004C0049004E004B007F2A15
:109F9000FE0C0300320035006D000B00D62E098A3E
:109FA00055004E004400450052004C0049004E0050
:109FB00045007F2AFE0C020034006D000B00382E95
:109FC000078A5200450056004500520053004500E4
:109FD0007F2AFE0C020037006D000B00C92E04988A
:109FE000420045004C004C0004000700510B0B00E0
:109FF0001B2E0398480053004C001400040004007A
:10A0000075061900040010007506E1291200E12907
:10A010000B00102F02804800400004001000AE2901
:10A020000B00262E02805300400004000400AE29DD
:10A030000400040068060B00881B02804C004000EE
:10A040000400040068060B00292F0590530045000A
:10A0500054002D0048001900040010006806190083
:10A06000040010007506E1290B003C2F05A65300E3
:10A07000450054002D005300140018000400040093
:10A080006806190004001000AE29040010007506CF
:10A09000E1291200040004007506E1290B004D2F90
:10A0A00005985300450054002D004C001900040091
:10A0B0000400AE29040004007506E1290B00A82E57
:10A0C000087E4E00450055005400520041004C00EF
:10A0D0003F00252F04000F00BA290B00212F025644
:10A0E00048002B001800812F0800902F0900992F9D
:10A0F0001800252F04000100E12904000C00680667
:10A10000432F0B00862F025A48002D001800812F84
:10A110000800A42F0900AD2F1800252F04000B0004
:10A12000E12904000C006806432F0B00672F02563C
:10A1300053002B0018002D2F04000100E129062EEA
:10A14000542F0B00AE2F025A53002D0018002D2F54
:10A1500004000100B529062E542F0B00342F02569F
:10A160004C002B001800382F04000100E129062EB6
:10A170006E2F0B00C62F025A4C002D001800382FEE
:10A1800004000100B529062E6E2F0B009A2F0788B8
:10A19000480053004C005F0052004500440004009A
:10A1A00000000400030004000100152F0B00DE2F47
:10A1B0000A8A480053004C005F004F0052004100E3
:10A1C0004E004700450004000100040003000400A5
:10A1D0000100152F0B00EF2F0AAE480053004C0072
:10A1E0005F00590045004C004C004F005700040030
:10A1F00002000400030004000100152F0B000330CF
:10A200000A9C480053004C005F0059004700520070
:10A21000450045004E000400030004000300040054
:10A220000100152F0B001730099C480053004C000B
:10A230005F0047005200450045004E000400040046
:10A240000400030004000100152F0B002B30099CB3
:10A25000480053004C005F00470043005900410094
:10A260004E00040005000400030004000100152F47
:10A270000B003E30089C480053004C005F00430038
:10A28000590041004E0004000600040003000400D1
:10A290000100152F0B005130098A480053004C0073
:10A2A0005F0041005A0055005200450004000700BD
:10A2B0000400030004000100152F0B006330088A1E
:10A2C000480053004C005F0042004C005500450020
:10A2D000040008000400030004000100152F0B0017
:10A2E00076300AA8480053004C005F005600490031
:10A2F0004F004C0045005400040009000400030016
:10A3000004000100152F0B0088300B824800530019
:10A310004C005F004D004100470045004E005400D6
:10A32000410004000A000400030004000100152F8E
:10A330000B009C30088A480053004C005F0052001C
:10A340004F005300450004000B000400030004000C
:10A350000100152F0B00000004B24700520041001D
:10A36000590004000000DA0504000F00E6050400AF
:10A3700004005E061900140004000F00190012000A
:10A38000152F0B007527058A570048004900540017
:10A39000450004000000C9300B00062F059642005E
:10A3A0004C00410043004B0004000F00C9300B007B
:10A3B000D22F07A44C004900470048005400450034
:10A3C0005200CA2F0B00BE2E06A4440041005200CA
:10A3D0004B0045005200D62F0B00BA2F088A5300BD
:10A3E0004100540055005200410054004500B22F76
:10A3F0000B00FB300A8A4400450053004100540022
:10A4000055005200410054004500BE2F0B00942E11
:10A41000025843002C003B071800B006A5030C00AF
:10A420000E000B00282A099049004D0047002D001E
:10A43000570049004400540048000D000B002A3129
:10A440000AA849004D0047002D004800450049007A
:10A45000470048005400B0060D000B003731088259
:10A4600049004D0047002D004400410054004100C8
:10A4700004000200E1290B004631844449004D00EC
:10A480004700220068040C0004002200D20EA82914
:10A490001900170068040D000400070075061E006F
:10A4A00008006B31410CA8295F0C3B071400A82958
:10A4B000190012008105C307A51617000B00712AA9
:10A4C0000A8A45004D00490054002D0049004D0006
:10A4D0004100470045001800353174040C00180095
:10A4E0004331190050311900180008009A31190041
:10A4F00074040D00CE0CBA0B190004000100B5293C
:10A5000009008C318D05830C0B001F310B8A430031
:10A5100050003400330037002D0048004C00490043
:10A520004E0045000400C4000B009D310B8A43001F
:10A5300050003400330037002D0056004C00490015
:10A540004E0045000400B3000B00AD3108984300F5
:10A5500050003400330037002D0054004C0004003C
:10A56000DA000B00BD3108A4430050003400330072
:10A5700037002D00540052000400BF000B00CA3108
:10A580000898430050003400330037002D0042008B
:10A590004C000400C0000B00D73108A44300500059
:10A5A0003400330037002D00420052000400D9006F
:10A5B0000B00E4310B9C43005000340033003700A3
:10A5C0002D00540044004F0057004E000400C2000C
:10A5D0000B00F13109A04300500034003300370074
:10A5E0002D005400550050000400C1000B00013242
:10A5F0000CA8430050003400330037002D005400F5
:10A60000520049004700480054000400C3000B00FA
:10A610000F320BA8430050003400330037002D00E8
:10A6200054004C004500460054000400B4000B00E8
:10A6300020320BA6430050003400330037002D00B9
:10A64000430052004F00530053000400C5000B00AC
:10A6500000000A8A530049004E0051002D005400AA
:10A66000410042004C00450006000000C900920174
:10A670005B022403ED03B6047F0548061107D907E2
:10A68000A2086A09330AFB0AC40B8C0C540D1C0E79
:10A69000E30EAB0F72103A110112C8128F1355144A
:10A6A0001C15E215A8166E173318F918BE19821A70
:10A6B000471B0B1CCF1C931D571E1A1FDD1F9F200D
:10A6C00061212322E522A62367242825E825A82640
:10A6D00067272628E528A329612A1F2BDC2B992C24
:10A6E000552D112ECC2E872F4130FB30B5316E32D7
:10A6F0002633DF3396344D350436BA366F37243877
:10A70000D9388C39403AF23AA53B563C073DB83D22
:10A71000683E173FC53F73402141CE417A422543F1
:10A72000D0437A442445CD4575461C47C347694804
:10A730000F49B449584AFB4A9D4B3F4CE04C814D70
:10A74000204EBF4E5D4FFB4F97503351CE51685254
:10A7500002539B533254C9546055F5558A561D57C0
:10A76000B0574258D3586459F359825A0F5B9C5BD7
:10A77000285CB35C3E5DC75D4F5ED75E5D5FE35FA7
:10A780006860EB606E61F0617162F1627063EE634C
:10A790006C64E8646365DD655666CF664667BC67D2
:10A7A0003268A66819698B69FD696D6ADC6A4A6B53
:10A7B000B76B236C8E6CF86C616DC96D306E966EE4
:10A7C000FB6E5E6FC16F22708370E27040719D718D
:10A7D000F9715472AE7207735E73B5730A745F7465
:10A7E000B27404755575A575F37541768D76D87676
:10A7F00022776B77B377FA773F788478C7780979CF
:10A800004A798979C879057A417A7C7AB67AEE7A7A
:10A81000267B5C7B917BC57BF87B297C597C887C83
:10A82000B67CE37C0E7D397D627D897DB07DD57DF2
:10A83000FA7D1D7E3E7E5F7E7E7E9C7EB97ED57ECD
:10A84000EF7E097F217F377F4D7F617F747F867F19
:10A85000977FA67FB47FC17FCD7FD87FE17FE97FDF
:10A86000F07FF57FF97FFD7FFE7F00000A8A5000B0
:10A870004F00570032002D005400410042004C00B0
:10A88000450006000100020004000800100020003E
:10A8900040008000000100020004000800100020B9
:10A8A0000040008000000B8A4C004F00470032003F
:10A8B00049002D005400410042004C0045000600B4
:10A8C00000000010002000300040005000600070C8
:10A8D0000080009000A000B000C000D000E000F0B8
:10A8E00000000B8A4C004F004700320046002D004C
:10A8F0005400410042004C004500060000001700D3
:10A900002E0045005C00720089009F00B600CC005C
:10A91000E200F9000F0125013B01500166017C01B5
:10A920009201A701BD01D201E701FC011202270239
:10A930003C02510265027A028F02A302B802CC02E5
:10A94000E102F5020A031E03320346035A036E03B3
:10A9500082039603A903BD03D103E403F8030B04A8
:10A960001E043204450458046B047E049104A404BC
:10A97000B704CA04DC04EF040205140527053905F1
:10A980004B055E05700582059405A605B905CB0546
:10A99000DC05EE05000612062406350647065806B5
:10A9A0006A067B068D069E06B006C106D206E30641
:10A9B000F406050716072707380749075A076B07E4
:10A9C0007B078C079D07AD07BE07CE07DF07EF07A4
:10A9D000FF07100820083008400850086108710877
:10A9E00081089008A008B008C008D008E008EF0867
:10A9F000FF080F091E092E093D094D095C096B0965
:10AA00007B098A099909A809B809C709D609E5097E
:10AA1000F409030A120A210A300A3E0A4D0A5C0AA6
:10AA20006B0A790A880A970AA50AB40AC20AD10AE7
:10AA3000DF0AEE0AFC0A0A0B190B270B350B430B36
:10AA4000510B5F0B6E0B7C0B8A0B980BA60BB30B99
:10AA5000C10BCF0BDD0BEB0BF90B060C140C220C0E
:10AA60002F0C3D0C4A0C580C660C730C800C8E0C91
:10AA70009B0CA90CB60CC30CD00CDE0CEB0CF80C28
:10AA8000050D120D1F0D2D0D3A0D470D540D600DC6
:10AA90006D0D7A0D870D940DA10DAE0DBA0DC70D7C
:10AAA000D40DE00DED0DFA0D060E130E1F0E2C0E3B
:10AAB000380E450E510E5E0E6A0E760E830E8F0E08
:10AAC0009B0EA70EB40EC00ECC0ED80EE40EF00EE8
:10AAD000FC0E090F150F210F2D0F380F440F500FCB
:10AAE0005C0F680F740F800F8B0F970FA30FAF0FC2
:10AAF000BA0FC60FD20FDD0FE90FF40F00100000E0
:10AB00000B8A4C004F004700320044002D005400D7
:10AB1000410042004C0045000600170017001700D6
:10AB20001700160017001600170016001600170071
:10AB30001600160016001500160016001600150067
:10AB4000160015001500150016001500150015005B
:10AB50001400150015001400150014001500140051
:10AB60001500140014001400140014001400140044
:10AB70001300140014001300140013001300140039
:10AB8000130013001300130013001300130013002D
:10AB90001200130013001200130012001200130021
:10ABA0001200120012001200130012001100120015
:10ABB0001200120012001100120011001200110008
:10ABC00012001100120011001100110011001100FB
:10ABD00011001100110011001100110010001100EE
:10ABE00011001000110010001100100010001100E1
:10ABF00010001000100010001100100010000F00D5
:10AC0000100010001000100010000F0010001000C5
:10AC10000F0010000F0010000F000F0010000F00B9
:10AC20000F000F0010000F000F000F000F000F00AB
:10AC30000F000F000F000E000F000F000F000E009E
:10AC40000F000F000E000F000E000F000E000F008F
:10AC50000E000E000F000E000E000E000E000E0083
:10AC60000F000E000E000E000E000D000E000E0074
:10AC70000E000E000E000D000E000E000D000E0066
:10AC80000D000E000E000D000D000E000D000E0058
:10AC90000D000D000D000E000D000D000D000D004B
:10ACA0000D000E000D000D000D000C000D000D003C
:10ACB0000D000D000D000D000C000D000D000C002E
:10ACC0000D000D000C000D000C000D000C000D001F
:10ACD0000C000D000C000C000D000C000C000C0012
:10ACE0000D000C000C000C000C000C000C000D0002
:10ACF0000C000C000C000B000C000C000C000C00F5
:10AD00000C000C000B000C000C000C000B000C00E5
:10AD10000C000B000C000B000C0000000B8A45001F
:10AD200058005000320046002D00540041004200FF
:10AD30004C004500060000100B10161021102D10BD
:10AD4000381043104E105A10651070107C10871088
:10AD500093109E10AA10B510C110CD10D810E41099
:10AD6000F010FB10071113111F112B113711431194
:10AD70004F115B11671173117F118B119711A31183
:10AD8000B011BC11C811D511E111ED11FA11061263
:10AD900013121F122C123812451252125F126B122C
:10ADA0007812851292129F12AC12B812C512D312E9
:10ADB000E012ED12FA120713141321132F133C1390
:10ADC00049135713641372137F138D139A13A81327
:10ADD000B513C313D113DF13EC13FA1308141614AD
:10ADE0002414321440144E145C146A14781487141A
:10ADF0009514A314B114C014CE14DD14EB14FA147A
:10AE000008151715251534154315521560156F15BE
:10AE10007E158D159C15AB15BA15C915D815E715F6
:10AE2000F715061615162416341643165316621611
:10AE3000721681169116A116B016C016D016E0161D
:10AE4000F016FF160F171F1730174017501760170F
:10AE5000701780179117A117B117C217D217E317F0
:10AE6000F4170418151826183618471858186918B2
:10AE70007A188B189C18AD18BE18CF18E018F21865
:10AE8000031914192619371949195A196C197E19F9
:10AE90008F19A119B319C519D619E819FA190C1A7D
:10AEA0001E1A311A431A551A671A7A1A8C1A9E1AE0
:10AEB000B11AC31AD61AE91AFB1A0E1B211B341B2E
:10AEC000471B591B6C1B7F1B931BA61BB91BCC1B61
:10AED000DF1BF31B061C1A1C2D1C411C541C681C78
:10AEE0007C1C8F1CA31CB71CCB1CDF1CF31C071D78
:10AEF0001B1D301D441D581D6C1D811D951DAA1D57
:10AF0000BE1DD31DE81DFD1D111E261E3B1E501E1D
:10AF1000651E7A1E8F1EA51EBA1ECF1EE51EFA1EC6
:10AF2000101F251F3B1F501F661F7C1F921FA81F4D
:10AF3000BE1FD41FEA1F002000000B8A45005800E6
:10AF40005000320044002D005400410042004C00EB
:10AF5000450006000B000B000B000C000B000B0063
:10AF60000B000C000B000B000C000B000C000B0086
:10AF70000C000B000C000C000B000C000C000B0074
:10AF80000C000C000C000C000C000C000C000C0061
:10AF90000C000C000C000C000C000C000D000C0050
:10AFA0000C000D000C000C000D000C000D000C003E
:10AFB0000D000C000D000D000D000C000D000D002B
:10AFC0000D000D000D000C000D000E000D000D0019
:10AFD0000D000D000D000D000E000D000D000E0007
:10AFE0000D000E000D000E000D000E000D000E00F5
:10AFF0000E000E000D000E000E000E000E000E00E2
:10B000000E000E000E000E000E000F000E000E00CF
:10B010000E000F000E000F000E000F000E000F00BC
:10B020000E000F000F000F000E000F000F000F00AA
:10B030000F000F000F000F000F000F0010000F0097
:10B040000F000F0010000F0010000F0010000F0085
:10B05000100010000F0010001000100010000F0072
:10B06000100010001100100010001000100010005F
:10B07000110010001000110010001100110010004C
:10B080001100110010001100110011001100110039
:10B090001100110011001100110012001100110027
:10B0A0001200110012001100120012001100120013
:10B0B0001200120011001200120012001200130000
:10B0C00012001200120013001200120013001200EE
:10B0D00013001300120013001300130013001200DA
:10B0E00013001300140013001300130013001400C6
:10B0F00013001400130014001300140014001300B4
:10B10000140014001400140014001400140015009E
:10B11000140014001400150014001500140015008C
:10B120001500150014001500150015001500150078
:10B130001500160015001500160015001600150064
:10B140001600150016001600160016001600160050
:10B150001600160000000B8A4100540041004E000A
:10B1600046002D005400410042004C0045000600FE
:10B170000000290051007A00A300CC00F4001D015A
:10B1800046016F019701C001E90111023A02620212
:10B190008B02B402DC0205032D0356037E03A703D2
:10B1A000CF03F7032004480470049904C104E904A0
:10B1B0001105390561058905B105D905010629067D
:10B1C00051067806A006C806EF0617073E07660771
:10B1D0008D07B507DC0703082A08510878089F087F
:10B1E000C608ED0814093B0961098809AE09D509AB
:10B1F000FB09220A480A6E0A940ABA0AE00A060BF8
:10B200002C0B510B770B9D0BC20BE70B0D0C320C6B
:10B21000570C7C0CA10CC60CEB0C100D340D590D09
:10B220007D0DA20DC60DEA0D0F0E330E560E7A0ED1
:10B230009E0EC20EE50E090F2C0F500F730F960FC6
:10B24000B90FDC0FFF0F2110441067108910AB10ED
:10B25000CE10F01012113411561177119911BB1143
:10B26000DC11FD111F12401261128212A312C312CF
:10B27000E41205132513451366138613A613C6138C
:10B28000E61305142514441464148314A214C11481
:10B29000E014FF141E153D155B157A159815B715AA
:10B2A000D515F31511162F164C166A168816A51605
:10B2B000C216E016FD161A173717541770178D1798
:10B2C000AA17C617E217FE171B18371853186E185F
:10B2D0008A18A618C118DD18F81813192E1949195B
:10B2E00064197F199A19B419CF19E919041A1E1A89
:10B2F000381A521A6C1A861A9F1AB91AD31AEC1AEB
:10B30000051B1F1B381B511B6A1B831B9C1BB41B7B
:10B31000CD1BE51BFE1B161C2E1C461C5E1C761C42
:10B320008E1CA61CBE1CD51CED1C041D1B1D331D34
:10B330004A1D611D781D8E1DA51DBC1DD31DE91D57
:10B34000FF1D161E2C1E421E581E6E1E841E9A1EA7
:10B35000B01EC51EDB1EF01E061F1B1F301F451F23
:10B360005A1F6F1F841F991FAE1FC31FD71FEC1FCB
:10B37000002000000B8A4100540041004E004400B0
:10B380002D005400410042004C00450006002900F9
:10B390002800290029002900280029002900290067
:10B3A0002800290029002800290028002900290058
:10B3B000280029002800290028002900280028004A
:10B3C000290028002800290028002800280028003B
:10B3D000280028002800280028002800280027002E
:10B3E0002800280027002800270028002700280020
:10B3F0002700270027002700270027002700270015
:10B400002700270026002700260027002600270007
:10B4100026002600260026002600260026002500FD
:10B4200026002600250025002600250025002500F1
:10B4300025002500250025002400250024002500E6
:10B4400024002400250024002300240024002400DC
:10B4500023002400230024002300230023002300D2
:10B4600023002200230023002200220023002200C8
:10B4700022002200220021002200220021002100BF
:10B4800022002100210021002100200021002100B4
:10B4900020002000210020002000200020001F00AC
:10B4A00020001F0020001F001F001F001F001F00A2
:10B4B0001F001F001E001F001E001F001E001E0098
:10B4C0001E001E001D001E001E001D001D001E008F
:10B4D0001D001D001D001D001C001D001D001C0086
:10B4E0001C001C001D001C001C001B001C001C007C
:10B4F0001B001C001B001B001B001B001B001B0073
:10B500001B001A001B001A001B001A001A001A0068
:10B510001A001A0019001A001A00190019001A005E
:10B520001900190019001900190018001900180055
:10B53000190018001800180018001800180018004A
:10B540001800170018001700170018001700170040
:10B550001700160017001700170016001600170036
:10B56000160016001600160016001600160015002C
:10B570001600150016001500150015001500150021
:10B58000150015001500150014001500140000002A
:10B590000580530049004E00510040004C32190014
:10B5A000BC06E1290D000B000000058050004F0093
:10B5B00057003200400059331900BC06E1290D0044
:10B5C0000B00000006804C004F004700320049008D
:10B5D000400077331900BC06E1290D000B00000084
:10B5E00006804C004F004700320046004000953373
:10B5F0001900BC06E1290D000B00000006804C007C
:10B600004F004700320044004000A4341900BC063B
:10B61000E1290D000B000000068045005800500095
:10B62000320046004000B2351900BC06E1290D0089
:10B630000B00000006804500580050003200440016
:10B640004000C1361900BC06E1290D000B000000C6
:10B6500006804100540041004E0046004000CF37B4
:10B660001900BC06E1290D000B0000000680410016
:10B67000540041004E0044004000DE381900BC0672
:10B68000E1290D000B002216047C51003100350029
:10B690003E001800E12914001B0037001200E129C8
:10B6A0000B005B3A05A45100310035003E0052000A
:10B6B0001900040000401F008105E129613A0B00D8
:10B6C000E62E058855002F004D004F004400140061
:10B6D00004000000120005060B00783A025E5500D7
:10B6E0002F007F3A190017000B00853A035E5500C2
:10B6F0002A002F001400330012000506190017005D
:10B700000B00950607882A002F0052004F005500B5
:10B710004E00440018009C291400900619009C2932
:10B720001800E1291300BA0535000800B23A0400F8
:10B730000100E129120017000B005431038C49006D
:10B740002A0046007C06613A0B00E530078E420075
:10B7500049004E003E0044004500470004002D0013
:10B7600004000020A23A0B001131079C4400450060
:10B7700047003E00420049004E0004006801680690
:10B780000400002004002D00A23A0B00BD3A09A6D7
:10B79000420049004E003E004400450047002E0094
:10B7A000530004002D00750604000020A23A0B008F
:10B7B000CC3A099C4400450047002E0053003E004F
:10B7C000420049004E00180004006801750614008C
:10B7D000190013006806190004002D007506040006
:10B7E00000201900A23A120017000B000531066C68
:10B7F00053005400450050003100360004000000A2
:10B8000014001800040008001C000800263B1A0061
:10B8100004000200AE291200E129140018000400FF
:10B8200004001C000800333B1A0004000400AE2989
:10B830001200E12914001800040002001C00080096
:10B84000403B1A0004000800AE291200E129140050
:10B850001800040001001C0008004D3B1A00040001
:10B860001000AE291200E129140017001700120081
:10B870000B00F72E086452004100540049004F00AD
:10B880005100310032001900040000108105923A85
:10B890000B00F030099A4C004F00470032002D0099
:10B8A0004E004F0052004D0004000C00190018001B
:10B8B00004000020BA0504000000BA290800823BF9
:10B8C00004000200893A190004000100E12919006E
:10B8D00009006F3B180004000010BA050800913BF6
:10B8E0001800E129190004000100B5291900090018
:10B8F000823B0B00613B09864C004F004700320041
:10B900002D00460052004100430004000010B529FC
:10B91000040010005E0618001D3A14000F3A1200D1
:10B920008105163BE1290B00923B04644C004F005B
:10B9300047003200180004000000BA290800BD3B8F
:10B940001700040000000900C33B6C3B1900013ADA
:10B9500019009D3BE1290B0077310986450058000D
:10B96000500032002D0046005200410043001800F4
:10B970000400FF0F1900CA050800DB3B1700040094
:10B9800000200900E63B040010005E061800393A6A
:10B9900014002B3A12008105163BE1290B00C43B31
:10B9A00004644500580050003200040000107F3A43
:10B9B0001400CF3B1200F33904000010923A0B0040
:10B9C000DE3A046042003000300030000400000025
:10B9D0000B00F83B046242003000300031000400EC
:10B9E000B6000B00013C046442003000300032001D
:10B9F00004006C010B000A3C046642003000300079
:10BA00003300040022020B00133C046A42003000A1
:10BA10003000350004008E030B001C3C0460420023
:10BA200030003100300004001C070B00253C046A84
:10BA300042003000310035000400AB0A0B002E3C00
:10BA400004604200300033003000040055150B0044
:10BA5000373C046A42003000340035000400002006
:10BA60000B00403C0868420049004E00490041007C
:10BA70004E002F003400040000400B00493C0460DD
:10BA800042003000360030000400AB2A0B00563C68
:10BA9000046A4200300037003500040055350B00C1
:10BAA0005F3C04604200300039003000533C0B0022
:10BAB000683C046A42003100300035000400AB4AA3
:10BAC0000B00703C04604200310032003000040082
:10BAD00055550B00793C046A4200310033003500B3
:10BAE000040000600B00823C04604200310035001D
:10BAF00030000400AB6A0B008B3C046A420031004A
:10BB000036003500040055750B00943C0864420073
:10BB100049004E00490041004E002F003200040051
:10BB200000800B009D3C0460420031003800300072
:10BB3000A73C0B00AA3C046A4200310039003500E2
:10BB40000400AB8A0B00B23C0460420032003100BA
:10BB50003000040055950B00BB3C046A42003200E3
:10BB600032003500040000A00B00C43C0460420019
:10BB70003200340030000400ABAA0B00CD3C046A54
:10BB80004200320035003500040055B50B00D63CAC
:10BB90000968420049004E00490041004E00330050
:10BBA0002F003400040000C00B00DF3C04604200A2
:10BBB000320037003000EA3C0B00ED3C046A4200E2
:10BBC0003200380035000400ABCA0B00F53C0460BD
:10BBD0004200330030003000040055D50B00FE3C1D
:10BBE000046A4200330031003500040000E00B001D
:10BBF000073D046042003300330030000400ABEA2C
:10BC00000B00103D046A420033003400350004008C
:10BC100055F50B000E3B04A2530049004E005100A5
:10BC200004004000AE29E6390B00223D039C53007E
:10BC300049004E00180004000000BA2908003D3DEC
:10BC400017000400000009007B3D1800533CBA298E
:10BC50000800473D17000400FF7F09007B3D1800E6
:10BC6000A73CBA290800513D170004000000090054
:10BC70007B3D1800EA3CBA2908005B3D1700040030
:10BC8000008009007B3D18001B0008006F3D180074
:10BC9000EA3CCA0508006A3DA73CE129283D370077
:10BCA00009006D3D3700283D370009007B3D180035
:10BCB000533CCA050800773D283D09007B3D37000D
:10BCC000A73CE129283D0B00303203A643004F007A
:10BCD0005300533CE129323D0B00122905A05800C6
:10BCE00043004F004D005000813DBA3A0B00000068
:10BCF00005A0590043004F004D005000323DBA3AB4
:10BD00000B000D2E05A44100540041004E005200CE
:10BD1000180004000010BA290800AA3D1700463C8C
:10BD20000900B53D040010005E061800553A1400E5
:10BD3000473A12008105163BE1290B00993D056445
:10BD40004100540041004E003200A8291D000400AB
:10BD50000000BA290800C93D8D0504000000090053
:10BD6000FB3DA8299C2919009C29A829BA0508008F
:10BD7000D83D5B3BA03D6E3C1900B5290900DB3D79
:10BD800019005B3BA03D140018001B000800F03DAB
:10BD900019001B000800EA3D1700B03C1200E12921
:10BDA0000900EE3D1700B03C1200B5290900FB3D2B
:10BDB00019001B000800F93D1700120037000900A8
:10BDC000FB3D170012000B002D3D04A8530051004D
:10BDD00052005400040000001900040001001A0081
:10BDE0001A00BA0504000000BA290800213E1A0012
:10BDF0001A00B52914001900170004000200E129F7
:10BE0000190004000100E1291900120019000900BD
:10BE1000073E170017000B00000004E47E006500D9
:10BE2000720072000400FFFFA4180C0062006100A1
:10BE30006400200066002D00730074007200690029
:10BE40006E0067000B00000004C87E0070006100F7
:10BE5000640004000000DA05180008004F3E0400EA
:10BE60000100B529413ECB064F0D0900503E170099
:10BE70000B00000006CA7E00770074007900700095
:10BE80006500D2020D001A00B529413E600D0B007D
:10BE9000000005E47E006300680061007200180085
:10BEA00004000001BA0508006E3E0B00040000010A
:10BEB0005E06190017000B0000000AE47E006E0009
:10BEC0006500780074002D00630068006100720056
:10BED000190004000100E129190004000100B5293E
:10BEE0000B00000006DC7E006E007A006C0065002E
:10BEF0006E0018000800A63E1A000F00673E0800FA
:10BF00009D3E0400010009009F3E04000000140053
:10BF1000803E913E1200E1290900A93E8D050400F2
:10BF200000000B00000006F47E006100700070004D
:10BF30006E007A0018000800C33E1A000F00673E2A
:10BF400076050800BE3E4F0D0900BF3E1700803E3B
:10BF5000B23E0900C43E8D050B00000009F47E00CE
:10BF6000770074007900700065002D006E007A0083
:10BF7000A829913ED2020D001900B529413EB23EDA
:10BF80000B00000005E47E0078007300740072006E
:10BF900087020D001400B308610881089908120097
:10BFA00087020C000B00000008E67E0070006400B1
:10BFB0006900670069007400730018000800013F01
:10BFC00004000100B529140078081200F53E0900AC
:10BFD000023F17000B00000005E47E0070007300B4
:10BFE00074007200180014009C296108DE020D0024
:10BFF00018000800193FF53E04002E006B080900E8
:10C000001A3F1700810812008E0899080B000000E3
:10C0100005C87E006F00750074006400DE020D002C
:10C020001B0008002F3FA508D03E0900313F0A3F02
:10C03000D03E0B00000005EA7E006F007500740022
:10C040007500DE020D001B000800443F61088108F6
:10C050009908D03E0900453F2A3E0B00000005F03C
:10C060007E006F00750074007800DE020D001B007A
:10C070000800563FE03ED03E0900573F2A3E0B00E5
:10C08000000005C67E006F00750074006300DE02CC
:10C090000D001B0008006D3FD2020D0004000100DE
:10C0A000B529413E4F0D09006E3F2A3E0B000000AE
:10C0B00005E67E006F00750074007300DE020D005F
:10C0C0001B0008007E3F593E09007F3F2A3E0B00BF
:10C0D000000006607E0070006F00770031003000C5
:10C0E00018000800943F04000100B529883F0400AF
:10C0F0000A0075060900973F1700040001000B00B5
:10C10000000005C27E006F00750074006100DE0251
:10C110000D001B000800A83F04000000DE020C0018
:10C12000DE020D000800B23FDE020D00883FE93A52
:10C130000900B33FC63A263F0B00000003807E0093
:10C1400063004000BA020D000F000B0000000DE676
:10C150007E00770069006400740068002D006400B0
:10C1600069006700690074007300C6020D000800D2
:10C17000E93FBA3F0400300004003A00F605080029
:10C18000E93FBA3F04003000B529D2020D00040097
:10C190000A007506E129D2020C0004000100080D16
:10C1A000CD3F0B0000000CE67E00700072006500C1
:10C1B00063002D006400690067006900740073006B
:10C1C000C6020D0008001840BA3F04003000040009
:10C1D0000100612800000000000000007FF97FFEE0
:10C1E0000200030062123D1203003713D2276610CB
:10C1F0000A000A000000000000000000000000002B
:10C200000000000000000000000080FA00000000B4
:10C21000000000000000000000000000000000001E
:10C22000000000000000000000000000000000000E
:10C230000000000000000000E2FE0000000000001E
:10C2400000000000000000000000000000000000EE
:10C2500000000000008080F500FAE95000000000B6
:10C2600000000000000000000000000000000000CE
:10C2700000000000000000000000000000000000BE
:10C2800000000000000000000000000000000000AE
:10C29000000000000000000000009C28000095083D
:10C2A000AB186A0D00006F16EA0E0000993ADE29FD
:10C2B0008D29B2290E27AB2935294129A229000051
:10C2C000000000000000000000000000EC29E3294D
:10C2D000D029B729D7298628A128B63D193D7C3D0C
:10C2E000F03AD550DD41C330B130B53A00003F0BD4
:10C2F000AC3B4B28E9500C293F23693A513BFC3DAC
:10C300001A1D8D3AC627DA30853D8F3D7929D3161F
:10C31000F20E6716FE11992500005A120000000067
:10C32000B525000000000000CE27000000003712F5
:10C3300000000000000000006F0E00000000A008D8
:10C340008D28000000000000000000000000000038
:10C3500000000000D64100000000000000000000C6
:10C3600000000000000000000000000000000000CD
:10C3700000000000000000000000000000000000BD
:10C3800000000000000000000000000000000000AD
:10C39000000000000000000000000000000000009D
:10C3A000000000000000000000000000000000008D
:10C3B000000000000000000000000000000000007D
:10C3C000000000000000000000000000000000006D
:10C3D000000000000000000000000000000000005D
:10C3E000000000000000000000000000000000004D
:10C3F000000000000000000000000000000000003D
:10C40000000000000000000000000000000000002C
:10C41000000000000000000000000000000000001C
:10C42000000000000000000000000000000000000C
:10C4300000000000000000000000000000000000FC
:10C4400000000000000000000000000000000000EC
:10C4500000000000000000000000000000000000DC
:10C4600000000000000000000000000000000000CC
:10C4700000000000000000000000000000000000BC
:10C4800000000000000000000000000000000000AC
:10C49000000000000000000000000000000000009C
:10C4A000000000000000000000000000000000008C
:10C4B000000000000000000000000000000000007C
:10C4C000000000000000000000000000000000006C
:10C4D000000000000000000000000000000000005C
:10C4E000000000000000000000000000000000004C
:10C4F000000000000000000000000000000000003C
:10C50000000000000000000000000000000000002B
:10C51000000000000000000000000000000000001B
:10C52000000000000000000000000000000000000B
:10C5300000000000000000000000000000000000FB
:10C5400000000000000000000000000000000000EB
:10C5500000000000000000000000000000000000DB
:10C5600000000000000000000000000000000000CB
:10C5700000000000000000000000000000000000BB
:10C5800000000000000000000000000000000000AB
:10C59000000000000000000000000000000000009B
:10C5A000000000000000000000000000000000008B
:10C5B000000000000000000000000000000000007B
:10C5C000000000000000000000000000000000006B
:10C5D0000000036053005000300004000400A40475
:10C5E0000D00E1290B0000000360520050003000F4
:10C5F00004000500A4040D00E1290B00000005B2B1
:10C6000027003F004B004500590004000600A40429
:10C610000D00E1290B00160205A8270045004D007A
:10C620004900540004000700A4040D00E1290B0098
:10C63000230207A82700450058005000450043008A
:10C64000540004000800A4040D00E1290B0030028E
:10C6500004A0270054004100500004000900A40475
:10C660000D00E1290B003F02059E27004500430015
:10C6700048004F0004000A00A4040D00E1290B004B
:10C680004B0207A82700500052004F004D005000F9
:10C69000540004000B00A4040D00E1290B00580213
:10C6A00005A8270042004F004F00540004000C0072
:10C6B000A4040D00E1290B0067020588270046004D
:10C6C00049004E00440004000D00A4040D00E129BF
:10C6D0000B000000048A42004100530045000400A2
:10C6E0000E00A4040D00E1290B008102088842001D
:10C6F00041005300450048004F004C004400040036
:10C700000F00A4040D00E1290B00000043E07400B9
:10C710006D00700004001000A4040D00E1290B005E
:10C72000000204B0530054005200580004001100ED
:10C73000A4040D00E1290B00000004C225006D00D7
:10C740007400610004001200A4040D00E1290B0034
:10C75000B40204EA25006D007400750004001300A3
:10C76000A4040D00E1290B00C00204EE25006D00B9
:10C770007400770004001400A4040D00E1290B00EC
:10C78000CC0204E025006D00740070000400150068
:10C79000A4040D00E1290B00D80204CC25006D0093
:10C7A0007400660004001600A4040D00E1290B00CB
:10C7B000E40204D825006D0074006C00040017002A
:10C7C000A4040D00E1290B00A802049C53005000B2
:10C7D00041004E0004001800A4040D00E1290B00E4
:10C7E0000000039C3E0049004E0004001900A40410
:10C7F0000D00E1290B0000000484230054004900CF
:10C80000420004001A00A4040D00E1290B000000FE
:10C8100003A043005300500004001C00A4040D00BA
:10C82000E1290B00FC02058A53005400410054002A
:10C83000450004001D00A4040D00E1290B000000C8
:10C84000038848004C00440004001E00A4040D00AE
:10C85000E1290B00370307A4480041004E004400C3
:10C860004C004500520004001F00A4040D00E12903
:10C870000B000000098845004B00450059002D00C1
:10C88000480045004100440004002000A4040D00BD
:10C89000E1290B000000099845004B0045005900B4
:10C8A0002D005400410049004C0004002100A40464
:10C8B0000D00E1290B000000088646004F005200E1
:10C8C0005400480056004F00430004003200A40406
:10C8D0000D00E1290B001F0307A843004F004E0085
:10C8E000540045005800540004003500A4040D0015
:10C8F000E1290B00830307A84300550052005200B2
:10C9000045004E00540004003E00A4040D00E1293F
:10C910000B00920302A04300500004004000A40456
:10C920000D00E1290B000000068C54004F004B0065
:10C9300042005500460004004100A4040D00E12916
:10C940000B00000002A04C00500004004200A404B0
:10C950000D00E1290B00B90304A84C00410053006D
:10C96000540004004300A4040D00E1290B007303EC
:10C970000A9C460049004E0044005F0054004F00EE
:10C980004B0045004E0004004400A4040D00E129C2
:10C990000B00CF0309A4460049004E0044005F008D
:10C9A000430048004100520004004500A4040D006B
:10C9B000E1290B00E10308B0460049004E004400A5
:10C9C0005F004C004500580004004600A4040D0020
:10C9D000E1290B00F2030C8A460049004E00440096
:10C9E0005F005000520049005600410054004500CD
:10C9F00004004700A4040D00E1290B0002040AA66C
:10CA0000460049004E0044005F00530054004100BE
:10CA10005400530004004800A4040D00E1290B0059
:10CA200016040BA6460049004E0044005F00560065
:10CA30004900530049005400530004004900A40475
:10CA40000D00E1290B0028040AA6460049004E000B
:10CA500044005F00460055004C004C0053000400A9
:10CA60004A00A4040D00E1290B003B0408A846007D
:10CA700049004E0044005F00480049005400040093
:10CA80004B00A4040D00E1290B00000009A6490099
:10CA90004D0047002D00430045004C004C00530062
:10CAA00004004C00A4040D00E1290B005D0404AE59
:10CAB00049004D004700570004004D00A4040D003C
:10CAC000E1290B004D040BA8460049004E0044002C
:10CAD0005F004200550043004B0045005400040035
:10CAE0004E00A4040D00E1290B008D020B884200CA
:10CAF000550043004B00450054005F0048004500CE
:10CB00004100440004004F00A4040D00E1290B0083
:10CB1000000002A055005000060080FE000046A460
:10CB200064006F00550053004500520012000D00D4
:10CB3000A4040D00E1290B0000000D8A4D004F00F8
:10CB4000440055004C0045005F0041004300540084
:10CB500049005600450004005000A4040D00E129DE
:10CB60000B0000000D884D004F00440055004C00A4
:10CB700045005F004600410049004C00450044006C
:10CB800004005100A4040D00E1290B0000000BA8D3
:10CB90004D004F00440055004C0045005F004C0024
:10CBA00041005300540004005200A4040D00E12988
:10CBB0000B00000009A04D004F00440055004C0040
:10CBC00045005F004300500004005300A4040D0022
:10CBD000E1290B0000000F864D004F004400550076
:10CBE0004C0045005F0046004F00520054004800D2
:10CBF00056004F00430004005400A4040D00E12936
:10CC00000B0000000EA84D004F00440055004C00E2
:10CC100045005F0043004F004E005400450058009F
:10CC2000540004005700A4040D00E1290B0000008B
:10CC30000EA84D004F00440055004C0045005F0019
:10CC4000430055005200520045004E0054000400BD
:10CC50006000A4040D00E1290B000000458664007B
:10CC60006F0056004F00430012000D00B80F8C03F8
:10CC7000B0060C007D038C03B006B0060C00040067
:10CC800000008C03B006B006B0060C008C03B006A2
:10CC90008C030C000B007A04059046004F005200F4
:10CCA000540048007D0318008C030C0017000B0093
:10CCB000000004A03F004400550050001800080088
:10CCC0007B0518000B000B000B0203A852004F005D
:10CCD000540014001900120019000B00000005A0F8
:10CCE0003200440052004F005000170017000B00A4
:10CCF0000000078A44004E004500470041005400F0
:10CD000045000400FFFF1E0014000400FFFF1E008A
:10CD1000040001001F0012001F0017000B00900507
:10CD2000025644002B001400190014001F001200CA
:10CD300012001F0017001F0017000B00A00402784C
:10CD400055003C001A001A001E001B000800C40514
:10CD5000190017001B000B00B5291B000B00000079
:10CD600001783C00A8291E001B000800D20517000E
:10CD70001B000B00B5291B000B00000003B04D0089
:10CD800041005800A829CA050800DF05190017004E
:10CD90000B00D505039C4D0049004E00A829190041
:10CDA000CA050800EC05190017000B000000069CDE
:10CDB000570049005400480049004E001A00B529A8
:10CDC0001400B5291200BA050B00B60506885500F7
:10CDD0004D002F004D004F004400A829BA0508005F
:10CDE000310637000400F0FF1400140018001F0083
:10CDF0001400140018001F001200E129180012008E
:10CE00001300190014001F0012001D00080028065E
:10CE10001400170004000100E1291200090029068E
:10CE20001700120007000D06120017001700190066
:10CE30000B0017008D050400FFFF18000B00E10533
:10CE400005884D002F004D004F00440018001B00C6
:10CE50001800140008004806370014009905120055
:10CE6000140018001B0008004F061300E1291200EF
:10CE700005061200080057061900370019000B00BC
:10CE8000000004882F004D004F0044001A001B00D2
:10CE900019003E060B00370603884D004F00440082
:10CEA0005E0617000B00FD05235455004D002A00B7
:10CEB00033000B00000001542A00330017000B0060
:10CEC000630602544D002A00A8291E001B0014000E
:10CED0009C2919009C293300120008008806990536
:10CEE0000B00720605882A002F004D004F004400F9
:10CEF00014007C0612003E060B008906025E2A0022
:10CF00002F009006190017000B00A103055A4300DB
:10CF100045004C004C002D000400FFFF1F001700CF
:10CF20000B009D060556430045004C004C002B00AD
:10CF3000040001001F0017000B00A90605A643000E
:10CF400045004C004C0053000B00000007884100D6
:10CF50004C00490047004E00450044000B008D0482
:10CF6000029842004C00040020000B00080305A4B6
:10CF70003E00430048004100520004007F001C00B6
:10CF8000180004007F00CB06F6050800E206170033
:10CF900004005F000B00A705059044004500500009
:10CFA0005400480005020D001500B52904000100D9
:10CFB000B5290B00000004965000490043004B00C7
:10CFC00004000100E129BC061500E1290D000B0059
:10CFD000000002422B00210019001A000D001F0062
:10CFE000170019000C000B008605024232002100D8
:10CFF00019001A000C00040001001F0017000C00AB
:10D000000B000C07028032004000180004000100F1
:10D010001F0017000D0019000D000B00B50605A834
:10D0200043004F0055004E0054001800040001005A
:10D030001F00170019000F000B004203048A48006C
:10D04000450052004500A5030D000B00F2060388C1
:10D050005000410044003B0704005000E1290B0050
:10D06000AB0303845400490042001903B0060D00CD
:10D070000B000000078C4C0049004E0045004200A8
:10D0800055004600040000FA0B0000004AA84C00BE
:10D0900049004E0045002D00520045005300450058
:10D0A0005400040000FABD030C000B0000004558BA
:10D0B0004C0049004E0045002C00BD030D00180037
:10D0C000B006BD030C000C000B00000048A84C008B
:10D0D00049004E0045002D004C004900540004005A
:10D0E0000400750775070B000000489C4C004900C0
:10D0F0004E0045002D00520055004E0004000B006C
:10D100007507040000FA14000B00000046A8520046
:10D1100055004E002D00580054006907750796070A
:10D12000000048884C0049004E0045002D00450095
:10D130004E00440004003713750704000B00750708
:10D14000040000FA14000B002607058A43004D0076
:10D150004F00560045000900D60714001A000F00C2
:10D160001A000E0004000100E1291900040001006A
:10D17000E129190012000400FFFFE129180008004E
:10D18000DB070900C50717008D050B006305049830
:10D19000460049004C004C001900370014001900EB
:10D1A0000900EF07A8290E0004000100E12907008B
:10D1B000EA07120017008D050B000000098E2D00F4
:10D1C00054005200410049004C0049004E00470005
:10D1D0003700140009001108CB061A001300E129DA
:10D1E0000F00CA0508001108120004000100E1291F
:10D1F0000B000700040812001700040000000B00D9
:10D200003E0705485000410043004B002400C6067D
:10D21000180014001A0018000400000004000100A7
:10D2200005061700B5291A00E129040000001900BD
:10D230000C00A8290E0004000100E1291900C30711
:10D2400012000B00E30605A844004900470049000E
:10D250005400040009001A00CA05040007001C005D
:10D26000E12904003000E1290B00000007A8450077
:10D2700058005400520041004300540004000000D4
:10D2800019000506190041080B00C70502463C00BD
:10D29000230043073C030C000B00350704884800BB
:10D2A0004F004C0044003C030D0004000100B52970
:10D2B00018003C030C000E000B0013030146230072
:10D2C00087020D0056086B080B00750802A62300A4
:10D2D00053007808180008008708090081080B002F
:10D2E0002A03049C5300490047004E001B0008001D
:10D2F000940804002D006B080B007D08027C2300BD
:10D300003E0017003C030D0043071A00B5290B002F
:10D31000000003E4730074007200180014009C29DC
:10D320006108810812008E0899080B00650803B097
:10D330004800450058000400100087020C000B0054
:10D340003A08079844004500430049004D00410059
:10D350004C0004000A0087020C000B00CE06058A70
:10D360003E00420041005300450087020D00970235
:10D370000C000B00C706057C42004100530045002D
:10D380003E0097020D0087020C000B00000002A473
:10D390002E0052001400A50812001A00B529990B9E
:10D3A000A20B0B006B0603A455002E0052001400C4
:10D3B00061088108990812001A00B529990BA20B7F
:10D3C0000B00EA08025C55002E00610881089908EC
:10D3D000740BA20B0B00DE08015C2E0087020D000F
:10D3E00004000A001E0008000F09FD080B00A50834
:10D3F000740BA20B0B007005017E3F000D000609A7
:10D400000B00B808067E440049004700490054005C
:10D410003F00140004003000B529040009001A0080
:10D42000CA050800330904000700B52918000400E4
:10D430000A00CA051D0018001200BA050B00000002
:10D44000077E4E0055004D004200450052003F004F
:10D4500087020D00140018002D071A000F000400A9
:10D460002400BA2908005509B30819000400010076
:10D47000E129190004000100B5291A000F00040079
:10D480002D00BA291800A2020C0008006709190033
:10D4900004000100E129190004000100B529180069
:10D4A0000800E80987020D00040010001E000800B3
:10D4B000930987020D0004000A001E000800AA0953
:10D4C00037001400040000001A000F0087020D004E
:10D4D00021090800D409190087020D007506E12909
:10D4E000190004000100E129190007007C0912005D
:10D4F00017000900C50937001400040000001A00D5
:10D500000F007B0D0800D40919002000E129190043
:10D5100004000100E1291900070097091200170013
:10D520000900C50937001400040000001A000F00AC
:10D530001800CE0B0800DE0904003000B5291900E0
:10D5400004000A007506E129190004000100E12920
:10D5500019000700AE091200170019001700190082
:10D560001700A2020D000800CE0937000400FFFFDB
:10D57000120087020C000B001700120017008D0527
:10D5800004000000120087020C000B0017001200BC
:10D5900017008D0504000000120087020C000B002C
:10D5A0001700170004000000120087020C000B0097
:10D5B000130904B23F004B004500590002000B0064
:10D5C000000003B24B0045005900F6090800FD09B0
:10D5D0000B000000088C45004B00450059002D0051
:10D5E00042005500460004002200E129A4040D0079
:10D5F000E1290B00F00905B23F0045004B00450052
:10D6000059005C030D006D030D00BA290800230AC0
:10D61000040000000B006D030D0018000B0A0D0044
:10D62000190004000100E12904000F001C006D0333
:10D630000C000400FFFF0B004D0804B245004B0036
:10D6400045005900190A08003A0A0B00F80906A01B
:10D650004B00450059005F005500500004000100D8
:10D660000B003E0A089C4B00450059005F00440037
:10D670004F0057004E00040002000B00490A08A8A2
:10D680004B00450059005F004C0045004600540027
:10D69000040003000B00560A09A84B00450059007E
:10D6A0005F00520049004700480054000400040095
:10D6B0000B00630A088A4B00450059005F004800D0
:10D6C0004F004D004500040005000B00710A07885B
:10D6D0004B00450059005F0045004E004400040027
:10D6E00006000B007E0A08A04B00450059005F00B1
:10D6F0005000470055005000040007000B008A0A44
:10D70000089C4B00450059005F0050004700440052
:10D710004E00040008000B00970A07A64B004500C6
:10D7200059005F0049004E005300040009000B003F
:10D73000A40A07984B00450059005F0044004500CB
:10D740004C0004000A000B00B00A0D8A4B00450093
:10D7500059005F004200410043004B00530050005D
:10D7600041004300450004000B000B00BC0A09A463
:10D770004B00450059005F0045004E005400450035
:10D78000520004000C000B00CE0A06624B0045005C
:10D7900059005F0046003100040011000B00DC0A54
:10D7A00006644B00450059005F004600320004004B
:10D7B00012000B00E70A06664B00450059005F00A7
:10D7C00046003300040013000B00F20A06684B0009
:10D7D000450059005F0046003400040014000B00AF
:10D7E000FD0A066A4B00450059005F0046003500FF
:10D7F000040015000B00080B066C4B004500590097
:10D800005F0046003600040016000B00130B066E86
:10D810004B00450059005F00460037000400170028
:10D820000B001E0B06704B00450059005F004600C0
:10D830003800040018000B00290B06724B0045004D
:10D8400059005F0046003900040019000B00340B3A
:10D8500007604B00450059005F0046003100300072
:10D8600004001A000B00340A04A845004D004900CA
:10D87000540003000B003709047E4E00550046009B
:10D880003F00F60918000800620B8D05FD09040031
:10D890000D00BA290B001808048A5000410043000B
:10D8A000450004000B00510B0B008808058A53004B
:10D8B0005000410043004500CB06510B0B00BC0754
:10D8C00005A643004800410052005300190004001F
:10D8D0000000DA0504000100E12937001400090006
:10D8E0008B0B1800510B0700890B12001700170053
:10D8F0000B006D0B06A6530050004100430045008D
:10D900005300CB067E0B0B004807048A54005900D5
:10D91000500045000900AF0B190018000F00510B13
:10D9200004000100E12919000400FFFFE1291800AB
:10D930000800B40B0900A40B8D050B00770B02A4A3
:10D940004300520004000D00510B04000A00510B6B
:10D950000B0019090B7E44004900470049005400A0
:10D960002D0043004800410052003F0004003000F9
:10D9700004003A00F6050B00C10B0380440033009D
:10D98000400018000F0004003000B52904000A0010
:10D9900075061A00B0060F0004003000B529E12911
:10D9A00004000A0075061900B006B0060F00040056
:10D9B0003000B529E1290B00D40B057E4400450059
:10D9C000430033003F0018000F00CE0B1A00B006D2
:10D9D0000F00CE0B1C001A00B006B0060F00CE0BD5
:10D9E0001C000800100CD90B04000001BA050B0044
:10D9F0001700040000000B00B60B067E4300450034
:10DA00004C004C0037003F0018000F0018000400C5
:10DA1000200004007F00F6051900040022001E000B
:10DA20001C000800350C1800B006FB0B0800350C74
:10DA300004000400E129FB0B0B00170004000000A8
:10DA40000B006E0406A449004D004700450052003B
:10DA500052000400FFFFA4180E0062006100640081
:10DA6000200069006D00610067006500200064000F
:10DA70006100740061000B00390C099649004D00EB
:10DA800047002D0043004800450043004B000400C0
:10DA90000700AE2904000100E12937001400090045
:10DAA000700C18001C0C0800760C04000700E1291B
:10DAB0000700690C1200170017000B00410CBD068F
:10DAC0000AA841004E00530049002D0052004500B5
:10DAD00053004500540004001B00510BFE0C0300D2
:10DAE0005B0030006D000B004B0B0A6E45004D00D3
:10DAF000490054002D00430045004C004C00370005
:10DB000018000F00140004001B00510BFE0C06004F
:10DB10005B00330038003B0035003B00B0061800C6
:10DB200004000300A20BFE0C06003B00340038008A
:10DB30003B0035003B0004000300E129180004000D
:10DB40000300A20B04006D00510B1200510B0400E6
:10DB50000300E1290B008C0C096E45004D004900C3
:10DB600054002D0052004F00570037000400010000
:10DB7000E129370014000900D60C980C0700D50CD9
:10DB8000120017000B000000434864006F002400DF
:10DB90001200130012002D07E129C6061400190017
:10DBA00014000B00000043F8240022007C00E00C6D
:10DBB0000B00000043F8530022007C00E00C2D070E
:10DBC0000B00000043F82E0022007C00E00C2D0723
:10DBD000A20B0B00F00204EC25006100640076004B
:10DBE0001800BA0204073700C60204070B00020D32
:10DBF00004E4250063006C00720004000000F602DB
:10DC00000C000B000F0D04C8250065006E006400B9
:10DC1000040080F7F6020D00E1290B001A0D05DA69
:10DC2000250072006F006F006D00F6020D00E12903
:10DC300004000102BA050800360D0B00A4180F00FD
:10DC400066006F0072006D006100740020006F00BC
:10DC500076006500720066006C006F007700BF12EE
:10DC6000260D05C6250061007000700063000400E9
:10DC700001002D0D200D0E0004000100F602040726
:10DC80000B00480D05C425006100700070006200A3
:10DC900018002D0D1400200D1300C3071200F6020A
:10DCA00004070B00590D04E825007200650074009C
:10DCB000040080F7F6020D000B00AE08047E480059
:10DCC000450058003F000400100021090B00C30C60
:10DCD00006A44500530043004500520052000400D2
:10DCE000FFFFA4180E0069006E00760061006C0052
:10DCF000690064002000650073006300610070002B
:10DD00006500BF12F908088A55004E00450053000F
:10DD100043004100500045001A00BA020C001800F0
:10DD2000C6020C00170004000000F6020C00C60238
:10DD30000D0008006C0EBA020D000F001800040060
:10DD40005C001E000800CA0D1A00F6020D00E12951
:10DD50000E0004000100F602040704000100080D93
:10DD60000900AF0D1700C6020D0004000200BA053D
:10DD70000800D30D870D04000100080DBA020D0044
:10DD80000F00180004006E001E000800050E1800A9
:10DD9000040072001E0008000D0E1800040074003C
:10DDA0001E000800150E180004005C001E0008008C
:10DDB0001D0E1800040022001E000800250E180089
:10DDC000040030001E0008002D0E1800040078002A
:10DDD0001E000800350E1700870D170004000A000A
:10DDE00004000100080D0900610E170004000D0079
:10DDF00004000100080D0900610E1700040009006D
:10DE000004000100080D0900610E170004005C0009
:10DE100004000100080D0900610E17000400220033
:10DE200004000100080D0900610E17000400000045
:10DE300004000100080D0900610E1700C6020D0064
:10DE400004000300BA0508003E0E870DBA020D005B
:10DE500004000100E1290F007B0D08005B0E140097
:10DE6000BA020D0004000200E1290F007B0D08003A
:10DE70005D0E1200040010007506E1290400030085
:10DE8000080D0900610E1700870D1700120017001A
:10DE9000870D1A00F6020D00E1290E0004000100B2
:10DEA000F60204070900AF0DF6020D000B0000009A
:10DEB00005CA70006100720073006500A2020C00C8
:10DEC0001A00140018000800C70E04000100B5294C
:10DED000A2020D00CB06BA2908009E0E37001400DE
:10DEE000CB061A000F00B5291B00350008009D0E57
:10DEF00004000100E1290700880E1200170012003B
:10DF000017000400000018000B0012001A0019008E
:10DF10001400A2020D001A000F00B529A2020D0084
:10DF2000CB06BA290800AD0E1B000800BA0E04008B
:10DF30000100E1290700A10E1200170018001400CB
:10DF40000900C10E12001700180004000100E129A9
:10DF500014001A00B52912001200B5290B001A008E
:10DF60001200B5290B00630B058A500041005200D6
:10DF70005300450014004D070D030D00E12919035E
:10DF80000D000D030D00B5291200760E0D030407D8
:10DF90000B00030982502E00280004002900D20E35
:10DFA000A20B0B0000008150280004002900D20EB3
:10DFB0008D050B00000081B85C0019030D000D03F6
:10DFC0000C000B00140C04A4430048004100520054
:10DFD000CB06D20E17000F000B009C0B059C5400C3
:10DFE0004F004B0045004E000D030D0019030D00BE
:10DFF000BA050800340F4D0719030D00E129CB06BF
:10E0000019000E004D070D030D00E12919030D0045
:10E010000D030D00B52904000100E129CB06760EA1
:10E020000D03040704001F00E605B3030D001A00EA
:10E03000B529A4061F080B00BD130B00EE050488CC
:10E0400057004F0052004400D20E3B071F080B0040
:10E0500000004BB043004F0055004E0054004500F7
:10E0600044003E004C004500580018000F0004001A
:10E070001F001C0018000800600F14001800130097
:10E08000E1290F0022001900170012001D000B00EB
:10E090008D05040000000B00530B057C4E00410071
:10E0A0004D0045003E00B00618000D0004001F00A2
:10E0B0001C00E129B0060B00000047A83E0042000A
:10E0C000550043004B00450054001A000400200096
:10E0D00004007F00F60508008B0F190004002000E3
:10E0E000B529E1290B008D05040000000B0000009C
:10E0F00049824800450041004400450052003E006E
:10E100004E004100B0060B00000049A44E00410043
:10E110003E00480045004100440045005200A4066E
:10E120000B0000004DA656004F0043004100420086
:10E130003E004200550043004B0045005400530090
:10E140000D000B00910B057E530041004D00450072
:10E150003F0018000800DA0F1400A8290F0019006A
:10E160000F00B52976050800D00F120017000B002C
:10E170001900B0061900B00612000400FFFFE129E3
:10E180000900C10F1700040000000B007806067E8E
:10E190004D0041005400430048003F0018000800B3
:10E1A0000C101400A8290F0019000F001E0076059E
:10E1B0000800F90F1200170017008D050400000079
:10E1C0000B001900B0061900B00612000400FFFF92
:10E1D000E12918000800071014000900EA0F1700D1
:10E1E0008D050400FFFF0B0017008D050400FFFFE5
:10E1F0000B00DE07079C460049004E0044002D003E
:10E200004F004E000400FFFF22040C000B00111011
:10E21000088C460049004E0044002D004F00460087
:10E2200046000400000022040C000B00E10E0588EB
:10E230002E00460049004E004400FE0C080020005D
:10E240007600690073006900740073003D003504B6
:10E250000D000609FE0C06002000660075006C002B
:10E260006C003D0047040D000609FE0C050020006F
:10E270006800690074003D0057040D0006090B009A
:10E2800000004C8A460049004E0044002D00520018
:10E2900055004E00540049004D004500190018007B
:10E2A000DB030C0018004D0FFC030C001800B00637
:10E2B0000F00EC030C0017001800B80F9B030D00B3
:10E2C000B80F1E00080082100400000010040C00AB
:10E2D0000900861031030D0010040C001800B80F5F
:10E2E00087040C0087040D000800E410EC030D0007
:10E2F00087040D007D0F18000800E3100D001800C2
:10E300000800E3109A040C009A040D009A0F1800FC
:10E310000D001800A2020C00040000011C000800FF
:10E32000AD1010040D000800D810A2020D0004006A
:10E330001FFE1C00FC030D001E000800C410170087
:10E340009A040D000D0018000800C2109A040C0079
:10E3500009009C100900E310DB030D00B0061A0051
:10E36000B006FC030D0004001F001C00E60F0800AF
:10E37000D810140017009A040D006B0F12000B0048
:10E3800017009A040D000D0018000800E3109A040D
:10E390000C0009009C1017001700DB030D0004009F
:10E3A00000000B0000004A8E460049004E00440069
:10E3B0002D00440045004200550047001900180098
:10E3C000DB030C0018004D0FFC030C001800B00616
:10E3D0000F00EC030C00170022040D0008001411BC
:10E3E0000400000035040C000400000047040C0089
:10E3F0000400000057040C001800B80F9B030D0028
:10E40000B80F1E00080022110400000010040C00C8
:10E410000900261131030D0010040C001800B80F7C
:10E4200087040C0087040D0008009C11EC030D000C
:10E4300087040D007D0F180008009B110D001800C7
:10E4400008009B119A040C0022040D0008004411DE
:10E4500004000100350404079A040D009A0F180007
:10E460000D001800A2020C00040000011C000800AE
:10E47000551110040D0008009011A2020D000400B7
:10E480001FFE1C00FC030D001E0008006C1117008D
:10E490009A040D000D00180008006A119A040C007F
:10E4A00009003C1109009B1122040D0008007411A1
:10E4B0000400010047040407DB030D00B0061A0046
:10E4C000B006FC030D0004001F001C00E60F08004E
:10E4D000901122040D000800891135040D00570425
:10E4E0000C00140017009A040D006B0F12000B00B3
:10E4F00017009A040D000D00180008009B119A04E3
:10E500000C0009003C1117001700DB030D0004008C
:10E5100000000B00000044C8660069006E00640043
:10E520007B020D0014000B00000049A646004900C4
:10E530004E0044002D0056004F00430053001800C9
:10E540000800CC11140018001300A811760508006B
:10E55000C61181051700120017000B0017001200EA
:10E56000B0060D000900B7111700040000000B00F1
:10E570000000457E4E0041004D0045003F008C03E9
:10E580000D00B7110B00CB0E0C88500052004F004D
:10E59000460049004C0045002D00460049004E0051
:10E5A00044000400F6107B020C001A100C0FD71167
:10E5B00076050800F6118D050900F71117003510D2
:10E5C0002910040066107B020C000B000000029072
:10E5D0005E00480014001A00120019001A001E0004
:10E5E0000800161204000800510B04000100B529B0
:10E5F00004002000510B04000800510B0B00000028
:10E60000048C58004F004600460004001300510BD4
:10E610000B001712039C58004F004E00040011001D
:10E62000510B0B00050F03A05400410050001800CF
:10E63000510B1A000E0004000100E1290B0000003C
:10E6400004A06B00540041005000180004000A00B0
:10E650001E0008005012180004000D001E000800E3
:10E660005412040008001E00080052122F120B0062
:10E6700017000B0002120B001D12170019001700E3
:10E6800018000B00000006E86100630063006500ED
:10E69000700074001A00E1291A00A8291E00080061
:10E6A0007712FD091800CB0604007F00F60508006C
:10E6B00074122F12090075123D120900651217001D
:10E6C0001A00B5290B007F0D06A845005800500020
:10E6D000450043005400621202030C0017000B00B7
:10E6E000000005B2510055004500520059004D0789
:10E6F00004000004831202030D0019030C0004003F
:10E7000000000D030C000B00FA0E059043004100C1
:10E71000540043004800150014004B030D00140082
:10E7200011004B030C000400B012140014000B0085
:10E7300012004B030C0012001700040000000B0035
:10E740002A1205AE5400480052004F0057004B03F8
:10E750000D00100012004B030C00120019001400F1
:10E760001600170012000B00000048883F004E0002
:10E7700055004D0048004500410044001800B00617
:10E780000D00180014000400300004003A00F605E3
:10E79000130004002D00BA291D00130004002B00F3
:10E7A000BA291D00130004002400BA291D008702A5
:10E7B0000D00040010001E000800F91212001700DE
:10E7C0000B0013007B0D190017001D00120017002D
:10E7D0000B0000000AA8240049004E005400450028
:10E7E00052005000520045005400D6120800141385
:10E7F0004009080014130B00D711760508002D13EB
:10E800000D00040040001C00A4180D00200063004F
:10E810006F006D00700069006C00650020006F00E3
:10E820006E006C00790014000B00400908003113E1
:10E830000B00BF122E1003962E004F004B00310329
:10E840000D0008003D1309004213FE0C03002000D8
:10E850006F006B00BA0B0B00120A06963F005300C4
:10E860005400410043004B00EA061B00A4180A00B4
:10E87000200075006E0064006500720066006C0088
:10E880006F0077000B007B12049845005600410092
:10E890004C000C0F18000F000800721331030D001C
:10E8A00008006D137522090061136907B1229607EC
:10E8B00009006113170037130B00DB1106A8500085
:10E8C00052004500530045005400040080FA19032B
:10E8D000B0060C0069070B00000043DE78006900F9
:10E8E0006F000400621239021007520210070B0079
:10E8F0001F10048A460049004C0045000400690BC3
:10E900000400170004003D1289130B00750D0488E4
:10E91000480041004E004400040037130400510B2E
:10E9200004003D1289130B000000039E49002F00D4
:10E930004F000400B4130B00020003000000054860
:10E940004E0055004C004C002400060000009C12B4
:10E95000078A43004F004E0053004F004C00450013
:10E96000B1131D071D021007A4130B007C05039EA5
:10E9700052002F004F00040001000B00360F039ED1
:10E9800057002F004F00040002000B00CE1303AE0F
:10E9900052002F005700040003000B000000098AFA
:10E9A0004F00500045004E002D00460049004C002D
:10E9B000450028000B00BF130B8A4300520045009E
:10E9C0004100540045002D00460049004C00450020
:10E9D00029000B00F3130A8A43004C004F00530038
:10E9E00045002D00460049004C0045002A000B0060
:10E9F000DE13098A52004500410044002D004C00FE
:10EA000049004E0045002B000B00D6130A8A570020
:10EA100052004900540045002D004C0049004E00B2
:10EA200045002C000B0090130D9C460049004C0043
:10EA300045002D0050004F0053004900540049008C
:10EA40004F004E002E000B0010140F8A520045009C
:10EA500050004F0053004900540049004F004E0041
:10EA60002D00460049004C0045002D000B002B14E2
:10EA7000098A460049004C0045002D00530049001A
:10EA80005A0045002F000B004F140A8A46004C0024
:10EA90005500530048002D00460049004C00450039
:10EAA00030000B00F40B0B8A440045004C0045007D
:10EAB000540045002D00460049004C00450031003F
:10EAC0000B003C140B8A520045004E0041004D00E3
:10EAD00045002D00460049004C00450032000B0067
:10EAE000540C0C8A49004E0043004C005500440071
:10EAF00045002D00460049004C0045001700040069
:10EB0000FFFF0B008814088849004E0043004C00AA
:10EB100055004400450044008D050400FFFF0B0034
:10EB200000004B8A4D004F00440055004C0045004A
:10EB30002D005300410056004500C9030D00EB04B1
:10EB40000C00A5030D00FC040C007D030D00130553
:10EB50000C007D03B0060D001305B0060C007D030C
:10EB6000B006B0060D001305B006B0060C008C030D
:10EB70000D0029050C008C03B0060D002905B00618
:10EB80000C008C03B006B0060D002905B006B006D7
:10EB90000C008C03B006B006B0060D002905B006C7
:10EBA000B006B0060C008C03B006B006B006B00686
:10EBB0000D002905B006B006B006B0060C008C03A7
:10EBC000B006B006B006B006B0060D002905B006C6
:10EBD000B006B006B006B0060C008C03B006B00656
:10EBE000B006B006B006B0060D002905B006B006A6
:10EBF000B006B006B006B0060C008C03B006B00636
:10EC0000B006B006B006B006B0060D002905B00685
:10EC1000B006B006B006B006B006B0060C008C0315
:10EC2000B006B006B006B006B006B006B006B00634
:10EC30000D002905B006B006B006B006B006B00655
:10EC4000B006B0060C009B030D003F050C009B03B3
:10EC5000B0060D003F05B0060C000B00000054A4E8
:10EC60004D004F00440055004C0045002D0052005F
:10EC70004500530054004F00520045002D004F0046
:10EC8000520044004500520029050D008C030C0081
:10EC90002905B0060D008C03B0060C002905B0064E
:10ECA000B0060D008C03B006B0060C002905B006B6
:10ECB000B006B0060D008C03B006B006B0060C001E
:10ECC0002905B006B006B006B0060D008C03B006EC
:10ECD000B006B006B0060C002905B006B006B006B6
:10ECE000B006B0060D008C03B006B006B006B00644
:10ECF000B0060C002905B006B006B006B006B00696
:10ED0000B0060D008C03B006B006B006B006B00623
:10ED1000B0060C002905B006B006B006B006B00675
:10ED2000B006B0060D008C03B006B006B006B00603
:10ED3000B006B006B0060C002905B006B006B00655
:10ED4000B006B006B006B006B0060D008C03B006E3
:10ED5000B006B006B006B006B006B006B0060C00AD
:10ED60003F050D009B030C003F05B0060D009B0303
:10ED7000B0060C000B0000004CA44D004F004400F6
:10ED800055004C0045002D0043004C00450041005B
:10ED9000520004000000C3040C0004000000D8046A
:10EDA0000C000B0000004F964D004F004400550032
:10EDB0004C0045002D0052004F004C004C0042001A
:10EDC000410043004B0013050D007D030C001305AB
:10EDD000B0060D007D03B0060C001305B006B006AA
:10EDE0000D007D03B006B0060C005C15EB040D00B1
:10EDF000C9030C00FC040D00A5030C00FC040D006D
:10EE0000651804000000C3040C000400FFFFD804D0
:10EE10000C000B00881204A8510055004900540052
:10EE200010020D001000621610020D0010008F126B
:10EE3000D8040D00080037168A2509005B16040067
:10EE40006113A312760508002C1661020D0019004B
:10EE5000C813BD131A001E0008004E16740B2D07B0
:10EE6000A20BFE0C030020003F002000C3040D0095
:10EE700008005316FB15040037131E0008005B162C
:10EE800004001B00510B7D13261209002B160000F5
:10EE900081B65B000400000031030C000B00000091
:10EEA00001BA5D000400010031030C000B00740284
:10EEB000014E27000C0FD7110800781617000B0021
:10EEC000BF12000007A85F0064006F004E004500FD
:10EED00058005400040007000B00791608D05F00AA
:10EEE0003F006200720061006E0063006800040071
:10EEF00008000B00851607D05F00620072006100F9
:10EF00006E0063006800040009000B00770C05A880
:10EF100041004C004C004F005400A50304070B00B7
:10EF20005F1689BA5B0043004F004D005000490056
:10EF30004C0045005D00721690290B000214478AB0
:10EF400043004F004D00500049004C0045001200A6
:10EF500018000D009029B00614000B00C303879819
:10EF60004C00490054004500520041004C00BF16BF
:10EF7000040090290B00A81686BA5B0043004800E5
:10EF8000410052005D00000FCF160B000113034437
:10EF900024002C002200040022003C0F2D07E12950
:10EFA000C606A5030C000B005B1305444500530087
:10EFB00043002C0022003B071F082D07E129C6064D
:10EFC000A5030C000B007914878A5200450043000A
:10EFD0005500520053004500C9030D006B0F9029E6
:10EFE0000B00D208859C42004500470049004E00B6
:10EFF0003B070B005C1483A446004F005200BF1671
:10F000003700BF1614003B070B00640F84A84E00A6
:10F01000450058005400BF1607009029BF16120083
:10F02000BF1617000B009A0D859855004E0054002E
:10F0300049004C0004000800902990290B009E16FE
:10F04000859C41004700410049004E000400090032
:10F05000902990290B009A14828C490046000400E4
:10F06000080090293B070400000090290B00371787
:10F070008588410048004500410044000400090023
:10F0800090293B070400000090290B00FB1686A87E
:10F090005200450050004500410054003E173B0718
:10F0A00019000C000B00B812849C54004800450065
:10F0B0004E003B0719000C000B004F1783A84100BE
:10F0C0004600540017005617101719000B00EC16D5
:10F0D000848A45004C0053004500561719007117EB
:10F0E0000B001D14858A5700480049004C0045005C
:10F0F000471719000B000000528A43004C004500DE
:10F10000410052002D004200550043004B004500D5
:10F1100054002D005400410042004C004500040002
:10F120005F0037001400040000001A000C00B00655
:10F130000700AB171200170017000B000000518AE0
:10F1400043004F00500059002D004200550043007D
:10F150004B00450054002D005400410042004C007B
:10F16000450087040C00A2020C0004005F00370079
:10F170001400A2020D000D0087040D000C00A20275
:10F180000D00B006A2020C0087040D00B006870433
:10F190000C000700D117120017000B000000538A63
:10F1A00052004500570049004E0044002D00420027
:10F1B000550043004B00450054002D005400410011
:10F1C00042004C0045001900A2020C0087040C000C
:10F1D00004005F003700140087040D000D009A043E
:10F1E0000C009A040D001800080023181800A20251
:10F1F0000D00BA0508001E1887040D000C008704D6
:10F200000D00B00687040C0009002E180D009A04AA
:10F210000C000900091817000400000087040D0005
:10F220000C0087040D00B00687040C0007000418CA
:10F23000120017000B00000054A6520045005700B2
:10F2400049004E0044002D0056004F00430041008D
:10F2500042002D004200550043004B004500540081
:10F260005300B80F760508004F18FB170B00170066
:10F270000B00000052A652004500570049004E0006
:10F2800044002D0041004C004C002D004200550070
:10F2900043004B004500540053007D031800080054
:10F2A00070181A001A004918B0060D0009006618F7
:10F2B0008D050B00000052A649004E004900540085
:10F2C0002D0046004F005200540048002D0042001F
:10F2D000550043004B0045005400530004006400F7
:10F2E0000400E2FEC9170400E2FE7D030C000B00DF
:10F2F00075178644410042004F005200540022001E
:10F30000BF16A418E3160B0000004644610062001B
:10F310006F007200740022000800A818E00CBF12F1
:10F32000E00C17000B00DE16824424002200BF16FA
:10F33000EF0CE3160B00321382442E00220031033F
:10F340000D000800C31804002200D20EA40DBF1641
:10F35000FE0CF3160B0004002200D20EA40DA20B2B
:10F360000B00BA0F82445300220031030D00080045
:10F37000D91804002200D20EA40DBF16F60CF31605
:10F380000B0004002200D20EA40D0B002B17037AF1
:10F3900055003C003D0004000100E129BA050B00C6
:10F3A000441307A83F0054004100520047004500A5
:10F3B00054000C0F18000F000800F7180B00EF0C9A
:10F3C000050020006E0061006D006500BF120000A6
:10F3D00046A8460049004E0044005800540018005A
:10F3E000D71176050800101917000400FFFF0B0065
:10F3F0001700040000000B00C9184C88530054008B
:10F40000520049004E0047002D00420055004900BF
:10F410004C0044001A001B0008003A19A4181100FF
:10F420006E00650067006100740069007600650089
:10F4300020006300610070006100630069007400D7
:10F440007900BF1219001400191F12003B070400B5
:10F450000600E1291800A2020C00170004000400B5
:10F460009029A2020D0004000200E1299029040065
:10F4700004009029A2020D0004000100E129902956
:10F4800004000D00902904000B0090291800902919
:10F49000040000009029A5160F23C9030D006B0F6F
:10F4A0000B000000047E5300540052003F0018007F
:10F4B0000D00040004001E0008007A191700040063
:10F4C00000000B001800B0060D00A2020C0018008E
:10F4D000B006B0060D00040004001E0008008C19E0
:10F4E0001700040000000B001800B006B006B006BC
:10F4F0000D00A2020D00A4061E0008009B191700B3
:10F50000040000000B00180004000400E1290D00B5
:10F5100004000D001E000800A919170004000000D7
:10F520000B00180004000500E1290D0004000B0089
:10F530001E000800B7191700040000000B000400AB
:10F54000FFFF0B000000078C3E00530054005200E8
:10F550004200550046006F190800C919B0060D0099
:10F560000B00A4180A006E006F00740020007300E6
:10F570007400720069006E006700BF12000008820C
:10F580003E005300540052004C0045004E00410024
:10F590006F190800E819B006B006B0060D000B00A0
:10F5A000A4180A006E006F0074002000730074003D
:10F5B000720069006E006700BF12000007A03E00E5
:10F5C000530054005200430041005000E019A406CB
:10F5D0000D000B000000079C3E0053005400520039
:10F5E0004C0045004E00E0190D000B00000009A87A
:10F5F00053005400520043004C0052002D005800AC
:10F600005400E0190400000019000C000B00000079
:10F6100009A85300540052004300410050002D003F
:10F6200058005400FE190B00000009A853005400B4
:10F6300052005300450054002D0058005400AE0203
:10F640000C001800AE020D00FE19E3180800511A54
:10F65000180014001A00AE020D00C3191300C307EE
:10F660001200170019001700AE020D00E0190C007F
:10F670000B00A4180F0073007400720069006E0084
:10F68000670020006F0076006500720066006C0065
:10F690006F007700BF1200000AA853005400520008
:10F6A0005300450054004E002D0058005400AE0297
:10F6B0000C001800AE020D00FE191E0008008C1A86
:10F6C000A41811006300610070006100630069000C
:10F6D0007400790020006D00690073006D00610006
:10F6E000740063006800BF12180004000100E129E3
:10F6F000BA050800971AAE020D00371A0B00A418BD
:10F700000F0073007400720069006E006700200033
:10F710006F0076006500720066006C006F00770075
:10F72000BF12000009A853005400520041005000CD
:10F7300050002D0058005400AE020C00BA020C001C
:10F74000C6020C00150DAE020D00C319AE020D006D
:10F750000B1A600DBA020D00C6020D00600D700D8F
:10F76000AE020D00371A0B00000009A85300540028
:10F7700052005000520045002D0058005400AE02C7
:10F780000C00BA020C00C6020C00150DBA020D00E6
:10F79000C6020D00600DAE020D00C319AE020D00D1
:10F7A0000B1A600D700DAE020D00371A0B00000031
:10F7B0000AA853005400520043004100500050007A
:10F7C0002D0058005400AE020C00150DAE020D00C5
:10F7D000C319AE020D000B1A600D4F0D700DAE0275
:10F7E0000D00371A0B0000000BA853005400520004
:10F7F000430048004100520021002D0058005400F1
:10F80000140018001B0008002D1BA4180D0069002F
:10F810006E00760061006C006900640020006900E1
:10F820006E00640065007800BF12180013000B1A08
:10F83000BA0508003A1B1300C319E1290E00120093
:10F8400017000B00A4180D0069006E00760061001F
:10F850006C0069006400200069006E0064006500AF
:10F860007800BF12C616039C4C0045004E001900DC
:10F8700017000B007F17067E45004D005000540016
:10F8800059003F001900170076050800631B170098
:10F89000040000000B000400FFFF0B001419047AA1
:10F8A0005300540052003D0014001A0013001E00C3
:10F8B0000800791B120017008D05170004000000D6
:10F8C0000B00190012001700E60F0B00661B057CE9
:10F8D0005300540052003C003E006C1B35000B00EE
:10F8E0004A1B04A84C0045004600540018001B00A9
:10F8F0000800A21BA4180D0069006E0076006100CC
:10F900006C00690064002000720061006E006700F6
:10F910006500BF12A2020C00A2020D001A00E3183B
:10F920000800AE1B1700A2020D000B00A4180D006A
:10F9300069006E00760061006C00690064002000C0
:10F94000720061006E0067006500BF125E1705A8B7
:10F950005200490047004800540018001B000800EE
:10F96000D91BA4180D0069006E00760061006C00C0
:10F97000690064002000720061006E00670065008D
:10F98000BF1218001A00E3180800E81B1400190041
:10F990001A001300B529E1291200810517000B0098
:10F9A000A4180D0069006E00760061006C0069000B
:10F9B00064002000720061006E0067006500BF12E5
:10F9C0007E1B06A453005500420053005400520011
:10F9D000140018001B000800151CA4180D00690075
:10F9E0006E00760061006C00690064002000720007
:10F9F00061006E0067006500BF1213001B00080065
:10FA0000291CA4180D0069006E00760061006C00CE
:10FA1000690064002000720061006E0067006500EC
:10FA2000BF12A2020C00A2020D001A00E318080087
:10FA30003F1CA2020D001300E1291A00E318080080
:10FA40003F1C1700A2020D00E12912000B00A418B0
:10FA50000D0069006E00760061006C0069006400B2
:10FA60002000720061006E0067006500BF12B616CC
:10FA700005804300480041005200400018001B0070
:10FA800008006A1CA4180D0069006E007600610071
:10FA90006C0069006400200069006E00640065006D
:10FAA0007800BF1218001A00BA050800741C19006B
:10FAB0001700E1290F000B00A4180D0069006E006B
:10FAC000760061006C0069006400200069006E002F
:10FAD000640065007800BF12F81B868E5300540046
:10FAE000520049004E00470031030D000800B31CCE
:10FAF000A418200053005400520049004E00470053
:10FB0000200063006F006D00700069006C006500EC
:10FB10002D00730074006100740065002000750002
:10FB20006E0073007500700070006F00720074004A
:10FB300065006400BF12F11807190800CA1C8D0582
:10FB40001700A4180E006400750070006C006900B6
:10FB5000630061007400650020006E0061006D00AC
:10FB60006500BF12221917000B006B1785A4540003
:10FB70004F00530054005200F11807190800EA1C06
:10FB800019001700AE020C0031030D000800E61C3E
:10FB9000AE020D00CF16BF16371A0B00AE020D00D5
:10FBA000371A0B0031030D000800061DA4181500BC
:10FBB0006D0069007300730069006E00670020002B
:10FBC00073007400720069006E006700200074000A
:10FBD00061007200670065007400BF1214001A0013
:10FBE000BA020C001800C6020C00180012002219FC
:10FBF000AE020C00BA020D00C6020D00AE020D00EE
:10FC0000371A0B00CD1C869C54004F005300540043
:10FC100052004E00F11807190800381D190017008E
:10FC2000AE020C0031030D000800341DAE020D00C1
:10FC3000CF16BF166F1A0B00AE020D006F1A0B0025
:10FC400031030D000800541DA41815006D00690053
:10FC50007300730069006E00670020007300740079
:10FC6000720069006E00670020007400610072007D
:10FC7000670065007400BF1214001800D2020C0067
:10FC800081051800BA020C0081051800C6020C009C
:10FC90008105180012002219AE020C00BA020D00F4
:10FCA000C6020D00D2020D00AE020D006F1A0B004D
:10FCB0004F1C85A443004C00450041005200F11840
:10FCC000071908008D1D19001700AE020C00310342
:10FCD0000D000800891DAE020D00CF16BF16191ABF
:10FCE0000B00AE020D00191A0B00A41815006D00D0
:10FCF00069007300730069006E00670020007300E4
:10FD00007400720069006E006700200074006100DA
:10FD10007200670065007400BF12701D88B2430056
:10FD20004100500041004300490054005900F118BF
:10FD300007190800C51D19001700AE020C00310399
:10FD40000D000800C11DAE020D00CF16BF162A1A05
:10FD50000B00AE020D002A1A0B00A41815006D004E
:10FD600069007300730069006E0067002000730073
:10FD70007400720069006E0067002000740061006A
:10FD80007200670065007400BF12901886884100F9
:10FD90005000500045004E00440031030D000800A3
:10FDA000F71DF118071908000B1E19001700AE0205
:10FDB0000C00AE020D00CF16BF16B41A0B00BA022B
:10FDC0000C00C6020C00F118071908000B1E1900E0
:10FDD0001700AE020C00BA020D00C6020D00AE0202
:10FDE0000D00B41A0B00A41815006D006900730013
:10FDF000730069006E0067002000730074007200D9
:10FE000069006E00670020007400610072006700E6
:10FE100065007400BF1275138788500052004500BA
:10FE2000500045004E00440031030D0008003E1E06
:10FE3000F11807190800521E19001700AE020C0035
:10FE4000AE020D00CF16BF16D71A0B00BA020C0077
:10FE5000C6020C00F11807190800521E19001700FD
:10FE6000AE020C00BA020D00C6020D00AE020D007B
:10FE7000D71A0B00A41815006D00690073007300F9
:10FE800069006E0067002000730074007200690052
:10FE90006E0067002000740061007200670065005A
:10FEA0007400BF12A51D8788430041005000500018
:10FEB00045004E004400F11807190800891E19007A
:10FEC0001700AE020C0031030D000800851EAE02C3
:10FED0000D00CF16BF16FB1A0B00AE020D00FB1A69
:10FEE0000B00A41815006D00690073007300690011
:10FEF0006E006700200073007400720069006E00DD
:10FF000067002000740061007200670065007400E3
:10FF1000BF126A1E85424300480041005200210082
:10FF2000F11807190800BE1E19001700AE020C00D8
:10FF300031030D000800BA1EAE020D00CF16BF1629
:10FF4000181B0B00AE020D00181B0B00A4181500A7
:10FF50006D0069007300730069006E006700200087
:10FF600073007400720069006E0067002000740066
:10FF700061007200670065007400BF120000078A0C
:10FF80003F0055004E0049005100550045000B0050
:10FF90000000455853004E00410050002C0018004E
:10FFA0000D00040004009029902904000400902909
:10FFB0001800902904000C00902917000B00000085
:10FFC0004A5853004E00410050002D0049004E0099
:10FFD00054004F002C0014000400040090299029C4
:10FFE0000400040090291200902904000C009029BC
:10FFF0000B00000046A448004500410044004500B5
:020000021000EC
:10000000520018000F000800401FDF1E1800A20257
:100010000C003B071800C9030C00040000009029E5
:10002000A2020D004D0F9029A2020D00B0063B0761
:10003000A2020D000F0004001F001C00C307A20253
:100040000D000F0004001F001C00A5168D050B00FD
:10005000EF0C050020006E0061006D006500BF120E
:1000600003004E004F0050000000000004006A0032
:1000700075006D0070000100000003003F00720079
:1000800078000200000003007400780021000300E3
:100090000000050064006F004C004900540004009B
:1000A0000100060064006F004C004900530054003A
:1000B00005000000050064006F005600410052007A
:1000C00006000000060064006F004E004500580066
:1000D00054000700000007003F006200720061004A
:1000E0006E006300680008000100060062007200F4
:1000F00061006E0063006800090001000700450010
:100100005800450043005500540045000A00000017
:10011000040045005800490054000B000000010095
:1001200021000C000000010040000D000000020052
:10013000430021000E0000000200430040000F00B9
:1001400000000300520050002100100000000300D6
:1001500052005000400011000000020052003E001A
:1001600012000000020052004000130000000200D4
:100170003E005200140000000300530050004000F5
:10018000150000000300530050002100160000007D
:100190000400440052004F0050001700000003000C
:1001A00044005500500018000000040053005700A0
:1001B000410050001900000004004F0056004500A7
:1001C00052001A000000020030003C001B0000003A
:1001D000CF8A11241FBECFEFD1E2DEBFCDBF00E03A
:1001E0000CBF12E0A0E0B2E0EEE6F6E101E00BBFEA
:1001F00002C007900D92AC3EB107D9F72DE1ACEEED
:10020000B2E001C01D92A13AB207E1F710E8C9EED1
:10021000D0E800E006C021970109802FFE010E946E
:100220002D8BC83ED10780E00807A9F70E940E89F0
:100230000C94358B0C940000AF92BF92CF92DF925A
:10024000EF92FF920F931F93CF93DF936C017B018B
:100250008B01040F151FEB015E01AE18BF08C0171C
:10026000D10759F06991D601ED91FC910190F0818F
:10027000E02DC6011995892B79F7C501DF91CF9142
:100280001F910F91FF90EF90DF90CF90BF90AF90B4
:100290000895FC01538D448D252F30E0842F90E08C
:1002A000821B930B541710F0CF9608950197089571
:1002B000FC01918D828D981761F0A28DAE0FBF2F3A
:1002C000B11D5D968C91928D9F5F9F73928F90E090
:1002D00008958FEF9FEF0895FC01918D828D9817FF
:1002E00031F0828DE80FF11D858D90E008958FEF3C
:1002F0009FEF0895FC01918D228D892F90E0805C05
:100300009F4F821B91098F739927089584E09DE187
:100310000E947A8121E0892B09F420E0822F089540
:10032000FC01A48DA80FB92FB11DA35ABF4F2C916A
:10033000848D90E001968F739927848FA689B78961
:100340002C93A089B1898C91837080648C93938D58
:10035000848D981306C00288F389E02D80818F7DFB
:1003600080830895EF92FF920F931F93CF93DF93B3
:10037000EC0181E0888F9B8D8C8D98131AC0E889E1
:10038000F989808185FF15C09FB7F894EE89FF89B0
:100390006083E889F98980818370806480839FBF4E
:1003A00081E090E0DF91CF911F910F91FF90EF904E
:1003B0000895F62E0B8D10E00F5F1F4F0F7311275E
:1003C000E02E8C8D8E110CC00FB607FCFACFE88999
:1003D000F989808185FFF5CFCE010E949081F1CF10
:1003E000EB8DEC0FFD2FF11DE35AFF4FF0829FB70D
:1003F000F8940B8FEA89FB8980818062CFCFCF93FD
:10040000DF93EC01888D8823B9F0AA89BB89E8893C
:10041000F9898C9185FD03C0808186FD0DC00FB6E2
:1004200007FCF7CF8C9185FFF2CF808185FFEDCF60
:10043000CE010E949081E9CFDF91CF91089580E0B5
:1004400090E0892B29F00E94868181110E94000092
:1004500080E090E0892B49F080E090E0892B29F042
:100460000E94000081110E94000080E090E0892B32
:1004700049F080E090E0892B29F00E940000811172
:100480000E94000080E090E0892B49F080E090E03D
:10049000892B29F00E94000081110C94000008951E
:1004A0000895FC0180859185148628E0268793872E
:1004B00082870895FC0180859185148621E0268736
:1004C000938782870895CF93DF9300D01F92CDB793
:1004D000DEB7FC01EF2FFF27E295EF70E050FE4FF3
:1004E00020812983E92FFF27EF70FF27E050FE4F7F
:1004F00020812A83FC0144E0F695E7954A95E1F7CF
:10050000EF70FF27E050FE4F20812B838F709927DB
:10051000FC01E050FE4F80818C8344E050E0BE013E
:100520006F5F7F4F84E09DE10E941C810F900F90D0
:100530000F900F90DF91CF910895DC01FB01F058EF
:10054000E11582E0F80758F4EE0FFF1FE451F74E73
:1005500077FF1CC0309779F0518340830895F0E015
:10056000E0E0611585EF780798F3FB01EE0FFF1FC0
:10057000E451F74EEDCF1C961C921C9783E01E961B
:100580008C931E971B967C936E931A970895CF9326
:10059000DF93EC01AB016C817D8161158EEF7807F3
:1005A00050F4888599851C8627E02E879B878A874B
:1005B000DF91CF910895CE010E949D828C8581119B
:1005C00003C08E858111F4CF8C819D8101979D831D
:1005D0008C83EECFCF93DF93EC01AB016A817B81FB
:1005E000611589EF780750F4888599851C8625E088
:1005F0002E879B878A87DF91CF910895CE010E9435
:100600009D828C85811103C08E858111F4CF8A81F2
:100610009B8101979B838A83EECFFC01628173816A
:100620000C94EA82FC01648175810C94EA82CF9378
:10063000DF93EC0184E09DE10E947A8170E060E04C
:10064000181619067CF484E09DE10E94588197FFFA
:1006500002C090E080E0BC017727CE010E94EA82D0
:100660006FEF7FEFCE01DF91CF910C94EA82DC0136
:10067000FB01F058E11582E0F80748F5EE0FFF1F87
:10068000E451F74E77FD3EC0CB019F71B0E0A0E092
:10069000880F991FAA1FBB1F672F77276295669542
:1006A00067706230710521F16330710531F161309D
:1006B0007105C9F040ED51EC60E07727840F951F7C
:1006C000A61FB71FABBFFC01879196910895F0E07C
:1006D000E0E0611585EF7807A8F2FB01EE0FFF1F40
:1006E000E451F74ECFCF40ED51E860E07727E6CFF9
:1006F00040ED51E460E07727E1CF40ED51E060E06C
:100700007727DCCF309719F08081918108951C966E
:100710001C921C9782E01E968C931E971B967C93CE
:100720006E931A9780E090E00895CF93DF93EC01E9
:10073000688179810E9437832C85211103C02E8521
:1007400021110CC0288139812F5F3F4F39832883C5
:10075000BC01CE01DF91CF910C94EA82DF91CF9161
:100760000895CF93DF93EC01688179810E943783EC
:1007700099838883DF91CF9108950C94B1836F5F43
:100780007F4FFC0122813381620F731F0C943783EA
:10079000CF93DF93EC0161E070E00E94BF83BC0166
:1007A000CE01DF91CF910C94EA820F931F93CF93E8
:1007B000DF93EC0170E060E00E94BF838C0161E098
:1007C00070E0CE010E94BF836A817B816F5F7F4FA3
:1007D000AC01CE010E949D828C85811103C08E8563
:1007E00081110CC06A817B816E5F7F4FA801CE01B1
:1007F000DF91CF911F910F910C949D82DF91CF914A
:100800001F910F910895CF93DF93EC0170E060E0AA
:100810000E94BF83BC01CE01DF91CF910C94EA828C
:10082000FC01648175816F378EEF780739F06F5F57
:100830007F4F75836483CF010C94378380859185C6
:10084000148626E026879387828790E080E00895CB
:10085000CF93DF93EC010E9410842C85211103C0FB
:100860002E85211106C0BC01CE01DF91CF910C94E1
:10087000EA82DF91CF910895CF93DF93EC016881F5
:1008800079810E94EA828C85811103C08E85811155
:100890000DC08C819D818F379E4F59F41C868E85AB
:1008A000811104C0888199819B878A87DF91CF91CC
:1008B0000895CE010E94108499838883F7CFCF9347
:1008C000DF93EC018C819D818F379E4F59F41C86FC
:1008D0008E85811104C0888199819B878A87DF91E9
:1008E000CF910895CE010E94108499838883F7CF19
:1008F000FC01648175816F378EEF780729F06F5F97
:100900007F4FCF010C94378380859185148626E034
:1009100026879387828790E080E00895CF93DF93C6
:10092000EC010E947884BC01CE01DF91CF910C9440
:10093000EA82EF92FF920F931F93CF93DF93EC0124
:10094000688179810E9437837C018C85811103C085
:100950008E85811123C0888199810196998388832E
:10096000CE010E9478842C85211103C02E8521118F
:1009700015C08C010F5F1F4F6C817D816F5F7F4FB2
:10098000A801CE010E949D828C85811103C08E85B5
:10099000811104C0012B11F0F982E882DF91CF911F
:1009A0001F910F91FF90EF900895FC016281738178
:1009B0006F3789EF780739F06F5F7F4F73836283FA
:1009C000CF010C94378380859185148624E0268797
:1009D0009387828790E080E00895CF92DF92EF9234
:1009E000FF92CF93DF93EC010E94D5847C018C852C
:1009F000811103C08E85811124C0CE010E94D5844F
:100A00002C85211103C02E8521111BC09C01D7010B
:100A10000E941E8B6B017C01CE010E94EA828C85B4
:100A2000811103C08E8581110CC0B70188279927D9
:100A3000CE01DF91CF91FF90EF90DF90CF900C949B
:100A4000EA82DF91CF91FF90EF90DF90CF900895F1
:100A5000CF93DF93EC010E94D5842C85211103C034
:100A60002E85211108C0BC01660F771FCE01DF91D2
:100A7000CF910C94EA82DF91CF9108950F931F9349
:100A8000CF93DF93EC010E94D5848C018C8581117A
:100A900003C08E85811113C0CE010E94D5842C85A0
:100AA000211103C02E8521110AC0B801680F791FDA
:100AB000CE01DF91CF911F910F910C94EA82DF91CB
:100AC000CF911F910F910895CF93DF93EC010E9476
:100AD000D5848C85811103C08E85811107C070E09B
:100AE00060E0CE01DF91CF910C94EA82DF91CF914B
:100AF0000895CF93DF93EC010E94D5842C852111BA
:100B000003C02E85211109C066277727681B790B42
:100B1000CE01DF91CF910C94EA82DF91CF910895BD
:100B20000F931F93CF93DF93EC010E94D5848C0128
:100B30008C85811103C08E85811113C0CE010E9466
:100B4000D5842C85211103C02E8521110AC0BC013A
:100B5000601B710BCE01DF91CF911F910F910C940F
:100B6000EA82DF91CF911F910F910895CF93DF9388
:100B7000EC010E94D5842C85211103C02E85211102
:100B800008C0BC0160957095CE01DF91CF910C94A7
:100B9000EA82DF91CF910895CF93DF93EC010E9419
:100BA000D5842C85211103C02E85211108C0BC01DC
:100BB00062507109CE01DF91CF910C94EA82DF91EE
:100BC000CF910895CF93DF93EC010E94D5842C85BB
:100BD000211103C02E85211108C0BC016E5F7F4F1B
:100BE000CE01DF91CF910C94EA82DF91CF910895ED
:100BF000CF93DF93EC010E94D5842C85211103C093
:100C00002E85211108C0BC0161507109CE01DF9110
:100C1000CF910C94EA82DF91CF9108950C94F885DE
:100C2000CF93DF93EC010E94D5842C85211103C062
:100C30002E85211108C0BC016F5F7F4FCE01DF916F
:100C4000CF910C94EA82DF91CF9108950C94108695
:100C5000CF93DF93EC010E94D5842C85211103C032
:100C60002E8521110EC061E070E0892B11F070E03B
:100C700060E0719561957109CE01DF91CF910C947F
:100C8000EA82DF91CF910895CF93DF93EC010E9428
:100C9000D5849C85911103C09E85911108C0782F41
:100CA000770F60E0CE01DF91CF910C94EA82DF9163
:100CB000CF910895CF93DF93EC010E94D5849C855A
:100CC000911103C09E85911107C060E0782FCE017D
:100CD000DF91CF910C94EA82DF91CF910895CF9369
:100CE000DF93EC010E94D5842C85211103C02E8551
:100CF00021110BC0BC0184E0660F771F8A95E1F7D4
:100D0000CE01DF91CF910C94EA82DF91CF910895CB
:100D1000CF92DF92EF92FF920F931F93CF93DF93C7
:100D2000EC010E94D5848C018C85811103C08E85D5
:100D300081112BC0CE010E94D5842C85211103C0C6
:100D40002E85211122C06801F12CE12CC80ED91E7C
:100D5000E11CF11CB801680F791FCE010E94EA82E4
:100D600061E070E0C114D10481E0E806F10410F400
:100D700070E060E0CE01DF91CF911F910F91FF9065
:100D8000EF90DF90CF900C94EA82DF91CF911F918A
:100D90000F91FF90EF90DF90CF9008950F931F93E6
:100DA000CF93DF93EC010E94D5848C018C85811157
:100DB00003C08E85811113C0CE010E94D5842C857D
:100DC000211103C02E8521110AC0B8016827792797
:100DD000CE01DF91CF911F910F910C94EA82DF91A8
:100DE000CF911F910F9108950F931F93CF93DF938E
:100DF000EC010E94D5848C018C85811103C08E8505
:100E0000811113C0CE010E94D5842C85211103C00D
:100E10002E8521110AC0B801682B792BCE01DF91F4
:100E2000CF911F910F910C94EA82DF91CF911F9186
:100E30000F9108950F931F93CF93DF93EC010E94BE
:100E4000D5848C018C85811103C08E85811113C0DE
:100E5000CE010E94D5842C85211103C02E8521113D
:100E60000AC0B80168237923CE01DF91CF911F9189
:100E70000F910C94EA82DF91CF911F910F91089509
:100E8000CF93DF93EC010E94D5848C85811103C040
:100E90008E8581110BC0692F660F660B062E000C24
:100EA000770BCE01DF91CF910C94EA82DF91CF9145
:100EB00008950C94D584CF93DF93EC010E94D584E0
:100EC0002C85211103C02E85211102C09B838A83AA
:100ED000DF91CF910895CF93DF93EC010E94D584E9
:100EE0002C85211103C02E85211106C0BC01CE0125
:100EF000DF91CF910C94C782DF91CF910895CF936A
:100F0000DF93EC010E94D5842C85211103C02E852E
:100F1000211102C09D838C83DF91CF910895CF93DF
:100F2000DF93EC010E94D5842C85211103C02E850E
:100F300021110AC0BC01CE010E943783BC01CE0141
:100F4000DF91CF910C94EA82DF91CF9108950C94B8
:100F50008F870F931F93CF93DF93EC010E94D5846B
:100F60008C018C85811103C08E85811112C0CE0148
:100F70000E94D5842C85211103C02E85211109C022
:100F8000AC01B801CE01DF91CF911F910F910C946C
:100F90009D82DF91CF911F910F9108950C94A987A5
:100FA0000F931F93CF93DF93EC010E94D5848C01A4
:100FB0008C85811103C08E8581110AC00034110512
:100FC00060F4888599851C8621E02E879B878A8717
:100FD000DF91CF911F910F91089568817981CE01A2
:100FE0000E94C7828C85811103C08E858111F0CF4C
:100FF00019830883EDCF0F931F93CF93DF93EC01F9
:10100000688179810E9437838C018C85811103C0AE
:101010008E85811112C08881998101969983888378
:10102000CE010E94D5842C85211103C02E8521116B
:1010300004C0892B11F419830883DF91CF911F918C
:101040000F9108950F931F93CF93DF93EC010E94AC
:10105000D5848C018C85811103C08E8581110DC0D2
:1010600068817981CE010E94C7828C85811103C07D
:101070008E85811102C019830883DF91CF911F9162
:101080000F910895CF93DF93EC010E94D5849C8546
:10109000911103C09E85911107C0682F84E09DE1E6
:1010A000DF91CF910C94B281DF91CF910895FC0133
:1010B00001900020E9F73197AF01481B590BBC01A3
:1010C00084E09DE10C941C811F920F920FB60F9249
:1010D00011242F933F938F939F93AF93BF9380914E
:1010E000001D9091011DA091021DB091031D309132
:1010F000FF1C23E0230F2D3758F50196A11DB11DCC
:101100002093FF1C8093001D9093011DA093021D4E
:10111000B093031D8091FB1C9091FC1CA091FD1CC1
:10112000B091FE1C0196A11DB11D8093FB1C9093F4
:10113000FC1CA093FD1CB093FE1CBF91AF919F912E
:101140008F913F912F910F900FBE0F901F90189588
:1011500026E8230F0296A11DB11DD2CF1F920F9238
:101160000FB60F9211240BB60F922F933F934F930C
:101170005F936F937F938F939F93AF93BF93EF93FF
:10118000FF9384E09DE10E949081FF91EF91BF91D8
:10119000AF919F918F917F916F915F914F913F910F
:1011A0002F910F900BBE0F900FBE0F901F901895B0
:1011B0001F920F920FB60F9211240BB60F922F931E
:1011C0008F939F93EF93FF93E091141DF091151D62
:1011D0008081E0911A1DF0911B1D82FD1DC0908140
:1011E00080911D1D8F5F8F7320911E1D821741F00E
:1011F000E0911D1DF0E0EC5FF24E958F80931D1D78
:10120000FF91EF919F918F912F910F900BBE0F90B7
:101210000FBE0F901F9018958081F2CFCF93DF9370
:10122000CDB7DEB7A1970FB6F894DEBF0FBECDBF26
:10123000789484B5826084BD84B5816084BD85B5B1
:10124000826085BD85B5816085BD80916E008160BD
:1012500080936E0010928100809181008260809363
:101260008100809181008160809381008091800065
:101270008160809380008091B10084608093B10090
:101280008091B00081608093B00080919100826075
:101290008093910080919100816080939100809172
:1012A00090008160809390008091A1008260809383
:1012B000A1008091A10081608093A1008091A00095
:1012C00081608093A0008091210182608093210140
:1012D00080912101816080932101809120018160B2
:1012E0008093200180917A00846080937A008091BD
:1012F0007A00826080937A0080917A008160809386
:101300007A0080917A00806880937A001092C10000
:10131000E091141DF091151D82E08083E091101D75
:10132000F091111D1082E091121DF091131D80E1CA
:10133000808310921C1DE091181DF091191D86E00C
:101340008083E091161DF091171D8081806180835C
:10135000E091161DF091171D808188608083E091D7
:10136000161DF091171D808180688083E091161D05
:10137000F091171D80818F7D80838FB7F894409105
:10138000001D5091011D6091021D7091031D8FBFC2
:10139000ECEEF8E180E094E0DF019C011D92215029
:1013A0003040E1F7ECEEF2E080E096E1DF019C01F5
:1013B0001D9221503040E1F71092ED1C1092EC1C70
:1013C0008FE799EF9093EF1C8093EE1C8FE79EEFD1
:1013D0009093F11C8093F01C80E89EEF9093F31C97
:1013E0008093F21C1092F51C1092F41C1092F71CC2
:1013F0001092F61C81E08093F81C1092F91C109258
:10140000FA1CFF24F3942AE0822E912CA12CB12CFB
:101410008091F81C882309F44CC0C12CDD24D3949E
:101420008091F81C882389F16091EC1C7091ED1C6F
:101430007093F51C6093F41C8CEE9CE10E94378342
:101440008C018091F81C811104C08091FA1C8111DB
:1014500018C06091EC1C7091ED1C6F5F7F4F709312
:10146000ED1C6093EC1C0034110590F4000F111F6B
:10147000F801ED5DFD4F0190F081E02D8CEE9CE1D7
:10148000199531E0C31AD10859F60E941F82C0CFC6
:101490008CEE9CE10E94C7828091F81C811104C0EF
:1014A0008091FA1C8111EDCF1093ED1C0093EC1C80
:1014B000E8CF8091F91C8111E8CF83EA92E00E9485
:1014C00057888091FA1C81113DC084EB92E00E9404
:1014D000578883EC92E00E9457888091EC1C909191
:1014E000ED1C0E94638289EC92E00E9457888091F3
:1014F000F41C9091F51C0E94638281ED92E00E94A1
:1015000057888091F61C9091F71C0E9463828BEDA6
:1015100092E00E9457888091EE1C9091EF1C0E94EF
:10152000638281EE92E00E9457888091F01C909136
:10153000F11C0E94638287EE92E00E945788F0922D
:10154000F91CA3CF8CEB92E00E9457882091FA1CE3
:1015500030E050E040E019A28E010F5D1F4FCA013C
:10156000B901A50194010E94FC8A605DD8016E93C7
:101570008D01211531054105510589F7109709F4B1
:10158000A8CFFD0101900020E9F73197AF014A1B78
:101590005B0BBD0184E09DE10E941C819ACFE4E0D9
:1015A000FDE11382128288EE93E0A0E0B0E0848334
:1015B0009583A683B78385E192E09183808385EC50
:1015C00090E09587848784EC90E09787868780EC0D
:1015D00090E0918B808B81EC90E0938B828B82ECFE
:1015E00090E0958B848B86EC90E0978B868B118EA8
:1015F000128E138E148E0895A1E21A2EAA1BBB1B05
:10160000FD010DC0AA1FBB1FEE1FFF1FA217B307CE
:10161000E407F50720F0A21BB30BE40BF50B661FE4
:10162000771F881F991F1A9469F7609570958095A8
:1016300090959B01AC01BD01CF010895A29FB0011F
:10164000B39FC001A39F700D811D1124911DB29FF6
:10165000700D811D1124911D0895EE0FFF1F881F2D
:0E1660008BBF0790F691E02D1994F894FFCF00
:10166E0030313233343536373839414243444546CA
:10167E000000000000B2811C814981FF817A8158EF
:10168E00816C815082B18317834288958322883C76
:10169E00849984FB87BD83D0875F84A9878F87CE8B
:1016AE0087A7877F87128328848E846B870D835B41
:1016BE008759870384D583C88340871A87F486CEDB
:1016CE008688866F865A86448628861086F885E236
:1016DE0085CC8551825182518251825182518251E3
:1016EE00825182518251825182ED845182B685900F
:1016FE0085798526860E8664853E8528855A825A8A
:10170E008200000D0A5B5044522D31362F58542062
:10171E00564D200073746F70706564006661756C51
:10172E007420002069703D2400206C6173743D2488
:10173E00002064657461696C3D24002073703D2443
:0C174E00002072703D24005D0D0A0000B8
:00000001FF
