:100000000C94E9800C941A810C941A810C941A8136
:100010000C941A810C941A810C941A810C941A81F4
:100020000C941A810C941A810C941A810C941A81E4
:100030000C941A810C941A810C941A810C941A81D4
:100040000C941A810C941A810C941A810C941A81C4
:100050000C941A810C941A810C941A810C94648863
:100060000C941A810C94D8880C94AE880C941A8144
:100070000C941A810C941A810C941A810C941A8194
:100080000C941A810C941A810C941A810C941A8184
:100090000C941A810C941A810C941A810C941A8174
:1000A0000C941A810C941A810C941A810C941A8164
:1000B0000C941A810C941A810C941A810C941A8154
:1000C0000C941A810C941A810C941A810C941A8144
:1000D0000C941A810C941A810C941A810C941A8134
:1000E0000C941A810C940D830C947A810C948F8754
:1000F0000C94CE870C941C810C94FB870C9479850E
:100100000C941A870C9403840C94F8850C945082F8
:100110000C946C810C943C840C94D0870C94C88310
:100120000C9442880C9426860C9499840C94178322
:100130000C9495830C9464850C9451820C9488865D
:100140000C9459870C945F840C94B2810C94B685FE
:100150000C94E2850C9440870C94FF810C947F876B
:100160000C9410860C945B870C945A820C945A86DB
:100170000C9428860C9444860C94B1830C9490853E
:100180000C9458810C94CE860C9428840C94BD83D6
:100190000C94CC850C94D5830C9422880C942885DF
:1001A0000C94ED840C94CF8A0C943E850C940E86AE
:1001B0000C946B870C94A9870C948E840C946F8696
:1001C0000C9449810C94F4860C9412830C94A787A8
:1001D000000000000000000000000000000000001F
:1001E000000000000000000000000000000000000F
:1001F00000000000000000000000000000000000FF
:1002000000000000000000000000000000000000EE
:1002100000000000000000000000000000000000DE
:1002200000000000000000000000000000000000CE
:1002300000000000000000000000000000000000BE
:1002400000000000000000000000000000000000AE
:10025000000000000000000000000000000000009E
:10026000000000000000000000000000000000008E
:10027000000000000000000000000000000000007E
:10028000000000000000000000000000000000006E
:10029000000000000000000000000000000000005E
:1002A000000000000000000000000000000000004E
:1002B000000000000000000000000000000000003E
:1002C000000000000000000000000000000000002E
:1002D000000000000000000000000000000000001E
:1002E000000000000000000000000000000000000E
:1002F00000000000000000000000000000000000FE
:1003000000000000000000000000000000000000ED
:1003100000000000000000000000000000000000DD
:1003200000000000000000000000000000000000CD
:1003300000000000000000000000000000000000BD
:1003400000000000000000000000000000000000AD
:10035000000000000000000000000000000000009D
:10036000000000000000000000000000000000008D
:10037000000000000000000000000000000000007D
:10038000000000000000000000000000000000006D
:10039000000000000000000000000000000000005D
:1003A000000000000000000000000000000000004D
:1003B000000000000000000000000000000000003D
:1003C000000000000000000000000000000000002D
:1003D000000000000000000000000000000000001D
:1003E000000000000000000000000000000000000D
:1003F00000000000000000000000000000000000FD
:1004000000000000000000000000000000000000EC
:1004100000000000000000000000000000000000DC
:1004200000000000000000000000000000000000CC
:1004300000000000000000000000000000000000BC
:1004400000000000000000000000000000000000AC
:10045000000000000000000000000000000000009C
:10046000000000000000000000000000000000008C
:10047000000000000000000000000000000000007C
:10048000000000000000000000000000000000006C
:10049000000000000000000000000000000000005C
:1004A000000000000000000000000000000000004C
:1004B000000000000000000000000000000000003C
:1004C000000000000000000000000000000000002C
:1004D000000000000000000000000000000000001C
:1004E000000000000000000000000000000000000C
:1004F00000000000000000000000000000000000FC
:1005000000000000000000000000000000000000EB
:1005100000000000000000000000000000000000DB
:1005200000000000000000000000000000000000CB
:1005300000000000000000000000000000000000BB
:1005400000000000000000000000000000000000AB
:10055000000000000000000000000000000000009B
:10056000000000000000000000000000000000008B
:10057000000000000000000000000000000000007B
:10058000000000000000000000000000000000006B
:10059000000000000000000000000000000000005B
:1005A000000000000000000000000000000000004B
:1005B000000000000000000000000000000000003B
:1005C000000000000000000000000000000000002B
:1005D000000000000000000000000000000000001B
:1005E000000000000000000000000000000000000B
:1005F00000000000000000000000000000000000FB
:1006000000000000000000000000000000000000EA
:1006100000000000000000000000000000000000DA
:1006200000000000000000000000000000000000CA
:1006300000000000000000000000000000000000BA
:1006400000000000000000000000000000000000AA
:10065000000000000000000000000000000000009A
:10066000000000000000000000000000000000008A
:10067000000000000000000000000000000000007A
:10068000000000000000000000000000000000006A
:10069000000000000000000000000000000000005A
:1006A000000000000000000000000000000000004A
:1006B000000000000000000000000000000000003A
:1006C000000000000000000000000000000000002A
:1006D000000000000000000000000000000000001A
:1006E000000000000000000000000000000000000A
:1006F00000000000000000000000000000000000FA
:1007000000000000000000000000000000000000E9
:1007100000000000000000000000000000000000D9
:1007200000000000000000000000000000000000C9
:1007300000000000000000000000000000000000B9
:1007400000000000000000000000000000000000A9
:100750000000000000000000000000000000000099
:100760000000000000000000000000000000000089
:100770000000000000000000000000000000000079
:100780000000000000000000000000000000000069
:100790000000000000000000000000000000000059
:1007A0000000000000000000000000000000000049
:1007B0000000000000000000000000000000000039
:1007C0000000000000000000000000000000000029
:1007D0000000000000000000000000000000000019
:1007E0000000000000000000000000000000000009
:1007F00000000000000000000000000000000000F9
:1008000000000000000000000000000000000000E8
:1008100000000000000000000000000000000000D8
:1008200000000000000000000000000000000000C8
:1008300000000000000000000000000000000000B8
:1008400000000000000000000000000000000000A8
:100850000000000000000000000000000000000098
:100860000000000000000000000000000000000088
:100870000000000000000000000000000000000078
:100880000000000000000000000000000000000068
:100890000000000000000000000000000000000058
:1008A0000000000000000000000000000000000048
:1008B0000000000000000000000000000000000038
:1008C0000000000000000000000000000000000028
:1008D0000000000000000000000000000000000018
:1008E0000000000000000000000000000000000008
:1008F00000000000000000000000000000000000F8
:1009000000000000000000000000000000000000E7
:1009100000000000000000000000000000000000D7
:1009200000000000000000000000000000000000C7
:1009300000000000000000000000000000000000B7
:1009400000000000000000000000000000000000A7
:100950000000000000000000000000000000000097
:100960000000000000000000000000000000000087
:100970000000000000000000000000000000000077
:100980000000000000000000000000000000000067
:100990000000000000000000000000000000000057
:1009A0000000000000000000000000000000000047
:1009B0000000000000000000000000000000000037
:1009C0000000000000000000000000000000000027
:1009D0000000000000000000000000000000000017
:1009E0000000000000000000000000000000000007
:1009F00000000000000000000000000000000000F7
:100A000000000000000000000000000000000000E6
:100A100000000000000000000000000000000000D6
:100A200000000000000000000000000000000000C6
:100A300000000000000000000000000000000000B6
:100A400000000000000000000000000000000000A6
:100A50000000000000000000000000000000000096
:100A60000000000000000000000000000000000086
:100A70000000000000000000000000000000000076
:100A80000000000000000000000000000000000066
:100A90000000000000000000000000000000000056
:100AA0000000000000000000000000000000000046
:100AB0000000000000000000000000000000000036
:100AC0000000000000000000000000000000000026
:100AD0000000000000000000000000000000000016
:100AE0000000000000000000000000000000000006
:100AF00000000000000000000000000000000000F6
:100B000000000000000000000000000000000000E5
:100B100000000000000000000000000000000000D5
:100B200000000000000000000000000000000000C5
:100B300000000000000000000000000000000000B5
:100B400000000000000000000000000000000000A5
:100B50000000000000000000000000000000000095
:100B60000000000000000000000000000000000085
:100B70000000000000000000000000000000000075
:100B80000000000000000000000000000000000065
:100B90000000000000000000000000000000000055
:100BA0000000000000000000000000000000000045
:100BB0000000000000000000000000000000000035
:100BC0000000000000000000000000000000000025
:100BD0000000000000000000000000000000000015
:100BE0000000000000000000000000000000000005
:100BF00000000000000000000000000000000000F5
:100C000000000000000000000000000000000000E4
:100C100000000000000000000000000000000000D4
:100C200000000000000000000000000000000000C4
:100C300000000000000000000000000000000000B4
:100C400000000000000000000000000000000000A4
:100C50000000000000000000000000000000000094
:100C60000000000000000000000000000000000084
:100C70000000000000000000000000000000000074
:100C80000000000000000000000000000000000064
:100C90000000000000000000000000000000000054
:100CA0000000000000000000000000000000000044
:100CB0000000000000000000000000000000000034
:100CC0000000000000000000000000000000000024
:100CD0000000000000000000000000000000000014
:100CE0000000000000000000000000000000000004
:100CF00000000000000000000000000000000000F4
:100D000000000000000000000000000000000000E3
:100D100000000000000000000000000000000000D3
:100D200000000000000000000000000000000000C3
:100D300000000000000000000000000000000000B3
:100D400000000000000000000000000000000000A3
:100D50000000000000000000000000000000000093
:100D60000000000000000000000000000000000083
:100D70000000000000000000000000000000000073
:100D80000000000000000000000000000000000063
:100D90000000000000000000000000000000000053
:100DA0000000000000000000000000000000000043
:100DB0000000000000000000000000000000000033
:100DC0000000000000000000000000000000000023
:100DD0000000000000000000000000000000000013
:100DE0000000000000000000000000000000000003
:100DF00000000000000000000000000000000000F3
:100E000000000000000000000000000000000000E2
:100E100000000000000000000000000000000000D2
:100E200000000000000000000000000000000000C2
:100E300000000000000000000000000000000000B2
:100E400000000000000000000000000000000000A2
:100E50000000000000000000000000000000000092
:100E60000000000000000000000000000000000082
:100E70000000000000000000000000000000000072
:100E80000000000000000000000000000000000062
:100E90000000000000000000000000000000000052
:100EA0000000000000000000000000000000000042
:100EB0000000000000000000000000000000000032
:100EC0000000000000000000000000000000000022
:100ED0000000000000000000000000000000000012
:100EE0000000000000000000000000000000000002
:100EF00000000000000000000000000000000000F2
:100F000000000000000000000000000000000000E1
:100F100000000000000000000000000000000000D1
:100F200000000000000000000000000000000000C1
:100F300000000000000000000000000000000000B1
:100F400000000000000000000000000000000000A1
:100F50000000000000000000000000000000000091
:100F60000000000000000000000000000000000081
:100F70000000000000000000000000000000000071
:100F80000000000000000000000000000000000061
:100F90000000000000000000000000000000000051
:100FA0000000000000000000000000000000000041
:100FB0000000000000000000000000000000000031
:100FC0000000000000000000000000000000000021
:100FD0000000000000000000000000000000000011
:100FE0000000000000000000000000000000000001
:100FF00000000000000000000000000000000000F1
:1010000000000000000000000000000000000000E0
:1010100000000000000000000000000000000000D0
:1010200000000000000000000000000000000000C0
:1010300000000000000000000000000000000000B0
:1010400000000000000000000000000000000000A0
:101050000000000000000000000000000000000090
:101060000000000000000000000000000000000080
:101070000000000000000000000000000000000070
:101080000000000000000000000000000000000060
:101090000000000000000000000000000000000050
:1010A0000000000000000000000000000000000040
:1010B0000000000000000000000000000000000030
:1010C0000000000000000000000000000000000020
:1010D0000000000000000000000000000000000010
:1010E0000000000000000000000000000000000000
:1010F00000000000000000000000000000000000F0
:1011000000000000000000000000000000000000DF
:1011100000000000000000000000000000000000CF
:1011200000000000000000000000000000000000BF
:1011300000000000000000000000000000000000AF
:10114000000000000000000000000000000000009F
:10115000000000000000000000000000000000008F
:10116000000000000000000000000000000000007F
:10117000000000000000000000000000000000006F
:10118000000000000000000000000000000000005F
:10119000000000000000000000000000000000004F
:1011A000000000000000000000000000000000003F
:1011B000000000000000000000000000000000002F
:1011C000000000000000000000000000000000001F
:1011D000000000000000000000000000000000000F
:1011E00000000000000000000000000000000000FF
:1011F00000000000000000000000000000000000EF
:1012000000000000000000000000000000000000DE
:1012100000000000000000000000000000000000CE
:1012200000000000000000000000000000000000BE
:1012300000000000000000000000000000000000AE
:10124000000000000000000000000000000000009E
:10125000000000000000000000000000000000008E
:10126000000000000000000000000000000000007E
:10127000000000000000000000000000000000006E
:10128000000000000000000000000000000000005E
:10129000000000000000000000000000000000004E
:1012A000000000000000000000000000000000003E
:1012B000000000000000000000000000000000002E
:1012C000000000000000000000000000000000001E
:1012D000000000000000000000000000000000000E
:1012E00000000000000000000000000000000000FE
:1012F00000000000000000000000000000000000EE
:1013000000000000000000000000000000000000DD
:1013100000000000000000000000000000000000CD
:1013200000000000000000000000000000000000BD
:1013300000000000000000000000000000000000AD
:10134000000000000000000000000000000000009D
:10135000000000000000000000000000000000008D
:10136000000000000000000000000000000000007D
:10137000000000000000000000000000000000006D
:10138000000000000000000000000000000000005D
:10139000000000000000000000000000000000004D
:1013A000000000000000000000000000000000003D
:1013B000000000000000000000000000000000002D
:1013C000000000000000000000000000000000001D
:1013D000000000000000000000000000000000000D
:1013E00000000000000000000000000000000000FD
:1013F00000000000000000000000000000000000ED
:1014000000000000000000000000000000000000DC
:1014100000000000000000000000000000000000CC
:1014200000000000000000000000000000000000BC
:1014300000000000000000000000000000000000AC
:10144000000000000000000000000000000000009C
:10145000000000000000000000000000000000008C
:10146000000000000000000000000000000000007C
:10147000000000000000000000000000000000006C
:10148000000000000000000000000000000000005C
:10149000000000000000000000000000000000004C
:1014A000000000000000000000000000000000003C
:1014B000000000000000000000000000000000002C
:1014C000000000000000000000000000000000001C
:1014D000000000000000000000000000000000000C
:1014E00000000000000000000000000000000000FC
:1014F00000000000000000000000000000000000EC
:1015000000000000000000000000000000000000DB
:1015100000000000000000000000000000000000CB
:1015200000000000000000000000000000000000BB
:1015300000000000000000000000000000000000AB
:10154000000000000000000000000000000000009B
:10155000000000000000000000000000000000008B
:10156000000000000000000000000000000000007B
:10157000000000000000000000000000000000006B
:10158000000000000000000000000000000000005B
:10159000000000000000000000000000000000004B
:1015A000000000000000000000000000000000003B
:1015B000000000000000000000000000000000002B
:1015C000000000000000000000000000000000001B
:1015D000000000000000000000000000000000000B
:1015E00000000000000000000000000000000000FB
:1015F00000000000000000000000000000000000EB
:1016000000000000000000000000000000000000DA
:1016100000000000000000000000000000000000CA
:1016200000000000000000000000000000000000BA
:1016300000000000000000000000000000000000AA
:10164000000000000000000000000000000000009A
:10165000000000000000000000000000000000008A
:10166000000000000000000000000000000000007A
:10167000000000000000000000000000000000006A
:10168000000000000000000000000000000000005A
:10169000000000000000000000000000000000004A
:1016A000000000000000000000000000000000003A
:1016B000000000000000000000000000000000002A
:1016C000000000000000000000000000000000001A
:1016D000000000000000000000000000000000000A
:1016E00000000000000000000000000000000000FA
:1016F00000000000000000000000000000000000EA
:1017000000000000000000000000000000000000D9
:1017100000000000000000000000000000000000C9
:1017200000000000000000000000000000000000B9
:1017300000000000000000000000000000000000A9
:101740000000000000000000000000000000000099
:101750000000000000000000000000000000000089
:101760000000000000000000000000000000000079
:101770000000000000000000000000000000000069
:101780000000000000000000000000000000000059
:101790000000000000000000000000000000000049
:1017A0000000000000000000000000000000000039
:1017B0000000000000000000000000000000000029
:1017C0000000000000000000000000000000000019
:1017D0000000000000000000000000000000000009
:1017E00000000000000000000000000000000000F9
:1017F00000000000000000000000000000000000E9
:1018000000000000000000000000000000000000D8
:1018100000000000000000000000000000000000C8
:1018200000000000000000000000000000000000B8
:1018300000000000000000000000000000000000A8
:101840000000000000000000000000000000000098
:101850000000000000000000000000000000000088
:101860000000000000000000000000000000000078
:101870000000000000000000000000000000000068
:101880000000000000000000000000000000000058
:101890000000000000000000000000000000000048
:1018A0000000000000000000000000000000000038
:1018B0000000000000000000000000000000000028
:1018C0000000000000000000000000000000000018
:1018D0000000000000000000000000000000000008
:1018E00000000000000000000000000000000000F8
:1018F00000000000000000000000000000000000E8
:1019000000000000000000000000000000000000D7
:1019100000000000000000000000000000000000C7
:1019200000000000000000000000000000000000B7
:1019300000000000000000000000000000000000A7
:101940000000000000000000000000000000000097
:101950000000000000000000000000000000000087
:101960000000000000000000000000000000000077
:101970000000000000000000000000000000000067
:101980000000000000000000000000000000000057
:101990000000000000000000000000000000000047
:1019A0000000000000000000000000000000000037
:1019B0000000000000000000000000000000000027
:1019C0000000000000000000000000000000000017
:1019D0000000000000000000000000000000000007
:1019E00000000000000000000000000000000000F7
:1019F00000000000000000000000000000000000E7
:101A000000000000000000000000000000000000D6
:101A100000000000000000000000000000000000C6
:101A200000000000000000000000000000000000B6
:101A300000000000000000000000000000000000A6
:101A40000000000000000000000000000000000096
:101A50000000000000000000000000000000000086
:101A60000000000000000000000000000000000076
:101A70000000000000000000000000000000000066
:101A80000000000000000000000000000000000056
:101A90000000000000000000000000000000000046
:101AA0000000000000000000000000000000000036
:101AB0000000000000000000000000000000000026
:101AC0000000000000000000000000000000000016
:101AD0000000000000000000000000000000000006
:101AE00000000000000000000000000000000000F6
:101AF00000000000000000000000000000000000E6
:101B000000000000000000000000000000000000D5
:101B100000000000000000000000000000000000C5
:101B200000000000000000000000000000000000B5
:101B300000000000000000000000000000000000A5
:101B40000000000000000000000000000000000095
:101B50000000000000000000000000000000000085
:101B60000000000000000000000000000000000075
:101B70000000000000000000000000000000000065
:101B80000000000000000000000000000000000055
:101B90000000000000000000000000000000000045
:101BA0000000000000000000000000000000000035
:101BB0000000000000000000000000000000000025
:101BC0000000000000000000000000000000000015
:101BD0000000000000000000000000000000000005
:101BE00000000000000000000000000000000000F5
:101BF00000000000000000000000000000000000E5
:101C000000000000000000000000000000000000D4
:101C100000000000000000000000000000000000C4
:101C200000000000000000000000000000000000B4
:101C300000000000000000000000000000000000A4
:101C40000000000000000000000000000000000094
:101C50000000000000000000000000000000000084
:101C60000000000000000000000000000000000074
:101C70000000000000000000000000000000000064
:101C80000000000000000000000000000000000054
:101C90000000000000000000000000000000000044
:101CA0000000000000000000000000000000000034
:101CB0000000000000000000000000000000000024
:101CC0000000000000000000000000000000000014
:101CD0000000000000000000000000000000000004
:101CE00000000000000000000000000000000000F4
:101CF00000000000000000000000000000000000E4
:101D000000000000000000000000000000000000D3
:101D100000000000000000000000000000000000C3
:101D200000000000000000000000000000000000B3
:101D300000000000000000000000000000000000A3
:101D40000000000000000000000000000000000093
:101D50000000000000000000000000000000000083
:101D60000000000000000000000000000000000073
:101D70000000000000000000000000000000000063
:101D80000000000000000000000000000000000053
:101D90000000000000000000000000000000000043
:101DA0000000000000000000000000000000000033
:101DB0000000000000000000000000000000000023
:101DC0000000000000000000000000000000000013
:101DD0000000000000000000000000000000000003
:101DE00000000000000000000000000000000000F3
:101DF00000000000000000000000000000000000E3
:101E000000000000000000000000000000000000D2
:101E100000000000000000000000000000000000C2
:101E200000000000000000000000000000000000B2
:101E300000000000000000000000000000000000A2
:101E40000000000000000000000000000000000092
:101E50000000000000000000000000000000000082
:101E60000000000000000000000000000000000072
:101E70000000000000000000000000000000000062
:101E80000000000000000000000000000000000052
:101E90000000000000000000000000000000000042
:101EA0000000000000000000000000000000000032
:101EB0000000000000000000000000000000000022
:101EC0000000000000000000000000000000000012
:101ED0000000000000000000000000000000000002
:101EE00000000000000000000000000000000000F2
:101EF00000000000000000000000000000000000E2
:101F000000000000000000000000000000000000D1
:101F100000000000000000000000000000000000C1
:101F200000000000000000000000000000000000B1
:101F300000000000000000000000000000000000A1
:101F40000000000000000000000000000000000091
:101F50000000000000000000000000000000000081
:101F60000000000000000000000000000000000071
:101F70000000000000000000000000000000000061
:101F80000000000000000000000000000000000051
:101F90000000000000000000000000000000000041
:101FA0000000000000000000000000000000000031
:101FB0000000000000000000000000000000000021
:101FC0000000000000000000000000000000000011
:101FD0000000000000000000000000000000000001
:101FE00000000000000000000000000000000000F1
:101FF00000000000000000000000000000000000E1
:1020000000000000000000000000000000000000D0
:1020100000000000000000000000000000000000C0
:1020200000000000000000000000000000000000B0
:1020300000000000000000000000000000000000A0
:102040000000000000000000000000000000000090
:102050000000000000000000000000000000000080
:102060000000000000000000000000000000000070
:102070000000000000000000000000000000000060
:102080000000000000000000000000000000000050
:102090000000000000000000000000000000000040
:1020A0000000000000000000000000000000000030
:1020B0000000000000000000000000000000000020
:1020C0000000000000000000000000000000000010
:1020D0000000000000000000000000000000000000
:1020E00000000000000000000000000000000000F0
:1020F00000000000000000000000000000000000E0
:1021000000000000000000000000000000000000CF
:1021100000000000000000000000000000000000BF
:1021200000000000000000000000000000000000AF
:10213000000000000000000000000000000000009F
:10214000000000000000000000000000000000008F
:10215000000000000000000000000000000000007F
:10216000000000000000000000000000000000006F
:10217000000000000000000000000000000000005F
:10218000000000000000000000000000000000004F
:10219000000000000000000000000000000000003F
:1021A000000000000000000000000000000000002F
:1021B000000000000000000000000000000000001F
:1021C000000000000000000000000000000000000F
:1021D00000000000000000000000000000000000FF
:1021E00000000000000000000000000000000000EF
:1021F00000000000000000000000000000000000DF
:1022000000000000000000000000000000000000CE
:1022100000000000000000000000000000000000BE
:1022200000000000000000000000000000000000AE
:10223000000000000000000000000000000000009E
:10224000000000000000000000000000000000008E
:10225000000000000000000000000000000000007E
:10226000000000000000000000000000000000006E
:10227000000000000000000000000000000000005E
:10228000000000000000000000000000000000004E
:10229000000000000000000000000000000000003E
:1022A000000000000000000000000000000000002E
:1022B000000000000000000000000000000000001E
:1022C000000000000000000000000000000000000E
:1022D00000000000000000000000000000000000FE
:1022E00000000000000000000000000000000000EE
:1022F00000000000000000000000000000000000DE
:1023000000000000000000000000000000000000CD
:1023100000000000000000000000000000000000BD
:1023200000000000000000000000000000000000AD
:10233000000000000000000000000000000000009D
:10234000000000000000000000000000000000008D
:10235000000000000000000000000000000000007D
:10236000000000000000000000000000000000006D
:10237000000000000000000000000000000000005D
:10238000000000000000000000000000000000004D
:10239000000000000000000000000000000000003D
:1023A000000000000000000000000000000000002D
:1023B000000000000000000000000000000000001D
:1023C000000000000000000000000000000000000D
:1023D00000000000000000000000000000000000FD
:1023E00000000000000000000000000000000000ED
:1023F00000000000000000000000000000000000DD
:1024000000000000000000000000000000000000CC
:1024100000000000000000000000000000000000BC
:1024200000000000000000000000000000000000AC
:10243000000000000000000000000000000000009C
:10244000000000000000000000000000000000008C
:10245000000000000000000000000000000000007C
:10246000000000000000000000000000000000006C
:10247000000000000000000000000000000000005C
:10248000000000000000000000000000000000004C
:10249000000000000000000000000000000000003C
:1024A000000000000000000000000000000000002C
:1024B000000000000000000000000000000000001C
:1024C000000000000000000000000000000000000C
:1024D00000000000000000000000000000000000FC
:1024E00000000000000000000000000000000000EC
:1024F00000000000000000000000000000000000DC
:1025000000000000000000000000000000000000CB
:1025100000000000000000000000000000000000BB
:1025200000000000000000000000000000000000AB
:10253000000000000000000000000000000000009B
:10254000000000000000000000000000000000008B
:10255000000000000000000000000000000000007B
:10256000000000000000000000000000000000006B
:10257000000000000000000000000000000000005B
:10258000000000000000000000000000000000004B
:10259000000000000000000000000000000000003B
:1025A000000000000000000000000000000000002B
:1025B000000000000000000000000000000000001B
:1025C000000000000000000000000000000000000B
:1025D00000000000000000000000000000000000FB
:1025E00000000000000000000000000000000000EB
:1025F00000000000000000000000000000000000DB
:1026000000000000000000000000000000000000CA
:1026100000000000000000000000000000000000BA
:1026200000000000000000000000000000000000AA
:10263000000000000000000000000000000000009A
:10264000000000000000000000000000000000008A
:10265000000000000000000000000000000000007A
:10266000000000000000000000000000000000006A
:10267000000000000000000000000000000000005A
:10268000000000000000000000000000000000004A
:10269000000000000000000000000000000000003A
:1026A000000000000000000000000000000000002A
:1026B000000000000000000000000000000000001A
:1026C000000000000000000000000000000000000A
:1026D00000000000000000000000000000000000FA
:1026E00000000000000000000000000000000000EA
:1026F00000000000000000000000000000000000DA
:1027000000000000000000000000000000000000C9
:1027100000000000000000000000000000000000B9
:1027200000000000000000000000000000000000A9
:102730000000000000000000000000000000000099
:102740000000000000000000000000000000000089
:102750000000000000000000000000000000000079
:102760000000000000000000000000000000000069
:102770000000000000000000000000000000000059
:102780000000000000000000000000000000000049
:102790000000000000000000000000000000000039
:1027A0000000000000000000000000000000000029
:1027B0000000000000000000000000000000000019
:1027C0000000000000000000000000000000000009
:1027D00000000000000000000000000000000000F9
:1027E00000000000000000000000000000000000E9
:1027F00000000000000000000000000000000000D9
:1028000000000000000000000000000000000000C8
:1028100000000000000000000000000000000000B8
:1028200000000000000000000000000000000000A8
:102830000000000000000000000000000000000098
:102840000000000000000000000000000000000088
:102850000000000000000000000000000000000078
:102860000000000000000000000000000000000068
:102870000000000000000000000000000000000058
:102880000000000000000000000000000000000048
:102890000000000000000000000000000000000038
:1028A0000000000000000000000000000000000028
:1028B0000000000000000000000000000000000018
:1028C0000000000000000000000000000000000008
:1028D00000000000000000000000000000000000F8
:1028E00000000000000000000000000000000000E8
:1028F00000000000000000000000000000000000D8
:1029000000000000000000000000000000000000C7
:1029100000000000000000000000000000000000B7
:1029200000000000000000000000000000000000A7
:102930000000000000000000000000000000000097
:102940000000000000000000000000000000000087
:102950000000000000000000000000000000000077
:102960000000000000000000000000000000000067
:102970000000000000000000000000000000000057
:102980000000000000000000000000000000000047
:102990000000000000000000000000000000000037
:1029A0000000000000000000000000000000000027
:1029B0000000000000000000000000000000000017
:1029C0000000000000000000000000000000000007
:1029D00000000000000000000000000000000000F7
:1029E00000000000000000000000000000000000E7
:1029F00000000000000000000000000000000000D7
:102A000000000000000000000000000000000000C6
:102A100000000000000000000000000000000000B6
:102A200000000000000000000000000000000000A6
:102A30000000000000000000000000000000000096
:102A40000000000000000000000000000000000086
:102A50000000000000000000000000000000000076
:102A60000000000000000000000000000000000066
:102A70000000000000000000000000000000000056
:102A80000000000000000000000000000000000046
:102A90000000000000000000000000000000000036
:102AA0000000000000000000000000000000000026
:102AB0000000000000000000000000000000000016
:102AC0000000000000000000000000000000000006
:102AD00000000000000000000000000000000000F6
:102AE00000000000000000000000000000000000E6
:102AF00000000000000000000000000000000000D6
:102B000000000000000000000000000000000000C5
:102B100000000000000000000000000000000000B5
:102B200000000000000000000000000000000000A5
:102B30000000000000000000000000000000000095
:102B40000000000000000000000000000000000085
:102B50000000000000000000000000000000000075
:102B60000000000000000000000000000000000065
:102B70000000000000000000000000000000000055
:102B80000000000000000000000000000000000045
:102B90000000000000000000000000000000000035
:102BA0000000000000000000000000000000000025
:102BB0000000000000000000000000000000000015
:102BC0000000000000000000000000000000000005
:102BD00000000000000000000000000000000000F5
:102BE00000000000000000000000000000000000E5
:102BF00000000000000000000000000000000000D5
:102C000000000000000000000000000000000000C4
:102C100000000000000000000000000000000000B4
:102C200000000000000000000000000000000000A4
:102C30000000000000000000000000000000000094
:102C40000000000000000000000000000000000084
:102C50000000000000000000000000000000000074
:102C60000000000000000000000000000000000064
:102C70000000000000000000000000000000000054
:102C80000000000000000000000000000000000044
:102C90000000000000000000000000000000000034
:102CA0000000000000000000000000000000000024
:102CB0000000000000000000000000000000000014
:102CC0000000000000000000000000000000000004
:102CD00000000000000000000000000000000000F4
:102CE00000000000000000000000000000000000E4
:102CF00000000000000000000000000000000000D4
:102D000000000000000000000000000000000000C3
:102D100000000000000000000000000000000000B3
:102D200000000000000000000000000000000000A3
:102D30000000000000000000000000000000000093
:102D40000000000000000000000000000000000083
:102D50000000000000000000000000000000000073
:102D60000000000000000000000000000000000063
:102D70000000000000000000000000000000000053
:102D80000000000000000000000000000000000043
:102D90000000000000000000000000000000000033
:102DA0000000000000000000000000000000000023
:102DB0000000000000000000000000000000000013
:102DC0000000000000000000000000000000000003
:102DD00000000000000000000000000000000000F3
:102DE00000000000000000000000000000000000E3
:102DF00000000000000000000000000000000000D3
:102E000000000000000000000000000000000000C2
:102E100000000000000000000000000000000000B2
:102E200000000000000000000000000000000000A2
:102E30000000000000000000000000000000000092
:102E40000000000000000000000000000000000082
:102E50000000000000000000000000000000000072
:102E60000000000000000000000000000000000062
:102E70000000000000000000000000000000000052
:102E80000000000000000000000000000000000042
:102E90000000000000000000000000000000000032
:102EA0000000000000000000000000000000000022
:102EB0000000000000000000000000000000000012
:102EC0000000000000000000000000000000000002
:102ED00000000000000000000000000000000000F2
:102EE00000000000000000000000000000000000E2
:102EF00000000000000000000000000000000000D2
:102F000000000000000000000000000000000000C1
:102F100000000000000000000000000000000000B1
:102F200000000000000000000000000000000000A1
:102F30000000000000000000000000000000000091
:102F40000000000000000000000000000000000081
:102F50000000000000000000000000000000000071
:102F60000000000000000000000000000000000061
:102F70000000000000000000000000000000000051
:102F80000000000000000000000000000000000041
:102F90000000000000000000000000000000000031
:102FA0000000000000000000000000000000000021
:102FB0000000000000000000000000000000000011
:102FC0000000000000000000000000000000000001
:102FD00000000000000000000000000000000000F1
:102FE00000000000000000000000000000000000E1
:102FF00000000000000000000000000000000000D1
:1030000000000000000000000000000000000000C0
:1030100000000000000000000000000000000000B0
:1030200000000000000000000000000000000000A0
:103030000000000000000000000000000000000090
:103040000000000000000000000000000000000080
:103050000000000000000000000000000000000070
:103060000000000000000000000000000000000060
:103070000000000000000000000000000000000050
:103080000000000000000000000000000000000040
:103090000000000000000000000000000000000030
:1030A0000000000000000000000000000000000020
:1030B0000000000000000000000000000000000010
:1030C0000000000000000000000000000000000000
:1030D00000000000000000000000000000000000F0
:1030E00000000000000000000000000000000000E0
:1030F00000000000000000000000000000000000D0
:1031000000000000000000000000000000000000BF
:1031100000000000000000000000000000000000AF
:10312000000000000000000000000000000000009F
:10313000000000000000000000000000000000008F
:10314000000000000000000000000000000000007F
:10315000000000000000000000000000000000006F
:10316000000000000000000000000000000000005F
:10317000000000000000000000000000000000004F
:10318000000000000000000000000000000000003F
:10319000000000000000000000000000000000002F
:1031A000000000000000000000000000000000001F
:1031B000000000000000000000000000000000000F
:1031C00000000000000000000000000000000000FF
:1031D00000000000000000000000000000000000EF
:1031E00000000000000000000000000000000000DF
:1031F00000000000000000000000000000000000CF
:1032000000000000000000000000000000000000BE
:1032100000000000000000000000000000000000AE
:10322000000000000000000000000000000000009E
:10323000000000000000000000000000000000008E
:10324000000000000000000000000000000000007E
:10325000000000000000000000000000000000006E
:10326000000000000000000000000000000000005E
:10327000000000000000000000000000000000004E
:10328000000000000000000000000000000000003E
:10329000000000000000000000000000000000002E
:1032A000000000000000000000000000000000001E
:1032B000000000000000000000000000000000000E
:1032C00000000000000000000000000000000000FE
:1032D00000000000000000000000000000000000EE
:1032E00000000000000000000000000000000000DE
:1032F00000000000000000000000000000000000CE
:1033000000000000000000000000000000000000BD
:1033100000000000000000000000000000000000AD
:10332000000000000000000000000000000000009D
:10333000000000000000000000000000000000008D
:10334000000000000000000000000000000000007D
:10335000000000000000000000000000000000006D
:10336000000000000000000000000000000000005D
:10337000000000000000000000000000000000004D
:10338000000000000000000000000000000000003D
:10339000000000000000000000000000000000002D
:1033A000000000000000000000000000000000001D
:1033B000000000000000000000000000000000000D
:1033C00000000000000000000000000000000000FD
:1033D00000000000000000000000000000000000ED
:1033E00000000000000000000000000000000000DD
:1033F00000000000000000000000000000000000CD
:1034000000000000000000000000000000000000BC
:1034100000000000000000000000000000000000AC
:10342000000000000000000000000000000000009C
:10343000000000000000000000000000000000008C
:10344000000000000000000000000000000000007C
:10345000000000000000000000000000000000006C
:10346000000000000000000000000000000000005C
:10347000000000000000000000000000000000004C
:10348000000000000000000000000000000000003C
:10349000000000000000000000000000000000002C
:1034A000000000000000000000000000000000001C
:1034B000000000000000000000000000000000000C
:1034C00000000000000000000000000000000000FC
:1034D00000000000000000000000000000000000EC
:1034E00000000000000000000000000000000000DC
:1034F00000000000000000000000000000000000CC
:1035000000000000000000000000000000000000BB
:1035100000000000000000000000000000000000AB
:10352000000000000000000000000000000000009B
:10353000000000000000000000000000000000008B
:10354000000000000000000000000000000000007B
:10355000000000000000000000000000000000006B
:10356000000000000000000000000000000000005B
:10357000000000000000000000000000000000004B
:10358000000000000000000000000000000000003B
:10359000000000000000000000000000000000002B
:1035A000000000000000000000000000000000001B
:1035B000000000000000000000000000000000000B
:1035C00000000000000000000000000000000000FB
:1035D00000000000000000000000000000000000EB
:1035E00000000000000000000000000000000000DB
:1035F00000000000000000000000000000000000CB
:1036000000000000000000000000000000000000BA
:1036100000000000000000000000000000000000AA
:10362000000000000000000000000000000000009A
:10363000000000000000000000000000000000008A
:10364000000000000000000000000000000000007A
:10365000000000000000000000000000000000006A
:10366000000000000000000000000000000000005A
:10367000000000000000000000000000000000004A
:10368000000000000000000000000000000000003A
:10369000000000000000000000000000000000002A
:1036A000000000000000000000000000000000001A
:1036B000000000000000000000000000000000000A
:1036C00000000000000000000000000000000000FA
:1036D00000000000000000000000000000000000EA
:1036E00000000000000000000000000000000000DA
:1036F00000000000000000000000000000000000CA
:1037000000000000000000000000000000000000B9
:1037100000000000000000000000000000000000A9
:103720000000000000000000000000000000000099
:103730000000000000000000000000000000000089
:103740000000000000000000000000000000000079
:103750000000000000000000000000000000000069
:103760000000000000000000000000000000000059
:103770000000000000000000000000000000000049
:103780000000000000000000000000000000000039
:103790000000000000000000000000000000000029
:1037A0000000000000000000000000000000000019
:1037B0000000000000000000000000000000000009
:1037C00000000000000000000000000000000000F9
:1037D00000000000000000000000000000000000E9
:1037E00000000000000000000000000000000000D9
:1037F00000000000000000000000000000000000C9
:1038000000000000000000000000000000000000B8
:1038100000000000000000000000000000000000A8
:103820000000000000000000000000000000000098
:103830000000000000000000000000000000000088
:103840000000000000000000000000000000000078
:103850000000000000000000000000000000000068
:103860000000000000000000000000000000000058
:103870000000000000000000000000000000000048
:103880000000000000000000000000000000000038
:103890000000000000000000000000000000000028
:1038A0000000000000000000000000000000000018
:1038B0000000000000000000000000000000000008
:1038C00000000000000000000000000000000000F8
:1038D00000000000000000000000000000000000E8
:1038E00000000000000000000000000000000000D8
:1038F00000000000000000000000000000000000C8
:1039000000000000000000000000000000000000B7
:1039100000000000000000000000000000000000A7
:103920000000000000000000000000000000000097
:103930000000000000000000000000000000000087
:103940000000000000000000000000000000000077
:103950000000000000000000000000000000000067
:103960000000000000000000000000000000000057
:103970000000000000000000000000000000000047
:103980000000000000000000000000000000000037
:103990000000000000000000000000000000000027
:1039A0000000000000000000000000000000000017
:1039B0000000000000000000000000000000000007
:1039C00000000000000000000000000000000000F7
:1039D00000000000000000000000000000000000E7
:1039E00000000000000000000000000000000000D7
:1039F00000000000000000000000000000000000C7
:103A000000000000000000000000000000000000B6
:103A100000000000000000000000000000000000A6
:103A20000000000000000000000000000000000096
:103A30000000000000000000000000000000000086
:103A40000000000000000000000000000000000076
:103A50000000000000000000000000000000000066
:103A60000000000000000000000000000000000056
:103A70000000000000000000000000000000000046
:103A80000000000000000000000000000000000036
:103A90000000000000000000000000000000000026
:103AA0000000000000000000000000000000000016
:103AB0000000000000000000000000000000000006
:103AC00000000000000000000000000000000000F6
:103AD00000000000000000000000000000000000E6
:103AE00000000000000000000000000000000000D6
:103AF00000000000000000000000000000000000C6
:103B000000000000000000000000000000000000B5
:103B100000000000000000000000000000000000A5
:103B20000000000000000000000000000000000095
:103B30000000000000000000000000000000000085
:103B40000000000000000000000000000000000075
:103B50000000000000000000000000000000000065
:103B60000000000000000000000000000000000055
:103B70000000000000000000000000000000000045
:103B80000000000000000000000000000000000035
:103B90000000000000000000000000000000000025
:103BA0000000000000000000000000000000000015
:103BB0000000000000000000000000000000000005
:103BC00000000000000000000000000000000000F5
:103BD00000000000000000000000000000000000E5
:103BE00000000000000000000000000000000000D5
:103BF00000000000000000000000000000000000C5
:103C000000000000000000000000000000000000B4
:103C100000000000000000000000000000000000A4
:103C20000000000000000000000000000000000094
:103C30000000000000000000000000000000000084
:103C40000000000000000000000000000000000074
:103C50000000000000000000000000000000000064
:103C60000000000000000000000000000000000054
:103C70000000000000000000000000000000000044
:103C80000000000000000000000000000000000034
:103C90000000000000000000000000000000000024
:103CA0000000000000000000000000000000000014
:103CB0000000000000000000000000000000000004
:103CC00000000000000000000000000000000000F4
:103CD00000000000000000000000000000000000E4
:103CE00000000000000000000000000000000000D4
:103CF00000000000000000000000000000000000C4
:103D000000000000000000000000000000000000B3
:103D100000000000000000000000000000000000A3
:103D20000000000000000000000000000000000093
:103D30000000000000000000000000000000000083
:103D40000000000000000000000000000000000073
:103D50000000000000000000000000000000000063
:103D60000000000000000000000000000000000053
:103D70000000000000000000000000000000000043
:103D80000000000000000000000000000000000033
:103D90000000000000000000000000000000000023
:103DA0000000000000000000000000000000000013
:103DB0000000000000000000000000000000000003
:103DC00000000000000000000000000000000000F3
:103DD00000000000000000000000000000000000E3
:103DE00000000000000000000000000000000000D3
:103DF00000000000000000000000000000000000C3
:103E000000000000000000000000000000000000B2
:103E100000000000000000000000000000000000A2
:103E20000000000000000000000000000000000092
:103E30000000000000000000000000000000000082
:103E40000000000000000000000000000000000072
:103E50000000000000000000000000000000000062
:103E60000000000000000000000000000000000052
:103E70000000000000000000000000000000000042
:103E80000000000000000000000000000000000032
:103E90000000000000000000000000000000000022
:103EA0000000000000000000000000000000000012
:103EB0000000000000000000000000000000000002
:103EC00000000000000000000000000000000000F2
:103ED00000000000000000000000000000000000E2
:103EE00000000000000000000000000000000000D2
:103EF00000000000000000000000000000000000C2
:103F000000000000000000000000000000000000B1
:103F100000000000000000000000000000000000A1
:103F20000000000000000000000000000000000091
:103F30000000000000000000000000000000000081
:103F40000000000000000000000000000000000071
:103F50000000000000000000000000000000000061
:103F60000000000000000000000000000000000051
:103F70000000000000000000000000000000000041
:103F80000000000000000000000000000000000031
:103F90000000000000000000000000000000000021
:103FA0000000000000000000000000000000000011
:103FB0000000000000000000000000000000000001
:103FC00000000000000000000000000000000000F1
:103FD00000000000000000000000000000000000E1
:103FE00000000000000000000000000000000000D1
:103FF00000000000000000000000000000000000C1
:1040000000000000000000000000000000000000B0
:1040100000000000000000000000000000000000A0
:104020000000000000000000000000000000000090
:104030000000000000000000000000000000000080
:104040000000000000000000000000000000000070
:104050000000000000000000000000000000000060
:104060000000000000000000000000000000000050
:104070000000000000000000000000000000000040
:104080000000000000000000000000000000000030
:104090000000000000000000000000000000000020
:1040A0000000000000000000000000000000000010
:1040B0000000000000000000000000000000000000
:1040C00000000000000000000000000000000000F0
:1040D00000000000000000000000000000000000E0
:1040E00000000000000000000000000000000000D0
:1040F00000000000000000000000000000000000C0
:1041000000000000000000000000000000000000AF
:10411000000000000000000000000000000000009F
:10412000000000000000000000000000000000008F
:10413000000000000000000000000000000000007F
:10414000000000000000000000000000000000006F
:10415000000000000000000000000000000000005F
:10416000000000000000000000000000000000004F
:10417000000000000000000000000000000000003F
:10418000000000000000000000000000000000002F
:10419000000000000000000000000000000000001F
:1041A000000000000000000000000000000000000F
:1041B00000000000000000000000000000000000FF
:1041C00000000000000000000000000000000000EF
:1041D0000100080DE33F0B000000097E7E00640033
:1041E00065006600610075006C0074003F00A53F2B
:1041F00004007D00A5290B00000008C27E007400A9
:104200007900700065002D00730061001800040043
:104210007300A529080028401700613F09003440B9
:10422000180004006100A5290800324017008A3FE9
:10423000090034401700153E0B0000000ED07E0030
:1042400074007900700065002D006400690073003F
:1042500070006100740063006800180004006400CE
:10426000A52908004F401700113F09006E401800B3
:1042700004007500A529080059401700243F0900D3
:104280006E40180004007800A5290800634017005C
:10429000383F09006E40180004006300A52908009B
:1042A0006D4017004A3F09006E401E400B000000A1
:1042B0000BD87E006600690065006C0064002D006C
:1042C0007400610069006C0004000100080DC60262
:1042D0000D007605080087401700090095408F18EB
:1042E0000C00620061006400200066002D00730075
:1042F0007400720069006E006700A53F04007D0035
:104300001E008F180C00620061006400200066002F
:104310002D0073007400720069006E0067000400D5
:104320000100080D45400B00000006C87E00660035
:10433000690065006C00640004000100080D0400C1
:104340000000D2020C000400FFFFDE020C00C602D7
:104350000D0076050800C74017000900D5408F18EA
:104360000C00620061006400200066002D007300F4
:104370007400720069006E0067000F400800DE40A4
:1043800004000100080D113F09002C41B83FC6028E
:104390000D0076050800E74017000900F5408F186A
:1043A0000C00620061006400200066002D007300B4
:1043B0007400720069006E006700A53F04002E00C3
:1043C000A52908001D4104000100080D040000009B
:1043D000DE020C0004000000EA020C00E33FEA02E7
:1043E0000D00760508000F41170009001D418F18C8
:1043F0000C00620061006400200066002D00730064
:104400007400720069006E006700A53F1800040088
:104410007D00A52908002B41170004000100080DAC
:10442000113F09002C417C400B0000000CCA7E00AB
:104430006500760061006C002D006C006200720067
:1044400061006300650004000100C6020D00BA05AA
:1044500008005841BA020D0004000100CC290F00E9
:1044600004007B00A5290800554104007B004F0D86
:1044700004000200080D09005641B44009005941EA
:10448000B4400B0000000CCA7E006500760061009D
:104490006C002D0072006200720061006300650014
:1044A00004000100C6020D00BA0508008541BA02E9
:1044B0000D0004000100CC290F0004007D00A52997
:1044C0000800824104007D004F0D04000200080D29
:1044D00009008341153E09008641153E0B0000008E
:1044E00005D87E006500760061006C0093291700F6
:1044F000BA020C00C6020C001700150DC6020D0012
:104500000800B541A53F180004007B00A52908005C
:10451000A54117003B410900B341180004007D008C
:10452000A5290800AF41170068410900B3414F0DAC
:1045300004000100080D09009641700D0B000000F9
:1045400044DC7E00720075006E00E00C2D078E4189
:104550000B00B74143F87E0022007C00BD410B00F8
:10456000B32D82444600220031030D000800D941DA
:1045700004002200D20EA40DAA16BD41DE160900C9
:10458000DE4104002200D20EA40D8E410B00D23B6E
:104590000DA045004400490054002D004C00490086
:1045A0004E0045002D004300410050000400A000D3
:1045B0000B00DF410D8A45004400490054002D00E6
:1045C0005200450043002D00530049005A004500A9
:1045D0000400A4000B00F1410F8A4500440049008B
:1045E00054002D004100520045004E0041002D00B6
:1045F000530049005A004500040000200B0003420C
:104600000BAE45004400490054002D005400450005
:10461000580054002D005700040050000B001742B2
:104620000B9045004400490054002D005400450003
:10463000580054002D004800040017000B002742CA
:104640000FAE45004400490054002D0053005400B3
:1046500041005400550053002D0052004F005700F8
:10466000040018000B0037420DAE4500440049001D
:1046700054002D00480045004C0050002D00520011
:104680004F005700040019000B004B420D8A4500F3
:104690004400490054002D004D00530047002D00F8
:1046A0004E004F004E004500040000000B005D422C
:1046B0000E8845004400490054002D004D00530071
:1046C00047002D00530041005600450044000400FF
:1046D00001000B006F420FA4450044004900540044
:1046E0002D004D00530047002D00420055004600AC
:1046F000460045005200040002000B0082420D8E6D
:1047000045004400490054002D004D00530047006F
:104710002D004C004F004E004700040003000B002A
:1047200096420D9C45004400490054002D004D0068
:10473000530047002D004F00500045004E0004007C
:1047400004000B00A8420D884500440049005400B5
:104750002D004D00530047002D0052004500410040
:104760004400040005000B00BA420E8A45004400D4
:10477000490054002D004D00530047002D00570004
:104780005200490054004500040006000B00CC42D2
:104790000CAE45004400490054002D004D0053006C
:1047A00047002D004E0045005700040007000B0095
:1047B000DF420D8A45004400490054002D004D00A1
:1047C000530047002D004E0041004D0045000400FD
:1047D00008000B00F0420EA04500440049005400C0
:1047E0002D004D00530047002D0055004E00530092
:1047F00055005000040009000B00024310A84500BA
:104800004400490054002D0055005300450052005B
:104810002D004F00460046005300450054000400A0
:1048200000010B0015430E8A450044004900540066
:104830002D0050004100540048002D005300490055
:104840005A004500040004010B002A430996450064
:104850004400490054002D004D00410052004B001F
:1048600004000001A4040D00CC290B003D43098A7B
:1048700045004400490054002D004200410053000F
:10488000450004000101A4040D00CC290B004E4397
:10489000098A45004400490054002D0048004500A5
:1048A0005200450004000201A4040D00CC290B00B5
:1048B0005F430AA845004400490054002D004C0005
:1048C00049004D004900540004000301A4040D00F8
:1048D000CC290B007043098A45004400490054006C
:1048E0002D00460052004500450004000401A404C8
:1048F0000D00CC290B008243098845004400490083
:1049000054002D004800450041004400040005010A
:10491000A4040D00CC290B009343099845004400E2
:10492000490054002D005400410049004C0004008F
:104930000601A4040D00CC290B00A44308A44500E3
:104940004400490054002D0043005500520004006B
:104950000701A4040D00CC290B00B54308A04500B5
:104960004400490054002D0054004F005000040042
:104970000801A4040D00CC290B00C5430AA645007C
:104980004400490054002D004C0049004E004500F1
:10499000530004000901A4040D00CC290B00D543E9
:1049A000094645004400490054002D0043005500CD
:1049B0005200230004000A01A4040D00CC290B00BE
:1049C000E743094645004400490054002D005400C7
:1049D0004F005000230004000B01A4040D00CC295B
:1049E0000B00F843089845004400490054002D008E
:1049F00043004F004C0004000C01A4040D00CC291E
:104A00000B000944098C45004400490054002D0066
:104A1000500052004500460004000D01A4040D00A2
:104A2000CC290B0019440D8845004400490054006E
:104A30002D004D004F00440049004600490045004C
:104A4000440004000E01A4040D00CC290B002A44EC
:104A50000BA845004400490054002D0049004E00B9
:104A6000530045005200540004000F01A4040D003F
:104A7000CC290B003F440C8E4500440049005400F3
:104A80002D00520055004E004E0049004E004700D8
:104A900004001001A4040D00CC290B005244088E20
:104AA00045004400490054002D004D0053004700CC
:104AB00004001101A4040D00CC290B0066440D9CD8
:104AC00045004400490054002D00500041005400AE
:104AD00048002D004C0045004E0004001201A404C3
:104AE0000D00CC290B0076440E46450044004900D9
:104AF00054002D0050004100540048002D00420099
:104B000055004600230004001301A4040D00CC2925
:104B10000B008B440D9C45004400490054002D00BF
:104B200043004C00490050002D004C0045004E0051
:104B300004001401A4040D00CC290B00A1440E466E
:104B400045004400490054002D0043004C0049003A
:104B500050002D00420055004600230004001501BE
:104B6000A4040D00CC290B00B64403624500540098
:104B7000310004001601A4040D00CC290B00CC4424
:104B8000036445005400320004001701A4040D0022
:104B9000CC290B00D74403664500540033000400C1
:104BA0001801A4040D00CC290B00E2440368450061
:104BB0005400340004001901A4040D00CC290B009A
:104BC000ED440EA845004400490054002D004C005F
:104BD00049004E0045002D004E004500580054008D
:104BE0000B00F8440EAC45004400490054002D0071
:104BF0004C0049004E0045002D0050005200450079
:104C0000560024000B0009450D9C45004400490056
:104C100054002D004C0049004E0045002D004C0072
:104C200045004E0004000200CC290B001B450FA6D6
:104C300045004400490054002D004C0049004E003E
:104C400045002D0046004C00410047005300040081
:104C50000300CC290B002E450EA845004400490056
:104C600054002D004C0049004E0045002D0054001A
:104C700045005800540004000400CC290B004345B3
:104C80000E8045004400490054002D004C004900AE
:104C90004E0045002D004C0045004E0040002A45C6
:104CA0000D000B0057450E424500440049005400DA
:104CB0002D004C0049004E0045002D004C004500E1
:104CC0004E0021002A450C000B006A450EA4450049
:104CD0004400490054002D004C0049004E0045009E
:104CE0002D00410044004400520019005345CC29D6
:104CF0000B007D450D8C45004400490054002D00FB
:104D000050004100540048002D004200550046006C
:104D10009B440D000B0091450D8C4500440049005B
:104D200054002D0043004C00490050002D0042006B
:104D300055004600C6440D000B00A3450A48450037
:104D40004400490054002D00500041005400480028
:104D50002400A04585440D000B00B5450A424500DE
:104D60004400490054002D00500041005400480008
:104D70002100180085440C00A0451900C3070B0052
:104D8000C545094245004400490054002D004D002E
:104D900053004700210070440C000B00D8450C9CC8
:104DA00045004400490054002D00430055005200C6
:104DB0002D004C0045004E00BF430D0067450B0021
:104DC000E6450DA445004400490054002D00430071
:104DD000550052002D004100440044005200BF43E2
:104DE0000D0053450B00F8450FA84500440049004D
:104DF00054002D004C0049004E0045002D0043009A
:104E00004F0055004E005400E1430D000B000B46CF
:104E1000094245004400490054002D0043004F0062
:104E20004C002100180013440C0024440C000B001B
:104E30001F460F8A45004400490054002D004300DE
:104E40004C004500410052002D004C0049004E002E
:104E50004500040000001A002A450C0017000B0052
:104E600030460886450044002D0041004C004C00AF
:104E70004F0043008D430D00760508005D46180085
:104E80000D008D430C00090071466A430D001800A7
:104E90000042CC297C430D001900BA0508006C467D
:104EA0001700040000000B0018000042CC296A43E0
:104EB0000C001800040000001A000C001900170074
:104EC000180019450400000019000C0018002A45BC
:104ED0000400000019000C0018003F450400000009
:104EE00019000C000B0048460E8A4500440049009A
:104EF00054002D0046005200450045002D004C0096
:104F000049004E0045008D430D001A000C008D43F2
:104F10000C000B008B460FA44500440049005400D0
:104F20002D004C0049004E004B002D004100460072
:104F3000540045005200D1440C00DC440C00D14424
:104F40000D000D00DC440D000C00D1440D00DC44CC
:104F50000D0019450C00DC440D000D00760508001D
:104F6000D046DC440D00190019450C000900D44658
:104F7000D1440D00AF430C00D1440D00DC440D00C2
:104F80000C000B00A2460B9645004400490054005B
:104F90002D0055004E004C0049004E004B001800FB
:104FA0000D00D1440C00180019450D00DC440C0024
:104FB000DC440D000800FB46D1440D00DC440D002C
:104FC0000C000900FF46D1440D009E430C00D14463
:104FD0000D0008000B47DC440D00D1440D001945BD
:104FE0000C0009000F47DC440D00AF430C000B0020
:104FF000DA4611A445004400490054002D00520037
:1050000045005300450054002D0042005500460065
:10501000460045005200040000008D430C00594337
:105020000D006A430C000400000039440C00040029
:10503000000070440C000400000013440C00040045
:10504000000024440C0004000000B0440C00524650
:1050500018002300080049471700934270440C00D1
:105060000B0018009E430C001800AF430C00180002
:10507000BF430C001800CF430C00170004000100D0
:10508000E1430C0004000100F2430C0004000100A5
:1050900003440C000B00104709A8450044004900D8
:1050A00054002D0049004E0049005400A5030D0096
:1050B00048430C00A5030D0018009B440C003A4324
:1050C000CC291800C6440C00EE41CC2918005943E5
:1050D0000C0018006A430C001442CC297C430C00DD
:1050E0007C430D00A5030C00040001004C440C009F
:1050F0006C4270440C000400000085440C002347FF
:105100000B006347098A45004400490054002D0004
:1051100044004F004E00450048430D00A5030C001D
:105120009B2E772E0B0099470D9C450044004900AB
:1051300054002D005400520049004D002D004C0039
:1051400045004E0018006745D1440C00D1440D00C5
:105150000800DA4718005345D1440D002500CC293A
:105160000F00CB06A5290800D447D1440D00250027
:10517000D1440C000900D8471700D1440D000B00A2
:105180000900BE471700040000000B00AB470FA446
:1051900045004400490054002D00450058005400CB
:1051A00045004E0044002D004300550052001800F9
:1051B000EE41B8290800FB471700A54270440C00D7
:1051C000040000000B001800F445BF290800044843
:1051D00017000400FFFF0B001800D1440C00F44539
:1051E000DC440C00BF430D005345DC440D00CC29CA
:1051F000D1440D00DC440D00A029CB06E407D144C6
:105200000D00BF430D002A450C0017000400FFFFEE
:105210000B00DE47138A45004400490054002D006E
:1052200045004E0053005500520045002D00560029
:1052300049005300490042004C004500F2430D0074
:1052400003440D00CA0508004A48CF430D00194524
:105250000D00CF430C0003440D00250003440C0057
:1052600009003648F2430D0003440D003442CC29B6
:10527000C62908005F48CF430D000D00CF430C0046
:1052800003440D00240003440C0009004A480B00AD
:1052900021480CA045004400490054002D004D0059
:1052A0004F00560045002D0055005000BF430D0033
:1052B00019450D00760508008148BF430C00F243F4
:1052C0000D002500F2430C0024440D0013440C0093
:1052D00036480B0060480E9C4500440049005400CD
:1052E0002D004D004F00560045002D0044004F009A
:1052F00057004E00BF430D000D0076050800A4487E
:10530000BF430C00F2430D002400F2430C00244480
:105310000D0013440C0036480B0082480EA84500CF
:105320004400490054002D004D004F005600450038
:105330002D004C0045004600540013440D000800A9
:10534000C24813440D00250013440C0013440D0003
:1053500024440C000B00A5480FA845004400490058
:1053600054002D004D004F00560045002D00520006
:10537000490047004800540013440D002400180061
:1053800013440C0024440C000B00C3480E8A450053
:105390004400490054002D004D004F0056004500C8
:1053A0002D0048004F004D004500040000002A4633
:1053B0000B00DD480D8845004400490054002D00D5
:1053C0004D004F00560045002D0045004E004400A2
:1053D000F4452A460B00F1480CA045004400490062
:1053E00054002D0050004100470045002D0055009D
:1053F000500004000000D1440C00D1440D003442A0
:10540000CA05080023496E48D1440D002400D14448
:105410000C00090015490B0003490E9C450044008F
:10542000490054002D0050004100470045002D0068
:1054300044004F0057004E0004000000D1440C000F
:10544000D1440D003442CA05080046499248D1446F
:105450000D002400D1440C00090038490B002449F8
:10546000118845004400490054002D0053004500B8
:1054700054002D004D004F004400490046004900F3
:10548000450044000400FFFF39440C006C427044A6
:105490000C000B00474913A4450044004900540088
:1054A0002D004F00560045005200570052004900A1
:1054B000540045002D0043004800410052001344B1
:1054C0000D002400EF4723000800804917000B005F
:1054D00013440D00BF430D008D450E0013440D0015
:1054E00024002A465A490B00624910A44500440092
:1054F000490054002D0049004E0053004500520061
:1055000054002D00430048004100520013440D0098
:10551000E7440C00F445F2440C00E7440D00F2446B
:105520000D00C6290800BD49E7440D002400EF47DF
:1055300023000800B54917000B0013440D00BF43BA
:105540000D008D450E000900DA49F2440D002400DB
:10555000EF4723000800C64917000B00E7440D0081
:10556000BF430D008D45180024001900F2440D00C2
:10557000E7440D00A0291A2813440D00BF430D0075
:105580008D450E0013440D0024002A465A490B0095
:105590008C490EA845004400490054002D004A00E3
:1055A0004F0049004E002D004E00450058005400A9
:1055B000BF430D000D00760523000800F9491700D0
:1055C0000B001800D1440C00F445DC440C00D1441D
:1055D0000D006745E7440C00DC440D00E7440D0076
:1055E000CC29EE41B8290800114AA54270440C00AC
:1055F0000B00D1440D005345BF430D005345DC441F
:105600000D00CC29E7440D00C307DC440D00E7443E
:105610000D00CC29BF430D002A450C00D1440D00DC
:10562000E746D1440D009B46E1430D002500E143D0
:105630000C005A490B00E04910A445004400490001
:1056400054002D00440045004C0045005400450026
:105650002D00430048004100520013440D00D14486
:105660000C00F445DC440C00D1440D00DC440D007A
:10567000CA0508006E4ABF430D00D1440D00240046
:105680008D45BF430D00D1440D008D45DC440D0018
:10569000D1440D00A0292500C307DC440D002500DE
:1056A000BF430D002A450C005A490B00D1440D00A0
:1056B000DC440D00A5290800764AF0490B00334A66
:1056C0000F8A45004400490054002D00530050004B
:1056D0004C00490054002D004C0049004E0045008C
:1056E0005246180023000800924A17009342704463
:1056F0000C000B001800D1440C00BF430D00DC442B
:105700000C0013440D00E7440C00DC440D00674519
:10571000F2440C00E7440D00F2440D00CA050800F5
:10572000C64AF2440D00E7440D00A0291800D144F8
:105730000D002A450C00DC440D005345E7440D00E4
:10574000CC29D1440D0053458105C307E7440D0022
:10575000DC440D002A450C000900CC4A040000007E
:10576000D1440D002A450C00D1440D00DC440D004D
:10577000B346E1430D002400E1430C00D1440D0089
:10578000BF430C00F2430D002400F2430C00040060
:1057900000002A4636485A490B00774A0E8A4500CF
:1057A0004400490054002D004200410043004B00DA
:1057B0005300500041004300450013440D002300F6
:1057C0000800124BBF430D0019450D007605080077
:1057D000114B18006745D1440C00BF430C00F24345
:1057E0000D002500F2430C00D1440D002A46F0497B
:1057F00036480B0013440D002500180013440C001C
:1058000024440C0013440D00F445C6290800214B24
:105810000B00454A0B00E54A108A45004400490048
:1058200054002D00440045004C0045005400450044
:105830002D004C0049004E004500E1430D000400DE
:105840000100A5290800444BBF430D004146040058
:1058500000002A465A490B00BF430D00D1440C00FA
:10586000D1440D000D0076050800534B1800BF43CE
:105870000C0009005F4BD1440D0019450D001800C4
:10588000BF430C00F2430D002500F2430C00D1444D
:105890000D00CF430D00A52908006E4BBF430D003E
:1058A000CF430C00F2430D0003440C00D1440D0023
:1058B000E746D1440D009B46E1430D002500E1433E
:1058C0000C00F44513440D00E6052A4636485A49B3
:1058D0000B00234B0E8A45004400490054002D0064
:1058E00043004F00500059002D004C0049004E006D
:1058F0004500BF430D0067451800B0440C00BF438E
:105900000D005345B2458105C3076C4270440C003D
:105910000B00814B0F8A45004400490054002D00C4
:10592000500041005300540045002D004C00490038
:105930004E0045005246180023000800BC4B1700DB
:10594000934270440C000B001800D1440C00B0448A
:105950000D001800D1440D002A450C00B245D14479
:105960000D0053458105C307D1440D00BF430D0011
:10597000B346D1440D00BF430C00E1430D002400A9
:10598000E1430C00F2430D002400F2430C0004003C
:1059900000002A4636485A490B00A14B08AE450084
:1059A0004400490054002D004E0045005700234795
:1059B000ED4270440C000B00E54B098845004400A3
:1059C000490054002D004C004F0041004400D145D7
:1059D0002347C145BF13DD13180008000D4C190003
:1059E0001700B74270440C000B00170014009E43D0
:1059F0000D00DC440C000400FFFFE7440C004D07E1
:105A0000EE4113000714180008002A4C1700170075
:105A100017001200FA131700C94270440C0004006A
:105A200001000B0017000800614CE7440D00230043
:105A30000800504C5246180023000800414C170043
:105A40001200FA131700934270440C000400020085
:105A50000B001800AF430D00B3461800DC440C00E7
:105A6000E1430D002400E1430C0017000900544CF1
:105A700004000000E7440C001800DC440D002A4537
:105A80000C004D07DC440D0053458105C307090098
:105A9000174C17001200FA1317009E430D00BF4366
:105AA0000C009E430D00CF430C0004000100F243A4
:105AB0000C000400010003440C00040000002A460E
:105AC0000400000039440C006C4270440C000400D7
:105AD00000000B00F44B098A4500440049005400C3
:105AE0002D00530041005600450085440D00230061
:105AF0000800984CFF4270440C00040001000B00A9
:105B0000C14563141700C145CF13EC1318000800FA
:105B1000A74C19001700DC4270440C000B00170062
:105B2000F2440C009E430D0018000800CD4C1800F4
:105B3000BA471800DC440C001A005345DC440D0041
:105B4000F2440D00151418000800C94C1700F24467
:105B50000D00FA131700DC4270440C000400010031
:105B60000B0017000D000900AC4C1700F2440D00AB
:105B700054141700F2440D00FA131700040000003B
:105B800039440C007F4270440C00040000000B00FC
:105B9000824C098E45004400490054002D002E001F
:105BA0004D005300470070440D0018007F42A529A6
:105BB0000800FC4C1700FE0C06002000530061009A
:105BC0007600650064000B0018009342A5290800C8
:105BD000114D1700FE0C0C002000420075006600FD
:105BE0006600650072002000660075006C006C00A5
:105BF0000B001800A542A5290800284D1700FE0C2F
:105C00000E0020004C0069006E006500200074004A
:105C10006F006F0020006C006F006E0067000B00CB
:105C20001800B742A52908003D4D1700FE0C0C00D6
:105C300020004F00700065006E00200066006100CB
:105C400069006C00650064000B001800C942A529BA
:105C50000800524D1700FE0C0C0020005200650099
:105C60006100640020006600610069006C0065004E
:105C700064000B001800DC42A5290800684D1700DD
:105C8000FE0C0D00200057007200690074006500D2
:105C900020006600610069006C00650064000B0074
:105CA0001800ED42A52908007C4D1700FE0C0B00E2
:105CB00020004E006500770020006200750066003D
:105CC0006600650072000B001800FF42A52908005D
:105CD000914D1700FE0C0C0020004E006F002000BC
:105CE000660069006C0065006E0061006D00650073
:105CF0000B0018001243A5290800A54D1700FE0C43
:105D00000B0020004E006F007400200069006E0040
:105D100020004D00560050000B0017000B00E04C17
:105D20000DAE45004400490054002D0044005200CF
:105D3000410057002D0052004F005700D1440C0085
:105D4000DC440C0004000100D1440D00FC2D4C2E5D
:105D5000DC440D0076050800E64DDC440D00674587
:105D60002442E605E7440C0004000000F2440C0065
:105D7000F2440D00E7440D00CA050800E64DDC447E
:105D80000D005345F2440D00CC290F00510BF24495
:105D90000D002400F2440C000900D04D0B00A74D6B
:105DA0000EA845004400490054002D004400520054
:105DB000410057002D005400450058005400CF43C7
:105DC0000D00D1440C0004000100DC440C00DC4454
:105DD0000D003442BF2908001A4ED1440D00DC44A6
:105DE0000D00B64DD1440D000800134ED1440D00F6
:105DF0000D00D1440C00DC440D002400DC440C00F8
:105E00000900FF4D0B00E74D10A645004400490076
:105E100054002D0044005200410057002D00530053
:105E200054004100540055005300EB2E04000100C3
:105E30004842FC2D4C2EC145A20B39440D000800F0
:105E40003F4EFE0C020020002A000900434EFE0CCB
:105E5000020020002D00FE0C040020004C006E000B
:105E60002000F2430D00E42DFE0C0500200043004D
:105E70006F006C00200013440D002400E42D4C44FE
:105E80000D000800634EFE0C0400200049004E0087
:105E900053000900694EFE0C040020004F0056001C
:105EA0005200EB4C9B2E0B001B4E0EA045004400F5
:105EB000490054002D0044005200410057002D00BD
:105EC000480045004C005000040001005A42FC2DDF
:105ED0004C2E9B2EFE0C010031004630CD2DD730CC
:105EE000B82DFE0C0600200020002000200020001D
:105EF00020009B2EFE0C010032004630CD2DD73005
:105F0000B82DFE0C060053006100760065002000ED
:105F100020009B2EFE0C010033004630CD2DD730E3
:105F2000B82DFE0C060020002000200020002000DC
:105F300020009B2EFE0C010034004630CD2DD730C2
:105F4000B82DFE0C06004E006500770020002000F2
:105F500020009B2EFE0C010035004630CD2DD730A1
:105F6000B82DFE0C060043006F0070007900200081
:105F700020009B2EFE0C010036004630CD2DD73080
:105F8000B82DFE0C0600200020002000200020007C
:105F900020009B2EFE0C010037004630CD2DD7305F
:105FA000B82DFE0C060050006100730074006500FF
:105FB00020009B2EFE0C010038004630CD2DD7303E
:105FC000B82DFE0C0600440065006C004C006E000D
:105FD00020009B2EFE0C010039004630CD2DD7301D
:105FE000B82DFE0C0600200020002000200020001C
:105FF00020009B2EFE0C0200310030004630CD2DDB
:10600000D730B82DFE0C06004500780069007400FA
:10601000200020009B2E0B006C4E11A44500440074
:10602000490054002D0050004C0041004300450041
:106030002D0043005500520053004F005200F24320
:106040000D0003440D00A029240004000100DA051E
:106050003442E605D1440C0013440D002400040032
:106060000100DA052442E605DC440C00DC440D00A6
:10607000D1440D00FC2D0B00244F0BAE4500440015
:10608000490054002D0052004500440052004100D8
:1060900057008B2E3D2E0C2EF74D2D4E7C4E374F3C
:1060A000772E0B00544F158A4500440049005400D8
:1060B0002D00480041004E0044004C0045002D00DA
:1060C0005000520049004E005400410042004C0074
:1060D000450018000400200004007F00F6050800B9
:1060E000924F4C440D000800904F9E490900914F7B
:1060F00077490B0017000B006A4F10A445004400BD
:10610000490054002D00480041004E0044004C005E
:1061100045002D00430048004100520018000400D3
:106120000800A5290800AF4F1700F54A0B0018001A
:1061300004007F00A5290800B84F1700F54A0B009E
:10614000180004000D00A5290800C14F1700884A57
:106150000B00180004000A00A5290800CA4F170008
:10616000884A0B00180004000900A5290800D64F32
:106170001700CB06814FCB06814F0B00814F0B00E0
:10618000944F10B245004400490054002D004800CF
:1061900041004E0044004C0045002D0045004B00DE
:1061A000450059001800600AA5290800F24F1700A1
:1061B000B5480B0018006E0AA5290800FA4F170011
:1061C000D4480B001800460AA52908000250170001
:1061D0006E480B001800530AA52908000A50170042
:1061E00092480B0018007B0AA529080012501700DE
:1061F000ED480B001800870AA52908001A5017005F
:1062000000490B001800940AA52908002250170025
:1062100011490B001800A10AA52908002A501700EF
:1062200034490B001800CB0AA5290800325017008A
:10623000F54A0B001800B90AA52908003A501700C2
:10624000454A0B001800D90AA5290800425017003A
:10625000884A0B001800AD0AA52908004E50170007
:106260004C440D0023004C440C000B001800EF0AB6
:10627000A5290800575017008D4C17000B00180077
:10628000050BA52908005F501700EF4B0B00180005
:10629000100BA529080067501700914B0B00180040
:1062A000260BA52908006F501700B24B0B001800F1
:1062B000310BA529080077501700354B0B0018004B
:1062C000480BA52908008250170004000000604414
:1062D0000C000B001700124370440C000B00D84F49
:1062E0000FA845004400490054002D00570041000C
:1062F000490054002D0049004E0050005500540044
:10630000190A08009D50EA4F0B00F6090800A25038
:10631000A64F0B00090098500B008750089C4500C1
:106320004400490054002D00520055004E00040066
:10633000FFFF60440C0060440D000800BB50614F3B
:1063400098500900B3509B2E772E3D2E0C2E0B003B
:10635000A55004A845004400490054006E47932905
:10636000FF4B18000800CE50A4470B001700AF5099
:10637000A447040000000B00622F08A84E0045004F
:1063800057002D0045004400490054006E47D14598
:10639000EF4BAF50A4470B000000000000000000CE
:1063A00000000000000000000000000000000000ED
:1063B00000000000000000000000000000000000DD
:1063C00000000000000000000000000000000000CD
:1063D00000000000000000000000000000000000BD
:1063E00000000000000000000000000000000000AD
:1063F000000000000000000000000000000000009D
:10640000000000000000000000000000000000008C
:10641000000000000000000000000000000000007C
:10642000000000000000000000000000000000006C
:10643000000000000000000000000000000000005C
:10644000000000000000000000000000000000004C
:10645000000000000000000000000000000000003C
:10646000000000000000000000000000000000002C
:10647000000000000000000000000000000000001C
:10648000000000000000000000000000000000000C
:1064900000000000000000000000000000000000FC
:1064A00000000000000000000000000000000000EC
:1064B00000000000000000000000000000000000DC
:1064C00000000000000000000000000000000000CC
:1064D00000000000000000000000000000000000BC
:1064E00000000000000000000000000000000000AC
:1064F000000000000000000000000000000000009C
:10650000000000000000000000000000000000008B
:10651000000000000000000000000000000000007B
:10652000000000000000000000000000000000006B
:10653000000000000000000000000000000000005B
:10654000000000000000000000000000000000004B
:10655000000000000000000000000000000000003B
:10656000000000000000000000000000000000002B
:10657000000000000000000000000000000000001B
:10658000000000000000000000000000000000000B
:1065900000000000000000000000000000000000FB
:1065A00000000000000000000000000000000000EB
:1065B00000000000000000000000000000000000DB
:1065C00000000000000000000000000000000000CB
:1065D00000000000000000000000000000000000BB
:1065E00000000000000000000000000000000000AB
:1065F000000000000000000000000000000000009B
:10660000000000000000000000000000000000008A
:10661000000000000000000000000000000000007A
:10662000000000000000000000000000000000006A
:10663000000000000000000000000000000000005A
:10664000000000000000000000000000000000004A
:10665000000000000000000000000000000000003A
:10666000000000000000000000000000000000002A
:10667000000000000000000000000000000000001A
:10668000000000000000000000000000000000000A
:1066900000000000000000000000000000000000FA
:1066A00000000000000000000000000000000000EA
:1066B00000000000000000000000000000000000DA
:1066C00000000000000000000000000000000000CA
:1066D00000000000000000000000000000000000BA
:1066E00000000000000000000000000000000000AA
:1066F000000000000000000000000000000000009A
:106700000000000000000000000000000000000089
:106710000000000000000000000000000000000079
:106720000000000000000000000000000000000069
:106730000000000000000000000000000000000059
:106740000000000000000000000000000000000049
:106750000000000000000000000000000000000039
:106760000000000000000000000000000000000029
:106770000000000000000000000000000000000019
:106780000000000000000000000000000000000009
:1067900000000000000000000000000000000000F9
:1067A00000000000000000000000000000000000E9
:1067B00000000000000000000000000000000000D9
:1067C00000000000000000000000000000000000C9
:1067D00000000000000000000000000000000000B9
:1067E00000000000000000000000000000000000A9
:1067F0000000000000000000000000000000000099
:106800000000000000000000000000000000000088
:106810000000000000000000000000000000000078
:106820000000000000000000000000000000000068
:106830000000000000000000000000000000000058
:106840000000000000000000000000000000000048
:106850000000000000000000000000000000000038
:106860000000000000000000000000000000000028
:106870000000000000000000000000000000000018
:106880000000000000000000000000000000000008
:1068900000000000000000000000000000000000F8
:1068A00000000000000000000000000000000000E8
:1068B00000000000000000000000000000000000D8
:1068C00000000000000000000000000000000000C8
:1068D00000000000000000000000000000000000B8
:1068E00000000000000000000000000000000000A8
:1068F0000000000000000000000000000000000098
:106900000000000000000000000000000000000087
:106910000000000000000000000000000000000077
:106920000000000000000000000000000000000067
:106930000000000000000000000000000000000057
:106940000000000000000000000000000000000047
:106950000000000000000000000000000000000037
:106960000000000000000000000000000000000027
:106970000000000000000000000000000000000017
:106980000000000000000000000000000000000007
:1069900000000000000000000000000000000000F7
:1069A00000000000000000000000000000000000E7
:1069B00000000000000000000000000000000000D7
:1069C00000000000000000000000000000000000C7
:1069D00000000000000000000000000000000000B7
:1069E00000000000000000000000000000000000A7
:1069F0000000000000000000000000000000000097
:106A00000000000000000000000000000000000086
:106A10000000000000000000000000000000000076
:106A20000000000000000000000000000000000066
:106A30000000000000000000000000000000000056
:106A40000000000000000000000000000000000046
:106A50000000000000000000000000000000000036
:106A60000000000000000000000000000000000026
:106A70000000000000000000000000000000000016
:106A80000000000000000000000000000000000006
:106A900000000000000000000000000000000000F6
:106AA00000000000000000000000000000000000E6
:106AB00000000000000000000000000000000000D6
:106AC00000000000000000000000000000000000C6
:106AD00000000000000000000000000000000000B6
:106AE00000000000000000000000000000000000A6
:106AF0000000000000000000000000000000000096
:106B00000000000000000000000000000000000085
:106B10000000000000000000000000000000000075
:106B20000000000000000000000000000000000065
:106B30000000000000000000000000000000000055
:106B40000000000000000000000000000000000045
:106B50000000000000000000000000000000000035
:106B60000000000000000000000000000000000025
:106B70000000000000000000000000000000000015
:106B80000000000000000000000000000000000005
:106B900000000000000000000000000000000000F5
:106BA00000000000000000000000000000000000E5
:106BB00000000000000000000000000000000000D5
:106BC00000000000000000000000000000000000C5
:106BD00000000000000000000000000000000000B5
:106BE00000000000000000000000000000000000A5
:106BF0000000000000000000000000000000000095
:106C00000000000000000000000000000000000084
:106C10000000000000000000000000000000000074
:106C20000000000000000000000000000000000064
:106C30000000000000000000000000000000000054
:106C40000000000000000000000000000000000044
:106C50000000000000000000000000000000000034
:106C60000000000000000000000000000000000024
:106C70000000000000000000000000000000000014
:106C80000000000000000000000000000000000004
:106C900000000000000000000000000000000000F4
:106CA00000000000000000000000000000000000E4
:106CB00000000000000000000000000000000000D4
:106CC00000000000000000000000000000000000C4
:106CD00000000000000000000000000000000000B4
:106CE00000000000000000000000000000000000A4
:106CF0000000000000000000000000000000000094
:106D00000000000000000000000000000000000083
:106D10000000000000000000000000000000000073
:106D20000000000000000000000000000000000063
:106D30000000000000000000000000000000000053
:106D40000000000000000000000000000000000043
:106D50000000000000000000000000000000000033
:106D60000000000000000000000000000000000023
:106D70000000000000000000000000000000000013
:106D80000000000000000000000000000000000003
:106D900000000000000000000000000000000000F3
:106DA00000000000000000000000000000000000E3
:106DB00000000000000000000000000000000000D3
:106DC00000000000000000000000000000000000C3
:106DD00000000000000000000000000000000000B3
:106DE00000000000000000000000000000000000A3
:106DF0000000000000000000000000000000000093
:106E00000000000000000000000000000000000082
:106E10000000000000000000000000000000000072
:106E20000000000000000000000000000000000062
:106E30000000000000000000000000000000000052
:106E40000000000000000000000000000000000042
:106E50000000000000000000000000000000000032
:106E60000000000000000000000000000000000022
:106E70000000000000000000000000000000000012
:106E80000000000000000000000000000000000002
:106E900000000000000000000000000000000000F2
:106EA00000000000000000000000000000000000E2
:106EB00000000000000000000000000000000000D2
:106EC00000000000000000000000000000000000C2
:106ED00000000000000000000000000000000000B2
:106EE00000000000000000000000000000000000A2
:106EF0000000000000000000000000000000000092
:106F00000000000000000000000000000000000081
:106F10000000000000000000000000000000000071
:106F20000000000000000000000000000000000061
:106F30000000000000000000000000000000000051
:106F40000000000000000000000000000000000041
:106F50000000000000000000000000000000000031
:106F60000000000000000000000000000000000021
:106F70000000000000000000000000000000000011
:106F80000000000000000000000000000000000001
:106F900000000000000000000000000000000000F1
:106FA00000000000000000000000000000000000E1
:106FB00000000000000000000000000000000000D1
:106FC00000000000000000000000000000000000C1
:106FD00000000000000000000000000000000000B1
:106FE00000000000000000000000000000000000A1
:106FF0000000000000000000000000000000000091
:107000000000000000000000000000000000000080
:107010000000000000000000000000000000000070
:107020000000000000000000000000000000000060
:107030000000000000000000000000000000000050
:107040000000000000000000000000000000000040
:107050000000000000000000000000000000000030
:107060000000000000000000000000000000000020
:107070000000000000000000000000000000000010
:107080000000000000000000000000000000000000
:1070900000000000000000000000000000000000F0
:1070A00000000000000000000000000000000000E0
:1070B00000000000000000000000000000000000D0
:1070C00000000000000000000000000000000000C0
:1070D00000000000000000000000000000000000B0
:1070E00000000000000000000000000000000000A0
:1070F0000000000000000000000000000000000090
:10710000000000000000000000000000000000007F
:10711000000000000000000000000000000000006F
:10712000000000000000000000000000000000005F
:10713000000000000000000000000000000000004F
:10714000000000000000000000000000000000003F
:10715000000000000000000000000000000000002F
:10716000000000000000000000000000000000001F
:10717000000000000000000000000000000000000F
:1071800000000000000000000000000000000000FF
:1071900000000000000000000000000000000000EF
:1071A00000000000000000000000000000000000DF
:1071B00000000000000000000000000000000000CF
:1071C00000000000000000000000000000000000BF
:1071D00000000000000000000000000000000000AF
:1071E000000000000000000000000000000000009F
:1071F000000000000000000000000000000000008F
:10720000000000000000000000000000000000007E
:10721000000000000000000000000000000000006E
:10722000000000000000000000000000000000005E
:10723000000000000000000000000000000000004E
:10724000000000000000000000000000000000003E
:10725000000000000000000000000000000000002E
:10726000000000000000000000000000000000001E
:10727000000000000000000000000000000000000E
:1072800000000000000000000000000000000000FE
:1072900000000000000000000000000000000000EE
:1072A00000000000000000000000000000000000DE
:1072B00000000000000000000000000000000000CE
:1072C00000000000000000000000000000000000BE
:1072D00000000000000000000000000000000000AE
:1072E000000000000000000000000000000000009E
:1072F000000000000000000000000000000000008E
:10730000000000000000000000000000000000007D
:10731000000000000000000000000000000000006D
:10732000000000000000000000000000000000005D
:10733000000000000000000000000000000000004D
:10734000000000000000000000000000000000003D
:10735000000000000000000000000000000000002D
:10736000000000000000000000000000000000001D
:10737000000000000000000000000000000000000D
:1073800000000000000000000000000000000000FD
:1073900000000000000000000000000000000000ED
:1073A00000000000000000000000000000000000DD
:1073B00000000000000000000000000000000000CD
:1073C00000000000000000000000000000000000BD
:1073D00000000000000000000000000000000000AD
:1073E000000000000000000000000000000000009D
:1073F000000000000000000000000000000000008D
:10740000000000000000000000000000000000007C
:10741000000000000000000000000000000000006C
:10742000000000000000000000000000000000005C
:10743000000000000000000000000000000000004C
:10744000000000000000000000000000000000003C
:10745000000000000000000000000000000000002C
:10746000000000000000000000000000000000001C
:10747000000000000000000000000000000000000C
:1074800000000000000000000000000000000000FC
:1074900000000000000000000000000000000000EC
:1074A00000000000000000000000000000000000DC
:1074B00000000000000000000000000000000000CC
:1074C00000000000000000000000000000000000BC
:1074D00000000000000000000000000000000000AC
:1074E000000000000000000000000000000000009C
:1074F000000000000000000000000000000000008C
:10750000000000000000000000000000000000007B
:10751000000000000000000000000000000000006B
:10752000000000000000000000000000000000005B
:10753000000000000000000000000000000000004B
:10754000000000000000000000000000000000003B
:10755000000000000000000000000000000000002B
:10756000000000000000000000000000000000001B
:10757000000000000000000000000000000000000B
:1075800000000000000000000000000000000000FB
:1075900000000000000000000000000000000000EB
:1075A00000000000000000000000000000000000DB
:1075B00000000000000000000000000000000000CB
:1075C00000000000000000000000000000000000BB
:1075D00000000000000000000000000000000000AB
:1075E000000000000000000000000000000000009B
:1075F000000000000000000000000000000000008B
:10760000000000000000000000000000000000007A
:10761000000000000000000000000000000000006A
:10762000000000000000000000000000000000005A
:10763000000000000000000000000000000000004A
:10764000000000000000000000000000000000003A
:10765000000000000000000000000000000000002A
:10766000000000000000000000000000000000001A
:10767000000000000000000000000000000000000A
:1076800000000000000000000000000000000000FA
:1076900000000000000000000000000000000000EA
:1076A00000000000000000000000000000000000DA
:1076B00000000000000000000000000000000000CA
:1076C00000000000000000000000000000000000BA
:1076D00000000000000000000000000000000000AA
:1076E000000000000000000000000000000000009A
:1076F000000000000000000000000000000000008A
:107700000000000000000000000000000000000079
:107710000000000000000000000000000000000069
:107720000000000000000000000000000000000059
:107730000000000000000000000000000000000049
:107740000000000000000000000000000000000039
:107750000000000000000000000000000000000029
:107760000000000000000000000000000000000019
:107770000000000000000000000000000000000009
:1077800000000000000000000000000000000000F9
:1077900000000000000000000000000000000000E9
:1077A00000000000000000000000000000000000D9
:1077B00000000000000000000000000000000000C9
:1077C00000000000000000000000000000000000B9
:1077D00000000000000000000000000000000000A9
:1077E0000000000000000000000000000000000099
:1077F0000000000000000000000000000000000089
:107800000000000000000000000000000000000078
:107810000000000000000000000000000000000068
:107820000000000000000000000000000000000058
:107830000000000000000000000000000000000048
:107840000000000000000000000000000000000038
:107850000000000000000000000000000000000028
:107860000000000000000000000000000000000018
:107870000000000000000000000000000000000008
:1078800000000000000000000000000000000000F8
:1078900000000000000000000000000000000000E8
:1078A00000000000000000000000000000000000D8
:1078B00000000000000000000000000000000000C8
:1078C00000000000000000000000000000000000B8
:1078D00000000000000000000000000000000000A8
:1078E0000000000000000000000000000000000098
:1078F0000000000000000000000000000000000088
:107900000000000000000000000000000000000077
:107910000000000000000000000000000000000067
:107920000000000000000000000000000000000057
:107930000000000000000000000000000000000047
:107940000000000000000000000000000000000037
:107950000000000000000000000000000000000027
:107960000000000000000000000000000000000017
:107970000000000000000000000000000000000007
:1079800000000000000000000000000000000000F7
:1079900000000000000000000000000000000000E7
:1079A00000000000000000000000000000000000D7
:1079B00000000000000000000000000000000000C7
:1079C00000000000000000000000000000000000B7
:1079D00000000000000000000000000000000000A7
:1079E0000000000000000000000000000000000097
:1079F0000000000000000000000000000000000087
:107A00000000000000000000000000000000000076
:107A10000000000000000000000000000000000066
:107A20000000000000000000000000000000000056
:107A30000000000000000000000000000000000046
:107A40000000000000000000000000000000000036
:107A50000000000000000000000000000000000026
:107A60000000000000000000000000000000000016
:107A70000000000000000000000000000000000006
:107A800000000000000000000000000000000000F6
:107A900000000000000000000000000000000000E6
:107AA00000000000000000000000000000000000D6
:107AB00000000000000000000000000000000000C6
:107AC00000000000000000000000000000000000B6
:107AD00000000000000000000000000000000000A6
:107AE0000000000000000000000000000000000096
:107AF0000000000000000000000000000000000086
:107B00000000000000000000000000000000000075
:107B10000000000000000000000000000000000065
:107B20000000000000000000000000000000000055
:107B30000000000000000000000000000000000045
:107B40000000000000000000000000000000000035
:107B50000000000000000000000000000000000025
:107B60000000000000000000000000000000000015
:107B70000000000000000000000000000000000005
:107B800000000000000000000000000000000000F5
:107B900000000000000000000000000000000000E5
:107BA00000000000000000000000000000000000D5
:107BB00000000000000000000000000000000000C5
:107BC00000000000000000000000000000000000B5
:107BD00000000000000000000000000000000000A5
:107BE0000000000000000000000000000000000095
:107BF0000000000000000000000000000000000085
:107C00000000000000000000000000000000000074
:107C10000000000000000000000000000000000064
:107C20000000000000000000000000000000000054
:107C30000000000000000000000000000000000044
:107C40000000000000000000000000000000000034
:107C50000000000000000000000000000000000024
:107C60000000000000000000000000000000000014
:107C70000000000000000000000000000000000004
:107C800000000000000000000000000000000000F4
:107C900000000000000000000000000000000000E4
:107CA00000000000000000000000000000000000D4
:107CB00000000000000000000000000000000000C4
:107CC00000000000000000000000000000000000B4
:107CD00000000000000000000000000000000000A4
:107CE0000000000000000000000000000000000094
:107CF0000000000000000000000000000000000084
:107D00000000000000000000000000000000000073
:107D10000000000000000000000000000000000063
:107D20000000000000000000000000000000000053
:107D30000000000000000000000000000000000043
:107D40000000000000000000000000000000000033
:107D50000000000000000000000000000000000023
:107D60000000000000000000000000000000000013
:107D70000000000000000000000000000000000003
:107D800000000000000000000000000000000000F3
:107D900000000000000000000000000000000000E3
:107DA00000000000000000000000000000000000D3
:107DB00000000000000000000000000000000000C3
:107DC00000000000000000000000000000000000B3
:107DD00000000000000000000000000000000000A3
:107DE0000000000000000000000000000000000093
:107DF0000000000000000000000000000000000083
:107E00000000000000000000000000000000000072
:107E10000000000000000000000000000000000062
:107E20000000000000000000000000000000000052
:107E30000000000000000000000000000000000042
:107E40000000000000000000000000000000000032
:107E50000000000000000000000000000000000022
:107E60000000000000000000000000000000000012
:107E70000000000000000000000000000000000002
:107E800000000000000000000000000000000000F2
:107E900000000000000000000000000000000000E2
:107EA00000000000000000000000000000000000D2
:107EB00000000000000000000000000000000000C2
:107EC00000000000000000000000000000000000B2
:107ED00000000000000000000000000000000000A2
:107EE0000000000000000000000000000000000092
:107EF0000000000000000000000000000000000082
:107F00000000000000000000000000000000000071
:107F10000000000000000000000000000000000061
:107F20000000000000000000000000000000000051
:107F30000000000000000000000000000000000041
:107F40000000000000000000000000000000000031
:107F50000000000000000000000000000000000021
:107F60000000000000000000000000000000000011
:107F70000000000000000000000000000000000001
:107F800000000000000000000000000000000000F1
:107F900000000000000000000000000000000000E1
:107FA00000000000000000000000000000000000D1
:107FB00000000000000000000000000000000000C1
:107FC00000000000000000000000000000000000B1
:107FD00000000000000000000000000000000000A1
:107FE0000000000000000000000000000000000091
:107FF0000000000000000000000000000000000081
:108000000000000000000000000000000000000070
:108010000000000000000000000000000000000060
:108020000000000000000000000000000000000050
:108030000000000000000000000000000000000040
:108040000000000000000000000000000000000030
:108050000000000000000000000000000000000020
:108060000000000000000000000000000000000010
:108070000000000000000000000000000000000000
:1080800000000000000000000000000000000000F0
:1080900000000000000000000000000000000000E0
:1080A00000000000000000000000000000000000D0
:1080B00000000000000000000000000000000000C0
:1080C00000000000000000000000000000000000B0
:1080D00000000000000000000000000000000000A0
:1080E0000000000000000000000000000000000090
:1080F0000000000000000000000000000000000080
:10810000000000000000000000000000000000006F
:10811000000000000000000000000000000000005F
:10812000000000000000000000000000000000004F
:10813000000000000000000000000000000000003F
:10814000000000000000000000000000000000002F
:10815000000000000000000000000000000000001F
:10816000000000000000000000000000000000000F
:1081700000000000000000000000000000000000FF
:1081800000000000000000000000000000000000EF
:1081900000000000000000000000000000000000DF
:1081A00000000000000000000000000000000000CF
:1081B00000000000000000000000000000000000BF
:1081C00000000000000000000000000000000000AF
:1081D0001F00000003003C003C00340020000000B1
:1081E00003003C003C0038002100000003003C007C
:1081F0003C00390022000000020030003D00230056
:108200000000020031002B002400000002003100B9
:108210002D0025000000020032002B002600000087
:10822000020032002D0027000000050048004F002A
:10823000500045004E0028000000070048004300A1
:10824000520045004100540045002900000006008E
:10825000480043004C004F00530045002A00000036
:108260000700480052004500410044004C004E0009
:108270002B0000000800480057005200490054003D
:1082800045004C004E002C00000005004800530043
:10829000450045004B002D0000000500480054003B
:1082A00045004C004C002E00000005004800530023
:1082B00049005A0045002F00000006004800460013
:1082C0004C005500530048003000000007004800F3
:1082D000440045004C0045005400450031000000BA
:1082E00007004800520045004E0041004D00450087
:1082F00032000000030055004D002A00330000004A
:1083000003004E004F0054003500000003005300EE
:10831000550042003600000006004E0045004700B0
:1083200041005400450037000000030049004E00A2
:1083300043003800000003004400450043003900BA
:10834000000004005A00450052004F003A000000AF
:10835000020055002B003B000000020032002A0002
:108360003C00000000000000457E50005200490023
:108370004D003F001800A2020C001800B0060F00CC
:10838000EC030C0017000400331F18000F00080056
:108390000B211800B0060F00EC030D001E000800B2
:1083A000EF202D07CC29B006B0060900DD20A2027F
:1083B0000D00190018000F00C10F0800FF20190060
:1083C00017002D07CC29B006B0060900DD201900E2
:1083D00017002D07CC2918000D001900B0060D005C
:1083E0000400FFFF0B001700A2020D0004000000B4
:1083F0000B0003003F0072007800020003007400CD
:10840000780021000300010021000C000100400061
:108410000D000200430021000E0002004300400056
:108420000F00030052005000210010000300520012
:10843000500040001100020052003E0012000200F5
:1084400052004000130002003E00520014000300DE
:10845000530050004000150003005300500021005D
:1084600016000400440052004F00500017000300A3
:10847000440055005000180004005300570041000C
:108480005000190004004F005600450052001A0029
:10849000020030003C001B00030041004E0044007D
:1084A0001C0002004F0052001D00030058004F0046
:1084B00052001E00030055004D002B001F0002005B
:1084C00030003D002300020031002B002400020098
:1084D00031002D002500020032002B002600020092
:1084E00032002D002700050048004F0050004500D5
:1084F0004E0028000700480043005200450041009C
:108500005400450029000600480043004C004F007D
:10851000530045002A000700480052004500410072
:1085200044004C004E002B00080048005700520049
:108530004900540045004C004E002C000500480046
:108540005300450045004B002D0005004800540035
:1085500045004C004C002E00050048005300490027
:108560005A0045002F000600480046004C00550008
:1085700053004800300007004800440045004C000C
:1085800045005400450031000700480052004500F6
:108590004E0041004D0045003200030055004D00E3
:1085A0002A00330003004E004F0054003500030042
:1085B000530055004200360006004E0045004700BB
:1085C0004100540045003700030049004E004300BD
:1085D00038000300440045004300390004005A00FD
:1085E000450052004F003A00020055002B003B00AE
:1085F000020032002A003C0000000000467E4900D4
:108600005000520049004D003F001800A2020C002B
:108610001800B0060F00EC030C0017000400112135
:1086200018000F00080050221800B0060F00EC03DD
:108630000D001E00080039222D07CC29B0060900C4
:10864000282218000F001400A2020D00B0061A0024
:10865000B0061200E60F08004B222D07CC290D00B2
:108660000400FFFF0B002D07CC29B00609002822CB
:108670001700A2020D00040000000B000000488A51
:10868000240043004F004D00500049004C004500BD
:10869000C21208006B22400908006B22040004008B
:1086A0007B297B290B00D71176050800872218004B
:1086B0000D001800040080001C0008007B22170039
:1086C000170014000B00040020001C000800842286
:1086D00017000D007B290B0017007B290B004009B8
:1086E00008008F22040004007B297B290B00AB12B9
:1086F00000004A5849004E00540045005200500006
:108700005200450054002C00C2120800A422400967
:108710000800A42287070B00D71176050800F12274
:1087200018000D00040040001C008F180D002000F0
:1087300063006F006D00700069006C006500200030
:108740006F006E006C0079001A0004005D161E00B8
:108750000800EE221A000400DA291E000800EE22AA
:108760001A00040048241E000800EE221A0004002B
:108770004D251E000800EE221A0004005E251E0092
:108780000800EE221A00040017271E000800EE223F
:1087900018000D00040020001C000800EB22170048
:1087A0000D0075070B00170075070B00170014006C
:1087B0000B00AB12000046985200450056004500E1
:1087C00041004C00C9030D00180014009A0FB006B8
:1087D0000F009B030D00B80F7D0F760508001023D6
:1087E00018000D0013000C00120019000C000B0003
:1087F000120017000B002E17898A49004D004D000A
:108800004500440049004100540045000400800038
:10881000C9030D00B00618000D0081051D001900E8
:108820000C000B000E1E078A500052004900560033
:1088300041005400450004000001C9030D00B006CA
:1088400018000D0081051D0019000C000B008C1E86
:108850000CB243004F004D00500049004C00450051
:108860002D004F004E004C00590004004000C90389
:108870000D00B00618000D0081051D0019000C0048
:108880000B00DE0F06A44D00410052004B004500D6
:10889000520031030D00080088238F1820004D007E
:1088A000410052004B0045005200200063006F0061
:1088B0006D00700069006C0065002D00730074008D
:1088C000610074006500200075006E007300750083
:1088D000700070006F007200740065006400AB12DD
:1088E000C9030D00A2020C003B07AE020C000C0FE6
:1088F000041F7D03D21E7D03B006D21E7D03B00689
:10890000B006D21E8C03D21E8C03B006D21E8C037E
:10891000B006B006D21E8C03B006B006B006D21E5A
:108920008C03B006B006B006B006D21E8C03B006AB
:10893000B006B006B006B006D21E8C03B006B00674
:10894000B006B006B006B006D21E8C03B006B00664
:10895000B006B006B006B006B006D21E8C03B00654
:10896000B006B006B006B006B006B006B006D21E1D
:108970009B03D21E9B03B006D21EA2020D00C903A8
:10898000EE1EAE020D00A503EE1E040004007B29BE
:10899000AE020D007B29040050187B29A5030D00B1
:1089A000501804000B007B29FA220B00FD1606A8C4
:1089B00046004F00520047004500540031030D00AF
:1089C00008001D248F18200046004F005200470069
:1089D00045005400200063006F006D0070006900C6
:1089E0006C0065002D007300740061007400650068
:1089F000200075006E0073007500700070006F003D
:108A00007200740065006400AB120C0F9B030D0034
:108A1000A81176050800412414008D0512001800E5
:108A200004000080BA05080039248F18090070007E
:108A300072006F00740065006300740065006400DC
:108A4000AB12A70F1800A5030C009B030D003418F0
:108A50000B00AB12C91804A4550053004500520086
:108A60000C0F041FAA16AE047B29FA220B0000008B
:108A70000AB256004F0043004100420055004C002E
:108A80004100520059000C0F041F3B070400030073
:108A9000CC291800A2020C001700AA164C05A2024D
:108AA0000D007B2904000B007B29A2020D000400AD
:108AB0000300CC297B29040000007B29040000006E
:108AC0007B29A2020D0004000300CC291800040039
:108AD0005F00901692177D03B0060D00A2020D00F4
:108AE000B0060C00A2020D007D03B0060C00FA22B5
:108AF0000B0056140BA644004500460049004E00EA
:108B00004900540049004F004E0053008C030D00F3
:108B1000B80F9B03B0060C009B03B0069B030C0030
:108B20000B005923068A4D004F00440055004C00AD
:108B3000450031030D000800D8248F1820004D0097
:108B40004F00440055004C004500200063006F00BA
:108B50006D00700069006C0065002D0073007400EA
:108B6000610074006500200075006E0073007500E0
:108B7000700070006F007200740065006400AB123A
:108B8000C3040D00D8040D001D000800EF248F1849
:108B90000D006D006F00640075006C006500200022
:108BA000610063007400690076006500AB12A114D7
:108BB0000400FFFFC3040C0004000000D8040C00F4
:108BC0000B003D1B0A8A45004E0044002D004D005D
:108BD0004F00440055004C00450031030D000800D3
:108BE00030258F18240045004E0044002D004D0014
:108BF0004F00440055004C004500200063006F000A
:108C00006D00700069006C0065002D007300740039
:108C1000610074006500200075006E00730075002F
:108C2000700070006F007200740065006400AB1289
:108C3000C3040D00D8040D001D0008003925CD1512
:108C40000B008F1809006E006F0020006D006F0090
:108C5000640075006C006500AB123F23068A430078
:108C6000520045004100540045000C0F041F040051
:108C700006007B29FA220B004F24088A5600410087
:108C800052004900410042004C0045004D250400BF
:108C900000007B290B000000508A4D004F0044006B
:108CA00055004C0045002D0053004B00490050007A
:108CB0002D004C0049004E0045000C0FD711080054
:108CC0007F25040005251E00080081250B001700E4
:108CD0000B00CD1523130B007D16058A5F00540091
:108CE00059005000450009009925190018000F008F
:108CF000D506510B04000100CC2919000400FFFF28
:108D0000CC29180008009E2509008D258D050B0033
:108D1000DB0C035664006D002B001A0004000400F5
:108D2000EF08740B370014000900B62518000F0077
:108D300004000300EF0804000100CC290700AE2561
:108D4000120017000B00912404A0440055004D00B0
:108D5000500087020D001400B30804001000992988
:108D600037001400BA0B040010009329A5258105D3
:108D7000810504000200990B8B25590B3500080072
:108D8000DF250700CA25120017000900E12512009F
:108D900017001700120087020C000B009E1802A695
:108DA0002E005300BA0BEA067605080008260400D8
:108DB0000100CC29370014000900FD2513003700FD
:108DC00004000100A029F80606090700F625120094
:108DD0001700FE0C040020003C00730070000B0024
:108DE00009000126E625058A2E00420041005300B5
:108DF000450087020D00C1081800060987020C0013
:108E00000B000A26058A2E00460052004500450048
:108E100005020D00A5030D00A029FD080B000000B0
:108E200004A02100430053005000150024030C004F
:108E30000B00D31804A03F0043005300500015005E
:108E400024030D001E008F181100730074006100D0
:108E500063006B002000640065007000740068000F
:108E600020006500720072006F0072000B000000AD
:108E70004E86580054003E004E0041004D00450013
:108E80002D0049004E002D0056004F0043001900F0
:108E9000A2020C00B80F760508008F2604005F00C0
:108EA0003700140018000D009A040C009A040D00FD
:108EB00018000800882618006B0FA2020D001E0083
:108EC00008007F260D009A040C0009006E2617008A
:108ED0009A040D009A0F19001700120017000B00DA
:108EE0001700B00607006A261200170017000400DA
:108EF00000000B000000058A3E004E0041004D00BE
:108F000045007D0318000800AE261A001A005F26EF
:108F100076050800A82619001700190017000B0095
:108F200019001700B0060D0009009A26170004006A
:108F300000000B000000068A50003E004E00410079
:108F40004D0045000400331F18000F000800D02614
:108F500093292D07CC290D001E000800CD262D07D2
:108F6000CC29B006B0060900BC26190017000B007A
:108F7000190017000B00000005A650003E004F002E
:108F8000500053000400331F18000F000800F4269F
:108F900093292D07CC290D001E000800ED262D0772
:108FA000CC29B006B0060900DC26190017002D07F1
:108FB000CC29B0060D000B001900170004000000BA
:108FC0000B00192603882E0049004400760508008E
:108FD00007272D0704001F001C008B250B00FE0C2B
:108FE00008007B006E006F004E0061006D006500A0
:108FF0007D000B006F1C038A5300450045000C0FD9
:10900000D711180008005F271700BA0B18000D00D1
:109010001800A2020C00180004000002BA050800A3
:109020002C27BA2609002D27992676050800342713
:10903000740BFE2609003527FD08A2020D0004006E
:109040000002BA0508005927A2020D0004000B0017
:109050001E0008005D27A2020D00DA267605080032
:1090600059271700590B08004F2709005D27B00644
:1090700018000D00FD08B006590B08001E27090056
:109080005D27B006590B08001E2717000B00AB1216
:10909000741705A657004F00520044005300BA0B46
:1090A0008C030D00B80F76050800B02704005F00A0
:1090B0003700140018000D009A040C009A040D00EB
:1090C00018000800A9279A0F18000D00040040009E
:1090D0001C0008008B2717009A040D000D009A044D
:1090E0000C000900762718000D00040000011C0088
:1090F00008009A2717009A040D000D009A040C002E
:10910000090076271800740BFE2617009A040D003C
:109110000D009A040C00590B080076271700170061
:109120000B001700B0060700722712001700170087
:109130000B00542503A4560045005200040000040F
:109140000B00000002D268006900BA0BFE0C14008C
:109150005000440052002D00310036002F0058000E
:109160005400200046006F00720074006800200068
:10917000760034002E003000BA0BFE0C1F00640095
:1091800065007200690076006500640020006600DA
:1091900072006F006D002000650046006F007200D5
:1091A00074006800200062007900200043002E0057
:1091B00048002E00540069006E006700BA0B0B00D7
:1091C000F92405B245004D00500054005900040038
:1091D0000080A5030C000400D450C9030C00040057
:1091E00000007D03B0060C000400008050186A05E2
:1091F0009E240B004525067C43004D004F00560081
:1092000045003E0018000800332814001A0013001F
:10921000CC2904000100A0291A001300CC29040065
:109220000100A0290F0019000E0012000400FFFF2A
:10923000CC2909001A2817008D050B00A924048ADF
:109240004D004F0056004500932917001900BA053C
:1092500008004428C3070B001A280B0012280488B2
:1092600043004F004C00440004007FF91600040046
:109270007FFE100004000200040080FE040034029F
:10928000C3070400E2FE7D030C00040000007D0320
:10929000B0060C006913BD270400D450C9030C00AC
:1092A0006A059E24231304007FF916001416090092
:1092B0004C28312623F03F007200780002000B009A
:1092C0009D02234274007800210003000B00F82760
:1092D00024A845005800490054000B000B00272625
:1092E000214221000C000B000000218040000D00F5
:1092F0000B0046282242430021000E000B0091285B
:109300002280430040000F000B00A91B23425200A3
:109310005000210010000B009D28238052005000B7
:10932000400011000B00A428227C52003E001200D5
:109330000B00AB2822805200400013000B00C6082F
:1093400022A43E00520014000B0012272380530079
:109350005000400015000B00BD2823425300500070
:10936000210016000B00BB2524A0440052004F0032
:10937000500017000B00CB2823A0440055005000DC
:1093800018000B00C42824A05300570041005000CF
:1093900019000B00D21324A44F00560045005200C0
:1093A0001A000B000000227830003C001B000B006C
:1093B000C81D238841004E0044001C000B00E22819
:1093C00022A44F0052001D000B00000023A45800EF
:1093D0004F0052001E000B004224235655004D0042
:1093E0002B001F000B005D0823683C003C0034008C
:1093F00020000B000B2923703C003C0038002100AA
:109400000B00122923723C003C00390022000B00A3
:10941000EA28227A30003D0023000B00000022568B
:1094200031002B0024000B002629225A31002D0088
:1094300025000B001907225632002B0026000B00D6
:109440003229225A32002D0027000B00081723A8CA
:109450004E004F00540035000B00DA2823845300DF
:109460005500420036000B003E29268A4E0045007A
:10947000470041005400450037000B0013232386AA
:1094800049004E00430038000B00D32823864400D7
:109490004500430039000B000000249E5A0045009F
:1094A00052004F003A000B000429225655002B00B1
:1094B0003B000B003829225432002A003C000B00EC
:1094C000000001582C003B071800B006A5030C0053
:1094D0000C000B00F02803A64100420053001800C6
:1094E0001B0008008C2937000B00722904A03200F1
:1094F0004400550050001A001A000B005806015E87
:109500002F005E06190017000B00F507015A2D0009
:1095100036000B000000017A3D001E000800AB2958
:10952000040000000B000400FFFF0B001929027C5F
:109530003C003E00A52935000B00B728017C3E0009
:109540001900CA050B00AE29027A3C003D00B8297B
:1095500035000B00B529027A3E003D00CA053500F2
:109560000B00000701562B003B000B000000C176EA
:109570003B0004000B007B294D16FA220B00000073
:1095800001743A000C0F041F55160B00972802585F
:1095900043002C003B071800B006A5030C000E008A
:1095A0000B005629099049004D0047002D00570037
:1095B00049004400540048000D000B00E9290AA8A6
:1095C00049004D0047002D00480045004900470074
:1095D00048005400B0060D000B00F629088249002F
:1095E0004D0047002D00440041005400410004009C
:1095F0000200CC290B00052A844449004D00470095
:10960000220068040C0004002200D20E93291900E5
:10961000170068040D000400070075061E0008000E
:109620002A2A410C93295F0C3B0714009329190047
:1096300012008105C307901617000B007F280A8AC5
:1096400045004D00490054002D0049004D004100E7
:10965000470045001800203174040C0018002E311A
:1096600019003B31190018000800592A1900740428
:109670000D00CE0CBA0B190004000100A02909004E
:109680004B2A8D05830C0B00362A038645005300B8
:10969000430004001B00510B0B00DE290392430022
:1096A00053004900612AFE0C01005B000B00000022
:1096B0000A6043004F004C004F0052003E0044003F
:1096C0003100300030000600310031003100300040
:1096D0003200310031003000320032003100300001
:1096E00032003200310031003100310031003000F1
:1096F00032003100310030003200320031003000E1
:1097000032003200320031003100310031003100CE
:1097100032003100310031003200320031003100BE
:1097200032003200320031003100310031003000AF
:1097300031003100310030003100310031003000A3
:109740003100310031003000310031003000300094
:109750003100300030003000310030003000300087
:109760003100300030003000310031003000300076
:109770003100300030003000310030003000300067
:109780003100300030003000310031003000300056
:109790003100300030003000310030003000300047
:1097A0003100300030003000310031003000300036
:1097B0003100300030003000310030003000300027
:1097C0003100300030003000310031003000300016
:1097D0003100300030003000310030003000300007
:1097E00031003000300030003100310030003000F6
:1097F00031003100300030003100310030003000E5
:1098000031003100300030003100310031003000D3
:1098100032003100310030003200320031003000BF
:1098200032003200320031003100310031003000AE
:10983000320031003100300032003200310030009F
:109840003200320031003100300030003000300092
:109850003000300030003000300030003000300088
:109860003000300030003000300030003000300078
:109870003000300030003000300030003000300068
:109880003000300030003000300030003000300058
:109890003000300030003000300030003000300048
:1098A0003000300030003000320032003200320030
:1098B0003200320032003200320032003200320018
:1098C00032003200320032000000096043004F00D5
:1098D0004C004F0052003E004400310030000600B2
:1098E00038003700330038003100360036003800C9
:1098F00031003000360038003100300039003200CD
:1099000038003800330039003200370037003900A2
:1099100032003100370039003200310030003300AE
:109920003800380034003000320038003800300091
:109930003200320038003000320032003200340091
:109940003800350030003600390034003100360070
:10995000390035003100360039003500310037005C
:109960003500310037003200350037003400320056
:109970003500380034003200320038003400330043
:109980003500310037003200350037003400320036
:109990003500380034003200320038003400330023
:1099A0003500310037003300350038003400330013
:1099B0003500380034003300320038003500330001
:1099C00035003100360032003500370033003200F8
:1099D00035003700330032003100370033003200E9
:1099E00034003000360031003400360032003100DF
:1099F00034003600320031003000360032003100D1
:109A000038003400390035003800330039003500A3
:109A10003800330039003500370033003900350095
:109A20003800370033003900310037003600390084
:109A30003100300036003900310030003000320093
:109A40003800370033003800310036003600380067
:109A5000310030003600380031003000390032006B
:109A6000310031003100310031003100310031006E
:109A7000310031003100310031003100310031005E
:109A8000310031003100310031003100310031004E
:109A9000310031003100310031003100310031003E
:109AA000310031003100310031003100310031002E
:109AB000310031003100310031003100310031001E
:109AC00035003500350035003400340034003400F2
:109AD00034003400340033003300330033003300EB
:109AE0000000086243004F004C004F0052003E004F
:109AF00044003100060031003400310038003700E6
:109B000037003000380037003300300038003000B4
:109B100033003600340037003000370034003300A3
:109B20003900320034003300350032003400320096
:109B3000350038003000370036003300300039007F
:109B40003500340030003900370034003000380070
:109B50003700360032003700300037003400330061
:109B60003900320034003300350032003400320056
:109B70003500380030003100340031003800370043
:109B80003700300038003700330030003800300034
:109B9000330036003400320035003200390038001E
:109BA0003900320039003800350032003900320007
:109BB00035003800350032003600330030003900FF
:109BC00030003400300039003700340030003300FA
:109BD00037003100370032003000370034003300E6
:109BE00034003200340033003500320034003700D6
:109BF00035003300350036003400310038003700BE
:109C000032003000380037003300300038003500B3
:109C100033003100390032003000370034003300A7
:109C20003400320034003300350032003400370095
:109C30003500330035003200360033003000390083
:109C40003000340030003900370034003000330079
:109C5000370031003700320035003200390038005B
:109C60003900320039003800350032003900320046
:109C70003500380035003600360036003600360034
:109C80003600360036003600360036003600360024
:109C90003600360036003600360036003600360014
:109CA0003600360036003600360036003600360004
:109CB00036003600360036003600360036003600F4
:109CC00036003600360036003600360036003600E4
:109CD00036003600360035003300320030003900DF
:109CE00037003600340033003100300038003700D0
:109CF000350034003200000006804400490047006F
:109D00004900540040001900CC290F000B0000004E
:109D1000078843004F004C004F0052003E004400B3
:109D20001800922C9B2D19001800872B9B2D1900D1
:109D30007B2A9B2D0B00EE230342460047002100A7
:109D40006A2AFE0C0500330038003B0035003B005A
:109D5000A82D510B510B510B04006D00510B0B0042
:109D6000F41603424200470021006A2AFE0C050057
:109D7000340038003B0035003B00A82D510B510B3F
:109D8000510B04006D00510B0B0082290546410068
:109D90004E00530049002300610881089908A20B76
:109DA0000B00652A066643004C0041004D00500040
:109DB000330004000000DA0504000300E6050B0090
:109DC000DD2D02A8410054006A2AE42D04003B0066
:109DD000510BE42D04004800510B0B008A13048A38
:109DE00048004F004D0045006A2AFE0C0100480063
:109DF0000B0045290BA453004100560045002D00DF
:109E000043005500520053004F0052006A2AFE0CD6
:109E1000010073000B00B1280EA45200450053004E
:109E200054004F00520045002D00430055005200E1
:109E300053004F0052006A2AFE0C010075000B000F
:109E4000E92D03A643004C0053006A2AFE0C0200D1
:109E500032004A000B00382E078A43004C002D00C8
:109E60004C0049004E0045006A2AFE0C02003200F8
:109E70004B000B00432E069843004C002D0045007C
:109E80004F004C006A2AFE0C01004B000B00522EC2
:109E900006A643004C002D0045004F0053006A2ADF
:109EA000FE0C01004A000B005F2E099C4300550088
:109EB000520053004F0052002D004F004E006A2AFE
:109EC000FE0C04003F003200350068000B006C2ED1
:109ED0000A8C43005500520053004F0052002D00E1
:109EE0004F00460046006A2AFE0C04003F00320084
:109EF00035006C000B004C2906984E004F005200B4
:109F00004D0041004C00830C0B00C82D048842001A
:109F10004F004C0044006A2AFE0C020031006D0024
:109F20000B005D29039A440049004D006A2AFE0C8B
:109F3000020032006D000B009D2E059642004C0081
:109F400049004E004B006A2AFE0C020035006D00ED
:109F50000B006C29079655004E0042004C0049004A
:109F60004E004B006A2AFE0C0300320035006D00E3
:109F70000B00C12E098A55004E00440045005200D6
:109F80004C0049004E0045006A2AFE0C02003400D5
:109F90006D000B00232E078A520045005600450035
:109FA0005200530045006A2AFE0C020037006D0083
:109FB0000B00B42E0498420045004C004C000400F5
:109FC0000700510B0B00062E0398480053004C006D
:109FD0001400040004007506190004001000750642
:109FE000CC291200CC290B00FB2E02804800400037
:109FF0000400100099290B00112E0280530040002C
:10A000000400040099290400040068060B00731B77
:10A0100002804C0040000400040068060B00142F6E
:10A0200005905300450054002D004800190004001D
:10A03000100068061900040010007506CC290B00FA
:10A04000272F05A65300450054002D00530014008F
:10A050001800040004006806190004001000992983
:10A06000040010007506CC291200040004007506D7
:10A07000CC290B00382F05985300450054002D00C3
:10A080004C0019000400040099290400040075061E
:10A09000CC290B00932E087E4E004500550054003D
:10A0A000520041004C003F00102F04000F00A52972
:10A0B0000B000C2F025648002B0018006C2F0800D4
:10A0C0007B2F0900842F1800102F04000100CC29D9
:10A0D00004000C0068062E2F0B00712F025A480056
:10A0E0002D0018006C2F08008F2F0900982F1800E2
:10A0F000102F04000B00CC2904000C0068062E2F42
:10A100000B00522F025653002B001800182F04008A
:10A110000100CC29F12D3F2F0B00992F025A53003B
:10A120002D001800182F04000100A029F12D3F2F49
:10A130000B001F2F02564C002B001800232F040089
:10A140000100CC29F12D592F0B00B12F025A4C00E0
:10A150002D001800232F04000100A029F12D592FF4
:10A160000B00852F0788480053004C005F00520009
:10A170004500440004000000040003000400010046
:10A18000002F0B00C92F0A8A480053004C005F00C3
:10A190004F00520041004E004700450004000100FE
:10A1A0000400030004000100002F0B00DA2F0AAEA8
:10A1B000480053004C005F00590045004C004C0023
:10A1C0004F005700040002000400030004000100D7
:10A1D000002F0B00EE2F0A9C480053004C005F003C
:10A1E000590047005200450045004E00040003009E
:10A1F0000400030004000100002F0B000230099C42
:10A20000480053004C005F004700520045004500E5
:10A210004E00040004000400030004000100002FAD
:10A220000B001630099C480053004C005F004700AB
:10A230004300590041004E000400050004000300E3
:10A2400004000100002F0B002930089C4800530037
:10A250004C005F004300590041004E00040006001E
:10A260000400030004000100002F0B003C30098AA9
:10A27000480053004C005F0041005A005500520056
:10A280004500040007000400030004000100002F43
:10A290000B004E30088A480053004C005F0042001B
:10A2A0004C005500450004000800040003000400B1
:10A2B0000100002F0B0061300AA8480053004C0039
:10A2C0005F00560049004F004C0045005400040058
:10A2D00009000400030004000100002F0B0073308C
:10A2E0000B82480053004C005F004D0041004700C6
:10A2F00045004E005400410004000A000400030021
:10A3000004000100002F0B008730088A480053002A
:10A310004C005F0052004F005300450004000B004A
:10A320000400030004000100002F0B00000004B231
:10A33000470052004100590004000000DA05040003
:10A340000F00E605040004005E0619001400040076
:10A350000F0019001200002F0B006027058A57001C
:10A36000480049005400450004000000B4300B00D0
:10A37000F12E059642004C00410043004B000400C2
:10A380000F00B4300B00BD2F07A44C00490047005C
:10A390004800540045005200B52F0B00A92E06A41A
:10A3A0004400410052004B0045005200C12F0B00F9
:10A3B000A52F088A53004100540055005200410067
:10A3C000540045009D2F0B00E6300A8A44004500EA
:10A3D0005300410054005500520041005400450014
:10A3E000A92F0B007F2E025843002C003B071800BA
:10A3F000B006A5030C000E000B00132A09904900BB
:10A400004D0047002D00570049004400540048000B
:10A410000D000B0015310AA849004D0047002D0022
:10A42000480045004900470048005400B0060D00B0
:10A430000B002231088249004D0047002D004400E6
:10A4400041005400410004000200CC290B003131CE
:10A45000844449004D004700220068040C000400B9
:10A460002200D20E93291900170068040D00040081
:10A47000070075061E0008005631410C93295F0C39
:10A480003B0714009329190012008105C307901699
:10A4900017000B005C2A0A8A45004D004900540051
:10A4A0002D0049004D0041004700450018002031B3
:10A4B00074040C0018002E3119003B3119001800EB
:10A4C00008008531190074040D00CE0CBA0B190078
:10A4D00004000100A029090077318D05830C0B00D1
:10A4E0000A310B8A430050003400330037002D003E
:10A4F00048004C0049004E0045000400C4000B0019
:10A5000088310B8A430050003400330037002D009F
:10A5100056004C0049004E0045000400B3000B00FB
:10A5200098310898430050003400330037002D0064
:10A5300054004C000400DA000B00A83108A44300CA
:10A5400050003400330037002D0054005200040046
:10A55000BF000B00B53108984300500034003300B1
:10A5600037002D0042004C000400C0000B00C23137
:10A5700008A4430050003400330037002D0042008F
:10A5800052000400D9000B00CF310B9C4300500057
:10A590003400330037002D00540044004F005700B2
:10A5A0004E000400C2000B00DC3109A04300500043
:10A5B0003400330037002D005400550050000400D3
:10A5C000C1000B00EC310CA84300500034003300F4
:10A5D00037002D0054005200490047004800540045
:10A5E0000400C3000B00FA310BA8430050003400F4
:10A5F000330037002D0054004C0045004600540045
:10A600000400B4000B000B320BA6430050003400D2
:10A61000330037002D00430052004F005300530019
:10A620000400C5000B0000000A8A530049004E00D8
:10A6300051002D005400410042004C00450006002E
:10A640000000C90092015B022403ED03B6047F05FC
:10A6500048061107D907A2086A09330AFB0AC40B86
:10A660008C0C540D1C0EE30EAB0F72103A1101123C
:10A67000C8128F1355141C15E215A8166E1733183F
:10A68000F918BE19821A471B0B1CCF1C931D571EAD
:10A690001A1FDD1F9F2061212322E522A6236724A4
:10A6A0002825E825A82667272628E528A329612A42
:10A6B0001F2BDC2B992C552D112ECC2E872F4130A2
:10A6C000FB30B5316E322633DF3396344D350436E8
:10A6D000BA366F372438D9388C39403AF23AA53B2C
:10A6E000563C073DB83D683E173FC53F734021418A
:10A6F000CE417A422543D0437A442445CD45754620
:10A700001C47C34769480F49B449584AFB4A9D4B07
:10A710003F4CE04C814D204EBF4E5D4FFB4F97505C
:10A720003351CE51685202539B533254C954605531
:10A73000F5558A561D57B0574258D3586459F359A6
:10A74000825A0F5B9C5B285CB35C3E5DC75D4F5ECD
:10A75000D75E5D5FE35F6860EB606E61F0617162C0
:10A76000F1627063EE636C64E8646365DD65566690
:10A77000CF664667BC673268A66819698B69FD6950
:10A780006D6ADC6A4A6BB76B236C8E6CF86C616D1A
:10A79000C96D306E966EFB6E5E6FC16F22708370F6
:10A7A000E27040719D71F9715472AE7207735E73FD
:10A7B000B5730A745F74B27404755575A575F37535
:10A7C00041768D76D87622776B77B377FA773F78B4
:10A7D0008478C77809794A798979C879057A417A7C
:10A7E0007C7AB67AEE7A267B5C7B917BC57BF87BA4
:10A7F000297C597C887CB67CE37C0E7D397D627D2A
:10A80000897DB07DD57DFA7D1D7E3E7E5F7E7E7E1C
:10A810009C7EB97ED57EEF7E097F217F377F4D7F7D
:10A82000617F747F867F977FA67FB47FC17FCD7F56
:10A83000D87FE17FE97FF07FF57FF97FFD7FFE7FA5
:10A8400000000A8A50004F00570032002D005400CB
:10A85000410042004C0045000600010002000400D7
:10A8600008001000200040008000000100020004E9
:10A870000008001000200040008000000B8A4C00FF
:10A880004F004700320049002D00540041004200B3
:10A890004C00450006000000001000200030004081
:10A8A0000050006000700080009000A000B000C068
:10A8B00000D000E000F000000B8A4C004F00470081
:10A8C000320046002D005400410042004C0045007B
:10A8D0000600000017002E0045005C007200890091
:10A8E0009F00B600CC00E200F9000F0125013B01FA
:10A8F000500166017C019201A701BD01D201E7016F
:10A90000FC01120227023C02510265027A028F0208
:10A91000A302B802CC02E102F5020A031E033203CD
:10A9200046035A036E0382039603A903BD03D103B2
:10A93000E403F8030B041E043204450458046B04BA
:10A940007E049104A404B704CA04DC04EF040205E5
:10A950001405270539054B055E057005820594052C
:10A96000A605B905CB05DC05EE0500061206240692
:10A970003506470658066A067B068D069E06B00613
:10A98000C106D206E306F4060507160727073807AF
:10A9900049075A076B077B078C079D07AD07BE0762
:10A9A000CE07DF07EF07FF07100820083008400830
:10A9B00050086108710881089008A008B008C00814
:10A9C000D008E008EF08FF080F091E092E093D090D
:10A9D0004D095C096B097B098A099909A809B8091D
:10A9E000C709D609E509F409030A120A210A300A3F
:10A9F0003E0A4D0A5C0A6B0A790A880A970AA50A78
:10AA0000B40AC20AD10ADF0AEE0AFC0A0A0B190BC1
:10AA1000270B350B430B510B5F0B6E0B7C0B8A0B1B
:10AA2000980BA60BB30BC10BCF0BDD0BEB0BF90B8C
:10AA3000060C140C220C2F0C3D0C4A0C580C660C06
:10AA4000730C800C8E0C9B0CA90CB60CC30CD00C98
:10AA5000DE0CEB0CF80C050D120D1F0D2D0D3A0D33
:10AA6000470D540D600D6D0D7A0D870D940DA10DE0
:10AA7000AE0DBA0DC70DD40DE00DED0DFA0D060E9D
:10AA8000130E1F0E2C0E380E450E510E5E0E6A0E62
:10AA9000760E830E8F0E9B0EA70EB40EC00ECC0E3C
:10AAA000D80EE40EF00EFC0E090F150F210F2D0F1E
:10AAB000380F440F500F5C0F680F740F800F8B0F0F
:10AAC000970FA30FAF0FBA0FC60FD20FDD0FE90F0D
:10AAD000F40F001000000B8A4C004F0047003200BA
:10AAE00044002D005400410042004C004500060087
:10AAF00017001700170017001600170016001700A0
:10AB00001600160017001600160016001500160095
:10AB10001600160015001600150015001500160089
:10AB2000150015001500140015001500140015007F
:10AB30001400150014001500140014001400140073
:10AB40001400140014001300140014001300140067
:10AB5000130013001400130013001300130013005C
:10AB6000130013001300120013001300120013004F
:10AB70001200120013001200120012001200130043
:10AB80001200110012001200120012001100120037
:10AB9000110012001100120011001200110011002A
:10ABA000110011001100110011001100110011001D
:10ABB0001100100011001100100011001000110010
:10ABC0001000100011001000100010001000110003
:10ABD000100010000F0010001000100010001000F6
:10ABE0000F00100010000F0010000F0010000F00E9
:10ABF0000F0010000F000F000F0010000F000F00DB
:10AC00000F000F000F000F000F000F000E000F00CD
:10AC10000F000F000E000F000F000E000F000E00BF
:10AC20000F000E000F000E000E000F000E000E00B1
:10AC30000E000E000E000F000E000E000E000E00A3
:10AC40000D000E000E000E000E000E000D000E0096
:10AC50000E000D000E000D000E000E000D000D0088
:10AC60000E000D000E000D000D000D000E000D0079
:10AC70000D000D000D000D000E000D000D000D006B
:10AC80000C000D000D000D000D000D000D000C005E
:10AC90000D000D000C000D000D000C000D000C004F
:10ACA0000D000C000D000C000D000C000C000D0040
:10ACB0000C000C000C000D000C000C000C000C0033
:10ACC0000C000C000D000C000C000C000B000C0024
:10ACD0000C000C000C000C000C000B000C000C0015
:10ACE0000C000B000C000C000B000C000B000C0007
:10ACF00000000B8A450058005000320046002D002D
:10AD00005400410042004C004500060000100B10AA
:10AD1000161021102D10381043104E105A106510C7
:10AD200070107C10871093109E10AA10B510C110DF
:10AD3000CD10D810E410F010FB10071113111F11E3
:10AD40002B11371143114F115B11671173117F11D3
:10AD50008B119711A311B011BC11C811D511E111BC
:10AD6000ED11FA11061213121F122C12381245128D
:10AD700052125F126B127812851292129F12AC124D
:10AD8000B812C512D312E012ED12FA1207131413FF
:10AD900021132F133C1349135713641372137F139A
:10ADA0008D139A13A813B513C313D113DF13EC1328
:10ADB000FA13081416142414321440144E145C149C
:10ADC0006A14781487149514A314B114C014CE1403
:10ADD000DD14EB14FA140815171525153415431551
:10ADE000521560156F157E158D159C15AB15BA158E
:10ADF000C915D815E715F7150616151624163416B5
:10AE0000431653166216721681169116A116B016C5
:10AE1000C016D016E016F016FF160F171F173017C2
:10AE2000401750176017701780179117A117B117A7
:10AE3000C217D217E317F417041815182618361876
:10AE40004718581869187A188B189C18AD18BE182E
:10AE5000CF18E018F21803191419261937194919CF
:10AE60005A196C197E198F19A119B319C519D61958
:10AE7000E819FA190C1A1E1A311A431A551A671AC8
:10AE80007A1A8C1A9E1AB11AC31AD61AE91AFB1A20
:10AE90000E1B211B341B471B591B6C1B7F1B931B59
:10AEA000A61BB91BCC1BDF1BF31B061C1A1C2D1C7D
:10AEB000411C541C681C7C1C8F1CA31CB71CCB1C85
:10AEC000DF1CF31C071D1B1D301D441D581D6C1D70
:10AED000811D951DAA1DBE1DD31DE81DFD1D111E42
:10AEE000261E3B1E501E651E7A1E8F1EA51EBA1EF4
:10AEF000CF1EE51EFA1E101F251F3B1F501F661F89
:10AF00007C1F921FA81FBE1FD41FEA1F0020000035
:10AF10000B8A450058005000320044002D005400B8
:10AF2000410042004C00450006000B000B000B00E6
:10AF30000C000B000B000B000C000B000B000C00B6
:10AF40000B000C000B000C000B000C000C000B00A5
:10AF50000C000C000B000C000C000C000C000C0092
:10AF60000C000C000C000C000C000C000C000C0081
:10AF70000C000D000C000C000D000C000C000D006E
:10AF80000C000D000C000D000C000D000D000D005C
:10AF90000C000D000D000D000D000D000C000D004B
:10AFA0000E000D000D000D000D000D000D000E0037
:10AFB0000D000D000E000D000E000D000E000D0026
:10AFC0000E000D000E000E000E000D000E000E0013
:10AFD0000E000E000E000E000E000E000E000E0001
:10AFE0000F000E000E000E000F000E000F000E00EE
:10AFF0000F000E000F000E000F000F000F000E00DC
:10B000000F000F000F000F000F000F000F000F00C8
:10B010000F0010000F000F000F0010000F001000B5
:10B020000F0010000F00100010000F0010001000A3
:10B03000100010000F001000100011001000100090
:10B04000100010001000110010001000110010007E
:10B05000110011001000110011001000110011006A
:10B060001100110011001100110011001100110058
:10B070001200110011001200110012001100120044
:10B080001200110012001200120011001200120032
:10B09000120012001300120012001200130012001E
:10B0A000120013001200130013001200130013000B
:10B0B00013001300120013001300140013001300F8
:10B0C00013001300140013001400130014001300E5
:10B0D00014001400130014001400140014001400D1
:10B0E00014001400150014001400140015001400BE
:10B0F00015001400150015001500140015001500AA
:10B100001500150015001500160015001500160095
:10B110001500160015001600150016001600160082
:10B120001600160016001600160000000B8A4100DB
:10B13000540041004E0046002D00540041004200E2
:10B140004C00450006000000290051007A00A300D1
:10B15000CC00F4001D0146016F019701C001E90117
:10B1600011023A0262028B02B402DC0205032D03D3
:10B1700056037E03A703CF03F7032004480470049B
:10B180009904C104E9041105390561058905B10572
:10B19000D9050106290651067806A006C806EF065D
:10B1A00017073E0766078D07B507DC0703082A085F
:10B1B000510878089F08C608ED0814093B09610981
:10B1C0008809AE09D509FB09220A480A6E0A940AC1
:10B1D000BA0AE00A060B2C0B510B770B9D0BC20B26
:10B1E000E70B0D0C320C570C7C0CA10CC60CEB0CB5
:10B1F000100D340D590D7D0DA20DC60DEA0D0F0E6B
:10B20000330E560E7A0E9E0EC20EE50E090F2C0F4F
:10B21000500F730F960FB90FDC0FFF0F2110441062
:10B2200067108910AB10CE10F010121134115611A6
:10B2300077119911BB11DC11FD111F12401261121F
:10B240008212A312C312E4120513251345136613C9
:10B250008613A613C613E6130514251444146414A8
:10B260008314A214C114E014FF141E153D155B15C0
:10B270007A159815B715D515F31511162F164C1606
:10B280006A168816A516C216E016FD161A17371785
:10B29000541770178D17AA17C617E217FE171B1839
:10B2A000371853186E188A18A618C118DD18F81820
:10B2B00013192E19491964197F199A19B419CF193C
:10B2C000E919041A1E1A381A521A6C1A861A9F1A89
:10B2D000B91AD31AEC1A051B1F1B381B511B6A1B0A
:10B2E000831B9C1BB41BCD1BE51BFE1B161C2E1CBD
:10B2F000461C5E1C761C8E1CA61CBE1CD51CED1CA0
:10B30000041D1B1D331D4A1D611D781D8E1DA51DAD
:10B31000BC1DD31DE91DFF1D161E2C1E421E581EEE
:10B320006E1E841E9A1EB01EC51EDB1EF01E061F5A
:10B330001B1F301F451F5A1F6F1F841F991FAE1FF1
:10B34000C31FD71FEC1F002000000B8A41005400D0
:10B3500041004E0044002D005400410042004C00CA
:10B36000450006002900280029002900290028009E
:10B370002900290029002800290029002800290087
:10B380002800290029002800290028002900280079
:10B39000290028002800290028002800290028006A
:10B3A000280028002800280028002800280028005D
:10B3B0002800280027002800280027002800270050
:10B3C0002800270028002700270027002700270043
:10B3D0002700270027002700270026002700260037
:10B3E000270026002700260026002600260026002B
:10B3F0002600260025002600260025002500260020
:10B400002500250025002500250025002500240015
:10B41000250024002500240024002500240023000A
:10B4200024002400240023002400230024002300FF
:10B4300023002300230023002200230023002200F6
:10B4400022002300220022002200220021002200EC
:10B4500022002100210022002100210021002100E2
:10B4600020002100210020002000210020002000D9
:10B47000200020001F0020001F0020001F001F00D0
:10B480001F001F001F001F001F001E001F001E00C6
:10B490001F001E001E001E001E001D001E001E00BC
:10B4A0001D001D001E001D001D001D001D001C00B4
:10B4B0001D001D001C001C001C001D001C001C00A9
:10B4C0001B001C001C001B001C001B001B001B00A1
:10B4D0001B001B001B001B001A001B001A001B0096
:10B4E0001A001A001A001A001A0019001A001A008D
:10B4F000190019001A001900190019001900190083
:10B500001800190018001900180018001800180079
:10B51000180018001800180017001800170017006E
:10B520001800170017001700160017001700170063
:10B53000160016001700160016001600160016005A
:10B54000160016001500160015001600150015004F
:10B550001500150015001500150015001500140044
:10B560001500140000000580530049004E005100F2
:10B57000400037321900BC06CC290D000B0000003A
:10B58000058050004F00570032004000443319003E
:10B59000BC06CC290D000B00000006804C004F00BB
:10B5A000470032004900400062331900BC06CC2934
:10B5B0000D000B00000006804C004F0047003200D9
:10B5C0004600400080331900BC06CC290D000B005A
:10B5D000000006804C004F0047003200440040004D
:10B5E0008F341900BC06CC290D000B00000006802A
:10B5F0004500580050003200460040009D351900BB
:10B60000BC06CC290D000B00000006804500580048
:10B610005000320044004000AC361900BC06CC2972
:10B620000D000B00000006804100540041004E0058
:10B6300046004000BA371900BC06CC290D000B00AB
:10B64000000006804100540041004E0044004000CC
:10B65000C9381900BC06CC290D000B000E16047C5D
:10B660005100310035003E001800CC2914001B00A9
:10B6700037001200CC290B00463A05A451003100D6
:10B6800035003E0052001900040000401F008105F3
:10B69000CC294C3A0B00D12E058855002F004D00C7
:10B6A0004F004400140004000000120005060B00C7
:10B6B000633A025E55002F006A3A190017000B002A
:10B6C000703A035E55002A002F0014003300120068
:10B6D0000506190017000B00950607882A002F00A1
:10B6E00052004F0055004E004400180087291400F6
:10B6F0009006190087291800CC291300BA053500D7
:10B7000008009D3A04000100CC29120017000B002C
:10B710003F31038C49002A0046007C064C3A0B005E
:10B72000D030078E420049004E003E0044004500E4
:10B73000470004002D00040000208D3A0B00FC306F
:10B74000079C4400450047003E00420049004E006F
:10B750000400680168060400002004002D008D3AF2
:10B760000B00A83A09A6420049004E003E004400E2
:10B77000450047002E00530004002D00750604000C
:10B7800000208D3A0B00B73A099C44004500470061
:10B790002E0053003E00420049004E0018000400F5
:10B7A00068017506140019001300680619000400EA
:10B7B0002D0075060400002019008D3A12001700B4
:10B7C0000B00F030066C530054004500500031006F
:10B7D00036000400000014001800040008001C00DB
:10B7E0000800113B1A000400020099291200CC291C
:10B7F00014001800040004001C0008001E3B1A007E
:10B800000400040099291200CC2914001800040037
:10B8100002001C0008002B3B1A00040008009929B4
:10B820001200CC2914001800040001001C000800BC
:10B83000383B1A000400100099291200CC2914008A
:10B840001700170012000B00E22E0864520041009E
:10B85000540049004F00510031003200190004002B
:10B86000001081057D3A0B00DB30099A4C004F0037
:10B87000470032002D004E004F0052004D000400E2
:10B880000C001900180004000020BA050400000094
:10B89000A52908006D3B04000200743A1900040059
:10B8A0000100CC29190009005A3B180004000010BF
:10B8B000BA0508007C3B1800CC29190004000100DF
:10B8C000A029190009006D3B0B004C3B09864C0078
:10B8D0004F00470032002D00460052004100430057
:10B8E00004000010A029040010005E061800083AA9
:10B8F0001400FA3912008105013BCC290B007D3B75
:10B9000004644C004F00470032001800040000009F
:10B91000A5290800A83B1700040000000900AE3B61
:10B92000573B1900EC391900883BCC290B006231D8
:10B93000098645005800500032002D004600520094
:10B940004100430018000400FF0F1900CA05080059
:10B95000C63B1700040000200900D13B0400100082
:10B960005E061800243A1400163A12008105013BC5
:10B97000CC290B00AF3B0464450058005000320056
:10B98000040000106A3A1400BA3B1200DE390400C9
:10B9900000107D3A0B00C93A0460420030003000CC
:10B9A0003000040000000B00E33B04624200300062
:10B9B000300031000400B6000B00EC3B0464420090
:10B9C00030003000320004006C010B00F53B0466CF
:10B9D0004200300030003300040022020B00FE3B26
:10B9E000046A420030003000350004008E030B0072
:10B9F000073C0460420030003100300004001C07A6
:10BA00000B00103C046A4200300031003500040095
:10BA1000AB0A0B00193C04604200300033003000D8
:10BA2000040055150B00223C046A4200300034002B
:10BA30003500040000200B002B3C08684200490040
:10BA40004E00490041004E002F0034000400004029
:10BA50000B00343C0460420030003600300004002B
:10BA6000AB2A0B00413C046A42003000370035002D
:10BA7000040055350B004A3C046042003000390098
:10BA800030003E3C0B00533C046A42003100300061
:10BA900035000400AB4A0B005B3C046042003100FF
:10BAA00032003000040055550B00643C046A42002B
:10BAB000310033003500040000600B006D3C046071
:10BAC00042003100350030000400AB6A0B00763CC8
:10BAD000046A4200310036003500040055750B0041
:10BAE0007F3C0864420049004E00490041004E007E
:10BAF0002F003200040000800B00883C04604200EC
:10BB0000310038003000923C0B00953C046A420042
:10BB10003100390035000400AB8A0B009D3C046005
:10BB20004200320031003000040055950B00A63C65
:10BB3000046A4200320032003500040000A00B000D
:10BB4000AF3C046042003200340030000400ABAA75
:10BB50000B00B83C046A4200320035003500040096
:10BB600055B50B00C13C0968420049004E00490030
:10BB700041004E0033002F003400040000C00B00D1
:10BB8000CA3C04604200320037003000D53C0B0054
:10BB9000D83C046A42003200380035000400ABCAC9
:10BBA0000B00E03C04604200330030003000040031
:10BBB00055D50B00E93C046A4200330031003500E2
:10BBC000040000E00B00F23C04604200330033004C
:10BBD00030000400ABEA0B00FB3C046A4200330077
:10BBE00034003500040055F50B00F93A04A2530067
:10BBF00049004E005100040040009929D1390B0042
:10BC00000D3D039C530049004E0018000400000045
:10BC1000A5290800283D1700040000000900663D22
:10BC200018003E3CA5290800323D17000400FF7FA4
:10BC30000900663D1800923CA52908003C3D17000C
:10BC4000040000000900663D1800D53CA529080045
:10BC5000463D1700040000800900663D18001B00E7
:10BC600008005A3D1800D53CCA050800553D923CD5
:10BC7000CC29133D37000900583D3700133D3700EC
:10BC80000900663D18003E3CCA050800623D133DB0
:10BC90000900663D3700923CCC29133D0B001B3256
:10BCA00003A643004F0053003E3CCC291D3D0B0032
:10BCB000FD2805A0580043004F004D0050006C3D8A
:10BCC000A53A0B00000005A0590043004F004D00AD
:10BCD00050001D3DA53A0B00F82D05A4410054006D
:10BCE00041004E005200180004000010A529080071
:10BCF000953D1700313C0900A03D040010005E0690
:10BD00001800403A1400323A12008105013BCC2958
:10BD10000B00843D05644100540041004E00320098
:10BD200093291D0004000000A5290800B43D8D05DD
:10BD3000040000000900E63D93298729190087299E
:10BD40009329BA050800C33D463B8B3D593C190079
:10BD5000A0290900C63D1900463B8B3D1400180080
:10BD60001B000800DB3D19001B000800D53D170033
:10BD70009B3C1200CC290900D93D17009B3C1200C6
:10BD8000A0290900E63D19001B000800E43D17004A
:10BD9000120037000900E63D170012000B00183DA5
:10BDA00004A8530051005200540004000000190080
:10BDB000040001001A001A00BA0504000000A529B9
:10BDC00008000C3E1A001A00A029140019001700E0
:10BDD00004000200CC29190004000100CC2919003C
:10BDE000120019000900F23D170017000B000000B7
:10BDF00004E47E006500720072000400FFFF8F18EB
:10BE00000C00620061006400200066002D007300D9
:10BE10007400720069006E0067000B00000004C827
:10BE20007E0070006100640004000000DA05180064
:10BE300008003A3E04000100A0292C3ECB064F0D1D
:10BE400009003B3E17000B00000006CA7E00770089
:10BE50007400790070006500D2020D001A00A0295C
:10BE60002C3E600D0B00000005E47E0063006800BE
:10BE700061007200180004000001BA050800593E74
:10BE80000B00040000015E06190017000B00000003
:10BE90000AE47E006E006500780074002D006300E7
:10BEA000680061007200190004000100CC2919002B
:10BEB00004000100A0290B00000006DC7E006E00DB
:10BEC0007A006C0065006E0018000800913E1A00B0
:10BED0000F00523E0800883E0400010009008A3E1F
:10BEE0000400000014006B3E7C3E1200CC290900C7
:10BEF000943E8D05040000000B00000006F47E0057
:10BF00006100700070006E007A0018000800AE3EFC
:10BF10001A000F00523E76050800A93E4F0D090099
:10BF2000AA3E17006B3E9D3E0900AF3E8D050B00FB
:10BF3000000009F47E00770074007900700065004D
:10BF40002D006E007A0093297C3ED2020D0019006C
:10BF5000A0292C3E9D3E0B00000005E47E007800E9
:10BF600073007400720087020D001400B3086108AA
:10BF700081089908120087020C000B00000008E6F7
:10BF80007E0070006400690067006900740073003F
:10BF900018000800EC3E04000100A02914007808F5
:10BFA0001200E03E0900ED3E17000B00000005E422
:10BFB0007E0070007300740072001800140087295E
:10BFC0006108DE020D0018000800043FE03E040096
:10BFD0002E006B080900053F1700810812008E082B
:10BFE00099080B00000005C87E006F007500740002
:10BFF0006400DE020D001B0008001A3FA508BB3ECE
:10C0000009001C3FF53EBB3E0B00000005EA7E0028
:10C010006F00750074007500DE020D001B00080043
:10C020002F3F610881089908BB3E0900303F153E4B
:10C030000B00000005F07E006F00750074007800B2
:10C04000DE020D001B000800413FCB3EBB3E090055
:10C05000423F153E0B00000005C67E006F007500D4
:10C0600074006300DE020D001B000800583FD2027E
:10C070000D0004000100A0292C3E4F0D0900593F7E
:10C08000153E0B00000005E67E006F007500740091
:10C090007300DE020D001B000800693F443E0900EA
:10C0A0006A3F153E0B00000006607E0070006F00C6
:10C0B000770031003000180008007F3F04000100C5
:10C0C000A029733F04000A0075060900823F17008B
:10C0D000040001000B00000005C27E006F00750027
:10C0E00074006100DE020D001B000800933F040095
:10C0F0000000DE020C00DE020D0008009D3FDE02A3
:10C100000D00733FD43A09009E3FB13A113F0B0036
:10C11000000003807E0063004000BA020D000F00A3
:10C120000B0000000DE67E007700690064007400DB
:10C1300068002D00640069006700690074007300E6
:10C14000C6020D000800D43FA53F040030000400E3
:10C150003A00F6050800D43FA53F04003000A029AE
:10C16000D2020D0004000A007506CC29D2020C0090
:10C1700004000100080DB83F0B0000000CE67E0033
:10C1800070007200650063002D00640069006700A4
:10C19000690074007300C6020D0008000340A53F4B
:10C1A0000400300004003A00F605080003400400D3
:10C1B000FFFFEA020C00A53F04003000A029DE02C8
:10C1C0000D0004000A007506CC29DE020C000400F4
:10C1D00001004C2800000000000000007FF97FFEF5
:10C1E000020003004E122A1203002313BD2766101B
:10C1F0000A000A000000000000000000000000002B
:10C200000000000000000000000080FA00000000B4
:10C21000000000000000000000000000000000001E
:10C22000000000000000000000000000000000000E
:10C230000000000000000000E2FE0000000000001E
:10C2400000000000000000000000000000000000EE
:10C2500000000000008080F500FAD45000000000CB
:10C2600000000000000000000000000000000000CE
:10C2700000000000000000000000000000000000BE
:10C2800000000000000000000000000000000000AE
:10C290000000000000000000000087280000950852
:10C2A00096186A0D00005A16EA0E0000843AC92951
:10C2B00078299D29F926962920292C298D290000E5
:10C2C000000000000000000000000000D729CE2977
:10C2D000BB29A229C22971288C28A13D043D673DB4
:10C2E000DB3AC050C841AE309C30A03A00003F0B52
:10C2F000973B3628D450F7282A23543A3C3BE73D55
:10C30000051D783AB127C530703D7A3D6429BE16C7
:10C31000F20E5216FE1184250000461200000000A5
:10C32000A025000000000000B92700000000241232
:10C3300000000000000000006F0E00000000A008D8
:10C34000782800000000000000000000000000004D
:10C3500000000000C14100000000000000000000DB
:10C3600000000000000000000000000000000000CD
:10C3700000000000000000000000000000000000BD
:10C3800000000000000000000000000000000000AD
:10C39000000000000000000000000000000000009D
:10C3A000000000000000000000000000000000008D
:10C3B000000000000000000000000000000000007D
:10C3C000000000000000000000000000000000006D
:10C3D000000000000000000000000000000000005D
:10C3E000000000000000000000000000000000004D
:10C3F000000000000000000000000000000000003D
:10C40000000000000000000000000000000000002C
:10C41000000000000000000000000000000000001C
:10C42000000000000000000000000000000000000C
:10C4300000000000000000000000000000000000FC
:10C4400000000000000000000000000000000000EC
:10C4500000000000000000000000000000000000DC
:10C4600000000000000000000000000000000000CC
:10C4700000000000000000000000000000000000BC
:10C4800000000000000000000000000000000000AC
:10C49000000000000000000000000000000000009C
:10C4A000000000000000000000000000000000008C
:10C4B000000000000000000000000000000000007C
:10C4C000000000000000000000000000000000006C
:10C4D000000000000000000000000000000000005C
:10C4E000000000000000000000000000000000004C
:10C4F000000000000000000000000000000000003C
:10C50000000000000000000000000000000000002B
:10C51000000000000000000000000000000000001B
:10C52000000000000000000000000000000000000B
:10C5300000000000000000000000000000000000FB
:10C5400000000000000000000000000000000000EB
:10C5500000000000000000000000000000000000DB
:10C5600000000000000000000000000000000000CB
:10C5700000000000000000000000000000000000BB
:10C5800000000000000000000000000000000000AB
:10C59000000000000000000000000000000000009B
:10C5A000000000000000000000000000000000008B
:10C5B000000000000000000000000000000000007B
:10C5C000000000000000000000000000000000006B
:10C5D0000000036053005000300004000400A40475
:10C5E0000D00CC290B000000036052005000300009
:10C5F00004000500A4040D00CC290B00000005B2C6
:10C6000027003F004B004500590004000600A40429
:10C610000D00CC290B00160205A8270045004D008F
:10C620004900540004000700A4040D00CC290B00AD
:10C63000230207A82700450058005000450043008A
:10C64000540004000800A4040D00CC290B003002A3
:10C6500004A0270054004100500004000900A40475
:10C660000D00CC290B003F02059E2700450043002A
:10C6700048004F0004000A00A4040D00CC290B0060
:10C680004B0207A82700500052004F004D005000F9
:10C69000540004000B00A4040D00CC290B00580228
:10C6A00005A8270042004F004F00540004000C0072
:10C6B000A4040D00CC290B00670205882700460062
:10C6C00049004E00440004000D00A4040D00CC29D4
:10C6D0000B000000048A42004100530045000400A2
:10C6E0000E00A4040D00CC290B0081020888420032
:10C6F00041005300450048004F004C004400040036
:10C700000F00A4040D00CC290B00000043E07400CE
:10C710006D00700004001000A4040D00CC290B0073
:10C72000000204B0530054005200580004001100ED
:10C73000A4040D00CC290B00000004C225006D00EC
:10C740007400610004001200A4040D00CC290B0049
:10C75000B40204EA25006D007400750004001300A3
:10C76000A4040D00CC290B00C00204EE25006D00CE
:10C770007400770004001400A4040D00CC290B0001
:10C78000CC0204E025006D00740070000400150068
:10C79000A4040D00CC290B00D80204CC25006D00A8
:10C7A0007400660004001600A4040D00CC290B00E0
:10C7B000E40204D825006D0074006C00040017002A
:10C7C000A4040D00CC290B00A802049C53005000C7
:10C7D00041004E0004001800A4040D00CC290B00F9
:10C7E0000000039C3E0049004E0004001900A40410
:10C7F0000D00CC290B0000000484230054004900E4
:10C80000420004001A00A4040D00CC290B00000013
:10C8100003A043005300500004001C00A4040D00BA
:10C82000CC290B00FC02058A53005400410054003F
:10C83000450004001D00A4040D00CC290B000000DD
:10C84000038848004C00440004001E00A4040D00AE
:10C85000CC290B00370307A4480041004E004400D8
:10C860004C004500520004001F00A4040D00CC2918
:10C870000B000000098845004B00450059002D00C1
:10C88000480045004100440004002000A4040D00BD
:10C89000CC290B000000099845004B0045005900C9
:10C8A0002D005400410049004C0004002100A40464
:10C8B0000D00CC290B000000088646004F005200F6
:10C8C0005400480056004F00430004003200A40406
:10C8D0000D00CC290B001F0307A843004F004E009A
:10C8E000540045005800540004003500A4040D0015
:10C8F000CC290B00830307A84300550052005200C7
:10C9000045004E00540004003E00A4040D00CC2954
:10C910000B00920302A04300500004004000A40456
:10C920000D00CC290B000000068C54004F004B007A
:10C9300042005500460004004100A4040D00CC292B
:10C940000B00000002A04C00500004004200A404B0
:10C950000D00CC290B00B90304A84C004100530082
:10C96000540004004300A4040D00CC290B00730301
:10C970000A9C460049004E0044005F0054004F00EE
:10C980004B0045004E0004004400A4040D00CC29D7
:10C990000B00CF0309A4460049004E0044005F008D
:10C9A000430048004100520004004500A4040D006B
:10C9B000CC290B00E10308B0460049004E004400BA
:10C9C0005F004C004500580004004600A4040D0020
:10C9D000CC290B00F2030C8A460049004E004400AB
:10C9E0005F005000520049005600410054004500CD
:10C9F00004004700A4040D00CC290B0002040AA681
:10CA0000460049004E0044005F00530054004100BE
:10CA10005400530004004800A4040D00CC290B006E
:10CA200016040BA6460049004E0044005F00560065
:10CA30004900530049005400530004004900A40475
:10CA40000D00CC290B0028040AA6460049004E0020
:10CA500044005F00460055004C004C0053000400A9
:10CA60004A00A4040D00CC290B003B0408A8460092
:10CA700049004E0044005F00480049005400040093
:10CA80004B00A4040D00CC290B00000009A64900AE
:10CA90004D0047002D00430045004C004C00530062
:10CAA00004004C00A4040D00CC290B005D0404AE6E
:10CAB00049004D004700570004004D00A4040D003C
:10CAC000CC290B004D040BA8460049004E00440041
:10CAD0005F004200550043004B0045005400040035
:10CAE0004E00A4040D00CC290B008D020B884200DF
:10CAF000550043004B00450054005F0048004500CE
:10CB00004100440004004F00A4040D00CC290B0098
:10CB1000000002A055005000060080FE000046A460
:10CB200064006F00550053004500520012000D00D4
:10CB3000A4040D00CC290B0000000D8A4D004F000D
:10CB4000440055004C0045005F0041004300540084
:10CB500049005600450004005000A4040D00CC29F3
:10CB60000B0000000D884D004F00440055004C00A4
:10CB700045005F004600410049004C00450044006C
:10CB800004005100A4040D00CC290B0000000BA8E8
:10CB90004D004F00440055004C0045005F004C0024
:10CBA00041005300540004005200A4040D00CC299D
:10CBB0000B00000009A04D004F00440055004C0040
:10CBC00045005F004300500004005300A4040D0022
:10CBD000CC290B0000000F864D004F00440055008B
:10CBE0004C0045005F0046004F00520054004800D2
:10CBF00056004F00430004005400A4040D00CC294B
:10CC00000B0000000EA84D004F00440055004C00E2
:10CC100045005F0043004F004E005400450058009F
:10CC2000540004005700A4040D00CC290B000000A0
:10CC30000EA84D004F00440055004C0045005F0019
:10CC4000430055005200520045004E0054000400BD
:10CC50006000A4040D00CC290B0000004586640090
:10CC60006F0056004F00430012000D00B80F8C03F8
:10CC7000B0060C007D038C03B006B0060C00040067
:10CC800000008C03B006B006B0060C008C03B006A2
:10CC90008C030C000B007A04059046004F005200F4
:10CCA000540048007D0318008C030C0017000B0093
:10CCB000000004A03F004400550050001800080088
:10CCC0007B0518000B000B000B0203A852004F005D
:10CCD000540014001900120019000B00000005A0F8
:10CCE0003200440052004F005000170017000B00A4
:10CCF0000000078A44004E004500470041005400F0
:10CD000045000400FFFF1E0014000400FFFF1E008A
:10CD1000040001001F0012001F0017000B00900507
:10CD2000025644002B001400190014001F001200CA
:10CD300012001F0017001F0017000B00A00402784C
:10CD400055003C001A001A001E001B000800C40514
:10CD5000190017001B000B00A0291B000B0000008E
:10CD600001783C0093291E001B000800D205170023
:10CD70001B000B00A0291B000B00000003B04D009E
:10CD8000410058009329CA050800DF051900170063
:10CD90000B00D505039C4D0049004E009329190056
:10CDA000CA050800EC05190017000B000000069CDE
:10CDB000570049005400480049004E001A00A029BD
:10CDC0001400A0291200BA050B00B605068855000C
:10CDD0004D002F004D004F0044009329BA05080074
:10CDE000310637000400F0FF1400140018001F0083
:10CDF0001400140018001F001200CC2918001200A3
:10CE00001300190014001F0012001D00080028065E
:10CE10001400170004000100CC29120009002906A3
:10CE20001700120007000D06120017001700190066
:10CE30000B0017008D050400FFFF18000B00E10533
:10CE400005884D002F004D004F00440018001B00C6
:10CE50001800140008004806370014009905120055
:10CE6000140018001B0008004F061300CC29120004
:10CE700005061200080057061900370019000B00BC
:10CE8000000004882F004D004F0044001A001B00D2
:10CE900019003E060B00370603884D004F00440082
:10CEA0005E0617000B00FD05235455004D002A00B7
:10CEB00033000B00000001542A00330017000B0060
:10CEC000630602544D002A0093291E001B00140023
:10CED0008729190087293300120008008806990560
:10CEE0000B00720605882A002F004D004F004400F9
:10CEF00014007C0612003E060B008906025E2A0022
:10CF00002F009006190017000B00A103055A4300DB
:10CF100045004C004C002D000400FFFF1F001700CF
:10CF20000B009D060556430045004C004C002B00AD
:10CF3000040001001F0017000B00A90605A643000E
:10CF400045004C004C0053000B00000007884100D6
:10CF50004C00490047004E00450044000B008D0482
:10CF6000029842004C00040020000B00080305A4B6
:10CF70003E00430048004100520004007F001C00B6
:10CF8000180004007F00CB06F6050800E206170033
:10CF900004005F000B00A705059044004500500009
:10CFA0005400480005020D001500A02904000100EE
:10CFB000A0290B00000004965000490043004B00DC
:10CFC00004000100CC29BC061500CC290D000B0083
:10CFD000000002422B00210019001A000D001F0062
:10CFE000170019000C000B008605024232002100D8
:10CFF00019001A000C00040001001F0017000C00AB
:10D000000B000C07028032004000180004000100F1
:10D010001F0017000D0019000D000B00B50605A834
:10D0200043004F0055004E0054001800040001005A
:10D030001F00170019000F000B004203048A48006C
:10D04000450052004500A5030D000B00F2060388C1
:10D050005000410044003B0704005000CC290B0065
:10D06000AB0303845400490042001903B0060D00CD
:10D070000B000000078C4C0049004E0045004200A8
:10D0800055004600040000FA0B0000004AA84C00BE
:10D0900049004E0045002D00520045005300450058
:10D0A0005400040000FABD030C000B0000004558BA
:10D0B0004C0049004E0045002C00BD030D00180037
:10D0C000B006BD030C000C000B00000048A84C008B
:10D0D00049004E0045002D004C004900540004005A
:10D0E0000400750775070B000000489C4C004900C0
:10D0F0004E0045002D00520055004E0004000B006C
:10D100007507040000FA14000B00000046A8520046
:10D1100055004E002D00580054006907750796070A
:10D12000000048884C0049004E0045002D00450095
:10D130004E00440004002313750704000B0075071C
:10D14000040000FA14000B002607058A43004D0076
:10D150004F00560045000900D60714001A000F00C2
:10D160001A000E0004000100CC291900040001007F
:10D17000CC29190012000400FFFFCC291800080078
:10D18000DB070900C50717008D050B006305049830
:10D19000460049004C004C001900370014001900EB
:10D1A0000900EF0793290E0004000100CC290700B5
:10D1B000EA07120017008D050B000000098E2D00F4
:10D1C00054005200410049004C0049004E00470005
:10D1D0003700140009001108CB061A001300CC29EF
:10D1E0000F00CA0508001108120004000100CC2934
:10D1F0000B000700040812001700040000000B00D9
:10D200003E0705485000410043004B002400C6067D
:10D21000180014001A0018000400000004000100A7
:10D2200005061700A0291A00CC29040000001900E7
:10D230000C0093290E0004000100CC291900C3073B
:10D2400012000B00E30605A844004900470049000E
:10D250005400040009001A00CA05040007001C005D
:10D26000CC2904003000CC290B00000007A84500A1
:10D2700058005400520041004300540004000000D4
:10D2800019000506190041080B00C70502463C00BD
:10D29000230043073C030C000B00350704884800BB
:10D2A0004F004C0044003C030D0004000100A02985
:10D2B00018003C030C000E000B0013030146230072
:10D2C00087020D0056086B080B00750802A62300A4
:10D2D00053007808180008008708090081080B002F
:10D2E0002A03049C5300490047004E001B0008001D
:10D2F000940804002D006B080B007D08027C2300BD
:10D300003E0017003C030D0043071A00A0290B0044
:10D31000000003E4730074007200180014008729F1
:10D320006108810812008E0899080B00650803B097
:10D330004800450058000400100087020C000B0054
:10D340003A08079844004500430049004D00410059
:10D350004C0004000A0087020C000B00CE06058A70
:10D360003E00420041005300450087020D00970235
:10D370000C000B00C706057C42004100530045002D
:10D380003E0097020D0087020C000B00000002A473
:10D390002E0052001400A50812001A00A029990BB3
:10D3A000A20B0B006B0603A455002E0052001400C4
:10D3B00061088108990812001A00A029990BA20B94
:10D3C0000B00EA08025C55002E00610881089908EC
:10D3D000740BA20B0B00DE08015C2E0087020D000F
:10D3E00004000A001E0008000F09FD080B00A50834
:10D3F000740BA20B0B007005017E3F000D000609A7
:10D400000B00B808067E440049004700490054005C
:10D410003F00140004003000A029040009001A0095
:10D42000CA050800330904000700A02918000400F9
:10D430000A00CA051D0018001200BA050B00000002
:10D44000077E4E0055004D004200450052003F004F
:10D4500087020D00140018002D071A000F000400A9
:10D460002400A52908005509B3081900040001008B
:10D47000CC29190004000100A0291A000F000400A3
:10D480002D00A5291800A2020C0008006709190048
:10D4900004000100CC29190004000100A029180093
:10D4A0000800E80987020D00040010001E000800B3
:10D4B000930987020D0004000A001E000800AA0953
:10D4C00037001400040000001A000F0087020D004E
:10D4D00021090800D409190087020D007506CC291E
:10D4E000190004000100CC29190007007C09120072
:10D4F00017000900C50937001400040000001A00D5
:10D500000F007B0D0800D40919002000CC29190058
:10D5100004000100CC291900070097091200170028
:10D520000900C50937001400040000001A000F00AC
:10D530001800CE0B0800DE0904003000A0291900F5
:10D5400004000A007506CC29190004000100CC294A
:10D5500019000700AE091200170019001700190082
:10D560001700A2020D000800CE0937000400FFFFDB
:10D57000120087020C000B001700120017008D0527
:10D5800004000000120087020C000B0017001200BC
:10D5900017008D0504000000120087020C000B002C
:10D5A0001700170004000000120087020C000B0097
:10D5B000130904B23F004B004500590002000B0064
:10D5C000000003B24B0045005900F6090800FD09B0
:10D5D0000B000000088C45004B00450059002D0051
:10D5E00042005500460004002200CC29A4040D008E
:10D5F000CC290B00F00905B23F0045004B00450067
:10D6000059005C030D006D030D00A5290800230AD5
:10D61000040000000B006D030D0018000B0A0D0044
:10D62000190004000100CC2904000F001C006D0348
:10D630000C000400FFFF0B004D0804B245004B0036
:10D6400045005900190A08003A0A0B00F80906A01B
:10D650004B00450059005F005500500004000100D8
:10D660000B003E0A089C4B00450059005F00440037
:10D670004F0057004E00040002000B00490A08A8A2
:10D680004B00450059005F004C0045004600540027
:10D69000040003000B00560A09A84B00450059007E
:10D6A0005F00520049004700480054000400040095
:10D6B0000B00630A088A4B00450059005F004800D0
:10D6C0004F004D004500040005000B00710A07885B
:10D6D0004B00450059005F0045004E004400040027
:10D6E00006000B007E0A08A04B00450059005F00B1
:10D6F0005000470055005000040007000B008A0A44
:10D70000089C4B00450059005F0050004700440052
:10D710004E00040008000B00970A07A64B004500C6
:10D7200059005F0049004E005300040009000B003F
:10D73000A40A07984B00450059005F0044004500CB
:10D740004C0004000A000B00B00A0D8A4B00450093
:10D7500059005F004200410043004B00530050005D
:10D7600041004300450004000B000B00BC0A09A463
:10D770004B00450059005F0045004E005400450035
:10D78000520004000C000B00CE0A06624B0045005C
:10D7900059005F0046003100040011000B00DC0A54
:10D7A00006644B00450059005F004600320004004B
:10D7B00012000B00E70A06664B00450059005F00A7
:10D7C00046003300040013000B00F20A06684B0009
:10D7D000450059005F0046003400040014000B00AF
:10D7E000FD0A066A4B00450059005F0046003500FF
:10D7F000040015000B00080B066C4B004500590097
:10D800005F0046003600040016000B00130B066E86
:10D810004B00450059005F00460037000400170028
:10D820000B001E0B06704B00450059005F004600C0
:10D830003800040018000B00290B06724B0045004D
:10D8400059005F0046003900040019000B00340B3A
:10D8500007604B00450059005F0046003100300072
:10D8600004001A000B00340A04A845004D004900CA
:10D87000540003000B003709047E4E00550046009B
:10D880003F00F60918000800620B8D05FD09040031
:10D890000D00A5290B001808048A50004100430020
:10D8A000450004000B00510B0B008808058A53004B
:10D8B0005000410043004500CB06510B0B00BC0754
:10D8C00005A643004800410052005300190004001F
:10D8D0000000DA0504000100CC293700140009001B
:10D8E0008B0B1800510B0700890B12001700170053
:10D8F0000B006D0B06A6530050004100430045008D
:10D900005300CB067E0B0B004807048A54005900D5
:10D91000500045000900AF0B190018000F00510B13
:10D9200004000100CC2919000400FFFFCC291800D5
:10D930000800B40B0900A40B8D050B00770B02A4A3
:10D940004300520004000D00510B04000A00510B6B
:10D950000B0019090B7E44004900470049005400A0
:10D960002D0043004800410052003F0004003000F9
:10D9700004003A00F6050B00C10B0380440033009D
:10D98000400018000F0004003000A02904000A0025
:10D9900075061A00B0060F0004003000A029CC293B
:10D9A00004000A0075061900B006B0060F00040056
:10D9B0003000A029CC290B00D40B057E4400450083
:10D9C000430033003F0018000F00CE0B1A00B006D2
:10D9D0000F00CE0B1C001A00B006B0060F00CE0BD5
:10D9E0001C000800100CD90B04000001BA050B0044
:10D9F0001700040000000B00B60B067E4300450034
:10DA00004C004C0037003F0018000F0018000400C5
:10DA1000200004007F00F6051900040022001E000B
:10DA20001C000800350C1800B006FB0B0800350C74
:10DA300004000400CC29FB0B0B00170004000000BD
:10DA40000B006E0406A449004D004700450052003B
:10DA500052000400FFFF8F180E0062006100640096
:10DA6000200069006D00610067006500200064000F
:10DA70006100740061000B00390C099649004D00EB
:10DA800047002D0043004800450043004B000400C0
:10DA90000700992904000100CC293700140009006F
:10DAA000700C18001C0C0800760C04000700CC2930
:10DAB0000700690C1200170017000B00410CBD068F
:10DAC0000AA841004E00530049002D0052004500B5
:10DAD00053004500540004001B00510BFE0C0300D2
:10DAE0005B0030006D000B004B0B0A6E45004D00D3
:10DAF000490054002D00430045004C004C00370005
:10DB000018000F00140004001B00510BFE0C06004F
:10DB10005B00330038003B0035003B00B0061800C6
:10DB200004000300A20BFE0C06003B00340038008A
:10DB30003B0035003B0004000300CC291800040022
:10DB40000300A20B04006D00510B1200510B0400E6
:10DB50000300CC290B008C0C096E45004D004900D8
:10DB600054002D0052004F00570037000400010000
:10DB7000CC29370014000900D60C980C0700D50CEE
:10DB8000120017000B000000434864006F002400DF
:10DB90001200130012002D07CC29C606140019002C
:10DBA00014000B00000043F8240022007C00E00C6D
:10DBB0000B00000043F8530022007C00E00C2D070E
:10DBC0000B00000043F82E0022007C00E00C2D0723
:10DBD000A20B0B00F00204EC25006100640076004B
:10DBE0001800BA0204073700C60204070B00020D32
:10DBF00004E4250063006C00720004000000F602DB
:10DC00000C000B000F0D04C8250065006E006400B9
:10DC1000040080F7F6020D00CC290B001A0D05DA7E
:10DC2000250072006F006F006D00F6020D00CC2918
:10DC300004000102BA050800360D0B008F180F0012
:10DC400066006F0072006D006100740020006F00BC
:10DC500076006500720066006C006F007700AB1202
:10DC6000260D05C6250061007000700063000400E9
:10DC700001002D0D200D0E0004000100F602040726
:10DC80000B00480D05C425006100700070006200A3
:10DC900018002D0D1400200D1300C3071200F6020A
:10DCA00004070B00590D04E825007200650074009C
:10DCB000040080F7F6020D000B00AE08047E480059
:10DCC000450058003F000400100021090B00C30C60
:10DCD00006A44500530043004500520052000400D2
:10DCE000FFFF8F180E0069006E00760061006C0067
:10DCF000690064002000650073006300610070002B
:10DD00006500AB12F908088A55004E004500530023
:10DD100043004100500045001A00BA020C001800F0
:10DD2000C6020C00170004000000F6020C00C60238
:10DD30000D0008006C0EBA020D000F001800040060
:10DD40005C001E000800CA0D1A00F6020D00CC2966
:10DD50000E0004000100F602040704000100080D93
:10DD60000900AF0D1700C6020D0004000200BA053D
:10DD70000800D30D870D04000100080DBA020D0044
:10DD80000F00180004006E001E000800050E1800A9
:10DD9000040072001E0008000D0E1800040074003C
:10DDA0001E000800150E180004005C001E0008008C
:10DDB0001D0E1800040022001E000800250E180089
:10DDC000040030001E0008002D0E1800040078002A
:10DDD0001E000800350E1700870D170004000A000A
:10DDE00004000100080D0900610E170004000D0079
:10DDF00004000100080D0900610E1700040009006D
:10DE000004000100080D0900610E170004005C0009
:10DE100004000100080D0900610E17000400220033
:10DE200004000100080D0900610E17000400000045
:10DE300004000100080D0900610E1700C6020D0064
:10DE400004000300BA0508003E0E870DBA020D005B
:10DE500004000100CC290F007B0D08005B0E1400AC
:10DE6000BA020D0004000200CC290F007B0D08004F
:10DE70005D0E1200040010007506CC29040003009A
:10DE8000080D0900610E1700870D1700120017001A
:10DE9000870D1A00F6020D00CC290E0004000100C7
:10DEA000F60204070900AF0DF6020D000B0000009A
:10DEB00005CA70006100720073006500A2020C00C8
:10DEC0001A00140018000800C70E04000100A02961
:10DED000A2020D00CB06A52908009E0E37001400F3
:10DEE000CB061A000F00A0291B00350008009D0E6C
:10DEF00004000100CC290700880E12001700120050
:10DF000017000400000018000B0012001A0019008E
:10DF10001400A2020D001A000F00A029A2020D0099
:10DF2000CB06A5290800AD0E1B000800BA0E0400A0
:10DF30000100CC290700A10E1200170018001400E0
:10DF40000900C10E12001700180004000100CC29BE
:10DF500014001A00A02912001200A0290B001A00B8
:10DF60001200A0290B00630B058A500041005200EB
:10DF70005300450014004D070D030D00CC29190373
:10DF80000D000D030D00A0291200760E0D030407ED
:10DF90000B00030982502E00280004002900D20E35
:10DFA000A20B0B0000008150280004002900D20EB3
:10DFB0008D050B00000081B85C0019030D000D03F6
:10DFC0000C000B00140C04A4430048004100520054
:10DFD000CB06D20E17000F000B009C0B059C5400C3
:10DFE0004F004B0045004E000D030D0019030D00BE
:10DFF000BA050800340F4D0719030D00CC29CB06D4
:10E0000019000E004D070D030D00CC2919030D005A
:10E010000D030D00A02904000100CC29CB06760ECB
:10E020000D03040704001F00E605B3030D001A00EA
:10E03000A029A4061F080B00A9130B00EE050488F5
:10E0400057004F0052004400D20E3B071F080B0040
:10E0500000004BB043004F0055004E0054004500F7
:10E0600044003E004C004500580018000F0004001A
:10E070001F001C0018000800600F14001800130097
:10E08000CC290F0022001900170012001D000B0000
:10E090008D05040000000B00530B057C4E00410071
:10E0A0004D0045003E00B00618000D0004001F00A2
:10E0B0001C00CC29B0060B00000047A83E0042001F
:10E0C000550043004B00450054001A000400200096
:10E0D00004007F00F60508008B0F190004002000E3
:10E0E000A029CC290B008D05040000000B000000C6
:10E0F00049824800450041004400450052003E006E
:10E100004E004100B0060B00000049A44E00410043
:10E110003E00480045004100440045005200A4066E
:10E120000B0000004DA656004F0043004100420086
:10E130003E004200550043004B0045005400530090
:10E140000D000B00910B057E530041004D00450072
:10E150003F0018000800DA0F140093290F0019007F
:10E160000F00A02976050800D00F120017000B0041
:10E170001900B0061900B00612000400FFFFCC29F8
:10E180000900C10F1700040000000B007806067E8E
:10E190004D0041005400430048003F0018000800B3
:10E1A0000C10140093290F0019000F001E007605B3
:10E1B0000800F90F1200170017008D050400000079
:10E1C0000B001900B0061900B00612000400FFFF92
:10E1D000CC2918000800071014000900EA0F1700E6
:10E1E0008D050400FFFF0B0017008D050400FFFFE5
:10E1F0000B00DE07079C460049004E0044002D003E
:10E200004F004E000400FFFF22040C000B00111011
:10E21000088C460049004E0044002D004F00460087
:10E2200046000400000022040C000B00E10E0588EB
:10E230002E00460049004E004400FE0C080020005D
:10E240007600690073006900740073003D003504B6
:10E250000D000609FE0C06002000660075006C002B
:10E260006C003D0047040D000609FE0C050020006F
:10E270006800690074003D0057040D0006090B009A
:10E2800000004C8A460049004E0044002D00520018
:10E2900055004E00540049004D004500190018007B
:10E2A000DB030C0018004D0FFC030C001800B00637
:10E2B0000F00EC030C0017001800B80F9B030D00B3
:10E2C000B80F1E00080082100400000010040C00AB
:10E2D0000900861031030D0010040C001800B80F5F
:10E2E00087040C0087040D000800E410EC030D0007
:10E2F00087040D007D0F18000800E3100D001800C2
:10E300000800E3109A040C009A040D009A0F1800FC
:10E310000D001800A2020C00040000011C000800FF
:10E32000AD1010040D000800D810A2020D0004006A
:10E330001FFE1C00FC030D001E000800C410170087
:10E340009A040D000D0018000800C2109A040C0079
:10E3500009009C100900E310DB030D00B0061A0051
:10E36000B006FC030D0004001F001C00E60F0800AF
:10E37000D810140017009A040D006B0F12000B0048
:10E3800017009A040D000D0018000800E3109A040D
:10E390000C0009009C1017001700DB030D0004009F
:10E3A00000000B0000004A8E460049004E00440069
:10E3B0002D00440045004200550047001900180098
:10E3C000DB030C0018004D0FFC030C001800B00616
:10E3D0000F00EC030C00170022040D0008001411BC
:10E3E0000400000035040C000400000047040C0089
:10E3F0000400000057040C001800B80F9B030D0028
:10E40000B80F1E00080022110400000010040C00C8
:10E410000900261131030D0010040C001800B80F7C
:10E4200087040C0087040D0008009C11EC030D000C
:10E4300087040D007D0F180008009B110D001800C7
:10E4400008009B119A040C0022040D0008004411DE
:10E4500004000100350404079A040D009A0F180007
:10E460000D001800A2020C00040000011C000800AE
:10E47000551110040D0008009011A2020D000400B7
:10E480001FFE1C00FC030D001E0008006C1117008D
:10E490009A040D000D00180008006A119A040C007F
:10E4A00009003C1109009B1122040D0008007411A1
:10E4B0000400010047040407DB030D00B0061A0046
:10E4C000B006FC030D0004001F001C00E60F08004E
:10E4D000901122040D000800891135040D00570425
:10E4E0000C00140017009A040D006B0F12000B00B3
:10E4F00017009A040D000D00180008009B119A04E3
:10E500000C0009003C1117001700DB030D0004008C
:10E5100000000B00000044C8660069006E00640043
:10E520007B020D0014000B00000049A646004900C4
:10E530004E0044002D0056004F00430053001800C9
:10E540000800CC11140018001300A811760508006B
:10E55000C61181051700120017000B0017001200EA
:10E56000B0060D000900B7111700040000000B00F1
:10E570000000457E4E0041004D0045003F008C03E9
:10E580000D00B7110B00CB0E0C88500052004F004D
:10E59000460049004C0045002D00460049004E0051
:10E5A00044000400F6107B020C001A100C0FD71167
:10E5B00076050800F6118D050900F71117003510D2
:10E5C0002910040066107B020C000B000000029072
:10E5D0005E00480014001A00120019001A001E0004
:10E5E0000800161204000800510B04000100A029C5
:10E5F00004002000510B04000800510B0B00050F14
:10E6000003A05400410050001800510B1A000E00E6
:10E6100004000100CC290B00000004A06B00540092
:10E6200041005000180004000A001E0008003D12BE
:10E63000180004000D001E0008004112040008002C
:10E640001E0008003F121C120B0017000B000212E4
:10E650000B0017001900170018000B00000006E857
:10E660006100630063006500700074001A00CC292B
:10E670001A0093291E0008006312FD091800CB063A
:10E6800004007F00F605080060121C1209006112E8
:10E690002A120900511217001A00A0290B007F0D41
:10E6A00006A84500580050004500430054004E1293
:10E6B00002030C0017000B00000005B251005500CA
:10E6C0004500520059004D07040000046F12020378
:10E6D0000D0019030C00040000000D030C000B00DA
:10E6E000FA0E059043004100540043004800150015
:10E6F00014004B030D00140011004B030C00040028
:10E700009C12140014000B0012004B030C001200AA
:10E710001700040000000B00171205AE540048005B
:10E7200052004F0057004B030D00100012004B0326
:10E730000C001200190014001600170012000B0044
:10E74000000048883F004E0055004D00480045003D
:10E75000410044001800B0060D0018001400040029
:10E76000300004003A00F605130004002D00A5292E
:10E770001D00130004002B00A5291D001300040038
:10E780002400A5291D0087020D00040010001E00B2
:10E790000800E512120017000B0013007B0D190092
:10E7A00017001D00120017000B0000000AA824002B
:10E7B00049004E00540045005200500052004500F0
:10E7C0005400C212080000134009080000130B0097
:10E7D000D7117605080019130D00040040001C0035
:10E7E0008F180D00200063006F006D00700069003D
:10E7F0006C00650020006F006E006C007900140052
:10E800000B00400908001D130B00AB122E100396DD
:10E810002E004F004B0031030D00080029130900A2
:10E820002E13FE0C030020006F006B00BA0B0B00D0
:10E83000120A06963F0053005400410043004B006B
:10E84000EA061B008F180A00200075006E006400A5
:10E850006500720066006C006F0077000B006712A5
:10E8600004984500560041004C000C0F18000F00A2
:10E8700008005E1331030D000800591360220900DF
:10E880004D1369079C22960709004D1317002313A7
:10E890000B00DB1106A85000520045005300450054
:10E8A0005400040080FA1903B0060C0069070B003D
:10E8B000000043DE780069006F0004004E12390248
:10E8C0001007520210070B001F10048A460049006F
:10E8D0004C0045000400690B0400170004002A12D4
:10E8E00075130B00750D0488480041004E0044006C
:10E8F000040023130400510B04002A1275130B00AB
:10E900000000039E49002F004F000400A0130B00DD
:10E9100002000300000005484E0055004C004C006A
:10E920002400060000008812078A43004F004E00B2
:10E9300053004F004C0045009D131D071D0210079A
:10E9400090130B007C05039E52002F004F00040023
:10E9500001000B00360F039E57002F004F000400EC
:10E9600002000B00BA1303AE52002F005700040040
:10E9700003000B000000098A4F00500045004E00C4
:10E980002D00460049004C00450028000B00AB1349
:10E990000B8A4300520045004100540045002D0001
:10E9A000460049004C00450029000B00DF130A8A8D
:10E9B00043004C004F00530045002D004600490025
:10E9C0004C0045002A000B00CA13098A520045007A
:10E9D000410044002D004C0049004E0045002B0032
:10E9E0000B00C2130A8A5700520049005400450028
:10E9F0002D004C0049004E0045002C000B007C13FC
:10EA00000D9C460049004C0045002D0050004F0071
:10EA100053004900540049004F004E002E000B00E7
:10EA2000FC130F8A5200450050004F00530049006C
:10EA3000540049004F004E002D00460049004C0094
:10EA400045002D000B001714098A460049004C00B0
:10EA500045002D00530049005A0045002F000B00CF
:10EA60003B140A8A46004C005500530048002D0014
:10EA7000460049004C00450030000B00F40B0B8AA7
:10EA8000440045004C004500540045002D00460060
:10EA900049004C00450031000B0028140B8A52003D
:10EAA00045004E0041004D0045002D004600490044
:10EAB0004C00450032000B00540C0C8A49004E00FB
:10EAC00043004C005500440045002D00460049001D
:10EAD0004C00450017000400FFFF0B007414088869
:10EAE00049004E0043004C005500440045004400DE
:10EAF0008D050400FFFF0B0000004B8A4D004F0006
:10EB0000440055004C0045002D00530041005600C4
:10EB10004500C9030D00EB040C00A5030D00FC0427
:10EB20000C007D030D0013050C007D03B0060D00E5
:10EB30001305B0060C007D03B006B0060D001305EA
:10EB4000B006B0060C008C030D0029050C008C03E8
:10EB5000B0060D002905B0060C008C03B006B00607
:10EB60000D002905B006B0060C008C03B006B006F7
:10EB7000B0060D002905B006B006B0060C008C03E7
:10EB8000B006B006B006B0060D002905B006B00606
:10EB9000B006B0060C008C03B006B006B006B00696
:10EBA000B0060D002905B006B006B006B006B006E6
:10EBB0000C008C03B006B006B006B006B006B00676
:10EBC0000D002905B006B006B006B006B006B006C6
:10EBD0000C008C03B006B006B006B006B006B00656
:10EBE000B0060D002905B006B006B006B006B006A6
:10EBF000B006B0060C008C03B006B006B006B00636
:10EC0000B006B006B006B0060D002905B006B00685
:10EC1000B006B006B006B006B006B0060C009B0306
:10EC20000D003F050C009B03B0060D003F05B0062C
:10EC30000C000B00000054A44D004F004400550090
:10EC40004C0045002D0052004500530054004F0079
:10EC5000520045002D004F00520044004500520074
:10EC600029050D008C030C002905B0060D008C034E
:10EC7000B0060C002905B006B0060D008C03B006E6
:10EC8000B0060C002905B006B006B0060D008C03D6
:10EC9000B006B006B0060C002905B006B006B006F6
:10ECA000B0060D008C03B006B006B006B0060C002E
:10ECB0002905B006B006B006B006B0060D008C03FC
:10ECC000B006B006B006B006B0060C002905B006C6
:10ECD000B006B006B006B006B0060D008C03B00654
:10ECE000B006B006B006B006B0060C002905B006A6
:10ECF000B006B006B006B006B006B0060D008C0334
:10ED0000B006B006B006B006B006B006B0060C00FD
:10ED10002905B006B006B006B006B006B006B006CB
:10ED2000B0060D008C03B006B006B006B006B00603
:10ED3000B006B006B0060C003F050D009B030C00AA
:10ED40003F05B0060D009B03B0060C000B00000051
:10ED50004CA44D004F00440055004C0045002D00D0
:10ED600043004C0045004100520004000000C30471
:10ED70000C0004000000D8040C000B0000004F96AB
:10ED80004D004F00440055004C0045002D0052003E
:10ED90004F004C004C004200410043004B00130563
:10EDA0000D007D030C001305B0060D007D03B006B9
:10EDB0000C001305B006B0060D007D03B006B006CA
:10EDC0000C004815EB040D00C9030C00FC040D00F9
:10EDD000A5030C00FC040D00501804000000C3043F
:10EDE0000C000400FFFFD8040C000B00741204A8F0
:10EDF000510055004900540010020D0010004D163E
:10EE000010020D0010007B12D8040D00080023161C
:10EE100075250900471604004D138F12760508006A
:10EE2000181661020D001900B413A9131A001E0070
:10EE300008003A16740B2D07A20BFE0C03002000ED
:10EE40003F002000C3040D0008003F16E715040032
:10EE500023131E000800471604001B00510B691302
:10EE600009001716000081B65B00040000003103A2
:10EE70000C000B00000001BA5D000400010031032A
:10EE80000C000B007402014E27000C0FD711080074
:10EE9000631617000B00AB12000007A85F006400A8
:10EEA0006F004E00450058005400040007000B009E
:10EEB000641608D05F003F006200720061006E00BF
:10EEC00063006800040008000B00701607D05F00A4
:10EED0006200720061006E006300680004000900B7
:10EEE0000B00770C05A841004C004C004F0054006B
:10EEF000A50304070B004A1689BA5B0043004F00C4
:10EF00004D00500049004C0045005D005D167B2916
:10EF10000B00EE13478A43004F004D00500049009C
:10EF20004C004500120018000D007B29B0061400AB
:10EF30000B00C30387984C00490054004500520061
:10EF400041004C00AA1604007B290B00931686BAD8
:10EF50005B0043004800410052005D00000FBA16FC
:10EF60000B00ED12034424002C00220004002200B8
:10EF70003C0F2D07CC29C606A5030C000B00471338
:10EF800005444500530043002C0022003B071F08A6
:10EF90002D07CC29C606A5030C000B006514878A33
:10EFA0005200450043005500520053004500C9037C
:10EFB0000D006B0F7B290B00D208859C4200450099
:10EFC000470049004E003B070B00481483A446004D
:10EFD0004F005200AA163700AA1614003B070B0078
:10EFE000640F84A84E00450058005400AA1607007C
:10EFF0007B29AA161200AA1617000B009A0D8598F5
:10F0000055004E00540049004C00040008007B29C4
:10F010007B290B008916859C41004700410049006F
:10F020004E00040009007B297B290B008614828C8A
:10F0300049004600040008007B293B07040000004B
:10F040007B290B00221785884100480045004100BC
:10F050004400040009007B293B07040000007B29D1
:10F060000B00E61686A852004500500045004100FE
:10F07000540029173B0719000C000B00A412849CB4
:10F080005400480045004E003B0719000C000B00DF
:10F090003A1783A841004600540017004117FB1699
:10F0A00019000B00D716848A45004C005300450018
:10F0B000411719005C170B000914858A5700480096
:10F0C00049004C004500321719000B000000528A1D
:10F0D00043004C004500410052002D004200550005
:10F0E00043004B00450054002D00540041004200F5
:10F0F0004C00450004005F003700140004000000CD
:10F100001A000C00B006070096171200170017002F
:10F110000B000000518A43004F00500059002D00A1
:10F120004200550043004B00450054002D005400A0
:10F13000410042004C00450087040C00A2020C0074
:10F1400004005F0037001400A2020D000D008704C8
:10F150000D000C00A2020D00B006A2020C008704F4
:10F160000D00B00687040C000700BC171200170042
:10F170000B000000538A52004500570049004E0022
:10F1800044002D004200550043004B004500540050
:10F190002D005400410042004C0045001900A2021D
:10F1A0000C0087040C0004005F0037001400870483
:10F1B0000D000D009A040C009A040D0018000800C0
:10F1C0000E181800A2020D00BA05080009188704DD
:10F1D0000D000C0087040D00B00687040C00090028
:10F1E00019180D009A040C000900F4171700040008
:10F1F000000087040D000C0087040D00B006870492
:10F200000C000700EF17120017000B00000054A6B7
:10F2100052004500570049004E0044002D005600A2
:10F220004F004300410042002D00420055004300C2
:10F230004B00450054005300B80F760508003A18FB
:10F24000E6170B0017000B00000052A65200450005
:10F25000570049004E0044002D0041004C004C0076
:10F260002D004200550043004B0045005400530060
:10F270007D03180008005B181A001A003418B00645
:10F280000D00090051188D050B00000052A6490021
:10F290004E00490054002D0046004F00520054001B
:10F2A00048002D004200550043004B00450054002B
:10F2B0005300040064000400E2FEB4170400E2FE00
:10F2C0007D030C000B0060178644410042004F0094
:10F2D000520054002200AA168F18CE160B00000010
:10F2E0004644610062006F00720074002200080052
:10F2F0009318E00CAB12E00C17000B00C916824407
:10F3000024002200AA16EF0CCE160B001E13824416
:10F310002E00220031030D000800AE180400220068
:10F32000D20EA40DAA16FE0CDE160B00040022005D
:10F33000D20EA40DA20B0B00BA0F82445300220080
:10F3400031030D000800C41804002200D20EA40DE1
:10F35000AA16F60CDE160B0004002200D20EA40D35
:10F360000B001617037A55003C003D000400010015
:10F37000CC29BA050B00301307A83F005400410008
:10F3800052004700450054000C0F18000F00080001
:10F39000E2180B00EF0C050020006E0061006D000C
:10F3A0006500AB12000046A8460049004E0044002C
:10F3B000580054001800D71176050800FB181700F4
:10F3C0000400FFFF0B001700040000000B00B4183E
:10F3D0004C8853005400520049004E0047002D0055
:10F3E0004200550049004C0044001A001B00080070
:10F3F00025198F1811006E00650067006100740008
:10F400006900760065002000630061007000610003
:10F410006300690074007900AB1219001400041F26
:10F4200012003B0704000600CC291800A2020C00C1
:10F430001700040004007B29A2020D000400020052
:10F44000CC297B29040004007B29A2020D000400C2
:10F450000100CC297B2904000D007B2904000B004E
:10F460007B2918007B29040000007B299016FA22D2
:10F47000C9030D006B0F0B000000047E5300540005
:10F4800052003F0018000D00040004001E00080098
:10F4900065191700040000000B001800B0060D00ED
:10F4A000A2020C001800B006B0060D000400040013
:10F4B0001E00080077191700040000000B00180058
:10F4C000B006B006B0060D00A2020D00A4061E0094
:10F4D000080086191700040000000B001800040043
:10F4E0000400CC290D0004000D001E000800941932
:10F4F0001700040000000B00180004000500CC29D0
:10F500000D0004000B001E000800A21917000400E3
:10F5100000000B000400FFFF0B000000078C3E0002
:10F520005300540052004200550046005A1908008A
:10F53000B419B0060D000B008F180A006E006F00A2
:10F540007400200073007400720069006E00670090
:10F55000AB12000008823E005300540052004C00E1
:10F5600045004E0041005A190800D319B006B006F4
:10F57000B0060D000B008F180A006E006F007400BB
:10F58000200073007400720069006E006700AB1207
:10F59000000007A03E005300540052004300410009
:10F5A0005000CB19A4060D000B000000079C3E0084
:10F5B0005300540052004C0045004E00CB190D0082
:10F5C0000B00000009A853005400520043004C00F7
:10F5D00052002D0058005400CB19040000001900FF
:10F5E0000C000B00000009A8530054005200430017
:10F5F000410050002D0058005400E9190B00000094
:10F6000009A85300540052005300450054002D0037
:10F6100058005400AE020C001800AE020D00E919AB
:10F62000CE1808003C1A180014001A00AE020D0093
:10F63000AE191300C3071200170019001700AE021D
:10F640000D00CB190C000B008F180F007300740015
:10F65000720069006E00670020006F007600650090
:10F66000720066006C006F007700AB1200000AA801
:10F670005300540052005300450054004E002D002A
:10F6800058005400AE020C001800AE020D00E9193B
:10F690001E000800771A8F181100630061007000C7
:10F6A0006100630069007400790020006D0069004A
:10F6B00073006D006100740063006800AB121800F5
:10F6C00004000100CC29BA050800821AAE020D0020
:10F6D000221A0B008F180F0073007400720069006B
:10F6E0006E00670020006F00760065007200660003
:10F6F0006C006F007700AB12000009A853005400A3
:10F7000052004100500050002D0058005400AE023D
:10F710000C00BA020C00C6020C00150DAE020D0062
:10F72000AE19AE020D00F619600DBA020D00C60248
:10F730000D00600D700DAE020D00221A0B000000CE
:10F7400009A85300540052005000520045002D00FB
:10F7500058005400AE020C00BA020C00C6020C00A5
:10F76000150DBA020D00C6020D00600DAE020D00AF
:10F77000AE19AE020D00F619600D700DAE020D004F
:10F78000221A0B0000000AA8530054005200430044
:10F790004100500050002D0058005400AE020C00F3
:10F7A000150DAE020D00AE19AE020D00F619600D7A
:10F7B0004F0D700DAE020D00221A0B0000000BA8B9
:10F7C0005300540052004300480041005200210001
:10F7D0002D0058005400140018001B000800181BCE
:10F7E0008F180D0069006E00760061006C006900E2
:10F7F0006400200069006E00640065007800AB12B0
:10F8000018001300F619BA050800251B1300AE19DD
:10F81000CC290E00120017000B008F180D00690094
:10F820006E00760061006C006900640020006900D1
:10F830006E00640065007800AB12B116039C4C00AA
:10F8400045004E00190017000B006A17067E4500A0
:10F850004D005000540059003F0019001700760574
:10F8600008004E1B1700040000000B000400FFFFFF
:10F870000B00FF18047A5300540052003D0014009E
:10F880001A0013001E000800641B120017008D05EB
:10F890001700040000000B00190012001700E60F0B
:10F8A0000B00511B057C5300540052003C003E00ED
:10F8B000571B35000B00351B04A84C0045004600C3
:10F8C000540018001B0008008D1B8F180D006900E4
:10F8D0006E00760061006C00690064002000720018
:10F8E00061006E0067006500AB12A2020C00A2026C
:10F8F0000D001A00CE180800991B1700A2020D0077
:10F900000B008F180D0069006E00760061006C001E
:10F91000690064002000720061006E0067006500ED
:10F92000AB12491705A8520049004700480054008F
:10F9300018001B000800C41B8F180D0069006E0022
:10F94000760061006C0069006400200072006100B4
:10F950006E0067006500AB1218001A00CE18080090
:10F96000D31B140019001A001300A029CC2912007F
:10F97000810517000B008F180D0069006E007600DE
:10F9800061006C00690064002000720061006E007C
:10F9900067006500AB12691B06A4530055004200C6
:10F9A000530054005200140018001B000800001CF3
:10F9B0008F180D0069006E00760061006C00690010
:10F9C00064002000720061006E0067006500AB12E9
:10F9D00013001B000800141C8F180D0069006E0036
:10F9E000760061006C006900640020007200610014
:10F9F0006E0067006500AB12A2020C00A2020D00AF
:10FA00001A00CE1808002A1CA2020D001300CC29EF
:10FA10001A00CE1808002A1C1700A2020D00CC29DB
:10FA200012000B008F180D0069006E007600610057
:10FA30006C00690064002000720061006E006700C5
:10FA40006500AB12A116058043004800410052003A
:10FA5000400018001B000800551C8F180D0069009D
:10FA60006E00760061006C0069006400200069008F
:10FA70006E00640065007800AB1218001A00BA0529
:10FA800008005F1C19001700CC290F000B008F180D
:10FA90000D0069006E00760061006C006900640072
:10FAA000200069006E00640065007800AB12E31B63
:10FAB000868E53005400520049004E004700310327
:10FAC0000D0008009E1C8F182000530054005200A7
:10FAD00049004E004700200063006F006D00700079
:10FAE00069006C0065002D007300740061007400F3
:10FAF0006500200075006E007300750070007000D6
:10FB00006F007200740065006400AB12DC18F2181C
:10FB10000800B51C8D0517008F180E0064007500D5
:10FB200070006C00690063006100740065002000D3
:10FB30006E0061006D006500AB120D1917000B001F
:10FB4000561785A454004F00530054005200DC188F
:10FB5000F2180800D51C19001700AE020C00310382
:10FB60000D000800D11CAE020D00BA16AA16221A0A
:10FB70000B00AE020D00221A0B0031030D0008002D
:10FB8000F11C8F1815006D00690073007300690087
:10FB90006E006700200073007400720069006E0040
:10FBA0006700200074006100720067006500740047
:10FBB000AB1214001A00BA020C001800C6020C00A6
:10FBC000180012000D19AE020C00BA020D00C60298
:10FBD0000D00AE020D00221A0B00B81C869C5400CA
:10FBE0004F005300540052004E00DC18F218080079
:10FBF000231D19001700AE020C0031030D00080090
:10FC00001F1DAE020D00BA16AA165A1A0B00AE023C
:10FC10000D005A1A0B0031030D0008003F1D8F180C
:10FC200015006D0069007300730069006E006700C5
:10FC3000200073007400720069006E0067002000ED
:10FC4000740061007200670065007400AB1214005C
:10FC50001800D2020C0081051800BA020C008105C0
:10FC60001800C6020C008105180012000D19AE0222
:10FC70000C00BA020D00C6020D00D2020D00AE0249
:10FC80000D005A1A0B003A1C85A443004C00450095
:10FC900041005200DC18F2180800781D1900170006
:10FCA000AE020C0031030D000800741DAE020D0001
:10FCB000BA16AA16041A0B00AE020D00041A0B00A5
:10FCC0008F1815006D0069007300730069006E00E5
:10FCD0006700200073007400720069006E00670006
:10FCE0002000740061007200670065007400AB12B0
:10FCF0005B1D88B2430041005000410043004900B1
:10FD000054005900DC18F2180800B01D1900170043
:10FD1000AE020C0031030D000800AC1DAE020D0058
:10FD2000BA16AA16151A0B00AE020D00151A0B0012
:10FD30008F1815006D0069007300730069006E0074
:10FD40006700200073007400720069006E00670095
:10FD50002000740061007200670065007400AB123F
:10FD60007B18868841005000500045004E0044003A
:10FD700031030D000800E21DDC18F2180800F61D22
:10FD800019001700AE020C00AE020D00BA16AA163A
:10FD90009F1A0B00BA020C00C6020C00DC18F21805
:10FDA0000800F61D19001700AE020C00BA020D0083
:10FDB000C6020D00AE020D009F1A0B008F18150031
:10FDC0006D0069007300730069006E006700200019
:10FDD00073007400720069006E00670020007400F8
:10FDE00061007200670065007400AB1261138788C0
:10FDF000500052004500500045004E0044003103C1
:10FE00000D000800291EDC18F21808003D1E19001C
:10FE10001700AE020C00AE020D00BA16AA16C21AE6
:10FE20000B00BA020C00C6020C00DC18F218080025
:10FE30003D1E19001700AE020C00BA020D00C602EA
:10FE40000D00AE020D00C21A0B008F1815006D00D8
:10FE500069007300730069006E0067002000730082
:10FE60007400720069006E00670020007400610079
:10FE70007200670065007400AB12901D8788430014
:10FE800041005000500045004E004400DC18F218BC
:10FE90000800741E19001700AE020C0031030D009B
:10FEA0000800701EAE020D00BA16AA16E61A0B0064
:10FEB000AE020D00E61A0B008F1815006D006900E8
:10FEC0007300730069006E00670020007300740007
:10FED000720069006E00670020007400610072000B
:10FEE000670065007400AB12551E85424300480050
:10FEF000410052002100DC18F2180800A91E190068
:10FF00001700AE020C0031030D000800A51EAE0262
:10FF10000D00BA16AA16031B0B00AE020D00031B40
:10FF20000B008F1815006D006900730073006900E5
:10FF30006E006700200073007400720069006E009C
:10FF400067002000740061007200670065007400A3
:10FF5000AB120000078A3F0055004E0049005100D7
:10FF6000550045000B000000455853004E0041006D
:10FF700050002C0018000D00040004007B297B2990
:10FF8000040004007B2918007B2904000C007B2955
:10FF900017000B0000004A5853004E00410050006B
:10FFA0002D0049004E0054004F002C0014000400A6
:10FFB00004007B297B29040004007B2912007B2993
:10FFC00004000C007B290B00000046A448004500FB
:10FFD000410044004500520018000F0008002B1F8C
:10FFE000CA1E1800A2020C003B071800C9030C002F
:10FFF000040000007B29A2020D004D0F7B29A20204
:020000021000EC
:100000000D00B0063B07A2020D000F0004001F0008
:100010001C00C307A2020D000F0004001F001C00FB
:1000200090168D050B00EF0C050020006E0061009E
:100030006D006500AB1203004E004F005000000041
:10004000000004006A0075006D00700001000000EF
:1000500003003F00720078000200000003007400FB
:100060007800210003000000050064006F004C00D0
:100070004900540004000100060064006F004C00B9
:1000800049005300540005000000050064006F00A3
:1000900056004100520006000000060064006F0098
:1000A0004E004500580054000700000007003F00C4
:1000B0006200720061006E006300680008000100C9
:1000C00006006200720061006E00630068000900B3
:1000D000010007004500580045004300550054004A
:1000E00045000A0000000400450058004900540083
:1000F0000B000000010021000C0000000100400086
:100100000D0000000200430021000E00000002006C
:10011000430040000F000000030052005000210087
:1001200010000000030052005000400011000000C9
:10013000020052003E001200000002005200400087
:100140001300000002003E005200140000000300F3
:100150005300500040001500000003005300500001
:100160002100160000000400440052004F0050001F
:100170001700000003004400550050001800000064
:100180000400530057004100500019000000040013
:100190004F005600450052001A00000002003000D7
:1001A0003C001B000000030041004E0044001C0006
:1001B000000002004F0052001D0000000300580024
:1001C0004F0052001E000000030055004D002B00A0
:1001D000CF8A11241FBECFEFD1E2DEBFCDBF00E03A
:1001E0000CBF12E0A0E0B2E0EEE6F6E101E00BBFEA
:1001F00002C007900D92AC3EB107D9F72DE1ACEEED
:10020000B2E001C01D92A13AB207E1F710E8C9EED1
:10021000D0E800E006C021970109802FFE010E946E
:100220002D8BC83ED10780E00807A9F70E940E89F0
:100230000C94358B0C940000AF92BF92CF92DF925A
:10024000EF92FF920F931F93CF93DF936C017B018B
:100250008B01040F151FEB015E01AE18BF08C0171C
:10026000D10759F06991D601ED91FC910190F0818F
:10027000E02DC6011995892B79F7C501DF91CF9142
:100280001F910F91FF90EF90DF90CF90BF90AF90B4
:100290000895FC01538D448D252F30E0842F90E08C
:1002A000821B930B541710F0CF9608950197089571
:1002B000FC01918D828D981761F0A28DAE0FBF2F3A
:1002C000B11D5D968C91928D9F5F9F73928F90E090
:1002D00008958FEF9FEF0895FC01918D828D9817FF
:1002E00031F0828DE80FF11D858D90E008958FEF3C
:1002F0009FEF0895FC01918D228D892F90E0805C05
:100300009F4F821B91098F739927089584E09DE187
:100310000E947A8121E0892B09F420E0822F089540
:10032000FC01A48DA80FB92FB11DA35ABF4F2C916A
:10033000848D90E001968F739927848FA689B78961
:100340002C93A089B1898C91837080648C93938D58
:10035000848D981306C00288F389E02D80818F7DFB
:1003600080830895EF92FF920F931F93CF93DF93B3
:10037000EC0181E0888F9B8D8C8D98131AC0E889E1
:10038000F989808185FF15C09FB7F894EE89FF89B0
:100390006083E889F98980818370806480839FBF4E
:1003A00081E090E0DF91CF911F910F91FF90EF904E
:1003B0000895F62E0B8D10E00F5F1F4F0F7311275E
:1003C000E02E8C8D8E110CC00FB607FCFACFE88999
:1003D000F989808185FFF5CFCE010E949081F1CF10
:1003E000EB8DEC0FFD2FF11DE35AFF4FF0829FB70D
:1003F000F8940B8FEA89FB8980818062CFCFCF93FD
:10040000DF93EC01888D8823B9F0AA89BB89E8893C
:10041000F9898C9185FD03C0808186FD0DC00FB6E2
:1004200007FCF7CF8C9185FFF2CF808185FFEDCF60
:10043000CE010E949081E9CFDF91CF91089580E0B5
:1004400090E0892B29F00E94868181110E94000092
:1004500080E090E0892B49F080E090E0892B29F042
:100460000E94000081110E94000080E090E0892B32
:1004700049F080E090E0892B29F00E940000811172
:100480000E94000080E090E0892B49F080E090E03D
:10049000892B29F00E94000081110C94000008951E
:1004A0000895FC0180859185148628E0268793872E
:1004B00082870895FC0180859185148621E0268736
:1004C000938782870895CF93DF9300D01F92CDB793
:1004D000DEB7FC01EF2FFF27E295EF70E050FE4FF3
:1004E00020812983E92FFF27EF70FF27E050FE4F7F
:1004F00020812A83FC0144E0F695E7954A95E1F7CF
:10050000EF70FF27E050FE4F20812B838F709927DB
:10051000FC01E050FE4F80818C8344E050E0BE013E
:100520006F5F7F4F84E09DE10E941C810F900F90D0
:100530000F900F90DF91CF910895DC01FB01F058EF
:10054000E11582E0F80758F4EE0FFF1FE451F74E73
:1005500077FF1CC0309779F0518340830895F0E015
:10056000E0E0611585EF780798F3FB01EE0FFF1FC0
:10057000E451F74EEDCF1C961C921C9783E01E961B
:100580008C931E971B967C936E931A970895CF9326
:10059000DF93EC01AB016C817D8161158EEF7807F3
:1005A00050F4888599851C8627E02E879B878A874B
:1005B000DF91CF910895CE010E949D828C8581119B
:1005C00003C08E858111F4CF8C819D8101979D831D
:1005D0008C83EECFCF93DF93EC01AB016A817B81FB
:1005E000611589EF780750F4888599851C8625E088
:1005F0002E879B878A87DF91CF910895CE010E9435
:100600009D828C85811103C08E858111F4CF8A81F2
:100610009B8101979B838A83EECFFC01628173816A
:100620000C94EA82FC01648175810C94EA82CF9378
:10063000DF93EC0184E09DE10E947A8170E060E04C
:10064000181619067CF484E09DE10E94588197FFFA
:1006500002C090E080E0BC017727CE010E94EA82D0
:100660006FEF7FEFCE01DF91CF910C94EA82DC0136
:10067000FB01F058E11582E0F80748F5EE0FFF1F87
:10068000E451F74E77FD3EC0CB019F71B0E0A0E092
:10069000880F991FAA1FBB1F672F77276295669542
:1006A00067706230710521F16330710531F161309D
:1006B0007105C9F040ED51EC60E07727840F951F7C
:1006C000A61FB71FABBFFC01879196910895F0E07C
:1006D000E0E0611585EF7807A8F2FB01EE0FFF1F40
:1006E000E451F74ECFCF40ED51E860E07727E6CFF9
:1006F00040ED51E460E07727E1CF40ED51E060E06C
:100700007727DCCF309719F08081918108951C966E
:100710001C921C9782E01E968C931E971B967C93CE
:100720006E931A9780E090E00895CF93DF93EC01E9
:10073000688179810E9437832C85211103C02E8521
:1007400021110CC0288139812F5F3F4F39832883C5
:10075000BC01CE01DF91CF910C94EA82DF91CF9161
:100760000895CF93DF93EC01688179810E943783EC
:1007700099838883DF91CF9108950C94B1836F5F43
:100780007F4FFC0122813381620F731F0C943783EA
:10079000CF93DF93EC0161E070E00E94BF83BC0166
:1007A000CE01DF91CF910C94EA820F931F93CF93E8
:1007B000DF93EC0170E060E00E94BF838C0161E098
:1007C00070E0CE010E94BF836A817B816F5F7F4FA3
:1007D000AC01CE010E949D828C85811103C08E8563
:1007E00081110CC06A817B816E5F7F4FA801CE01B1
:1007F000DF91CF911F910F910C949D82DF91CF914A
:100800001F910F910895CF93DF93EC0170E060E0AA
:100810000E94BF83BC01CE01DF91CF910C94EA828C
:10082000FC01648175816F378EEF780739F06F5F57
:100830007F4F75836483CF010C94378380859185C6
:10084000148626E026879387828790E080E00895CB
:10085000CF93DF93EC010E9410842C85211103C0FB
:100860002E85211106C0BC01CE01DF91CF910C94E1
:10087000EA82DF91CF910895CF93DF93EC016881F5
:1008800079810E94EA828C85811103C08E85811155
:100890000DC08C819D818F379E4F59F41C868E85AB
:1008A000811104C0888199819B878A87DF91CF91CC
:1008B0000895CE010E94108499838883F7CFCF9347
:1008C000DF93EC018C819D818F379E4F59F41C86FC
:1008D0008E85811104C0888199819B878A87DF91E9
:1008E000CF910895CE010E94108499838883F7CF19
:1008F000FC01648175816F378EEF780729F06F5F97
:100900007F4FCF010C94378380859185148626E034
:1009100026879387828790E080E00895CF93DF93C6
:10092000EC010E947884BC01CE01DF91CF910C9440
:10093000EA82EF92FF920F931F93CF93DF93EC0124
:10094000688179810E9437837C018C85811103C085
:100950008E85811123C0888199810196998388832E
:10096000CE010E9478842C85211103C02E8521118F
:1009700015C08C010F5F1F4F6C817D816F5F7F4FB2
:10098000A801CE010E949D828C85811103C08E85B5
:10099000811104C0012B11F0F982E882DF91CF911F
:1009A0001F910F91FF90EF900895FC016281738178
:1009B0006F3789EF780739F06F5F7F4F73836283FA
:1009C000CF010C94378380859185148624E0268797
:1009D0009387828790E080E00895CF92DF92EF9234
:1009E000FF92CF93DF93EC010E94D5847C018C852C
:1009F000811103C08E85811124C0CE010E94D5844F
:100A00002C85211103C02E8521111BC09C01D7010B
:100A10000E941E8B6B017C01CE010E94EA828C85B4
:100A2000811103C08E8581110CC0B70188279927D9
:100A3000CE01DF91CF91FF90EF90DF90CF900C949B
:100A4000EA82DF91CF91FF90EF90DF90CF900895F1
:100A5000CF93DF93EC010E94D5842C85211103C034
:100A60002E85211108C0BC01660F771FCE01DF91D2
:100A7000CF910C94EA82DF91CF9108950F931F9349
:100A8000CF93DF93EC010E94D5848C018C8581117A
:100A900003C08E85811113C0CE010E94D5842C85A0
:100AA000211103C02E8521110AC0B801680F791FDA
:100AB000CE01DF91CF911F910F910C94EA82DF91CB
:100AC000CF911F910F910895CF93DF93EC010E9476
:100AD000D5848C85811103C08E85811107C070E09B
:100AE00060E0CE01DF91CF910C94EA82DF91CF914B
:100AF0000895CF93DF93EC010E94D5842C852111BA
:100B000003C02E85211109C066277727681B790B42
:100B1000CE01DF91CF910C94EA82DF91CF910895BD
:100B20000F931F93CF93DF93EC010E94D5848C0128
:100B30008C85811103C08E85811113C0CE010E9466
:100B4000D5842C85211103C02E8521110AC0BC013A
:100B5000601B710BCE01DF91CF911F910F910C940F
:100B6000EA82DF91CF911F910F910895CF93DF9388
:100B7000EC010E94D5842C85211103C02E85211102
:100B800008C0BC0160957095CE01DF91CF910C94A7
:100B9000EA82DF91CF910895CF93DF93EC010E9419
:100BA000D5842C85211103C02E85211108C0BC01DC
:100BB00062507109CE01DF91CF910C94EA82DF91EE
:100BC000CF910895CF93DF93EC010E94D5842C85BB
:100BD000211103C02E85211108C0BC016E5F7F4F1B
:100BE000CE01DF91CF910C94EA82DF91CF910895ED
:100BF000CF93DF93EC010E94D5842C85211103C093
:100C00002E85211108C0BC0161507109CE01DF9110
:100C1000CF910C94EA82DF91CF9108950C94F885DE
:100C2000CF93DF93EC010E94D5842C85211103C062
:100C30002E85211108C0BC016F5F7F4FCE01DF916F
:100C4000CF910C94EA82DF91CF9108950C94108695
:100C5000CF93DF93EC010E94D5842C85211103C032
:100C60002E8521110EC061E070E0892B11F070E03B
:100C700060E0719561957109CE01DF91CF910C947F
:100C8000EA82DF91CF910895CF93DF93EC010E9428
:100C9000D5849C85911103C09E85911108C0782F41
:100CA000770F60E0CE01DF91CF910C94EA82DF9163
:100CB000CF910895CF93DF93EC010E94D5849C855A
:100CC000911103C09E85911107C060E0782FCE017D
:100CD000DF91CF910C94EA82DF91CF910895CF9369
:100CE000DF93EC010E94D5842C85211103C02E8551
:100CF00021110BC0BC0184E0660F771F8A95E1F7D4
:100D0000CE01DF91CF910C94EA82DF91CF910895CB
:100D1000CF92DF92EF92FF920F931F93CF93DF93C7
:100D2000EC010E94D5848C018C85811103C08E85D5
:100D300081112BC0CE010E94D5842C85211103C0C6
:100D40002E85211122C06801F12CE12CC80ED91E7C
:100D5000E11CF11CB801680F791FCE010E94EA82E4
:100D600061E070E0C114D10481E0E806F10410F400
:100D700070E060E0CE01DF91CF911F910F91FF9065
:100D8000EF90DF90CF900C94EA82DF91CF911F918A
:100D90000F91FF90EF90DF90CF9008950F931F93E6
:100DA000CF93DF93EC010E94D5848C018C85811157
:100DB00003C08E85811113C0CE010E94D5842C857D
:100DC000211103C02E8521110AC0B8016827792797
:100DD000CE01DF91CF911F910F910C94EA82DF91A8
:100DE000CF911F910F9108950F931F93CF93DF938E
:100DF000EC010E94D5848C018C85811103C08E8505
:100E0000811113C0CE010E94D5842C85211103C00D
:100E10002E8521110AC0B801682B792BCE01DF91F4
:100E2000CF911F910F910C94EA82DF91CF911F9186
:100E30000F9108950F931F93CF93DF93EC010E94BE
:100E4000D5848C018C85811103C08E85811113C0DE
:100E5000CE010E94D5842C85211103C02E8521113D
:100E60000AC0B80168237923CE01DF91CF911F9189
:100E70000F910C94EA82DF91CF911F910F91089509
:100E8000CF93DF93EC010E94D5848C85811103C040
:100E90008E8581110BC0692F660F660B062E000C24
:100EA000770BCE01DF91CF910C94EA82DF91CF9145
:100EB00008950C94D584CF93DF93EC010E94D584E0
:100EC0002C85211103C02E85211102C09B838A83AA
:100ED000DF91CF910895CF93DF93EC010E94D584E9
:100EE0002C85211103C02E85211106C0BC01CE0125
:100EF000DF91CF910C94C782DF91CF910895CF936A
:100F0000DF93EC010E94D5842C85211103C02E852E
:100F1000211102C09D838C83DF91CF910895CF93DF
:100F2000DF93EC010E94D5842C85211103C02E850E
:100F300021110AC0BC01CE010E943783BC01CE0141
:100F4000DF91CF910C94EA82DF91CF9108950C94B8
:100F50008F870F931F93CF93DF93EC010E94D5846B
:100F60008C018C85811103C08E85811112C0CE0148
:100F70000E94D5842C85211103C02E85211109C022
:100F8000AC01B801CE01DF91CF911F910F910C946C
:100F90009D82DF91CF911F910F9108950C94A987A5
:100FA0000F931F93CF93DF93EC010E94D5848C01A4
:100FB0008C85811103C08E8581110AC00034110512
:100FC00060F4888599851C8621E02E879B878A8717
:100FD000DF91CF911F910F91089568817981CE01A2
:100FE0000E94C7828C85811103C08E858111F0CF4C
:100FF00019830883EDCF0F931F93CF93DF93EC01F9
:10100000688179810E9437838C018C85811103C0AE
:101010008E85811112C08881998101969983888378
:10102000CE010E94D5842C85211103C02E8521116B
:1010300004C0892B11F419830883DF91CF911F918C
:101040000F9108950F931F93CF93DF93EC010E94AC
:10105000D5848C018C85811103C08E8581110DC0D2
:1010600068817981CE010E94C7828C85811103C07D
:101070008E85811102C019830883DF91CF911F9162
:101080000F910895CF93DF93EC010E94D5849C8546
:10109000911103C09E85911107C0682F84E09DE1E6
:1010A000DF91CF910C94B281DF91CF910895FC0133
:1010B00001900020E9F73197AF01481B590BBC01A3
:1010C00084E09DE10C941C811F920F920FB60F9249
:1010D00011242F933F938F939F93AF93BF9380914E
:1010E000001D9091011DA091021DB091031D309132
:1010F000FF1C23E0230F2D3758F50196A11DB11DCC
:101100002093FF1C8093001D9093011DA093021D4E
:10111000B093031D8091FB1C9091FC1CA091FD1CC1
:10112000B091FE1C0196A11DB11D8093FB1C9093F4
:10113000FC1CA093FD1CB093FE1CBF91AF919F912E
:101140008F913F912F910F900FBE0F901F90189588
:1011500026E8230F0296A11DB11DD2CF1F920F9238
:101160000FB60F9211240BB60F922F933F934F930C
:101170005F936F937F938F939F93AF93BF93EF93FF
:10118000FF9384E09DE10E949081FF91EF91BF91D8
:10119000AF919F918F917F916F915F914F913F910F
:1011A0002F910F900BBE0F900FBE0F901F901895B0
:1011B0001F920F920FB60F9211240BB60F922F931E
:1011C0008F939F93EF93FF93E091141DF091151D62
:1011D0008081E0911A1DF0911B1D82FD1DC0908140
:1011E00080911D1D8F5F8F7320911E1D821741F00E
:1011F000E0911D1DF0E0EC5FF24E958F80931D1D78
:10120000FF91EF919F918F912F910F900BBE0F90B7
:101210000FBE0F901F9018958081F2CFCF93DF9370
:10122000CDB7DEB7A1970FB6F894DEBF0FBECDBF26
:10123000789484B5826084BD84B5816084BD85B5B1
:10124000826085BD85B5816085BD80916E008160BD
:1012500080936E0010928100809181008260809363
:101260008100809181008160809381008091800065
:101270008160809380008091B10084608093B10090
:101280008091B00081608093B00080919100826075
:101290008093910080919100816080939100809172
:1012A00090008160809390008091A1008260809383
:1012B000A1008091A10081608093A1008091A00095
:1012C00081608093A0008091210182608093210140
:1012D00080912101816080932101809120018160B2
:1012E0008093200180917A00846080937A008091BD
:1012F0007A00826080937A0080917A008160809386
:101300007A0080917A00806880937A001092C10000
:10131000E091141DF091151D82E08083E091101D75
:10132000F091111D1082E091121DF091131D80E1CA
:10133000808310921C1DE091181DF091191D86E00C
:101340008083E091161DF091171D8081806180835C
:10135000E091161DF091171D808188608083E091D7
:10136000161DF091171D808180688083E091161D05
:10137000F091171D80818F7D80838FB7F894409105
:10138000001D5091011D6091021D7091031D8FBFC2
:10139000ECEEF8E180E094E0DF019C011D92215029
:1013A0003040E1F7ECEEF2E080E096E1DF019C01F5
:1013B0001D9221503040E1F71092ED1C1092EC1C70
:1013C0008FE799EF9093EF1C8093EE1C8FE79EEFD1
:1013D0009093F11C8093F01C80E89EEF9093F31C97
:1013E0008093F21C1092F51C1092F41C1092F71CC2
:1013F0001092F61C81E08093F81C1092F91C109258
:10140000FA1CFF24F3942AE0822E912CA12CB12CFB
:101410008091F81C882309F44CC0C12CDD24D3949E
:101420008091F81C882389F16091EC1C7091ED1C6F
:101430007093F51C6093F41C8CEE9CE10E94378342
:101440008C018091F81C811104C08091FA1C8111DB
:1014500018C06091EC1C7091ED1C6F5F7F4F709312
:10146000ED1C6093EC1C0034110590F4000F111F6B
:10147000F801ED5DFD4F0190F081E02D8CEE9CE1D7
:10148000199531E0C31AD10859F60E941F82C0CFC6
:101490008CEE9CE10E94C7828091F81C811104C0EF
:1014A0008091FA1C8111EDCF1093ED1C0093EC1C80
:1014B000E8CF8091F91C8111E8CF83EA92E00E9485
:1014C00057888091FA1C81113DC084EB92E00E9404
:1014D000578883EC92E00E9457888091EC1C909191
:1014E000ED1C0E94638289EC92E00E9457888091F3
:1014F000F41C9091F51C0E94638281ED92E00E94A1
:1015000057888091F61C9091F71C0E9463828BEDA6
:1015100092E00E9457888091EE1C9091EF1C0E94EF
:10152000638281EE92E00E9457888091F01C909136
:10153000F11C0E94638287EE92E00E945788F0922D
:10154000F91CA3CF8CEB92E00E9457882091FA1CE3
:1015500030E050E040E019A28E010F5D1F4FCA013C
:10156000B901A50194010E94FC8A605DD8016E93C7
:101570008D01211531054105510589F7109709F4B1
:10158000A8CFFD0101900020E9F73197AF014A1B78
:101590005B0BBD0184E09DE10E941C819ACFE4E0D9
:1015A000FDE11382128288EE93E0A0E0B0E0848334
:1015B0009583A683B78385E192E09183808385EC50
:1015C00090E09587848784EC90E09787868780EC0D
:1015D00090E0918B808B81EC90E0938B828B82ECFE
:1015E00090E0958B848B86EC90E0978B868B118EA8
:1015F000128E138E148E0895A1E21A2EAA1BBB1B05
:10160000FD010DC0AA1FBB1FEE1FFF1FA217B307CE
:10161000E407F50720F0A21BB30BE40BF50B661FE4
:10162000771F881F991F1A9469F7609570958095A8
:1016300090959B01AC01BD01CF010895A29FB0011F
:10164000B39FC001A39F700D811D1124911DB29FF6
:10165000700D811D1124911D0895EE0FFF1F881F2D
:0E1660008BBF0790F691E02D1994F894FFCF00
:10166E0030313233343536373839414243444546CA
:10167E000000000000B2811C814981FF817A8158EF
:10168E00816C815082B18317834288958322883C76
:10169E00849984FB87BD83D0875F84A9878F87CE8B
:1016AE0087A7877F87128328848E846B870D835B41
:1016BE008759870384D583C88340871A87F486CEDB
:1016CE008688866F865A86448628861086F885E236
:1016DE0085CC8551825182518251825182518251E3
:1016EE00825182518251825182ED845182B685900F
:1016FE0085798526860E8664853E8528855A825A8A
:10170E008200000D0A5B5044522D31362F58542062
:10171E00564D200073746F70706564006661756C51
:10172E007420002069703D2400206C6173743D2488
:10173E00002064657461696C3D24002073703D2443
:0C174E00002072703D24005D0D0A0000B8
:00000001FF
