:020000040000FA
:100000000C94EB800C941C810C941C810C941C812E
:100010000C941C810C941C810C941C810C941C81EC
:100020000C941C810C941C810C941C810C941C81DC
:100030000C941C810C941C810C941C810C941C81CC
:100040000C941C810C941C810C941C810C941C81BC
:100050000C941C810C941C810C941C810C94AC8815
:100060000C941C810C9420890C94F6880C941C81AF
:100070000C941C810C941C810C941C810C941C818C
:100080000C941C810C941C810C941C810C941C817C
:100090000C941C810C941C810C941C810C941C816C
:1000A0000C941C810C941C810C941C810C941C815C
:1000B0000C941C810C941C810C941C810C941C814C
:1000C0000C941C810C941C810C941C810C941C813C
:1000D0000C941C810C941C810C941C810C941C812C
:1000E0000C941C810C94A3870C94B4810C941983F8
:1000F0000C944B810C94F1870C94B3870C94588624
:100100000C9493850C9414860C9416870C94628737
:100110000C941F8B0C947C810C94E6850C942A869D
:100120000C94A2860C94CA830C943E840C948C8606
:100130000C942A840C9452820C940F830C94EF87B5
:100140000C94A1870C94BF830C94B7860C941688EA
:100150000C9488870C947D850C9405840C944085C0
:100160000C942B850C9470860C9490840C94568679
:100170000C941E810C948A880C94D7870C945A8115
:100180000C9405850C94B3830C9457850C946A8861
:100190000C94D0860C94D7830C9461840C941888AA
:1001A0000C9401820C949B840C946E860C945C825B
:1001B0000C9497830C9414830C9440860C943C8785
:1001C0000C9443880C94C7870C94EF840C946E8134
:1001D0000C945382000000000000000000000000AA
:1001E000000000000000000000000000000000000F
:1001F00000000000000000000000000000000000FF
:1002000000000000000000000000000000000000EE
:1002100000000000000000000000000000000000DE
:1002200000000000000000000000000000000000CE
:1002300000000000000000000000000000000000BE
:1002400000000000000000000000000000000000AE
:10025000000000000000000000000000000000009E
:10026000000000000000000000000000000000008E
:10027000000000000000000000000000000000007E
:10028000000000000000000000000000000000006E
:10029000000000000000000000000000000000005E
:1002A000000000000000000000000000000000004E
:1002B000000000000000000000000000000000003E
:1002C000000000000000000000000000000000002E
:1002D000000000000000000000000000000000001E
:1002E000000000000000000000000000000000000E
:1002F00000000000000000000000000000000000FE
:1003000000000000000000000000000000000000ED
:1003100000000000000000000000000000000000DD
:1003200000000000000000000000000000000000CD
:1003300000000000000000000000000000000000BD
:1003400000000000000000000000000000000000AD
:10035000000000000000000000000000000000009D
:10036000000000000000000000000000000000008D
:10037000000000000000000000000000000000007D
:10038000000000000000000000000000000000006D
:10039000000000000000000000000000000000005D
:1003A000000000000000000000000000000000004D
:1003B000000000000000000000000000000000003D
:1003C000000000000000000000000000000000002D
:1003D000000000000000000000000000000000001D
:1003E000000000000000000000000000000000000D
:1003F00000000000000000000000000000000000FD
:1004000000000000000000000000000000000000EC
:1004100000000000000000000000000000000000DC
:1004200000000000000000000000000000000000CC
:1004300000000000000000000000000000000000BC
:1004400000000000000000000000000000000000AC
:10045000000000000000000000000000000000009C
:10046000000000000000000000000000000000008C
:10047000000000000000000000000000000000007C
:10048000000000000000000000000000000000006C
:10049000000000000000000000000000000000005C
:1004A000000000000000000000000000000000004C
:1004B000000000000000000000000000000000003C
:1004C000000000000000000000000000000000002C
:1004D000000000000000000000000000000000001C
:1004E000000000000000000000000000000000000C
:1004F00000000000000000000000000000000000FC
:1005000000000000000000000000000000000000EB
:1005100000000000000000000000000000000000DB
:1005200000000000000000000000000000000000CB
:1005300000000000000000000000000000000000BB
:1005400000000000000000000000000000000000AB
:10055000000000000000000000000000000000009B
:10056000000000000000000000000000000000008B
:10057000000000000000000000000000000000007B
:10058000000000000000000000000000000000006B
:10059000000000000000000000000000000000005B
:1005A000000000000000000000000000000000004B
:1005B000000000000000000000000000000000003B
:1005C000000000000000000000000000000000002B
:1005D000000000000000000000000000000000001B
:1005E000000000000000000000000000000000000B
:1005F00000000000000000000000000000000000FB
:1006000000000000000000000000000000000000EA
:1006100000000000000000000000000000000000DA
:1006200000000000000000000000000000000000CA
:1006300000000000000000000000000000000000BA
:1006400000000000000000000000000000000000AA
:10065000000000000000000000000000000000009A
:10066000000000000000000000000000000000008A
:10067000000000000000000000000000000000007A
:10068000000000000000000000000000000000006A
:10069000000000000000000000000000000000005A
:1006A000000000000000000000000000000000004A
:1006B000000000000000000000000000000000003A
:1006C000000000000000000000000000000000002A
:1006D000000000000000000000000000000000001A
:1006E000000000000000000000000000000000000A
:1006F00000000000000000000000000000000000FA
:1007000000000000000000000000000000000000E9
:1007100000000000000000000000000000000000D9
:1007200000000000000000000000000000000000C9
:1007300000000000000000000000000000000000B9
:1007400000000000000000000000000000000000A9
:100750000000000000000000000000000000000099
:100760000000000000000000000000000000000089
:100770000000000000000000000000000000000079
:100780000000000000000000000000000000000069
:100790000000000000000000000000000000000059
:1007A0000000000000000000000000000000000049
:1007B0000000000000000000000000000000000039
:1007C0000000000000000000000000000000000029
:1007D0000000000000000000000000000000000019
:1007E0000000000000000000000000000000000009
:1007F00000000000000000000000000000000000F9
:1008000000000000000000000000000000000000E8
:1008100000000000000000000000000000000000D8
:1008200000000000000000000000000000000000C8
:1008300000000000000000000000000000000000B8
:1008400000000000000000000000000000000000A8
:100850000000000000000000000000000000000098
:100860000000000000000000000000000000000088
:100870000000000000000000000000000000000078
:100880000000000000000000000000000000000068
:100890000000000000000000000000000000000058
:1008A0000000000000000000000000000000000048
:1008B0000000000000000000000000000000000038
:1008C0000000000000000000000000000000000028
:1008D0000000000000000000000000000000000018
:1008E0000000000000000000000000000000000008
:1008F00000000000000000000000000000000000F8
:1009000000000000000000000000000000000000E7
:1009100000000000000000000000000000000000D7
:1009200000000000000000000000000000000000C7
:1009300000000000000000000000000000000000B7
:1009400000000000000000000000000000000000A7
:100950000000000000000000000000000000000097
:100960000000000000000000000000000000000087
:100970000000000000000000000000000000000077
:100980000000000000000000000000000000000067
:100990000000000000000000000000000000000057
:1009A0000000000000000000000000000000000047
:1009B0000000000000000000000000000000000037
:1009C0000000000000000000000000000000000027
:1009D0000000000000000000000000000000000017
:1009E0000000000000000000000000000000000007
:1009F00000000000000000000000000000000000F7
:100A000000000000000000000000000000000000E6
:100A100000000000000000000000000000000000D6
:100A200000000000000000000000000000000000C6
:100A300000000000000000000000000000000000B6
:100A400000000000000000000000000000000000A6
:100A50000000000000000000000000000000000096
:100A60000000000000000000000000000000000086
:100A70000000000000000000000000000000000076
:100A80000000000000000000000000000000000066
:100A90000000000000000000000000000000000056
:100AA0000000000000000000000000000000000046
:100AB0000000000000000000000000000000000036
:100AC0000000000000000000000000000000000026
:100AD0000000000000000000000000000000000016
:100AE0000000000000000000000000000000000006
:100AF00000000000000000000000000000000000F6
:100B000000000000000000000000000000000000E5
:100B100000000000000000000000000000000000D5
:100B200000000000000000000000000000000000C5
:100B300000000000000000000000000000000000B5
:100B400000000000000000000000000000000000A5
:100B50000000000000000000000000000000000095
:100B60000000000000000000000000000000000085
:100B70000000000000000000000000000000000075
:100B80000000000000000000000000000000000065
:100B90000000000000000000000000000000000055
:100BA0000000000000000000000000000000000045
:100BB0000000000000000000000000000000000035
:100BC0000000000000000000000000000000000025
:100BD0000000000000000000000000000000000015
:100BE0000000000000000000000000000000000005
:100BF00000000000000000000000000000000000F5
:100C000000000000000000000000000000000000E4
:100C100000000000000000000000000000000000D4
:100C200000000000000000000000000000000000C4
:100C300000000000000000000000000000000000B4
:100C400000000000000000000000000000000000A4
:100C50000000000000000000000000000000000094
:100C60000000000000000000000000000000000084
:100C70000000000000000000000000000000000074
:100C80000000000000000000000000000000000064
:100C90000000000000000000000000000000000054
:100CA0000000000000000000000000000000000044
:100CB0000000000000000000000000000000000034
:100CC0000000000000000000000000000000000024
:100CD0000000000000000000000000000000000014
:100CE0000000000000000000000000000000000004
:100CF00000000000000000000000000000000000F4
:100D000000000000000000000000000000000000E3
:100D100000000000000000000000000000000000D3
:100D200000000000000000000000000000000000C3
:100D300000000000000000000000000000000000B3
:100D400000000000000000000000000000000000A3
:100D50000000000000000000000000000000000093
:100D60000000000000000000000000000000000083
:100D70000000000000000000000000000000000073
:100D80000000000000000000000000000000000063
:100D90000000000000000000000000000000000053
:100DA0000000000000000000000000000000000043
:100DB0000000000000000000000000000000000033
:100DC0000000000000000000000000000000000023
:100DD0000000000000000000000000000000000013
:100DE0000000000000000000000000000000000003
:100DF00000000000000000000000000000000000F3
:100E000000000000000000000000000000000000E2
:100E100000000000000000000000000000000000D2
:100E200000000000000000000000000000000000C2
:100E300000000000000000000000000000000000B2
:100E400000000000000000000000000000000000A2
:100E50000000000000000000000000000000000092
:100E60000000000000000000000000000000000082
:100E70000000000000000000000000000000000072
:100E80000000000000000000000000000000000062
:100E90000000000000000000000000000000000052
:100EA0000000000000000000000000000000000042
:100EB0000000000000000000000000000000000032
:100EC0000000000000000000000000000000000022
:100ED0000000000000000000000000000000000012
:100EE0000000000000000000000000000000000002
:100EF00000000000000000000000000000000000F2
:100F000000000000000000000000000000000000E1
:100F100000000000000000000000000000000000D1
:100F200000000000000000000000000000000000C1
:100F300000000000000000000000000000000000B1
:100F400000000000000000000000000000000000A1
:100F50000000000000000000000000000000000091
:100F60000000000000000000000000000000000081
:100F70000000000000000000000000000000000071
:100F80000000000000000000000000000000000061
:100F90000000000000000000000000000000000051
:100FA0000000000000000000000000000000000041
:100FB0000000000000000000000000000000000031
:100FC0000000000000000000000000000000000021
:100FD0000000000000000000000000000000000011
:100FE0000000000000000000000000000000000001
:100FF00000000000000000000000000000000000F1
:1010000000000000000000000000000000000000E0
:1010100000000000000000000000000000000000D0
:1010200000000000000000000000000000000000C0
:1010300000000000000000000000000000000000B0
:1010400000000000000000000000000000000000A0
:101050000000000000000000000000000000000090
:101060000000000000000000000000000000000080
:101070000000000000000000000000000000000070
:101080000000000000000000000000000000000060
:101090000000000000000000000000000000000050
:1010A0000000000000000000000000000000000040
:1010B0000000000000000000000000000000000030
:1010C0000000000000000000000000000000000020
:1010D0000000000000000000000000000000000010
:1010E0000000000000000000000000000000000000
:1010F00000000000000000000000000000000000F0
:1011000000000000000000000000000000000000DF
:1011100000000000000000000000000000000000CF
:1011200000000000000000000000000000000000BF
:1011300000000000000000000000000000000000AF
:10114000000000000000000000000000000000009F
:10115000000000000000000000000000000000008F
:10116000000000000000000000000000000000007F
:10117000000000000000000000000000000000006F
:10118000000000000000000000000000000000005F
:10119000000000000000000000000000000000004F
:1011A000000000000000000000000000000000003F
:1011B000000000000000000000000000000000002F
:1011C000000000000000000000000000000000001F
:1011D000000000000000000000000000000000000F
:1011E00000000000000000000000000000000000FF
:1011F00000000000000000000000000000000000EF
:1012000000000000000000000000000000000000DE
:1012100000000000000000000000000000000000CE
:1012200000000000000000000000000000000000BE
:1012300000000000000000000000000000000000AE
:10124000000000000000000000000000000000009E
:10125000000000000000000000000000000000008E
:10126000000000000000000000000000000000007E
:10127000000000000000000000000000000000006E
:10128000000000000000000000000000000000005E
:10129000000000000000000000000000000000004E
:1012A000000000000000000000000000000000003E
:1012B000000000000000000000000000000000002E
:1012C000000000000000000000000000000000001E
:1012D000000000000000000000000000000000000E
:1012E00000000000000000000000000000000000FE
:1012F00000000000000000000000000000000000EE
:1013000000000000000000000000000000000000DD
:1013100000000000000000000000000000000000CD
:1013200000000000000000000000000000000000BD
:1013300000000000000000000000000000000000AD
:10134000000000000000000000000000000000009D
:10135000000000000000000000000000000000008D
:10136000000000000000000000000000000000007D
:10137000000000000000000000000000000000006D
:10138000000000000000000000000000000000005D
:10139000000000000000000000000000000000004D
:1013A000000000000000000000000000000000003D
:1013B000000000000000000000000000000000002D
:1013C000000000000000000000000000000000001D
:1013D000000000000000000000000000000000000D
:1013E00000000000000000000000000000000000FD
:1013F00000000000000000000000000000000000ED
:1014000000000000000000000000000000000000DC
:1014100000000000000000000000000000000000CC
:1014200000000000000000000000000000000000BC
:1014300000000000000000000000000000000000AC
:10144000000000000000000000000000000000009C
:10145000000000000000000000000000000000008C
:10146000000000000000000000000000000000007C
:10147000000000000000000000000000000000006C
:10148000000000000000000000000000000000005C
:10149000000000000000000000000000000000004C
:1014A000000000000000000000000000000000003C
:1014B000000000000000000000000000000000002C
:1014C000000000000000000000000000000000001C
:1014D000000000000000000000000000000000000C
:1014E00000000000000000000000000000000000FC
:1014F00000000000000000000000000000000000EC
:1015000000000000000000000000000000000000DB
:1015100000000000000000000000000000000000CB
:1015200000000000000000000000000000000000BB
:1015300000000000000000000000000000000000AB
:10154000000000000000000000000000000000009B
:10155000000000000000000000000000000000008B
:10156000000000000000000000000000000000007B
:10157000000000000000000000000000000000006B
:10158000000000000000000000000000000000005B
:10159000000000000000000000000000000000004B
:1015A000000000000000000000000000000000003B
:1015B000000000000000000000000000000000002B
:1015C000000000000000000000000000000000001B
:1015D000000000000000000000000000000000000B
:1015E00000000000000000000000000000000000FB
:1015F00000000000000000000000000000000000EB
:1016000000000000000000000000000000000000DA
:1016100000000000000000000000000000000000CA
:1016200000000000000000000000000000000000BA
:1016300000000000000000000000000000000000AA
:10164000000000000000000000000000000000009A
:10165000000000000000000000000000000000008A
:10166000000000000000000000000000000000007A
:10167000000000000000000000000000000000006A
:10168000000000000000000000000000000000005A
:10169000000000000000000000000000000000004A
:1016A000000000000000000000000000000000003A
:1016B000000000000000000000000000000000002A
:1016C000000000000000000000000000000000001A
:1016D000000000000000000000000000000000000A
:1016E00000000000000000000000000000000000FA
:1016F00000000000000000000000000000000000EA
:1017000000000000000000000000000000000000D9
:1017100000000000000000000000000000000000C9
:1017200000000000000000000000000000000000B9
:1017300000000000000000000000000000000000A9
:101740000000000000000000000000000000000099
:101750000000000000000000000000000000000089
:101760000000000000000000000000000000000079
:101770000000000000000000000000000000000069
:101780000000000000000000000000000000000059
:101790000000000000000000000000000000000049
:1017A0000000000000000000000000000000000039
:1017B0000000000000000000000000000000000029
:1017C0000000000000000000000000000000000019
:1017D0000000000000000000000000000000000009
:1017E00000000000000000000000000000000000F9
:1017F00000000000000000000000000000000000E9
:1018000000000000000000000000000000000000D8
:1018100000000000000000000000000000000000C8
:1018200000000000000000000000000000000000B8
:1018300000000000000000000000000000000000A8
:101840000000000000000000000000000000000098
:101850000000000000000000000000000000000088
:101860000000000000000000000000000000000078
:101870000000000000000000000000000000000068
:101880000000000000000000000000000000000058
:101890000000000000000000000000000000000048
:1018A0000000000000000000000000000000000038
:1018B0000000000000000000000000000000000028
:1018C0000000000000000000000000000000000018
:1018D0000000000000000000000000000000000008
:1018E00000000000000000000000000000000000F8
:1018F00000000000000000000000000000000000E8
:1019000000000000000000000000000000000000D7
:1019100000000000000000000000000000000000C7
:1019200000000000000000000000000000000000B7
:1019300000000000000000000000000000000000A7
:101940000000000000000000000000000000000097
:101950000000000000000000000000000000000087
:101960000000000000000000000000000000000077
:101970000000000000000000000000000000000067
:101980000000000000000000000000000000000057
:101990000000000000000000000000000000000047
:1019A0000000000000000000000000000000000037
:1019B0000000000000000000000000000000000027
:1019C0000000000000000000000000000000000017
:1019D0000000000000000000000000000000000007
:1019E00000000000000000000000000000000000F7
:1019F00000000000000000000000000000000000E7
:101A000000000000000000000000000000000000D6
:101A100000000000000000000000000000000000C6
:101A200000000000000000000000000000000000B6
:101A300000000000000000000000000000000000A6
:101A40000000000000000000000000000000000096
:101A50000000000000000000000000000000000086
:101A60000000000000000000000000000000000076
:101A70000000000000000000000000000000000066
:101A80000000000000000000000000000000000056
:101A90000000000000000000000000000000000046
:101AA0000000000000000000000000000000000036
:101AB0000000000000000000000000000000000026
:101AC0000000000000000000000000000000000016
:101AD0000000000000000000000000000000000006
:101AE00000000000000000000000000000000000F6
:101AF00000000000000000000000000000000000E6
:101B000000000000000000000000000000000000D5
:101B100000000000000000000000000000000000C5
:101B200000000000000000000000000000000000B5
:101B300000000000000000000000000000000000A5
:101B40000000000000000000000000000000000095
:101B50000000000000000000000000000000000085
:101B60000000000000000000000000000000000075
:101B70000000000000000000000000000000000065
:101B80000000000000000000000000000000000055
:101B90000000000000000000000000000000000045
:101BA0000000000000000000000000000000000035
:101BB0000000000000000000000000000000000025
:101BC0000000000000000000000000000000000015
:101BD0000000000000000000000000000000000005
:101BE00000000000000000000000000000000000F5
:101BF00000000000000000000000000000000000E5
:101C000000000000000000000000000000000000D4
:101C100000000000000000000000000000000000C4
:101C200000000000000000000000000000000000B4
:101C300000000000000000000000000000000000A4
:101C40000000000000000000000000000000000094
:101C50000000000000000000000000000000000084
:101C60000000000000000000000000000000000074
:101C70000000000000000000000000000000000064
:101C80000000000000000000000000000000000054
:101C90000000000000000000000000000000000044
:101CA0000000000000000000000000000000000034
:101CB0000000000000000000000000000000000024
:101CC0000000000000000000000000000000000014
:101CD0000000000000000000000000000000000004
:101CE00000000000000000000000000000000000F4
:101CF00000000000000000000000000000000000E4
:101D000000000000000000000000000000000000D3
:101D100000000000000000000000000000000000C3
:101D200000000000000000000000000000000000B3
:101D300000000000000000000000000000000000A3
:101D40000000000000000000000000000000000093
:101D50000000000000000000000000000000000083
:101D60000000000000000000000000000000000073
:101D70000000000000000000000000000000000063
:101D80000000000000000000000000000000000053
:101D90000000000000000000000000000000000043
:101DA0000000000000000000000000000000000033
:101DB0000000000000000000000000000000000023
:101DC0000000000000000000000000000000000013
:101DD0000000000000000000000000000000000003
:101DE00000000000000000000000000000000000F3
:101DF00000000000000000000000000000000000E3
:101E000000000000000000000000000000000000D2
:101E100000000000000000000000000000000000C2
:101E200000000000000000000000000000000000B2
:101E300000000000000000000000000000000000A2
:101E40000000000000000000000000000000000092
:101E50000000000000000000000000000000000082
:101E60000000000000000000000000000000000072
:101E70000000000000000000000000000000000062
:101E80000000000000000000000000000000000052
:101E90000000000000000000000000000000000042
:101EA0000000000000000000000000000000000032
:101EB0000000000000000000000000000000000022
:101EC0000000000000000000000000000000000012
:101ED0000000000000000000000000000000000002
:101EE00000000000000000000000000000000000F2
:101EF00000000000000000000000000000000000E2
:101F000000000000000000000000000000000000D1
:101F100000000000000000000000000000000000C1
:101F200000000000000000000000000000000000B1
:101F300000000000000000000000000000000000A1
:101F40000000000000000000000000000000000091
:101F50000000000000000000000000000000000081
:101F60000000000000000000000000000000000071
:101F70000000000000000000000000000000000061
:101F80000000000000000000000000000000000051
:101F90000000000000000000000000000000000041
:101FA0000000000000000000000000000000000031
:101FB0000000000000000000000000000000000021
:101FC0000000000000000000000000000000000011
:101FD0000000000000000000000000000000000001
:101FE00000000000000000000000000000000000F1
:101FF00000000000000000000000000000000000E1
:1020000000000000000000000000000000000000D0
:1020100000000000000000000000000000000000C0
:1020200000000000000000000000000000000000B0
:1020300000000000000000000000000000000000A0
:102040000000000000000000000000000000000090
:102050000000000000000000000000000000000080
:102060000000000000000000000000000000000070
:102070000000000000000000000000000000000060
:102080000000000000000000000000000000000050
:102090000000000000000000000000000000000040
:1020A0000000000000000000000000000000000030
:1020B0000000000000000000000000000000000020
:1020C0000000000000000000000000000000000010
:1020D0000000000000000000000000000000000000
:1020E00000000000000000000000000000000000F0
:1020F00000000000000000000000000000000000E0
:1021000000000000000000000000000000000000CF
:1021100000000000000000000000000000000000BF
:1021200000000000000000000000000000000000AF
:10213000000000000000000000000000000000009F
:10214000000000000000000000000000000000008F
:10215000000000000000000000000000000000007F
:10216000000000000000000000000000000000006F
:10217000000000000000000000000000000000005F
:10218000000000000000000000000000000000004F
:10219000000000000000000000000000000000003F
:1021A000000000000000000000000000000000002F
:1021B000000000000000000000000000000000001F
:1021C000000000000000000000000000000000000F
:1021D00000000000000000000000000000000000FF
:1021E00000000000000000000000000000000000EF
:1021F00000000000000000000000000000000000DF
:1022000000000000000000000000000000000000CE
:1022100000000000000000000000000000000000BE
:1022200000000000000000000000000000000000AE
:10223000000000000000000000000000000000009E
:10224000000000000000000000000000000000008E
:10225000000000000000000000000000000000007E
:10226000000000000000000000000000000000006E
:10227000000000000000000000000000000000005E
:10228000000000000000000000000000000000004E
:10229000000000000000000000000000000000003E
:1022A000000000000000000000000000000000002E
:1022B000000000000000000000000000000000001E
:1022C000000000000000000000000000000000000E
:1022D00000000000000000000000000000000000FE
:1022E00000000000000000000000000000000000EE
:1022F00000000000000000000000000000000000DE
:1023000000000000000000000000000000000000CD
:1023100000000000000000000000000000000000BD
:1023200000000000000000000000000000000000AD
:10233000000000000000000000000000000000009D
:10234000000000000000000000000000000000008D
:10235000000000000000000000000000000000007D
:10236000000000000000000000000000000000006D
:10237000000000000000000000000000000000005D
:10238000000000000000000000000000000000004D
:10239000000000000000000000000000000000003D
:1023A000000000000000000000000000000000002D
:1023B000000000000000000000000000000000001D
:1023C000000000000000000000000000000000000D
:1023D00000000000000000000000000000000000FD
:1023E00000000000000000000000000000000000ED
:1023F00000000000000000000000000000000000DD
:1024000000000000000000000000000000000000CC
:1024100000000000000000000000000000000000BC
:1024200000000000000000000000000000000000AC
:10243000000000000000000000000000000000009C
:10244000000000000000000000000000000000008C
:10245000000000000000000000000000000000007C
:10246000000000000000000000000000000000006C
:10247000000000000000000000000000000000005C
:10248000000000000000000000000000000000004C
:10249000000000000000000000000000000000003C
:1024A000000000000000000000000000000000002C
:1024B000000000000000000000000000000000001C
:1024C000000000000000000000000000000000000C
:1024D00000000000000000000000000000000000FC
:1024E00000000000000000000000000000000000EC
:1024F00000000000000000000000000000000000DC
:1025000000000000000000000000000000000000CB
:1025100000000000000000000000000000000000BB
:1025200000000000000000000000000000000000AB
:10253000000000000000000000000000000000009B
:10254000000000000000000000000000000000008B
:10255000000000000000000000000000000000007B
:10256000000000000000000000000000000000006B
:10257000000000000000000000000000000000005B
:10258000000000000000000000000000000000004B
:10259000000000000000000000000000000000003B
:1025A000000000000000000000000000000000002B
:1025B000000000000000000000000000000000001B
:1025C000000000000000000000000000000000000B
:1025D00000000000000000000000000000000000FB
:1025E00000000000000000000000000000000000EB
:1025F00000000000000000000000000000000000DB
:1026000000000000000000000000000000000000CA
:1026100000000000000000000000000000000000BA
:1026200000000000000000000000000000000000AA
:10263000000000000000000000000000000000009A
:10264000000000000000000000000000000000008A
:10265000000000000000000000000000000000007A
:10266000000000000000000000000000000000006A
:10267000000000000000000000000000000000005A
:10268000000000000000000000000000000000004A
:10269000000000000000000000000000000000003A
:1026A000000000000000000000000000000000002A
:1026B000000000000000000000000000000000001A
:1026C000000000000000000000000000000000000A
:1026D00000000000000000000000000000000000FA
:1026E00000000000000000000000000000000000EA
:1026F00000000000000000000000000000000000DA
:1027000000000000000000000000000000000000C9
:1027100000000000000000000000000000000000B9
:1027200000000000000000000000000000000000A9
:102730000000000000000000000000000000000099
:102740000000000000000000000000000000000089
:102750000000000000000000000000000000000079
:102760000000000000000000000000000000000069
:102770000000000000000000000000000000000059
:102780000000000000000000000000000000000049
:102790000000000000000000000000000000000039
:1027A0000000000000000000000000000000000029
:1027B0000000000000000000000000000000000019
:1027C0000000000000000000000000000000000009
:1027D00000000000000000000000000000000000F9
:1027E00000000000000000000000000000000000E9
:1027F00000000000000000000000000000000000D9
:1028000000000000000000000000000000000000C8
:1028100000000000000000000000000000000000B8
:1028200000000000000000000000000000000000A8
:102830000000000000000000000000000000000098
:102840000000000000000000000000000000000088
:102850000000000000000000000000000000000078
:102860000000000000000000000000000000000068
:102870000000000000000000000000000000000058
:102880000000000000000000000000000000000048
:102890000000000000000000000000000000000038
:1028A0000000000000000000000000000000000028
:1028B0000000000000000000000000000000000018
:1028C0000000000000000000000000000000000008
:1028D00000000000000000000000000000000000F8
:1028E00000000000000000000000000000000000E8
:1028F00000000000000000000000000000000000D8
:1029000000000000000000000000000000000000C7
:1029100000000000000000000000000000000000B7
:1029200000000000000000000000000000000000A7
:102930000000000000000000000000000000000097
:102940000000000000000000000000000000000087
:102950000000000000000000000000000000000077
:102960000000000000000000000000000000000067
:102970000000000000000000000000000000000057
:102980000000000000000000000000000000000047
:102990000000000000000000000000000000000037
:1029A0000000000000000000000000000000000027
:1029B0000000000000000000000000000000000017
:1029C0000000000000000000000000000000000007
:1029D00000000000000000000000000000000000F7
:1029E00000000000000000000000000000000000E7
:1029F00000000000000000000000000000000000D7
:102A000000000000000000000000000000000000C6
:102A100000000000000000000000000000000000B6
:102A200000000000000000000000000000000000A6
:102A30000000000000000000000000000000000096
:102A40000000000000000000000000000000000086
:102A50000000000000000000000000000000000076
:102A60000000000000000000000000000000000066
:102A70000000000000000000000000000000000056
:102A80000000000000000000000000000000000046
:102A90000000000000000000000000000000000036
:102AA0000000000000000000000000000000000026
:102AB0000000000000000000000000000000000016
:102AC0000000000000000000000000000000000006
:102AD00000000000000000000000000000000000F6
:102AE00000000000000000000000000000000000E6
:102AF00000000000000000000000000000000000D6
:102B000000000000000000000000000000000000C5
:102B100000000000000000000000000000000000B5
:102B200000000000000000000000000000000000A5
:102B30000000000000000000000000000000000095
:102B40000000000000000000000000000000000085
:102B50000000000000000000000000000000000075
:102B60000000000000000000000000000000000065
:102B70000000000000000000000000000000000055
:102B80000000000000000000000000000000000045
:102B90000000000000000000000000000000000035
:102BA0000000000000000000000000000000000025
:102BB0000000000000000000000000000000000015
:102BC0000000000000000000000000000000000005
:102BD00000000000000000000000000000000000F5
:102BE00000000000000000000000000000000000E5
:102BF00000000000000000000000000000000000D5
:102C000000000000000000000000000000000000C4
:102C100000000000000000000000000000000000B4
:102C200000000000000000000000000000000000A4
:102C30000000000000000000000000000000000094
:102C40000000000000000000000000000000000084
:102C50000000000000000000000000000000000074
:102C60000000000000000000000000000000000064
:102C70000000000000000000000000000000000054
:102C80000000000000000000000000000000000044
:102C90000000000000000000000000000000000034
:102CA0000000000000000000000000000000000024
:102CB0000000000000000000000000000000000014
:102CC0000000000000000000000000000000000004
:102CD00000000000000000000000000000000000F4
:102CE00000000000000000000000000000000000E4
:102CF00000000000000000000000000000000000D4
:102D000000000000000000000000000000000000C3
:102D100000000000000000000000000000000000B3
:102D200000000000000000000000000000000000A3
:102D30000000000000000000000000000000000093
:102D40000000000000000000000000000000000083
:102D50000000000000000000000000000000000073
:102D60000000000000000000000000000000000063
:102D70000000000000000000000000000000000053
:102D80000000000000000000000000000000000043
:102D90000000000000000000000000000000000033
:102DA0000000000000000000000000000000000023
:102DB0000000000000000000000000000000000013
:102DC0000000000000000000000000000000000003
:102DD00000000000000000000000000000000000F3
:102DE00000000000000000000000000000000000E3
:102DF00000000000000000000000000000000000D3
:102E000000000000000000000000000000000000C2
:102E100000000000000000000000000000000000B2
:102E200000000000000000000000000000000000A2
:102E30000000000000000000000000000000000092
:102E40000000000000000000000000000000000082
:102E50000000000000000000000000000000000072
:102E60000000000000000000000000000000000062
:102E70000000000000000000000000000000000052
:102E80000000000000000000000000000000000042
:102E90000000000000000000000000000000000032
:102EA0000000000000000000000000000000000022
:102EB0000000000000000000000000000000000012
:102EC0000000000000000000000000000000000002
:102ED00000000000000000000000000000000000F2
:102EE00000000000000000000000000000000000E2
:102EF00000000000000000000000000000000000D2
:102F000000000000000000000000000000000000C1
:102F100000000000000000000000000000000000B1
:102F200000000000000000000000000000000000A1
:102F30000000000000000000000000000000000091
:102F40000000000000000000000000000000000081
:102F50000000000000000000000000000000000071
:102F60000000000000000000000000000000000061
:102F70000000000000000000000000000000000051
:102F80000000000000000000000000000000000041
:102F90000000000000000000000000000000000031
:102FA0000000000000000000000000000000000021
:102FB0000000000000000000000000000000000011
:102FC0000000000000000000000000000000000001
:102FD00000000000000000000000000000000000F1
:102FE00000000000000000000000000000000000E1
:102FF00000000000000000000000000000000000D1
:1030000000000000000000000000000000000000C0
:1030100000000000000000000000000000000000B0
:1030200000000000000000000000000000000000A0
:103030000000000000000000000000000000000090
:103040000000000000000000000000000000000080
:103050000000000000000000000000000000000070
:103060000000000000000000000000000000000060
:103070000000000000000000000000000000000050
:103080000000000000000000000000000000000040
:103090000000000000000000000000000000000030
:1030A0000000000000000000000000000000000020
:1030B0000000000000000000000000000000000010
:1030C0000000000000000000000000000000000000
:1030D00000000000000000000000000000000000F0
:1030E00000000000000000000000000000000000E0
:1030F00000000000000000000000000000000000D0
:1031000000000000000000000000000000000000BF
:1031100000000000000000000000000000000000AF
:10312000000000000000000000000000000000009F
:10313000000000000000000000000000000000008F
:10314000000000000000000000000000000000007F
:10315000000000000000000000000000000000006F
:10316000000000000000000000000000000000005F
:10317000000000000000000000000000000000004F
:10318000000000000000000000000000000000003F
:10319000000000000000000000000000000000002F
:1031A000000000000000000000000000000000001F
:1031B000000000000000000000000000000000000F
:1031C00000000000000000000000000000000000FF
:1031D00000000000000000000000000000000000EF
:1031E00000000000000000000000000000000000DF
:1031F00000000000000000000000000000000000CF
:1032000000000000000000000000000000000000BE
:1032100000000000000000000000000000000000AE
:10322000000000000000000000000000000000009E
:10323000000000000000000000000000000000008E
:10324000000000000000000000000000000000007E
:10325000000000000000000000000000000000006E
:10326000000000000000000000000000000000005E
:10327000000000000000000000000000000000004E
:10328000000000000000000000000000000000003E
:10329000000000000000000000000000000000002E
:1032A000000000000000000000000000000000001E
:1032B000000000000000000000000000000000000E
:1032C00000000000000000000000000000000000FE
:1032D00000000000000000000000000000000000EE
:1032E00000000000000000000000000000000000DE
:1032F00000000000000000000000000000000000CE
:1033000000000000000000000000000000000000BD
:1033100000000000000000000000000000000000AD
:10332000000000000000000000000000000000009D
:10333000000000000000000000000000000000008D
:10334000000000000000000000000000000000007D
:10335000000000000000000000000000000000006D
:10336000000000000000000000000000000000005D
:10337000000000000000000000000000000000004D
:10338000000000000000000000000000000000003D
:10339000000000000000000000000000000000002D
:1033A000000000000000000000000000000000001D
:1033B000000000000000000000000000000000000D
:1033C00000000000000000000000000000000000FD
:1033D00000000000000000000000000000000000ED
:1033E00000000000000000000000000000000000DD
:1033F00000000000000000000000000000000000CD
:1034000000000000000000000000000000000000BC
:1034100000000000000000000000000000000000AC
:10342000000000000000000000000000000000009C
:10343000000000000000000000000000000000008C
:10344000000000000000000000000000000000007C
:10345000000000000000000000000000000000006C
:10346000000000000000000000000000000000005C
:10347000000000000000000000000000000000004C
:10348000000000000000000000000000000000003C
:10349000000000000000000000000000000000002C
:1034A000000000000000000000000000000000001C
:1034B000000000000000000000000000000000000C
:1034C00000000000000000000000000000000000FC
:1034D00000000000000000000000000000000000EC
:1034E00000000000000000000000000000000000DC
:1034F00000000000000000000000000000000000CC
:1035000000000000000000000000000000000000BB
:1035100000000000000000000000000000000000AB
:10352000000000000000000000000000000000009B
:10353000000000000000000000000000000000008B
:10354000000000000000000000000000000000007B
:10355000000000000000000000000000000000006B
:10356000000000000000000000000000000000005B
:10357000000000000000000000000000000000004B
:10358000000000000000000000000000000000003B
:10359000000000000000000000000000000000002B
:1035A000000000000000000000000000000000001B
:1035B000000000000000000000000000000000000B
:1035C00000000000000000000000000000000000FB
:1035D00000000000000000000000000000000000EB
:1035E00000000000000000000000000000000000DB
:1035F00000000000000000000000000000000000CB
:1036000000000000000000000000000000000000BA
:1036100000000000000000000000000000000000AA
:10362000000000000000000000000000000000009A
:10363000000000000000000000000000000000008A
:10364000000000000000000000000000000000007A
:10365000000000000000000000000000000000006A
:10366000000000000000000000000000000000005A
:10367000000000000000000000000000000000004A
:10368000000000000000000000000000000000003A
:10369000000000000000000000000000000000002A
:1036A000000000000000000000000000000000001A
:1036B000000000000000000000000000000000000A
:1036C00000000000000000000000000000000000FA
:1036D00000000000000000000000000000000000EA
:1036E00000000000000000000000000000000000DA
:1036F00000000000000000000000000000000000CA
:1037000000000000000000000000000000000000B9
:1037100000000000000000000000000000000000A9
:103720000000000000000000000000000000000099
:103730000000000000000000000000000000000089
:103740000000000000000000000000000000000079
:103750000000000000000000000000000000000069
:103760000000000000000000000000000000000059
:103770000000000000000000000000000000000049
:103780000000000000000000000000000000000039
:103790000000000000000000000000000000000029
:1037A0000000000000000000000000000000000019
:1037B0000000000000000000000000000000000009
:1037C00000000000000000000000000000000000F9
:1037D00000000000000000000000000000000000E9
:1037E00000000000000000000000000000000000D9
:1037F00000000000000000000000000000000000C9
:1038000000000000000000000000000000000000B8
:1038100000000000000000000000000000000000A8
:103820000000000000000000000000000000000098
:103830000000000000000000000000000000000088
:103840000000000000000000000000000000000078
:103850000000000000000000000000000000000068
:103860000000000000000000000000000000000058
:103870000000000000000000000000000000000048
:103880000000000000000000000000000000000038
:103890000000000000000000000000000000000028
:1038A0000000000000000000000000000000000018
:1038B0000000000000000000000000000000000008
:1038C00000000000000000000000000000000000F8
:1038D00000000000000000000000000000000000E8
:1038E00000000000000000000000000000000000D8
:1038F00000000000000000000000000000000000C8
:1039000000000000000000000000000000000000B7
:1039100000000000000000000000000000000000A7
:103920000000000000000000000000000000000097
:103930000000000000000000000000000000000087
:103940000000000000000000000000000000000077
:103950000000000000000000000000000000000067
:103960000000000000000000000000000000000057
:103970000000000000000000000000000000000047
:103980000000000000000000000000000000000037
:103990000000000000000000000000000000000027
:1039A0000000000000000000000000000000000017
:1039B0000000000000000000000000000000000007
:1039C00000000000000000000000000000000000F7
:1039D00000000000000000000000000000000000E7
:1039E00000000000000000000000000000000000D7
:1039F00000000000000000000000000000000000C7
:103A000000000000000000000000000000000000B6
:103A100000000000000000000000000000000000A6
:103A20000000000000000000000000000000000096
:103A30000000000000000000000000000000000086
:103A40000000000000000000000000000000000076
:103A50000000000000000000000000000000000066
:103A60000000000000000000000000000000000056
:103A70000000000000000000000000000000000046
:103A80000000000000000000000000000000000036
:103A90000000000000000000000000000000000026
:103AA0000000000000000000000000000000000016
:103AB0000000000000000000000000000000000006
:103AC00000000000000000000000000000000000F6
:103AD00000000000000000000000000000000000E6
:103AE00000000000000000000000000000000000D6
:103AF00000000000000000000000000000000000C6
:103B000000000000000000000000000000000000B5
:103B100000000000000000000000000000000000A5
:103B20000000000000000000000000000000000095
:103B30000000000000000000000000000000000085
:103B40000000000000000000000000000000000075
:103B50000000000000000000000000000000000065
:103B60000000000000000000000000000000000055
:103B70000000000000000000000000000000000045
:103B80000000000000000000000000000000000035
:103B90000000000000000000000000000000000025
:103BA0000000000000000000000000000000000015
:103BB0000000000000000000000000000000000005
:103BC00000000000000000000000000000000000F5
:103BD00000000000000000000000000000000000E5
:103BE00000000000000000000000000000000000D5
:103BF00000000000000000000000000000000000C5
:103C000000000000000000000000000000000000B4
:103C100000000000000000000000000000000000A4
:103C20000000000000000000000000000000000094
:103C30000000000000000000000000000000000084
:103C40000000000000000000000000000000000074
:103C50000000000000000000000000000000000064
:103C60000000000000000000000000000000000054
:103C70000000000000000000000000000000000044
:103C80000000000000000000000000000000000034
:103C90000000000000000000000000000000000024
:103CA0000000000000000000000000000000000014
:103CB0000000000000000000000000000000000004
:103CC00000000000000000000000000000000000F4
:103CD00000000000000000000000000000000000E4
:103CE00000000000000000000000000000000000D4
:103CF00000000000000000000000000000000000C4
:103D000000000000000000000000000000000000B3
:103D100000000000000000000000000000000000A3
:103D20000000000000000000000000000000000093
:103D30000000000000000000000000000000000083
:103D40000000000000000000000000000000000073
:103D50000000000000000000000000000000000063
:103D60000000000000000000000000000000000053
:103D70000000000000000000000000000000000043
:103D80000000000000000000000000000000000033
:103D90000000000000000000000000000000000023
:103DA0000000000000000000000000000000000013
:103DB0000000000000000000000000000000000003
:103DC00000000000000000000000000000000000F3
:103DD00000000000000000000000000000000000E3
:103DE00000000000000000000000000000000000D3
:103DF00000000000000000000000000000000000C3
:103E000000000000000000000000000000000000B2
:103E100000000000000000000000000000000000A2
:103E20000000000000000000000000000000000092
:103E30000000000000000000000000000000000082
:103E40000000000000000000000000000000000072
:103E50000000000000000000000000000000000062
:103E60000000000000000000000000000000000052
:103E70000000000000000000000000000000000042
:103E80000000000000000000000000000000000032
:103E90000000000000000000000000000000000022
:103EA0000000000000000000000000000000000012
:103EB0000000000000000000000000000000000002
:103EC00000000000000000000000000000000000F2
:103ED00000000000000000000000000000000000E2
:103EE00000000000000000000000000000000000D2
:103EF00000000000000000000000000000000000C2
:103F000000000000000000000000000000000000B1
:103F100000000000000000000000000000000000A1
:103F20000000000000000000000000000000000091
:103F30000000000000000000000000000000000081
:103F40000000000000000000000000000000000071
:103F50000000000000000000000000000000000061
:103F60000000000000000000000000000000000051
:103F70000000000000000000000000000000000041
:103F80000000000000000000000000000000000031
:103F90000000000000000000000000000000000021
:103FA0000000000000000000000000000000000011
:103FB0000000000000000000000000000000000001
:103FC00000000000000000000000000000000000F1
:103FD00000000000000000000000000000000000E1
:103FE00000000000000000000000000000000000D1
:103FF00000000000000000000000000000000000C1
:1040000000000000000000000000000000000000B0
:1040100000000000000000000000000000000000A0
:104020000000000000000000000000000000000090
:104030000000000000000000000000000000000080
:104040000000000000000000000000000000000070
:104050000000000000000000000000000000000060
:104060000000000000000000000000000000000050
:104070000000000000000000000000000000000040
:104080000000000000000000000000000000000030
:104090000000000000000000000000000000000020
:1040A0000000000000000000000000000000000010
:1040B0000000000000000000000000000000000000
:1040C00000000000000000000000000000000000F0
:1040D00000000000000000000000000000000000E0
:1040E00000000000000000000000000000000000D0
:1040F00000000000000000000000000000000000C0
:1041000000000000000000000000000000000000AF
:10411000000000000000000000000000000000009F
:10412000000000000000000000000000000000008F
:10413000000000000000000000000000000000007F
:10414000000000000000000000000000000000006F
:10415000000000000000000000000000000000005F
:10416000000000000000000000000000000000004F
:10417000000000000000000000000000000000003F
:10418000000000000000000000000000000000002F
:10419000000000000000000000000000000000001F
:1041A000000000000000000000000000000000000F
:1041B00000000000000000000000000000000000FF
:1041C00000000000000000000000000000000000EF
:1041D000000000006700690074007300C6020D0053
:1041E00008002040F13F0400300004003A00F605CA
:1041F00008002040F13F04003000EC29D2020D00FD
:1042000004000A008606182AD2020C0004000100ED
:10421000190D04400B0000000CE67E0070007200D7
:10422000650063002D006400690067006900740088
:104230007300C6020D0008004F40F13F040030003B
:1042400004003A00F60508004F400400FFFFEA02B0
:104250000C00F13F04003000EC29DE020D000400E8
:104260000A008606182ADE020C0004000100190D5F
:104270002F400B000000097E7E0064006500660090
:10428000610075006C0074003F00F13F04007D0088
:10429000F1290B00000008C27E0074007900700054
:1042A00065002D0073006100180004007300F129FF
:1042B000080074401700AD3F09008040180004005A
:1042C0006100F12908007E401700D63F09008040B8
:1042D0001700613E0B0000000ED07E0074007900D4
:1042E000700065002D0064006900730070006100BB
:1042F000740063006800180004006400F1290800DD
:104300009B4017005D3F0900BA401800040075008B
:10431000F1290800A5401700703F0900BA401800B5
:1043200004007800F1290800AF401700843F09001D
:10433000BA40180004006300F1290800B9401700D2
:10434000963F0900BA406A400B0000000BD87E007F
:104350006600690065006C0064002D007400610057
:1043600069006C0004000100190DC6020D007605FD
:104370000800D34017000900E14098180C006200C3
:1043800061006400200066002D007300740072005C
:1043900069006E006700F13F04007D001E00981860
:1043A0000C00620061006400200066002D007300B4
:1043B0007400720069006E00670004000100190DAE
:1043C00091400B00000006C87E0066006900650091
:1043D0006C00640004000100190D04000000D2020A
:1043E0000C000400FFFFDE020C00C6020D00760583
:1043F0000800134117000900214198180C006200C1
:1044000061006400200066002D00730074007200DB
:1044100069006E0067005B4008002A41040001004B
:10442000190D5D3F090078410440C6020D00760574
:104430000800334117000900414198180C00620040
:1044400061006400200066002D007300740072009B
:1044500069006E006700F13F04002E00F12908009A
:10446000694104000100190D04000000DE020C0087
:1044700004000000EA020C002F40EA020D0076055D
:1044800008005B4117000900694198180C006200A0
:1044900061006400200066002D007300740072004B
:1044A00069006E006700F13F180004007D00F129EB
:1044B00008007741170004000100190D5D3F090055
:1044C0007841C8400B0000000CCA7E0065007600F1
:1044D00061006C002D006C006200720061006300DE
:1044E000650004000100C6020D00BA050800A441E1
:1044F000BA020D0004000100182A0F0004007B001E
:10450000F1290800A14104007B00600D04000200B5
:10451000190D0900A24100410900A54100410B000D
:1045200000000CCA7E006500760061006C002D0062
:104530007200620072006100630065000400010007
:10454000C6020D00BA050800D141BA020D000400F0
:104550000100182A0F0004007D00F1290800CE4157
:1045600004007D00600D04000200190D0900CF4118
:10457000613E0900D241613E0B00000005D87E007B
:104580006500760061006C00DF291700BA020C009C
:10459000C6020C001700260DC6020D0008000142DD
:1045A000F13F180004007B00F1290800F1411700D9
:1045B00087410900FF41180004007D00F12908002F
:1045C000FB411700B4410900FF41600D04000100E8
:1045D000190D0900E241810D0B00000044DC7E0052
:1045E000720075006E00F10C3E07DA410B000342C9
:1045F00043F87E0022007C0009420B00FF2D82441C
:104600004600220031030D0008002542040022006C
:10461000E30EB50DB3160942E71609002A4204005D
:104620002200E30EB50DDA410B001E3C0DA0450043
:104630004400490054002D004C0049004E00450044
:104640002D004300410050000400A0000B002B424D
:104650000D8A45004400490054002D0052004500D9
:1046600043002D00530049005A0045000400A400F7
:104670000B003D420F8A45004400490054002D00C4
:104680004100520045004E0041002D0053004900FA
:104690005A004500040000200B004F420BAE4500BD
:1046A0004400490054002D005400450058005400B7
:1046B0002D005700040050000B0063420B90450092
:1046C0004400490054002D00540045005800540097
:1046D0002D004800040017000B0073420FAE450088
:1046E0004400490054002D00530054004100540080
:1046F000550053002D0052004F00570004001800D1
:104700000B0083420DAE45004400490054002D00CB
:10471000480045004C0050002D0052004F0057004B
:10472000040019000B0097420D8A4500440049001F
:1047300054002D004D00530047002D004E004F0047
:104740004E004500040000000B00A9420E88450001
:104750004400490054002D004D00530047002D0037
:1047600053004100560045004400040001000B00C6
:10477000BB420FA445004400490054002D004D00E9
:10478000530047002D0042005500460046004500FA
:104790005200040002000B00CE420D8E4500440082
:1047A000490054002D004D00530047002D004C00DF
:1047B0004F004E004700040003000B00E2420D9C36
:1047C00045004400490054002D004D0053004700AF
:1047D0002D004F00500045004E00040004000B0067
:1047E000F4420D8845004400490054002D004D005E
:1047F000530047002D0052004500410044000400D2
:1048000005000B0006430E8A450044004900540091
:104810002D004D00530047002D0057005200490065
:1048200054004500040006000B0018430CAE450080
:104830004400490054002D004D00530047002D0056
:104840004E0045005700040007000B002B430D8A63
:1048500045004400490054002D004D00530047001E
:104860002D004E0041004D004500040008000B00E3
:104870003C430EA045004400490054002D004D006B
:10488000530047002D0055004E00530055005000C6
:10489000040009000B004E4310A8450044004900E5
:1048A00054002D0055005300450052002D004F00CC
:1048B00046004600530045005400040000010B0070
:1048C00061430E8A45004400490054002D00500009
:1048D0004100540048002D00530049005A00450093
:1048E000040004010B00764309964500440049008A
:1048F00054002D004D00410052004B000400000107
:10490000A4040D00182A0B008943098A45004400BD
:10491000490054002D0042004100530045000400AE
:104920000101A4040D00182A0B009A43098A4500CE
:104930004400490054002D00480045005200450045
:1049400004000201A4040D00182A0B00AB430AA8BE
:1049500045004400490054002D004C0049004D0022
:104960004900540004000301A4040D00182A0B00A0
:10497000BC43098A45004400490054002D0046000C
:1049800052004500450004000401A4040D00182A4B
:104990000B00CE43098845004400490054002D0017
:1049A000480045004100440004000501A4040D0036
:1049B000182A0B00DF4309984500440049005400C1
:1049C0002D005400410049004C0004000601A404DD
:1049D0000D00182A0B00F04308A4450044004900CC
:1049E00054002D0043005500520004000701A404A8
:1049F0000D00182A0B00014408A04500440049009E
:104A000054002D0054004F00500004000801A4047D
:104A10000D00182A0B0011440AA645004400490065
:104A200054002D004C0049004E0045005300040086
:104A30000901A4040D00182A0B0021440946450071
:104A40004400490054002D0043005500520023004B
:104A500004000A01A4040D00182A0B00334409467F
:104A600045004400490054002D0054004F00500000
:104A7000230004000B01A4040D00182A0B00444479
:104A8000089845004400490054002D0043004F00A1
:104A90004C0004000C01A4040D00182A0B0055441E
:104AA000098C45004400490054002D00500052007C
:104AB0004500460004000D01A4040D00182A0B0057
:104AC00065440D8845004400490054002D004D0008
:104AD0004F004400490046004900450044000400DE
:104AE0000E01A4040D00182A0B0076440BA8450003
:104AF0004400490054002D0049004E005300450079
:104B00005200540004000F01A4040D00182A0B00E9
:104B10008B440C8E45004400490054002D00520087
:104B200055004E004E0049004E00470004001001A1
:104B3000A4040D00182A0B009E44088E4500440072
:104B4000490054002D004D0053004700040011019E
:104B5000A4040D00182A0B00B2440D9C450044002B
:104B6000490054002D0050004100540048002D0021
:104B70004C0045004E0004001201A4040D00182A48
:104B80000B00C2440E4645004400490054002D006D
:104B900050004100540048002D00420055004600DE
:104BA000230004001301A4040D00182A0B00D744AD
:104BB0000D9C45004400490054002D0043004C006A
:104BC000490050002D004C0045004E000400140127
:104BD000A4040D00182A0B00ED440E4645004400C5
:104BE000490054002D0043004C00490050002D00A6
:104BF000420055004600230004001501A4040D00E6
:104C0000182A0B00024503624500540031000400DD
:104C10001601A4040D00182A0B0018450364450072
:104C20005400320004001701A4040D00182A0B00E0
:104C30002345036645005400330004001801A40412
:104C40000D00182A0B002E4503684500540034005F
:104C500004001901A4040D00182A0B0039450EA800
:104C600045004400490054002D004C0049004E000E
:104C700045002D004E004500580054000B004445EF
:104C80000EAC45004400490054002D004C00490082
:104C90004E0045002D0050005200450056002400F3
:104CA0000B0055450D9C45004400490054002D0063
:104CB0004C0049004E0045002D004C0045004E00C0
:104CC00004000200182A0B0067450FA645004400A7
:104CD000490054002D004C0049004E0045002D00B5
:104CE00046004C0041004700530004000300182A0E
:104CF0000B007A450EA845004400490054002D00E1
:104D00004C0049004E0045002D005400450058005D
:104D1000540004000400182A0B008F450E80450043
:104D20004400490054002D004C0049004E0045004D
:104D30002D004C0045004E00400076450D000B0054
:104D4000A3450E4245004400490054002D004C008C
:104D500049004E0045002D004C0045004E0021004A
:104D600076450C000B00B6450EA4450044004900F2
:104D700054002D004C0049004E0045002D0041001C
:104D800044004400520019009F45182A0B00C945F1
:104D90000D8C45004400490054002D005000410096
:104DA000540048002D00420055004600E7440D0025
:104DB0000B00DD450D8C45004400490054002D00DA
:104DC00043004C00490050002D00420055004600B1
:104DD00012450D000B00EF450A484500440049000C
:104DE00054002D0050004100540048002400EC45C0
:104DF000D1440D000B0001460A4245004400490021
:104E000054002D00500041005400480021001800BB
:104E1000D1440C00EC451900D4070B00114609429F
:104E200045004400490054002D004D005300470048
:104E30002100BC440C000B0024460C9C450044009F
:104E4000490054002D004300550052002D004C0035
:104E500045004E000B440D00B3450B0032460DA437
:104E600045004400490054002D0043005500520005
:104E70002D0041004400440052000B440D009F45AA
:104E80000B0044460FA845004400490054002D0083
:104E90004C0049004E0045002D0043004F005500D6
:104EA0004E0054002D440D000B00574609424500AA
:104EB0004400490054002D0043004F004C002100E5
:104EC00018005F440C0070440C000B006B460F8A06
:104ED00045004400490054002D0043004C004500AB
:104EE000410052002D004C0049004E0045000400D6
:104EF00000001A0076450C0017000B007C4608865F
:104F0000450044002D0041004C004C004F00430080
:104F1000D9430D0076050800A94618000D00D943B5
:104F20000C000900BD46B6430D0018004C42182A7B
:104F3000C8430D001900BA050800B8461700040060
:104F400000000B0018004C42182AB6430C00180051
:104F5000040000001A000C00190017001800654535
:104F60000400000019000C00180076450400000041
:104F700019000C0018008B450400000019000C00FB
:104F80000B0094460E8A45004400490054002D0051
:104F900046005200450045002D004C0049004E00DF
:104FA0004500D9430D001A000C00D9430C000B003A
:104FB000D7460FA445004400490054002D004C0082
:104FC00049004E004B002D004100460054004500B2
:104FD00052001D450C0028450C001D450D000D001C
:104FE00028450D000C001D450D0028450D006545A8
:104FF0000C0028450D000D00760508001C472845CB
:105000000D00190065450C00090020471D450D00E5
:10501000FB430C001D450D0028450D000C000B0046
:10502000EE460B9645004400490054002D00550003
:105030004E004C0049004E004B0018000D001D456D
:105040000C00180065450D0028450C0028450D0092
:10505000080047471D450D0028450D000C000900BC
:105060004B471D450D00EA430C001D450D0008008F
:10507000574728450D001D450D0065450C000900EA
:105080005B4728450D00FB430C000B00264711A48D
:1050900045004400490054002D00520045005300D3
:1050A000450054002D0042005500460046004500D2
:1050B000520004000000D9430C00A5430D00B64384
:1050C0000C000400000085440C0004000000BC44F7
:1050D0000C00040000005F440C0004000000704459
:1050E0000C0004000000FC440C009E461800230045
:1050F000080095471700DF42BC440C000B00180065
:10510000EA430C001800FB430C0018000B440C0091
:1051100018001B440C001700040001002D440C0073
:10512000040001003E440C00040001004F440C0048
:105130000B005C4709A845004400490054002D00BD
:1051400049004E0049005400A5030D0094430C0093
:10515000A5030D001800E7440C008643182A180028
:1051600012450C003A42182A1800A5430C001800FA
:10517000B6430C006042182AC8430C00C8430D0017
:10518000A5030C000400010098440C00B842BC4484
:105190000C0004000000D1440C006F470B00AF4727
:1051A000098A45004400490054002D0044004F0086
:1051B0004E00450094430D00A5030C00E72EC32EBE
:1051C0000B00E5470D9C45004400490054002D00AC
:1051D0005400520049004D002D004C0045004E0087
:1051E0001800B3451D450C001D450D00080026485C
:1051F00018009F451D450D002500182A0F00DC06EC
:10520000F129080020481D450D0025001D450C0012
:105210000900244817001D450D000B0009000A482D
:105220001700040000000B00F7470FA445004400DE
:10523000490054002D0045005800540045004E0020
:1052400044002D0043005500520018003A42042A41
:10525000080047481700F142BC440C00040000005D
:105260000B00180040460B2A0800504817000400A5
:10527000FFFF0B0018001D450C00404628450C00A0
:105280000B440D009F4528450D00182A1D450D00B3
:1052900028450D00EC29DC06F5071D450D000B44E3
:1052A0000D0076450C0017000400FFFF0B002A4894
:1052B000138A45004400490054002D0045004E006B
:1052C00053005500520045002D0056004900530080
:1052D000490042004C0045003E440D004F440D0083
:1052E000CA05080096481B440D0065450D001B4487
:1052F0000C004F440D0025004F440C00090082486B
:105300003E440D004F440D008042182A122A080026
:10531000AB481B440D000D001B440C004F440D0016
:1053200024004F440C00090096480B006D480CA067
:1053300045004400490054002D004D004F00560028
:1053400045002D00550050000B440D0065450D0033
:1053500076050800CD480B440C003E440D002500A6
:105360003E440C0070440D005F440C0082480B006A
:10537000AC480E9C45004400490054002D004D00EF
:105380004F00560045002D0044004F0057004E00CE
:105390000B440D000D0076050800F0480B440C008E
:1053A0003E440D0024003E440C0070440D005F4458
:1053B0000C0082480B00CE480EA84500440049006E
:1053C00054002D004D004F00560045002D004C00AC
:1053D0004500460054005F440D0008000E495F443C
:1053E0000D0025005F440C005F440D0070440C006C
:1053F0000B00F1480FA845004400490054002D005F
:105400004D004F00560045002D0052004900470056
:10541000480054005F440D00240018005F440C0055
:1054200070440C000B000F490E8A450044004900EF
:1054300054002D004D004F00560045002D0048003F
:105440004F004D0045000400000076460B0029493E
:105450000D8845004400490054002D004D004F00C8
:10546000560045002D0045004E004400404676465B
:105470000B003D490CA045004400490054002D009C
:1054800050004100470045002D0055005000040029
:1054900000001D450C001D450D008042CA05080096
:1054A0006F49BA481D450D0024001D450C00090038
:1054B00061490B004F490E9C4500440049005400CF
:1054C0002D0050004100470045002D0044004F00D2
:1054D00057004E00040000001D450C001D450D0046
:1054E0008042CA0508009249DE481D450D0024008F
:1054F0001D450C00090084490B00704911884500C6
:105500004400490054002D005300450054002D0074
:105510004D004F004400490046004900450044004A
:105520000400FFFF85440C00B842BC440C000B0093
:10553000934913A445004400490054002D004F0036
:1055400056004500520057005200490054004500E3
:105550002D0043004800410052005F440D0024002C
:105560003B4823000800CC4917000B005F440D00A6
:105570000B440D00D9450E005F440D002400764613
:10558000A6490B00AE4910A4450044004900540050
:105590002D0049004E0053004500520054002D00DC
:1055A00043004800410052005F440D0033450C00A9
:1055B00040463E450C0033450D003E450D00122A85
:1055C0000800094A33450D0024003B482300080029
:1055D000014A17000B005F440D000B440D00D94534
:1055E0000E000900264A3E450D0024003B482300DA
:1055F0000800124A17000B0033450D000B440D0044
:10560000D9451800240019003E450D0033450D0012
:10561000EC2949285F440D000B440D00D9450E00CC
:105620005F440D0024007646A6490B00D8490EA819
:1056300045004400490054002D004A004F00490035
:105640004E002D004E004500580054000B440D0044
:105650000D00760523000800454A17000B001800CE
:105660001D450C00404628450C001D450D00B34566
:1056700033450C0028450D0033450D00182A3A42E9
:10568000042A08005D4AF142BC440C000B001D4591
:105690000D009F450B440D009F4528450D00182A1D
:1056A00033450D00D40728450D0033450D00182A59
:1056B0000B440D0076450C001D450D0033471D457C
:1056C0000D00E7462D440D0025002D440C00A64991
:1056D0000B002C4A10A445004400490054002D0042
:1056E000440045004C004500540045002D00430097
:1056F0004800410052005F440D001D450C0040462B
:1057000028450C001D450D0028450D00CA05080060
:10571000BA4A0B440D001D450D002400D9450B4429
:105720000D001D450D00D94528450D001D450D00F6
:10573000EC292500D40728450D0025000B440D0059
:1057400076450C00A6490B001D450D0028450D00AF
:10575000F1290800C24A3C4A0B007F4A0F8A4500E3
:105760004400490054002D00530050004C004900F3
:1057700054002D004C0049004E0045009E46180084
:1057800023000800DE4A1700DF42BC440C000B0077
:1057900018001D450C000B440D0028450C005F440B
:1057A0000D0033450C0028450D00B3453E450C0067
:1057B00033450D003E450D00CA050800124B3E451D
:1057C0000D0033450D00EC2918001D450D007645F0
:1057D0000C0028450D009F4533450D00182A1D4536
:1057E0000D009F458105D40733450D0028450D0068
:1057F00076450C000900184B040000001D450D0003
:1058000076450C001D450D0028450D00FF462D4432
:105810000D0024002D440C001D450D000B440C0010
:105820003E440D0024003E440C0004000000764677
:105830008248A6490B00C34A0E8A4500440049002D
:1058400054002D004200410043004B005300500023
:105850004100430045005F440D00230008005E4BFB
:105860000B440D0065450D00760508005D4B1800E2
:10587000B3451D450C000B440C003E440D002500B3
:105880003E440C001D450D0076463C4A82480B0004
:105890005F440D00250018005F440C0070440C00AC
:1058A0005F440D004046122A08006D4B0B00914AE0
:1058B0000B00314B108A45004400490054002D0074
:1058C000440045004C004500540045002D004C00AC
:1058D00049004E0045002D440D0004000100F1294F
:1058E0000800904B0B440D008D46040000007646E6
:1058F000A6490B000B440D001D450C001D450D0075
:105900000D00760508009F4B18000B440C000900A1
:10591000AB4B1D450D0065450D0018000B440C00F8
:105920003E440D0025003E440C001D450D001B4467
:105930000D00F1290800BA4B0B440D001B440C006C
:105940003E440D004F440C001D450D0033471D45DE
:105950000D00E7462D440D0025002D440C00404667
:105960005F440D00E60576468248A6490B006F4B62
:105970000E8A45004400490054002D0043004F00AA
:10598000500059002D004C0049004E0045000B44CA
:105990000D00B3451800FC440C000B440D009F455E
:1059A000FE458105D407B842BC440C000B00CD4B2A
:1059B0000F8A45004400490054002D00500041006A
:1059C0005300540045002D004C0049004E00450096
:1059D0009E46180023000800084C1700DF42BC4414
:1059E0000C000B0018001D450C00FC440D001800B5
:1059F0001D450D0076450C00FE451D450D009F45DB
:105A00008105D4071D450D000B440D00FF461D45C3
:105A10000D000B440C002D440D0024002D440C00FF
:105A20003E440D0024003E440C0004000000764675
:105A30008248A6490B00ED4B08AE450044004900E2
:105A400054002D004E00450057006F473943BC44B9
:105A50000C000B00314C09884500440049005400FB
:105A60002D004C004F00410044001D466F470D467D
:105A7000C813E61318000800594C19001700034317
:105A8000BC440C000B0017001400EA430D0028452D
:105A90000C000400FFFF33450C005E073A42130080
:105AA000101418000800764C170017001700120099
:105AB000031417001543BC440C00040001000B0044
:105AC00017000800AD4C33450D00230008009C4C26
:105AD0009E461800230008008D4C17001200031486
:105AE0001700DF42BC440C00040002000B00180049
:105AF000FB430D00FF46180028450C002D440D0007
:105B000024002D440C0017000900A04C04000000E4
:105B100033450C00180028450D0076450C005E0743
:105B200028450D009F458105D4070900634C1700E7
:105B3000120003141700EA430D000B440C00EA4363
:105B40000D001B440C00040001003E440C00040046
:105B500001004F440C0004000000764604000000E1
:105B600085440C00B842BC440C00040000000B004B
:105B7000404C098A45004400490054002D00530060
:105B8000410056004500D1440D0023000800E44CBC
:105B90004B43BC440C00040001000B000D466C1488
:105BA00017000D46D813F51318000800F34C190020
:105BB00017002843BC440C000B0017003E450C00A6
:105BC000EA430D0018000800194D18000648180097
:105BD00028450C001A009F4528450D003E450D0044
:105BE0001E1418000800154D17003E450D00031443
:105BF00017002843BC440C00040001000B001700F0
:105C00000D000900F84C17003E450D005D1417000B
:105C10003E450D00031417000400000085440C00ED
:105C2000CB42BC440C00040000000B00CE4C098E9B
:105C300045004400490054002D002E004D00530043
:105C40004700BC440D001800CB42F1290800484D24
:105C500017000F0D0600200053006100760065005C
:105C600064000B001800DF42F12908005D4D1700A9
:105C70000F0D0C00200042007500660066006500F4
:105C800072002000660075006C006C000B001800AC
:105C9000F142F1290800744D17000F0D0E0020008D
:105CA0004C0069006E006500200074006F006F00FA
:105CB00020006C006F006E0067000B0018000343AB
:105CC000F1290800894D17000F0D0C0020004F002E
:105CD000700065006E0020006600610069006C00C5
:105CE000650064000B0018001543F12908009E4D63
:105CF00017000F0D0C0020005200650061006400C9
:105D000020006600610069006C00650064000B0003
:105D100018002843F1290800B44D17000F0D0D009D
:105D200020005700720069007400650020006600C2
:105D3000610069006C00650064000B0018003943C5
:105D4000F1290800C84D17000F0D0B0020004E0070
:105D5000650077002000620075006600660065003F
:105D600072000B0018004B43F1290800DD4D1700AD
:105D70000F0D0C0020004E006F002000660069002F
:105D80006C0065006E0061006D0065000B0018007E
:105D90005E43F1290800F14D17000F0D0B002000A4
:105DA0004E006F007400200069006E0020004D005E
:105DB000560050000B0017000B002C4D0DAE450097
:105DC0004400490054002D00440052004100570097
:105DD0002D0052004F0057001D450C0028450C00B7
:105DE000040001001D450D00482E982E28450D0089
:105DF00076050800324E28450D00B3457042E60591
:105E000033450C00040000003E450C003E450D00EB
:105E100033450D00CA050800324E28450D009F4548
:105E20003E450D00182A0F00620B3E450D00240070
:105E30003E450C0009001C4E0B00F34D0EA845001A
:105E40004400490054002D00440052004100570016
:105E50002D0054004500580054001B440D001D4502
:105E60000C000400010028450C0028450D0080426C
:105E70000B2A0800664E1D450D0028450D00024EF8
:105E80001D450D0008005F4E1D450D000D001D4510
:105E90000C0028450D00240028450C0009004B4E3D
:105EA0000B00334E10A645004400490054002D005D
:105EB00044005200410057002D005300540041009F
:105EC000540055005300372F040001009442482E1F
:105ED000982E0D46B30B85440D0008008B4E0F0D18
:105EE000020020002A0009008F4E0F0D0200200042
:105EF0002D000F0D040020004C006E0020003E44D9
:105F00000D00302E0F0D0500200043006F006C00C7
:105F100020005F440D002400302E98440D0008003E
:105F2000AF4E0F0D0400200049004E005300090041
:105F3000B54E0F0D040020004F0056005200374DA3
:105F4000E72E0B00674E0EA04500440049005400A8
:105F50002D0044005200410057002D00480045002C
:105F60004C00500004000100A642482E982EE72E57
:105F70000F0D010031009230192E2331042E0F0D28
:105F80000600200020002000200020002000E72E36
:105F90000F0D010032009230192E2331042E0F0D07
:105FA0000600530061007600650020002000E72E07
:105FB0000F0D010033009230192E2331042E0F0DE6
:105FC0000600200020002000200020002000E72EF6
:105FD0000F0D010034009230192E2331042E0F0DC5
:105FE00006004E0065007700200020002000E72E0C
:105FF0000F0D010035009230192E2331042E0F0DA4
:10600000060043006F007000790020002000E72E9A
:106010000F0D010036009230192E2331042E0F0D82
:106020000600200020002000200020002000E72E95
:106030000F0D010037009230192E2331042E0F0D61
:106040000600500061007300740065002000E72E18
:106050000F0D010038009230192E2331042E0F0D40
:106060000600440065006C004C006E002000E72E26
:106070000F0D010039009230192E2331042E0F0D1F
:106080000600200020002000200020002000E72E35
:106090000F0D0200310030009230192E2331042EF2
:1060A0000F0D0600450078006900740020002000F4
:1060B000E72E0B00B84E11A44500440049005400DF
:1060C0002D0050004C004100430045002D004300CE
:1060D0005500520053004F0052003E440D004F4403
:1060E0000D00EC29240004000100DA058042E605D9
:1060F0001D450C005F440D00240004000100DA057A
:106100007042E60528450C0028450D001D450D0090
:10611000482E0B00704F0BAE450044004900540060
:106120002D00520045004400520041005700D72E78
:10613000892E582E434E794EC84E834FC32E0B00E6
:10614000A04F158A45004400490054002D00480026
:1061500041004E0044004C0045002D00500052000C
:1061600049004E005400410042004C004500180018
:106170000400200004007F00F6050800DE4F98446C
:106180000D000800DC4FEA490900DD4FC3490B0050
:1061900017000B00B64F10A44500440049005400FE
:1061A0002D00480041004E0044004C0045002D00E9
:1061B0004300480041005200180004000800F12983
:1061C0000800FB4F1700414B0B00180004007F0034
:1061D000F129080004501700414B0B00180004007F
:1061E0000D00F12908000D501700D44A0B001800CB
:1061F00004000A00F129080016501700D44A0B00C9
:10620000180004000900F129080022501700DC06DC
:10621000CD4FDC06CD4F0B00CD4F0B00E04F10B241
:1062200045004400490054002D00480041004E0044
:1062300044004C0045002D0045004B00450059002E
:106240001800710AF12908003E50170001490B009F
:1062500018007F0AF12908004650170020490B005A
:106260001800570AF12908004E501700BA480B00D1
:106270001800640AF129080056501700DE480B0088
:1062800018008C0AF12908005E50170039490B00EC
:106290001800980AF1290800665017004C490B00B5
:1062A0001800A50AF12908006E5017005D490B007F
:1062B0001800B20AF12908007650170080490B0037
:1062C0001800DC0AF12908007E501700414B0B0032
:1062D0001800CA0AF129080086501700914A0B00DD
:1062E0001800EA0AF12908008E501700D44A0B0062
:1062F0001800BE0AF12908009A50170098440D00B2
:10630000230098440C000B001800000BF129080032
:10631000A3501700D94C17000B001800160BF129D9
:106320000800AB5017003B4C0B001800210BF12963
:106330000800B3501700DD4B0B001800370BF12994
:106340000800BB501700FE4B0B001800420BF12950
:106350000800C3501700814B0B001800590BF1299E
:106360000800CE50170004000000AC440C000B00E5
:1063700017005E43BC440C000B0024500FA84500DE
:106380004400490054002D005700410049005400CA
:106390002D0049004E005000550054002A0A080004
:1063A000E95036500B00070A0800EE50F24F0B0080
:1063B0000900E4500B00D350089C450044004900FC
:1063C00054002D00520055004E000400FFFFAC4465
:1063D0000C00AC440D0008000751AD4FE45009001B
:1063E000FF50E72EC32E892E582E0B00F15004A823
:1063F0004500440049005400BA47DF294B4C1800BF
:1064000008001A51F0470B001700FB50F04704003A
:1064100000000B00AE2F08A84E00450057002D00CD
:106420004500440049005400BA471D463B4CFB5010
:10643000F0470B000000000000000000000000001A
:10644000000000000000000000000000000000004C
:10645000000000000000000000000000000000003C
:10646000000000000000000000000000000000002C
:10647000000000000000000000000000000000001C
:10648000000000000000000000000000000000000C
:1064900000000000000000000000000000000000FC
:1064A00000000000000000000000000000000000EC
:1064B00000000000000000000000000000000000DC
:1064C00000000000000000000000000000000000CC
:1064D00000000000000000000000000000000000BC
:1064E00000000000000000000000000000000000AC
:1064F000000000000000000000000000000000009C
:10650000000000000000000000000000000000008B
:10651000000000000000000000000000000000007B
:10652000000000000000000000000000000000006B
:10653000000000000000000000000000000000005B
:10654000000000000000000000000000000000004B
:10655000000000000000000000000000000000003B
:10656000000000000000000000000000000000002B
:10657000000000000000000000000000000000001B
:10658000000000000000000000000000000000000B
:1065900000000000000000000000000000000000FB
:1065A00000000000000000000000000000000000EB
:1065B00000000000000000000000000000000000DB
:1065C00000000000000000000000000000000000CB
:1065D00000000000000000000000000000000000BB
:1065E00000000000000000000000000000000000AB
:1065F000000000000000000000000000000000009B
:10660000000000000000000000000000000000008A
:10661000000000000000000000000000000000007A
:10662000000000000000000000000000000000006A
:10663000000000000000000000000000000000005A
:10664000000000000000000000000000000000004A
:10665000000000000000000000000000000000003A
:10666000000000000000000000000000000000002A
:10667000000000000000000000000000000000001A
:10668000000000000000000000000000000000000A
:1066900000000000000000000000000000000000FA
:1066A00000000000000000000000000000000000EA
:1066B00000000000000000000000000000000000DA
:1066C00000000000000000000000000000000000CA
:1066D00000000000000000000000000000000000BA
:1066E00000000000000000000000000000000000AA
:1066F000000000000000000000000000000000009A
:106700000000000000000000000000000000000089
:106710000000000000000000000000000000000079
:106720000000000000000000000000000000000069
:106730000000000000000000000000000000000059
:106740000000000000000000000000000000000049
:106750000000000000000000000000000000000039
:106760000000000000000000000000000000000029
:106770000000000000000000000000000000000019
:106780000000000000000000000000000000000009
:1067900000000000000000000000000000000000F9
:1067A00000000000000000000000000000000000E9
:1067B00000000000000000000000000000000000D9
:1067C00000000000000000000000000000000000C9
:1067D00000000000000000000000000000000000B9
:1067E00000000000000000000000000000000000A9
:1067F0000000000000000000000000000000000099
:106800000000000000000000000000000000000088
:106810000000000000000000000000000000000078
:106820000000000000000000000000000000000068
:106830000000000000000000000000000000000058
:106840000000000000000000000000000000000048
:106850000000000000000000000000000000000038
:106860000000000000000000000000000000000028
:106870000000000000000000000000000000000018
:106880000000000000000000000000000000000008
:1068900000000000000000000000000000000000F8
:1068A00000000000000000000000000000000000E8
:1068B00000000000000000000000000000000000D8
:1068C00000000000000000000000000000000000C8
:1068D00000000000000000000000000000000000B8
:1068E00000000000000000000000000000000000A8
:1068F0000000000000000000000000000000000098
:106900000000000000000000000000000000000087
:106910000000000000000000000000000000000077
:106920000000000000000000000000000000000067
:106930000000000000000000000000000000000057
:106940000000000000000000000000000000000047
:106950000000000000000000000000000000000037
:106960000000000000000000000000000000000027
:106970000000000000000000000000000000000017
:106980000000000000000000000000000000000007
:1069900000000000000000000000000000000000F7
:1069A00000000000000000000000000000000000E7
:1069B00000000000000000000000000000000000D7
:1069C00000000000000000000000000000000000C7
:1069D00000000000000000000000000000000000B7
:1069E00000000000000000000000000000000000A7
:1069F0000000000000000000000000000000000097
:106A00000000000000000000000000000000000086
:106A10000000000000000000000000000000000076
:106A20000000000000000000000000000000000066
:106A30000000000000000000000000000000000056
:106A40000000000000000000000000000000000046
:106A50000000000000000000000000000000000036
:106A60000000000000000000000000000000000026
:106A70000000000000000000000000000000000016
:106A80000000000000000000000000000000000006
:106A900000000000000000000000000000000000F6
:106AA00000000000000000000000000000000000E6
:106AB00000000000000000000000000000000000D6
:106AC00000000000000000000000000000000000C6
:106AD00000000000000000000000000000000000B6
:106AE00000000000000000000000000000000000A6
:106AF0000000000000000000000000000000000096
:106B00000000000000000000000000000000000085
:106B10000000000000000000000000000000000075
:106B20000000000000000000000000000000000065
:106B30000000000000000000000000000000000055
:106B40000000000000000000000000000000000045
:106B50000000000000000000000000000000000035
:106B60000000000000000000000000000000000025
:106B70000000000000000000000000000000000015
:106B80000000000000000000000000000000000005
:106B900000000000000000000000000000000000F5
:106BA00000000000000000000000000000000000E5
:106BB00000000000000000000000000000000000D5
:106BC00000000000000000000000000000000000C5
:106BD00000000000000000000000000000000000B5
:106BE00000000000000000000000000000000000A5
:106BF0000000000000000000000000000000000095
:106C00000000000000000000000000000000000084
:106C10000000000000000000000000000000000074
:106C20000000000000000000000000000000000064
:106C30000000000000000000000000000000000054
:106C40000000000000000000000000000000000044
:106C50000000000000000000000000000000000034
:106C60000000000000000000000000000000000024
:106C70000000000000000000000000000000000014
:106C80000000000000000000000000000000000004
:106C900000000000000000000000000000000000F4
:106CA00000000000000000000000000000000000E4
:106CB00000000000000000000000000000000000D4
:106CC00000000000000000000000000000000000C4
:106CD00000000000000000000000000000000000B4
:106CE00000000000000000000000000000000000A4
:106CF0000000000000000000000000000000000094
:106D00000000000000000000000000000000000083
:106D10000000000000000000000000000000000073
:106D20000000000000000000000000000000000063
:106D30000000000000000000000000000000000053
:106D40000000000000000000000000000000000043
:106D50000000000000000000000000000000000033
:106D60000000000000000000000000000000000023
:106D70000000000000000000000000000000000013
:106D80000000000000000000000000000000000003
:106D900000000000000000000000000000000000F3
:106DA00000000000000000000000000000000000E3
:106DB00000000000000000000000000000000000D3
:106DC00000000000000000000000000000000000C3
:106DD00000000000000000000000000000000000B3
:106DE00000000000000000000000000000000000A3
:106DF0000000000000000000000000000000000093
:106E00000000000000000000000000000000000082
:106E10000000000000000000000000000000000072
:106E20000000000000000000000000000000000062
:106E30000000000000000000000000000000000052
:106E40000000000000000000000000000000000042
:106E50000000000000000000000000000000000032
:106E60000000000000000000000000000000000022
:106E70000000000000000000000000000000000012
:106E80000000000000000000000000000000000002
:106E900000000000000000000000000000000000F2
:106EA00000000000000000000000000000000000E2
:106EB00000000000000000000000000000000000D2
:106EC00000000000000000000000000000000000C2
:106ED00000000000000000000000000000000000B2
:106EE00000000000000000000000000000000000A2
:106EF0000000000000000000000000000000000092
:106F00000000000000000000000000000000000081
:106F10000000000000000000000000000000000071
:106F20000000000000000000000000000000000061
:106F30000000000000000000000000000000000051
:106F40000000000000000000000000000000000041
:106F50000000000000000000000000000000000031
:106F60000000000000000000000000000000000021
:106F70000000000000000000000000000000000011
:106F80000000000000000000000000000000000001
:106F900000000000000000000000000000000000F1
:106FA00000000000000000000000000000000000E1
:106FB00000000000000000000000000000000000D1
:106FC00000000000000000000000000000000000C1
:106FD00000000000000000000000000000000000B1
:106FE00000000000000000000000000000000000A1
:106FF0000000000000000000000000000000000091
:107000000000000000000000000000000000000080
:107010000000000000000000000000000000000070
:107020000000000000000000000000000000000060
:107030000000000000000000000000000000000050
:107040000000000000000000000000000000000040
:107050000000000000000000000000000000000030
:107060000000000000000000000000000000000020
:107070000000000000000000000000000000000010
:107080000000000000000000000000000000000000
:1070900000000000000000000000000000000000F0
:1070A00000000000000000000000000000000000E0
:1070B00000000000000000000000000000000000D0
:1070C00000000000000000000000000000000000C0
:1070D00000000000000000000000000000000000B0
:1070E00000000000000000000000000000000000A0
:1070F0000000000000000000000000000000000090
:10710000000000000000000000000000000000007F
:10711000000000000000000000000000000000006F
:10712000000000000000000000000000000000005F
:10713000000000000000000000000000000000004F
:10714000000000000000000000000000000000003F
:10715000000000000000000000000000000000002F
:10716000000000000000000000000000000000001F
:10717000000000000000000000000000000000000F
:1071800000000000000000000000000000000000FF
:1071900000000000000000000000000000000000EF
:1071A00000000000000000000000000000000000DF
:1071B00000000000000000000000000000000000CF
:1071C00000000000000000000000000000000000BF
:1071D00000000000000000000000000000000000AF
:1071E000000000000000000000000000000000009F
:1071F000000000000000000000000000000000008F
:10720000000000000000000000000000000000007E
:10721000000000000000000000000000000000006E
:10722000000000000000000000000000000000005E
:10723000000000000000000000000000000000004E
:10724000000000000000000000000000000000003E
:10725000000000000000000000000000000000002E
:10726000000000000000000000000000000000001E
:10727000000000000000000000000000000000000E
:1072800000000000000000000000000000000000FE
:1072900000000000000000000000000000000000EE
:1072A00000000000000000000000000000000000DE
:1072B00000000000000000000000000000000000CE
:1072C00000000000000000000000000000000000BE
:1072D00000000000000000000000000000000000AE
:1072E000000000000000000000000000000000009E
:1072F000000000000000000000000000000000008E
:10730000000000000000000000000000000000007D
:10731000000000000000000000000000000000006D
:10732000000000000000000000000000000000005D
:10733000000000000000000000000000000000004D
:10734000000000000000000000000000000000003D
:10735000000000000000000000000000000000002D
:10736000000000000000000000000000000000001D
:10737000000000000000000000000000000000000D
:1073800000000000000000000000000000000000FD
:1073900000000000000000000000000000000000ED
:1073A00000000000000000000000000000000000DD
:1073B00000000000000000000000000000000000CD
:1073C00000000000000000000000000000000000BD
:1073D00000000000000000000000000000000000AD
:1073E000000000000000000000000000000000009D
:1073F000000000000000000000000000000000008D
:10740000000000000000000000000000000000007C
:10741000000000000000000000000000000000006C
:10742000000000000000000000000000000000005C
:10743000000000000000000000000000000000004C
:10744000000000000000000000000000000000003C
:10745000000000000000000000000000000000002C
:10746000000000000000000000000000000000001C
:10747000000000000000000000000000000000000C
:1074800000000000000000000000000000000000FC
:1074900000000000000000000000000000000000EC
:1074A00000000000000000000000000000000000DC
:1074B00000000000000000000000000000000000CC
:1074C00000000000000000000000000000000000BC
:1074D00000000000000000000000000000000000AC
:1074E000000000000000000000000000000000009C
:1074F000000000000000000000000000000000008C
:10750000000000000000000000000000000000007B
:10751000000000000000000000000000000000006B
:10752000000000000000000000000000000000005B
:10753000000000000000000000000000000000004B
:10754000000000000000000000000000000000003B
:10755000000000000000000000000000000000002B
:10756000000000000000000000000000000000001B
:10757000000000000000000000000000000000000B
:1075800000000000000000000000000000000000FB
:1075900000000000000000000000000000000000EB
:1075A00000000000000000000000000000000000DB
:1075B00000000000000000000000000000000000CB
:1075C00000000000000000000000000000000000BB
:1075D00000000000000000000000000000000000AB
:1075E000000000000000000000000000000000009B
:1075F000000000000000000000000000000000008B
:10760000000000000000000000000000000000007A
:10761000000000000000000000000000000000006A
:10762000000000000000000000000000000000005A
:10763000000000000000000000000000000000004A
:10764000000000000000000000000000000000003A
:10765000000000000000000000000000000000002A
:10766000000000000000000000000000000000001A
:10767000000000000000000000000000000000000A
:1076800000000000000000000000000000000000FA
:1076900000000000000000000000000000000000EA
:1076A00000000000000000000000000000000000DA
:1076B00000000000000000000000000000000000CA
:1076C00000000000000000000000000000000000BA
:1076D00000000000000000000000000000000000AA
:1076E000000000000000000000000000000000009A
:1076F000000000000000000000000000000000008A
:107700000000000000000000000000000000000079
:107710000000000000000000000000000000000069
:107720000000000000000000000000000000000059
:107730000000000000000000000000000000000049
:107740000000000000000000000000000000000039
:107750000000000000000000000000000000000029
:107760000000000000000000000000000000000019
:107770000000000000000000000000000000000009
:1077800000000000000000000000000000000000F9
:1077900000000000000000000000000000000000E9
:1077A00000000000000000000000000000000000D9
:1077B00000000000000000000000000000000000C9
:1077C00000000000000000000000000000000000B9
:1077D00000000000000000000000000000000000A9
:1077E0000000000000000000000000000000000099
:1077F0000000000000000000000000000000000089
:107800000000000000000000000000000000000078
:107810000000000000000000000000000000000068
:107820000000000000000000000000000000000058
:107830000000000000000000000000000000000048
:107840000000000000000000000000000000000038
:107850000000000000000000000000000000000028
:107860000000000000000000000000000000000018
:107870000000000000000000000000000000000008
:1078800000000000000000000000000000000000F8
:1078900000000000000000000000000000000000E8
:1078A00000000000000000000000000000000000D8
:1078B00000000000000000000000000000000000C8
:1078C00000000000000000000000000000000000B8
:1078D00000000000000000000000000000000000A8
:1078E0000000000000000000000000000000000098
:1078F0000000000000000000000000000000000088
:107900000000000000000000000000000000000077
:107910000000000000000000000000000000000067
:107920000000000000000000000000000000000057
:107930000000000000000000000000000000000047
:107940000000000000000000000000000000000037
:107950000000000000000000000000000000000027
:107960000000000000000000000000000000000017
:107970000000000000000000000000000000000007
:1079800000000000000000000000000000000000F7
:1079900000000000000000000000000000000000E7
:1079A00000000000000000000000000000000000D7
:1079B00000000000000000000000000000000000C7
:1079C00000000000000000000000000000000000B7
:1079D00000000000000000000000000000000000A7
:1079E0000000000000000000000000000000000097
:1079F0000000000000000000000000000000000087
:107A00000000000000000000000000000000000076
:107A10000000000000000000000000000000000066
:107A20000000000000000000000000000000000056
:107A30000000000000000000000000000000000046
:107A40000000000000000000000000000000000036
:107A50000000000000000000000000000000000026
:107A60000000000000000000000000000000000016
:107A70000000000000000000000000000000000006
:107A800000000000000000000000000000000000F6
:107A900000000000000000000000000000000000E6
:107AA00000000000000000000000000000000000D6
:107AB00000000000000000000000000000000000C6
:107AC00000000000000000000000000000000000B6
:107AD00000000000000000000000000000000000A6
:107AE0000000000000000000000000000000000096
:107AF0000000000000000000000000000000000086
:107B00000000000000000000000000000000000075
:107B10000000000000000000000000000000000065
:107B20000000000000000000000000000000000055
:107B30000000000000000000000000000000000045
:107B40000000000000000000000000000000000035
:107B50000000000000000000000000000000000025
:107B60000000000000000000000000000000000015
:107B70000000000000000000000000000000000005
:107B800000000000000000000000000000000000F5
:107B900000000000000000000000000000000000E5
:107BA00000000000000000000000000000000000D5
:107BB00000000000000000000000000000000000C5
:107BC00000000000000000000000000000000000B5
:107BD00000000000000000000000000000000000A5
:107BE0000000000000000000000000000000000095
:107BF0000000000000000000000000000000000085
:107C00000000000000000000000000000000000074
:107C10000000000000000000000000000000000064
:107C20000000000000000000000000000000000054
:107C30000000000000000000000000000000000044
:107C40000000000000000000000000000000000034
:107C50000000000000000000000000000000000024
:107C60000000000000000000000000000000000014
:107C70000000000000000000000000000000000004
:107C800000000000000000000000000000000000F4
:107C900000000000000000000000000000000000E4
:107CA00000000000000000000000000000000000D4
:107CB00000000000000000000000000000000000C4
:107CC00000000000000000000000000000000000B4
:107CD00000000000000000000000000000000000A4
:107CE0000000000000000000000000000000000094
:107CF0000000000000000000000000000000000084
:107D00000000000000000000000000000000000073
:107D10000000000000000000000000000000000063
:107D20000000000000000000000000000000000053
:107D30000000000000000000000000000000000043
:107D40000000000000000000000000000000000033
:107D50000000000000000000000000000000000023
:107D60000000000000000000000000000000000013
:107D70000000000000000000000000000000000003
:107D800000000000000000000000000000000000F3
:107D900000000000000000000000000000000000E3
:107DA00000000000000000000000000000000000D3
:107DB00000000000000000000000000000000000C3
:107DC00000000000000000000000000000000000B3
:107DD00000000000000000000000000000000000A3
:107DE0000000000000000000000000000000000093
:107DF0000000000000000000000000000000000083
:107E00000000000000000000000000000000000072
:107E10000000000000000000000000000000000062
:107E20000000000000000000000000000000000052
:107E30000000000000000000000000000000000042
:107E40000000000000000000000000000000000032
:107E50000000000000000000000000000000000022
:107E60000000000000000000000000000000000012
:107E70000000000000000000000000000000000002
:107E800000000000000000000000000000000000F2
:107E900000000000000000000000000000000000E2
:107EA00000000000000000000000000000000000D2
:107EB00000000000000000000000000000000000C2
:107EC00000000000000000000000000000000000B2
:107ED00000000000000000000000000000000000A2
:107EE0000000000000000000000000000000000092
:107EF0000000000000000000000000000000000082
:107F00000000000000000000000000000000000071
:107F10000000000000000000000000000000000061
:107F20000000000000000000000000000000000051
:107F30000000000000000000000000000000000041
:107F40000000000000000000000000000000000031
:107F50000000000000000000000000000000000021
:107F60000000000000000000000000000000000011
:107F70000000000000000000000000000000000001
:107F800000000000000000000000000000000000F1
:107F900000000000000000000000000000000000E1
:107FA00000000000000000000000000000000000D1
:107FB00000000000000000000000000000000000C1
:107FC00000000000000000000000000000000000B1
:107FD00000000000000000000000000000000000A1
:107FE0000000000000000000000000000000000091
:107FF0000000000000000000000000000000000081
:108000000000000000000000000000000000000070
:108010000000000000000000000000000000000060
:108020000000000000000000000000000000000050
:108030000000000000000000000000000000000040
:108040000000000000000000000000000000000030
:108050000000000000000000000000000000000020
:108060000000000000000000000000000000000010
:108070000000000000000000000000000000000000
:1080800000000000000000000000000000000000F0
:1080900000000000000000000000000000000000E0
:1080A00000000000000000000000000000000000D0
:1080B00000000000000000000000000000000000C0
:1080C00000000000000000000000000000000000B0
:1080D00000000000000000000000000000000000A0
:1080E0000000000000000000000000000000000090
:1080F0000000000000000000000000000000000080
:10810000000000000000000000000000000000006F
:10811000000000000000000000000000000000005F
:10812000000000000000000000000000000000004F
:10813000000000000000000000000000000000003F
:10814000000000000000000000000000000000002F
:10815000000000000000000000000000000000001F
:10816000000000000000000000000000000000000F
:1081700000000000000000000000000000000000FF
:1081800000000000000000000000000000000000EF
:1081900000000000000000000000000000000000DF
:1081A00000000000000000000000000000000000CF
:1081B00000000000000000000000000000000000BF
:1081C00000000000000000000000000000000000AF
:1081D0000000000058004F0052001E000000030085
:1081E00055004D002B001F00000003003C003C0028
:1081F00034002000000003003C003C003800210057
:10820000000003003C003C00390022000000020096
:1082100030003D0023000000020031002B0024004C
:108220000000020031002D00250000000200320095
:108230002B0026000000020032002D002700000065
:10824000050048004F00500045004E002800000087
:10825000070048004300520045004100540045001B
:10826000290000000600480043004C004F00530066
:1082700045002A0000000700480052004500410068
:1082800044004C004E002B0000000800480057003E
:1082900052004900540045004C004E002C000000E4
:1082A000050048005300450045004B002D0000002C
:1082B00005004800540045004C004C002E00000012
:1082C00005004800530049005A0045002F000000F7
:1082D0000600480046004C0055005300480030009E
:1082E000000007004800440045004C0045005400D1
:1082F00045003100000007004800520045004E00D4
:1083000041004D0045003200000009004D005500BD
:108310004C005F00530045005400550050003300EE
:1083200000000C004D0055004C005F00530054004D
:10833000450050005F00410043004300340000004E
:1083400003004E004F0054003500000003005300AE
:10835000550042003600000006004E004500470070
:1083600041005400450037000000030049004E0062
:10837000430038000000030044004500430039007A
:10838000000004005A00450052004F003A0000006F
:10839000020055002B003B000000020032002A00C2
:1083A0003C00000000000000457E500052004900E3
:1083B0004D003F001800A2020C001800C1060F007B
:1083C000EC030C00170004003C1F18000F0008000D
:1083D00029211800C1060F00EC030D001E00080043
:1083E0000D213E07182AC106C1060900FB20A20282
:1083F0000D00190018000F00D20F08001D211900F0
:1084000017003E07182AC106C1060900FB20190003
:1084100017003E07182A18000D001900C1060D00AC
:108420000400FFFF0B001700A2020D000400000073
:108430000B0003003F00720078000200030074008C
:10844000780021000300010021000C000100400021
:108450000D000200430021000E0002004300400016
:108460000F000300520050002100100003005200D2
:10847000500040001100020052003E0012000200B5
:1084800052004000130002003E005200140003009E
:10849000530050004000150003005300500021001D
:1084A00016000400440052004F0050001700030063
:1084B00044005500500018000400530057004100CC
:1084C0005000190004004F005600450052001A00E9
:1084D000020030003C001B00030041004E0044003D
:1084E0001C0002004F0052001D00030058004F0006
:1084F00052001E00030055004D002B001F0002001B
:1085000030003D002300020031002B002400020057
:1085100031002D002500020032002B002600020051
:1085200032002D002700050048004F005000450094
:108530004E0028000700480043005200450041005B
:108540005400450029000600480043004C004F003D
:10855000530045002A000700480052004500410032
:1085600044004C004E002B00080048005700520009
:108570004900540045004C004E002C000500480006
:108580005300450045004B002D00050048005400F5
:1085900045004C004C002E000500480053004900E7
:1085A0005A0045002F000600480046004C005500C8
:1085B00053004800300007004800440045004C00CC
:1085C00045005400450031000700480052004500B6
:1085D0004E0041004D004500320009004D0055009D
:1085E0004C005F005300450054005500500033001C
:1085F0000C004D0055004C005F0053005400450036
:1086000050005F00410043004300340003004E006F
:108610004F0054003500030053005500420036005F
:1086200006004E0045004700410054004500370059
:10863000030049004E004300380003004400450099
:108640004300390004005A00450052004F003A0030
:10865000020055002B003B00020032002A003C00C3
:1086600000000000467E49005000520049004D00C5
:108670003F001800A2020C001800C1060F00EC0316
:108680000C00170004002F2118000F0008008222A0
:108690001800C1060F00EC030D001E0008006B223D
:1086A0003E07182AC10609005A2218000F001400BC
:1086B000A2020D00C1061A00C1061200F70F080041
:1086C0007D223E07182A0D000400FFFF0B003E0725
:1086D000182AC10609005A221700A2020D00040040
:1086E00000000B000000488A240043004F004D00AA
:1086F000500049004C004500CB1208009D22510952
:1087000008009D2204000400C729C7290B00E811B6
:1087100076050800B92218000D001800040080003A
:108720001C000800AD221700170014000B00040005
:1087300020001C000800B62217000D00C7290B00FE
:108740001700C7290B0051090800C12204000400CA
:10875000C729C7290B00B41200004A5849004E002F
:1087600054004500520050005200450054002C00B7
:10877000CB120800D62251090800D62298070B0018
:10878000E81176050800232318000D0004004000BE
:108790001C0098180D00200063006F006D00700031
:1087A00069006C00650020006F006E006C007900AD
:1087B0001A00040066161E00080020231A00040098
:1087C000262A1E00080020231A0004007A241E0016
:1087D000080020231A0004007F251E000800202323
:1087E0001A00040090251E00080020231A0004002F
:1087F00049271E000800202318000D000400200057
:108800001C0008001D2317000D0086070B00170031
:1088100086070B00170014000B00B41200004698E6
:10882000520045005600450041004C00C9030D00B0
:1088300018001400AB0FC1060F009B030D00C90FF9
:108840008E0F76050800422318000D0013000C005F
:10885000120019000C000B00120017000B00371754
:10886000898A49004D004D004500440049004100FF
:108870005400450004008000C9030D00C106180023
:108880000D0081051D0019000C000B00171E078A42
:1088900050005200490056004100540045000400B9
:1088A0000001C9030D00C10618000D0081051D005F
:1088B00019000C000B00951E0CB243004F004D0038
:1088C000500049004C0045002D004F004E004C0068
:1088D000590004004000C9030D00C10618000D0036
:1088E00081051D0019000C000B00EF0F06A44D00C0
:1088F000410052004B004500520031030D000800BA
:10890000BA23981820004D00410052004B0045004A
:108910005200200063006F006D00700069006C0061
:1089200065002D0073007400610074006500200074
:1089300075006E0073007500700070006F007200AB
:10894000740065006400B412C9030D00A2020C009B
:108950004C07AE020C001D0F0D1F7D03DB1E7D03B7
:10896000C106DB1E7D03C106C106DB1E8C03DB1EB8
:108970008C03C106DB1E8C03C106C106DB1E8C0303
:10898000C106C106C106DB1E8C03C106C106C106B5
:10899000C106DB1E8C03C106C106C106C106C106A5
:1089A000DB1E8C03C106C106C106C106C106C10695
:1089B000DB1E8C03C106C106C106C106C106C10685
:1089C000C106DB1E8C03C106C106C106C106C10675
:1089D000C106C106C106DB1E9B03DB1E9B03C1064D
:1089E000DB1EA2020D00C903F71EAE020D00A50397
:1089F000F71E04000400C729AE020D00C7290400B9
:108A00005918C729A5030D00591804000B00C729E0
:108A10002C230B00061706A846004F005200470003
:108A20004500540031030D0008004F249818200021
:108A300046004F00520047004500540020006300EC
:108A40006F006D00700069006C0065002D00730000
:108A50007400610074006500200075006E007300F2
:108A60007500700070006F00720074006500640093
:108A7000B4121D0F9B030D00B91176050800732475
:108A800014008D051200180004000080BA050800CB
:108A90006B2498180900700072006F007400650064
:108AA0006300740065006400B412B80F1800A503D9
:108AB0000C009B030D003D180B00B412D21804A447
:108AC00055005300450052001D0F0D1FB316AE0494
:108AD000C7292C230B0000000AB256004F004300A8
:108AE0004100420055004C004100520059001D0F4A
:108AF0000D1F4C0704000300182A1800A2020C00E6
:108B00001700B3164C05A2020D00C72904000B0084
:108B1000C729A2020D0004000300182AC729040077
:108B20000000C72904000000C729A2020D000400AC
:108B30000300182A180004005F0099169B177D0394
:108B4000C1060D00A2020D00C1060C00A2020D001C
:108B50007D03C1060C002C230B005F140BA6440000
:108B60004500460049004E004900540049004F00AE
:108B70004E0053008C030D00C90F9B03C1060C006F
:108B80009B03C1069B030C000B008B23068A4D0040
:108B90004F00440055004C00450031030D00080013
:108BA0000A25981820004D004F00440055004C0045
:108BB0004500200063006F006D00700069006C00CC
:108BC00065002D00730074006100740065002000D2
:108BD00075006E0073007500700070006F00720009
:108BE000740065006400B412C3040D00D8040D00C5
:108BF0001D000800212598180D006D006F0064000D
:108C000075006C006500200061006300740069005D
:108C100076006500B412AA140400FFFFC3040C0020
:108C200004000000D8040C000B00461B0A8A450013
:108C30004E0044002D004D004F00440055004C00F4
:108C4000450031030D0008006225981824004500F6
:108C50004E0044002D004D004F00440055004C00D4
:108C60004500200063006F006D00700069006C001B
:108C700065002D0073007400610074006500200021
:108C800075006E0073007500700070006F00720058
:108C9000740065006400B412C3040D00D8040D0014
:108CA0001D0008006B25D6150B00981809006E00F2
:108CB0006F0020006D006F00640075006C0065009F
:108CC000B4127123068A430052004500410054004B
:108CD00045001D0F0D1F04000600C7292C230B00A3
:108CE0008124088A56004100520049004100420098
:108CF0004C0045007F2504000000C7290B00000040
:108D0000508A4D004F00440055004C0045002D0096
:108D100053004B00490050002D004C0049004E000C
:108D200045001D0FE8110800B125040037251E007D
:108D30000800B3250B0017000B00D6152C130B00F1
:108D40008616058A5F00540059005000450009004E
:108D5000CB25190018000F00E606620B0400010085
:108D6000182A19000400FFFF182A18000800D0254F
:108D70000900BF258D050B00EC0C035664006D0047
:108D80002B001A00040004000009850B37001400B2
:108D90000900E82518000F00040003000009040082
:108DA0000100182A0700E025120017000B00C32459
:108DB00004A0440055004D00500087020D0014002F
:108DC000C40804001000E52937001400CB0B040090
:108DD0001000DF29D7258105810504000200AA0BB8
:108DE000BD256A0B3500080011260700FC2512007E
:108DF000170009001326120017001700120087023F
:108E00000C000B00A71802A62E005300CB0BFB068C
:108E1000760508003A2604000100182A37001400DD
:108E200009002F261300370004000100EC29090770
:108E3000170907002826120017000F0D0400200054
:108E40003C00730070000B00090033261826058AC9
:108E50002E00420041005300450087020D00D20859
:108E60001800170987020C000B003C26058A2E000B
:108E7000460052004500450005020D00A5030D0007
:108E8000EC290E090B00000004A021004300530050
:108E90005000150024030C000B00DC1804A03F0058
:108EA000430053005000150024030D001E009818C5
:108EB000110073007400610063006B002000640007
:108EC0006500700074006800200065007200720088
:108ED0006F0072000B0000004E86580054003E00E8
:108EE0004E0041004D0045002D0049004E002D0070
:108EF00056004F0043001900A2020C00C90F76056E
:108F00000800C12604005F003700140018000D009F
:108F10009A040C009A040D0018000800BA261800E4
:108F20007C0FA2020D001E000800B1260D009A045D
:108F30000C000900A02617009A040D00AB0F1900C1
:108F40001700120017000B001700C10607009C262F
:108F5000120017001700040000000B000000058A33
:108F60003E004E0041004D0045007D031800080002
:108F7000E0261A001A00912676050800DA26190064
:108F80001700190017000B0019001700C1060D008B
:108F90000900CC261700040000000B000000068A20
:108FA00050003E004E0041004D00450004003C1FB3
:108FB00018000F0008000227DF293E07182A0D00BD
:108FC0001E000800FF263E07182AC106C106090038
:108FD000EE26190017000B00190017000B00000007
:108FE00005A650003E004F005000530004003C1FF7
:108FF00018000F0008002627DF293E07182A0D0059
:109000001E0008001F273E07182AC106C1060900D6
:109010000E27190017003E07182AC1060D000B0085
:1090200019001700040000000B004B2603882E00D7
:10903000490044007605080039273E0704001F0058
:109040001C00BD250B000F0D08007B006E006F009B
:109050004E0061006D0065007D000B00781C038AE6
:109060005300450045001D0FE81118000800912726
:109070001700CB0B18000D001800A2020C001800FE
:1090800004000002BA0508005E27EC2609005F27ED
:10909000CB26760508006627850B30270900672751
:1090A0000E09A2020D0004000002BA0508008B2779
:1090B000A2020D0004000B001E0008008F27A20270
:1090C0000D000C27760508008B2717006A0B080097
:1090D000812709008F27C10618000D000E09C1065F
:1090E0006A0B0800502709008F27C1066A0B080089
:1090F000502717000B00B4127D1705A657004F002C
:10910000520044005300CB0B8C030D00C90F7605B1
:109110000800E22704005F003700140018000D006B
:109120009A040C009A040D0018000800DB27AB0F0E
:1091300018000D00040040001C000800BD271700A7
:109140009A040D000D009A040C000900A8271800CD
:109150000D00040000011C000800CC2717009A0431
:109160000D000D009A040C000900A8271800850BBB
:10917000302717009A040D000D009A040C006A0BAA
:109180000800A827170017000B001700C1060700EA
:10919000A4271200170017000B00862503A4560011
:1091A00045005200040000040B00000002D26800D9
:1091B0006900CB0B0F0D11005000440052002D0030
:1091C00031003600200046006F0072007400680015
:1091D0002000760034002E003000CB0B0F0D1F0056
:1091E000640065007200690076006500640020007C
:1091F000660072006F006D002000650046006F0081
:1092000072007400680020006200790020004300B2
:109210002E0048002E00540069006E006700CB0B42
:109220000B002B2505B245004D005000540059009D
:1092300004000080A5030C0004002051C9030C00A9
:10924000040000007D03C1060C00040000805918D2
:109250006A05D0240B007725067C43004D004F00A3
:10926000560045003E0018000800622814001A004D
:109270001300182A04000100EC291A001300182A10
:1092800004000100EC290F0019000E001200040078
:10929000FFFF182A0900492817008D050B00DB2461
:1092A000048A4D004F0056004500DF2917001900C1
:1092B000BA0508007328D4070B0049280B00412881
:1092C000048843004F004C00440004007FF916005E
:1092D00004007FFE100004000200040080FE040071
:1092E0003402D4070400E2FE7D030C0004000000F9
:1092F0007D03C1060C007213EF2704002051C9033F
:109300000C006A05D0242C1304007FF916001D16EA
:1093100009007B28632623F03F00720078000200DA
:109320000B009D02234274007800210003000B0013
:10933000272824A845005800490054000B000B00C2
:109340005926214221000C000B0000002180400022
:109350000D000B0075282242430021000E000B0077
:10936000C0282280430040000F000B00B21B2342A4
:1093700052005000210010000B00CC282380520026
:109380005000400011000B00D328227C52003E0008
:1093900012000B00DA2822805200400013000B005C
:1093A000D70822A43E00520014000B00442723805B
:1093B00053005000400015000B00EC2823425300DE
:1093C0005000210016000B00ED2524A0440052009F
:1093D0004F00500017000B00FA2823A0440055004E
:1093E000500018000B00F32824A053005700410040
:1093F000500019000B00DB1324A44F005600450059
:1094000052001A000B000000227830003C001B00C4
:109410000B00D11D238841004E0044001C000B00AE
:10942000112922A44F0052001D000B00000023A4AC
:1094300058004F0052001E000B00742423565500A4
:109440004D002B001F000B006E0823683C003C0001
:10945000340020000B003A2923703C003C00380007
:1094600021000B00412923723C003C0039002200FE
:109470000B001929227A30003D0023000B00000068
:10948000225631002B0024000B005529225A3100AE
:109490002D0025000B002A07225632002B00260043
:1094A0000B006129225A32002D0027000B0065288D
:1094B00029A04D0055004C005F00530045005400AA
:1094C0005500500033000B006D292C864D005500CF
:1094D0004C005F0053005400450050005F00410005
:1094E0004300430034000B00111723A84E004F0027
:1094F000540035000B000929238453005500420015
:1095000036000B008A29268A4E004500470041009C
:109510005400450037000B004523238649004E00C8
:10952000430038000B000229238644004500430015
:1095300039000B000000249E5A00450052004F00E5
:109540003A000B003329225655002B003B000B003C
:109550006729225432002A003C000B000000015809
:109560002C004C071800C106A5030C000C000B00D2
:109570001F2903A641004200530018001B000800E9
:10958000D82937000B00BE2904A032004400550042
:1095900050001A001A000B005806015E2F005E06EC
:1095A000190017000B000608015A2D0036000B00A9
:1095B0000000017A3D001E000800F72904000000A9
:1095C0000B000400FFFF0B004829027C3C003E001A
:1095D000F12935000B00E628017C3E001900CA0580
:1095E0000B00FA29027A3C003D00042A35000B00EA
:1095F000012A027A3E003D00CA0535000B00110722
:1096000001562B003B000B000000C1763B0004001C
:109610000B00C72956162C230B00000001743A00DA
:109620001D0F0D1F5E160B00C628025843002C00AC
:109630004C071800C106A5030C000E000B00A22960
:10964000099049004D0047002D0057004900440093
:10965000540048000D000B00352A0AA849004D00AF
:1096600047002D00480045004900470048005400CD
:10967000C1060D000B00422A088249004D00470038
:109680002D00440041005400410004000200182A4B
:109690000B00512A844449004D0047002200680411
:1096A0000C0004002200E30EDF29190017006804F3
:1096B0000D000400070086061E000800762A520CE2
:1096C000DF29700C4C071400DF29190012008105F6
:1096D000D407991617000B00AE280A8A45004D00E2
:1096E000490054002D0049004D004100470045004D
:1096F00018006C3174040C0018007A31190087319D
:10970000190018000800A52A190074040D00DF0CC8
:10971000CB0B190004000100EC290900972A8D05E4
:10972000940C0B00822A038645005300430004007A
:109730001B00620B0B002A2A0392430053004900CE
:10974000AD2A0F0D01005B000B0000000A60430012
:109750004F004C004F0052003E00440031003000EA
:10976000300006003100310031003000320031009D
:10977000310030003200320031003000320032005F
:109780003100310031003100310030003200310051
:10979000310030003200320031003000320032003F
:1097A000320031003100310031003100320031002F
:1097B000310031003200320031003100320032001D
:1097C0003200310031003100310030003100310011
:1097D0003100300031003100310030003100310003
:1097E00031003000310031003000300031003000F5
:1097F00030003000310030003000300031003000E7
:1098000030003000310031003000300031003000D5
:1098100030003000310030003000300031003000C6
:1098200030003000310031003000300031003000B5
:1098300030003000310030003000300031003000A6
:109840003000300031003100300030003100300095
:109850003000300031003000300030003100300086
:109860003000300031003100300030003100300075
:109870003000300031003000300030003100300066
:109880003000300031003100300030003100310054
:109890003000300031003100300030003100310044
:1098A0003000300031003100310030003200310032
:1098B000310030003200320031003000320032001E
:1098C000320031003100310031003000320031000F
:1098D00031003000320032003100300032003200FE
:1098E00031003100300030003000300030003000F6
:1098F00030003000300030003000300030003000E8
:1099000030003000300030003000300030003000D7
:1099100030003000300030003000300030003000C7
:1099200030003000300030003000300030003000B7
:1099300030003000300030003000300030003000A7
:10994000300030003200320032003200320032008B
:109950003200320032003200320032003200320077
:10996000320032000000096043004F004C004F00FD
:1099700052003E004400310030000600380037003D
:109980003300380031003600360038003100300036
:10999000360038003100300039003200380038001D
:1099A000330039003200370037003900320031000F
:1099B0003700390032003100300033003800380001
:1099C00034003000320038003800300032003200FD
:1099D00038003000320032003200340038003500E8
:1099E00030003600390034003100360039003500CF
:1099F00031003600390035003100370035003100C4
:109A000037003200350037003400320035003800AE
:109A100034003200320038003400330035003100A9
:109A2000370032003500370034003200350038008E
:109A30003400320032003800340033003500310089
:109A4000370033003500380034003300350038006B
:109A50003400330032003800350033003500310067
:109A60003600320035003700330032003500370051
:109A70003300320031003700330032003400300050
:109A80003600310034003600320031003400360038
:109A9000320031003000360032003100380034002E
:109AA0003900350038003300390035003800330004
:109AB00039003500370033003900350038003700F1
:109AC00033003900310037003600390031003000F2
:109AD00036003900310030003000320038003700E5
:109AE00033003800310036003600380031003000D5
:109AF00036003800310030003900320031003100CA
:109B000031003100310031003100310031003100CD
:109B100031003100310031003100310031003100BD
:109B200031003100310031003100310031003100AD
:109B3000310031003100310031003100310031009D
:109B4000310031003100310031003100310031008D
:109B50003100310031003100310031003500350075
:109B60003500350034003400340034003400340053
:109B70003400330033003300330033000000086248
:109B800043004F004C004F0052003E0044003100A3
:109B90000600310034003100380037003700300053
:109BA0003800370033003000380030003300360012
:109BB0003400370030003700340033003900320001
:109BC00034003300350032003400320035003800F4
:109BD00030003700360033003000390035003400E3
:109BE00030003900370034003000380037003600CC
:109BF00032003700300037003400330039003200C3
:109C000034003300350032003400320035003800B3
:109C100030003100340031003800370037003000A8
:109C20003800370033003000380030003300360091
:109C3000340032003500320039003800390032007B
:109C40003900380035003200390032003500380064
:109C50003500320036003300300039003000340067
:109C60003000390037003400300033003700310055
:109C70003700320030003700340033003400320047
:109C80003400330035003200340037003500330033
:109C90003500360034003100380037003200300023
:109CA0003800370033003000380035003300310011
:109CB0003900320030003700340033003400320005
:109CC00034003300350032003400370035003300F3
:109CD00035003200360033003000390030003400E7
:109CE00030003900370034003000330037003100D5
:109CF00037003200350032003900380039003200B8
:109D000039003800350032003900320035003800A3
:109D10003500360036003600360036003600360094
:109D20003600360036003600360036003600360083
:109D30003600360036003600360036003600360073
:109D40003600360036003600360036003600360063
:109D50003600360036003600360036003600360053
:109D60003600360036003600360036003600360043
:109D7000360035003300320030003900370036003D
:109D80003400330031003000380037003500340033
:109D9000320000000680440049004700490054009A
:109DA00040001900182A0F000B000000078843002C
:109DB0004F004C004F0052003E0044001800DE2CC3
:109DC000E72D19001800D32BE72D1900C72AE72D1E
:109DD0000B0020240342460047002100B62A0F0D45
:109DE0000500330038003B0035003B00F42D620BCA
:109DF000620B620B04006D00620B0B00FD16034248
:109E0000420047002100B62A0F0D0500340038003B
:109E10003B0035003B00F42D620B620B620B04002B
:109E20006D00620B0B00CE29054641004E00530029
:109E30004900230072089208AA08B30B0B00B12A4C
:109E4000066643004C0041004D0050003300040002
:109E50000000DA0504000300E6050B00292E02A825
:109E600041005400B62A302E04003B00620B302E15
:109E700004004800620B0B009313048A48004F0053
:109E80004D004500B62A0F0D010048000B00912936
:109E90000BA453004100560045002D00430055001F
:109EA000520053004F005200B62A0F0D01007300FC
:109EB0000B00E0280EA452004500530054004F0050
:109EC000520045002D0043005500520053004F0042
:109ED0005200B62A0F0D010075000B00352E03A6A7
:109EE00043004C005300B62A0F0D020032004A0016
:109EF0000B00842E078A43004C002D004C004900C3
:109F00004E004500B62A0F0D020032004B000B0038
:109F10008F2E069843004C002D0045004F004C004A
:109F2000B62A0F0D01004B000B009E2E06A6430023
:109F30004C002D0045004F005300B62A0F0D0100C4
:109F40004A000B00AB2E099C430055005200530001
:109F50004F0052002D004F004E00B62A0F0D040096
:109F60003F003200350068000B00B82E0A8C430019
:109F70005500520053004F0052002D004F00460084
:109F80004600B62A0F0D04003F00320035006C0079
:109F90000B00982906984E004F0052004D004100DA
:109FA0004C00940C0B00142E048842004F004C000F
:109FB0004400B62A0F0D020031006D000B00A929E4
:109FC000039A440049004D00B62A0F0D02003200EA
:109FD0006D000B00E92E059642004C0049004E0032
:109FE0004B00B62A0F0D020035006D000B00B8299A
:109FF000079655004E0042004C0049004E004B00B1
:10A00000B62A0F0D0300320035006D000B000D2F36
:10A01000098A55004E004400450052004C0049009A
:10A020004E004500B62A0F0D020034006D000B00F3
:10A030006F2E078A5200450056004500520053001B
:10A040004500B62A0F0D020037006D000B00002FEF
:10A050000498420045004C004C0004000700620BCD
:10A060000B00522E0398480053004C0014000400CB
:10A07000040086061900040010008606182A120043
:10A08000182A0B00472F02804800400004001000EF
:10A09000E5290B005D2E02805300400004000400FF
:10A0A000E5290400040068060B007C1B02804C00BC
:10A0B00040000400040068060B00602F0590530068
:10A0C000450054002D0048001900040010006806E7
:10A0D0001900040010008606182A0B00732F05A62D
:10A0E0005300450054002D005300140018000400D4
:10A0F00004006806190004001000E529040010009F
:10A100008606182A1200040004008606182A0B008E
:10A11000842F05985300450054002D004C00190071
:10A1200004000400E529040004008606182A0B0038
:10A13000DF2E087E4E0045005500540052004100BD
:10A140004C003F005C2F04000F00F1290B00582F3A
:10A15000025648002B001800B82F0800C72F09002E
:10A16000D02F18005C2F04000100182A04000C00F6
:10A1700068067A2F0B00BD2F025A48002D001800E8
:10A18000B82F0800DB2F0900E42F18005C2F040013
:10A190000B00182A04000C0068067A2F0B009E2F73
:10A1A000025653002B001800642F04000100182AE7
:10A1B0003D2E8B2F0B00E52F025A53002D00180067
:10A1C000642F04000100EC293D2E8B2F0B006B2F18
:10A1D00002564C002B0018006F2F04000100182AB3
:10A1E0003D2EA52F0B00FD2F025A4C002D0018000C
:10A1F0006F2F04000100EC293D2EA52F0B00D12F5D
:10A200000788480053004C005F005200450044009E
:10A210000400000004000300040001004C2F0B00A8
:10A2200015300A8A480053004C005F004F0052006E
:10A2300041004E00470045000400010004000300F7
:10A24000040001004C2F0B0026300AAE48005300DA
:10A250004C005F00590045004C004C004F00570077
:10A260000400020004000300040001004C2F0B0056
:10A270003A300A9C480053004C005F0059004700E8
:10A280005200450045004E00040003000400030096
:10A29000040001004C2F0B004E30099C4800530075
:10A2A0004C005F0047005200450045004E0004008E
:10A2B000040004000300040001004C2F0B00623076
:10A2C000099C480053004C005F00470043005900C0
:10A2D00041004E00040005000400030004000100DA
:10A2E0004C2F0B007530089C480053004C005F0059
:10A2F0004300590041004E00040006000400030022
:10A30000040001004C2F0B008830098A48005300DC
:10A310004C005F0041005A00550052004500040007
:10A32000070004000300040001004C2F0B009A30CA
:10A33000088A480053004C005F0042004C00550062
:10A3400045000400080004000300040001004C2F35
:10A350000B00AD300AA8480053004C005F005600C7
:10A3600049004F004C00450054000400090004005F
:10A370000300040001004C2F0B00BF300B8248008B
:10A3800053004C005F004D004100470045004E0067
:10A390005400410004000A0004000300040001000E
:10A3A0004C2F0B00D330088A480053004C005F004C
:10A3B00052004F005300450004000B00040003004E
:10A3C000040001004C2F0B00000004B247005200B3
:10A3D0004100590004000000DA0504000F00E60502
:10A3E000040004005E061900140004000F001900A8
:10A3F00012004C2F0B009227058A57004800490095
:10A40000540045000400000000310B003D2F05966C
:10A4100042004C00410043004B0004000F0000319B
:10A420000B00093007A44C004900470048005400C5
:10A430004500520001300B00F52E06A444004100F7
:10A4400052004B00450052000D300B00F12F088ADE
:10A450005300410054005500520041005400450093
:10A46000E92F0B0032310A8A4400450053004100B5
:10A47000540055005200410054004500F52F0B00D8
:10A48000CB2E025843002C004C071800C106A50330
:10A490000C000E000B005F2A099049004D00470098
:10A4A0002D00570049004400540048000D000B00E7
:10A4B00061310AA849004D0047002D0048004500C1
:10A4C0004900470048005400C1060D000B006E31E2
:10A4D000088249004D0047002D004400410054000F
:10A4E000410004000200182A0B007D318444490019
:10A4F0004D004700220068040C0004002200E30E17
:10A50000DF291900170068040D0004000700860603
:10A510001E000800A231520CDF29700C4C071400F9
:10A52000DF29190012008105D407991617000B00C6
:10A53000A82A0A8A45004D00490054002D00490010
:10A540004D0041004700450018006C3174040C00B8
:10A5500018007A3119008731190018000800D1312C
:10A56000190074040D00DF0CCB0B1900040001006E
:10A57000EC290900C3318D05940C0B0056310B8A70
:10A58000430050003400330037002D0048004C00D9
:10A5900049004E0045000400C4000B00D4310B8A72
:10A5A000430050003400330037002D0056004C00AB
:10A5B00049004E0045000400B3000B00E431089848
:10A5C000430050003400330037002D0054004C008D
:10A5D0000400DA000B00F43108A4430050003400FA
:10A5E000330037002D00540052000400BF000B0060
:10A5F00001320898430050003400330037002D002A
:10A6000042004C000400C0000B000E3208A44300BE
:10A6100050003400330037002D0042005200040087
:10A62000D9000B001B320B9C430050003400330058
:10A6300037002D00540044004F0057004E00040026
:10A64000C2000B00283209A0430050003400330040
:10A6500037002D005400550050000400C1000B00CD
:10A6600038320CA8430050003400330037002D006E
:10A670005400520049004700480054000400C30041
:10A680000B0046320BA84300500034003300370063
:10A690002D0054004C004500460054000400B40056
:10A6A0000B0057320BA64300500034003300370034
:10A6B0002D00430052004F00530053000400C5001A
:10A6C0000B0000000A8A530049004E0051002D0083
:10A6D0005400410042004C00450006000000C90043
:10A6E00092015B022403ED03B6047F0548061107BF
:10A6F000D907A2086A09330AFB0AC40B8C0C540D53
:10A700001C0EE30EAB0F72103A110112C8128F1318
:10A7100055141C15E215A8166E173318F918BE1932
:10A72000821A471B0B1CCF1C931D571E1A1FDD1FBF
:10A730009F2061212322E522A62367242825E825DE
:10A74000A82667272628E528A329612A1F2BDC2BAA
:10A75000992C552D112ECC2E872F4130FB30B53141
:10A760006E322633DF3396344D350436BA366F37C2
:10A770002438D9388C39403AF23AA53B563C073D4B
:10A78000B83D683E173FC53F73402141CE417A42F4
:10A790002543D0437A442445CD4575461C47C347DD
:10A7A00069480F49B449584AFB4A9D4B3F4CE04C1D
:10A7B000814D204EBF4E5D4FFB4F97503351CE51D0
:10A7C000685202539B533254C9546055F5558A560A
:10A7D0001D57B0574258D3586459F359825A0F5BEA
:10A7E0009C5B285CB35C3E5DC75D4F5ED75E5D5F82
:10A7F000E35F6860EB606E61F0617162F1627063EB
:10A80000EE636C64E8646365DD655666CF66466733
:10A81000BC673268A66819698B69FD696D6ADC6A74
:10A820004A6BB76B236C8E6CF86C616DC96D306EC2
:10A83000966EFB6E5E6FC16F22708370E270407126
:10A840009D71F9715472AE7207735E73B5730A74B9
:10A850005F74B27404755575A575F37541768D7680
:10A86000D87622776B77B377FA773F788478C77892
:10A8700009794A798979C879057A417A7C7AB67AF0
:10A88000EE7A267B5C7B917BC57BF87B297C597CAF
:10A89000887CB67CE37C0E7D397D627D897DB07DD0
:10A8A000D57DFA7D1D7E3E7E5F7E7E7E9C7EB97E5E
:10A8B000D57EEF7E097F217F377F4D7F617F747F5B
:10A8C000867F977FA67FB47FC17FCD7FD87FE17FD2
:10A8D000E97FF07FF57FF97FFD7FFE7F00000A8A28
:10A8E00050004F00570032002D005400410042003C
:10A8F0004C004500060001000200040008001000A2
:10A900002000400080000001000200040008001048
:10A9100000200040008000000B8A4C004F004700E0
:10A92000320049002D005400410042004C00450017
:10A9300006000000001000200030004000500060C1
:10A9400000700080009000A000B000C000D000E0C7
:10A9500000F000000B8A4C004F0047003200460018
:10A960002D005400410042004C004500060000004C
:10A9700017002E0045005C00720089009F00B600A1
:10A98000CC00E200F9000F0125013B0150016601F6
:10A990007C019201A701BD01D201E701FC01120275
:10A9A00027023C02510265027A028F02A302B8021A
:10A9B000CC02E102F5020A031E03320346035A03E6
:10A9C0006E0382039603A903BD03D103E403F803D6
:10A9D0000B041E043204450458046B047E049104E5
:10A9E000A404B704CA04DC04EF0402051405270517
:10A9F00039054B055E05700582059405A605B90568
:10AA0000CB05DC05EE0500061206240635064706D2
:10AA100058066A067B068D069E06B006C106D2065B
:10AA2000E306F406050716072707380749075A07FC
:10AA30006B077B078C079D07AD07BE07CE07DF07B7
:10AA4000EF07FF0710082008300840085008610889
:10AA5000710881089008A008B008C008D008E00874
:10AA6000EF08FF080F091E092E093D094D095C0971
:10AA70006B097B098A099909A809B809C709D60988
:10AA8000E509F409030A120A210A300A3E0A4D0AAE
:10AA90005C0A6B0A790A880A970AA50AB40AC20AEC
:10AAA000D10ADF0AEE0AFC0A0A0B190B270B350B39
:10AAB000430B510B5F0B6E0B7C0B8A0B980BA60B99
:10AAC000B30BC10BCF0BDD0BEB0BF90B060C140C0E
:10AAD000220C2F0C3D0C4A0C580C660C730C800C8D
:10AAE0008E0C9B0CA90CB60CC30CD00CDE0CEB0C22
:10AAF000F80C050D120D1F0D2D0D3A0D470D540DBF
:10AB0000600D6D0D7A0D870D940DA10DAE0DBA0D72
:10AB1000C70DD40DE00DED0DFA0D060E130E1F0E30
:10AB20002C0E380E450E510E5E0E6A0E760E830EFA
:10AB30008F0E9B0EA70EB40EC00ECC0ED80EE40ED8
:10AB4000F00EFC0E090F150F210F2D0F380F440FBB
:10AB5000500F5C0F680F740F800F8B0F970FA30FB0
:10AB6000AF0FBA0FC60FD20FDD0FE90FF40F0010B1
:10AB700000000B8A4C004F004700320044002D00BB
:10AB80005400410042004C00450006001700170029
:10AB90001700170016001700160017001600160001
:10ABA00017001600160016001500160016001600F5
:10ABB00015001600150015001500160015001500EB
:10ABC00015001400150015001400150014001500E0
:10ABD00014001500140014001400140014001400D4
:10ABE00014001300140014001300140013001300C9
:10ABF00014001300130013001300130013001300BC
:10AC000013001200130013001200130012001200B0
:10AC100013001200120012001200130012001100A3
:10AC20001200120012001200110012001100120096
:10AC3000110012001100120011001100110011008A
:10AC4000110011001100110011001100110010007D
:10AC50001100110010001100100011001000100070
:10AC60001100100010001000100011001000100062
:10AC70000F00100010001000100010000F00100056
:10AC800010000F0010000F0010000F000F00100048
:10AC90000F000F000F0010000F000F000F000F003B
:10ACA0000F000F000F000F000E000F000F000F002D
:10ACB0000E000F000F000E000F000E000F000E0020
:10ACC0000F000E000E000F000E000E000E000E0012
:10ACD0000E000F000E000E000E000E000D000E0004
:10ACE0000E000E000E000E000D000E000E000D00F6
:10ACF0000E000D000E000E000D000D000E000D00E8
:10AD00000E000D000D000D000E000D000D000D00D9
:10AD10000D000D000E000D000D000D000C000D00CB
:10AD20000D000D000D000D000D000C000D000D00BC
:10AD30000C000D000D000C000D000C000D000C00AF
:10AD40000D000C000D000C000C000D000C000C00A0
:10AD50000C000D000C000C000C000C000C000C0092
:10AD60000D000C000C000C000B000C000C000C0083
:10AD70000C000C000C000B000C000C000C000B0075
:10AD80000C000C000B000C000B000C0000000B8AE8
:10AD9000450058005000320046002D00540041008C
:10ADA00042004C004500060000100B101610211048
:10ADB0002D10381043104E105A10651070107C1072
:10ADC000871093109E10AA10B510C110CD10D81086
:10ADD000E410F010FB10071113111F112B11371184
:10ADE00043114F115B11671173117F118B11971173
:10ADF000A311B011BC11C811D511E111ED11FA1157
:10AE0000061213121F122C123812451252125F1220
:10AE10006B127812851292129F12AC12B812C512E0
:10AE2000D312E012ED12FA120713141321132F1389
:10AE30003C1349135713641372137F138D139A1322
:10AE4000A813B513C313D113DF13EC13FA130814AB
:10AE500016142414321440144E145C146A1478141A
:10AE600087149514A314B114C014CE14DD14EB147C
:10AE7000FA140815171525153415431552156015C4
:10AE80006F157E158D159C15AB15BA15C915D815FE
:10AE9000E715F7150616151624163416431653161D
:10AEA0006216721681169116A116B016C016D0162B
:10AEB000E016F016FF160F171F1730174017501720
:10AEC0006017701780179117A117B117C217D21703
:10AED000E317F417041815182618361847185818C9
:10AEE00069187A188B189C18AD18BE18CF18E0187E
:10AEF000F218031914192619371949195A196C1916
:10AF00007E198F19A119B319C519D619E819FA199B
:10AF10000C1A1E1A311A431A551A671A7A1A8C1A01
:10AF20009E1AB11AC31AD61AE91AFB1A0E1B211B54
:10AF3000341B471B591B6C1B7F1B931BA61BB91B88
:10AF4000CC1BDF1BF31B061C1A1C2D1C411C541CA4
:10AF5000681C7C1C8F1CA31CB71CCB1CDF1CF31CA7
:10AF6000071D1B1D301D441D581D6C1D811D951D89
:10AF7000AA1DBE1DD31DE81DFD1D111E261E3B1E54
:10AF8000501E651E7A1E8F1EA51EBA1ECF1EE51E00
:10AF9000FA1E101F251F3B1F501F661F7C1F921F8C
:10AFA000A81FBE1FD41FEA1F002000000B8A450007
:10AFB00058005000320044002D005400410042006F
:10AFC0004C00450006000B000B000B000C000B00B2
:10AFD0000B000B000C000B000B000C000B000C0016
:10AFE0000B000C000B000C000C000B000C000C0004
:10AFF0000B000C000C000C000C000C000C000C00F2
:10B000000C000C000C000C000C000C000C000D00DF
:10B010000C000C000D000C000C000D000C000D00CD
:10B020000C000D000C000D000D000D000C000D00BB
:10B030000D000D000D000D000C000D000E000D00A8
:10B040000D000D000D000D000D000E000D000D0097
:10B050000E000D000E000D000E000D000E000D0084
:10B060000E000E000E000D000E000E000E000E0071
:10B070000E000E000E000E000E000E000F000E005F
:10B080000E000E000F000E000F000E000F000E004D
:10B090000F000E000F000F000F000E000F000F003A
:10B0A0000F000F000F000F000F000F000F00100027
:10B0B0000F000F000F0010000F0010000F00100015
:10B0C0000F00100010000F00100010001000100002
:10B0D0000F001000100011001000100010001000F0
:10B0E00010001100100010001100100011001100DC
:10B0F00010001100110010001100110011001100CA
:10B1000011001100110011001100110012001100B6
:10B1100011001200110012001100120012001100A3
:10B120001200120012001100120012001200120090
:10B13000130012001200120013001200120013007C
:10B140001200130013001200130013001300130069
:10B150001200130013001400130013001300130057
:10B160001400130014001300140013001400140042
:10B170001300140014001400140014001400140030
:10B18000150014001400140015001400150014001C
:10B190001500150015001400150015001500150008
:10B1A00015001500160015001500160015001600F4
:10B1B00015001600150016001600160016001600E1
:10B1C00016001600160000000B8A410054004100D2
:10B1D0004E0046002D005400410042004C00450046
:10B1E00006000000290051007A00A300CC00F40002
:10B1F0001D0146016F019701C001E90111023A02E8
:10B2000062028B02B402DC0205032D0356037E03A7
:10B21000A703CF03F7032004480470049904C10472
:10B22000E9041105390561058905B105D90501064E
:10B23000290651067806A006C806EF0617073E073E
:10B2400066078D07B507DC0703082A085108780848
:10B250009F08C608ED0814093B0961098809AE0971
:10B26000D509FB09220A480A6E0A940ABA0AE00ABA
:10B27000060B2C0B510B770B9D0BC20BE70B0D0C28
:10B28000320C570C7C0CA10CC60CEB0C100D340DC1
:10B29000590D7D0DA20DC60DEA0D0F0E330E560E83
:10B2A0007A0E9E0EC20EE50E090F2C0F500F730F73
:10B2B000960FB90FDC0FFF0F211044106710891093
:10B2C000AB10CE10F01012113411561177119911E4
:10B2D000BB11DC11FD111F12401261128212A31268
:10B2E000C312E41205132513451366138613A61320
:10B2F000C613E61305142514441464148314A2140D
:10B30000C114E014FF141E153D155B157A15981530
:10B31000B715D515F31511162F164C166A16881683
:10B32000A516C216E016FD161A1737175417701710
:10B330008D17AA17C617E217FE171B1837185318D0
:10B340006E188A18A618C118DD18F81813192E19C6
:10B35000491964197F199A19B419CF19E919041AEE
:10B360001E1A381A521A6C1A861A9F1AB91AD31A48
:10B37000EC1A051B1F1B381B511B6A1B831B9C1BD4
:10B38000B41BCD1BE51BFE1B161C2E1C461C5E1C95
:10B39000761C8E1CA61CBE1CD51CED1C041D1B1D82
:10B3A000331D4A1D611D781D8E1DA51DBC1DD31D9D
:10B3B000E91DFF1D161E2C1E421E581E6E1E841EE9
:10B3C0009A1EB01EC51EDB1EF01E061F1B1F301F5F
:10B3D000451F5A1F6F1F841F991FAE1FC31FD71F02
:10B3E000EC1F002000000B8A4100540041004E0079
:10B3F00044002D005400410042004C00450006006E
:10B4000029002800290029002900280029002900F6
:10B4100029002800290029002800290028002900E7
:10B4200029002800290028002900280029002800D8
:10B4300028002900280028002900280028002800CA
:10B4400028002800280028002800280028002800BC
:10B4500027002800280027002800270028002700B0
:10B4600028002700270027002700270027002700A3
:10B470002700270027002600270026002700260097
:10B48000270026002600260026002600260026008B
:10B490002500260026002500250026002500250081
:10B4A0002500250025002500250024002500240076
:10B4B000250024002400250024002300240024006B
:10B4C0002400230024002300240023002300230061
:10B4D0002300230022002300230022002200230057
:10B4E000220022002200220021002200220021004E
:10B4F0002100220021002100210021002000210044
:10B500002100200020002100200020002000200039
:10B510001F0020001F0020001F001F001F001F0031
:10B520001F001F001F001E001F001E001F001E0026
:10B530001E001E001E001D001E001E001D001D001E
:10B540001E001D001D001D001D001C001D001D0013
:10B550001C001C001C001D001C001C001B001C000B
:10B560001C001B001C001B001B001B001B001B0001
:10B570001B001B001A001B001A001B001A001A00F7
:10B580001A001A001A0019001A001A0019001900EE
:10B590001A001900190019001900190018001900E3
:10B5A00018001900180018001800180018001800DA
:10B5B00018001800170018001700170018001700CF
:10B5C00017001700160017001700170016001600C6
:10B5D00017001600160016001600160016001600BA
:10B5E00015001600150016001500150015001500B1
:10B5F00015001500150015001500140015001400A5
:10B6000000000580530049004E0051004000833285
:10B610001900CD06182A0D000B000000058050000F
:10B620004F0057003200400090331900CD06182A11
:10B630000D000B00000006804C004F004700320058
:10B6400049004000AE331900CD06182A0D000B004A
:10B65000000006804C004F004700320046004000CA
:10B66000CC331900CD06182A0D000B00000006800F
:10B670004C004F004700320044004000DB3419000A
:10B68000CD06182A0D000B0000000680450058006A
:10B690005000320046004000E9351900CD06182A56
:10B6A0000D000B00000006804500580050003200DD
:10B6B00044004000F8361900CD06182A0D000B0092
:10B6C000000006804100540041004E00460040004A
:10B6D00006381900CD06182A0D000B000000068060
:10B6E0004100540041004E0044004000153919004B
:10B6F000CD06182A0D000B001716047C51003100EE
:10B7000035003E001800182A14001B0037001200F4
:10B71000182A0B00923A05A45100310035003E0072
:10B7200052001900040000401F008105182A983AB1
:10B730000B001D2F058855002F004D004F004400C1
:10B74000140004000000120005060B00AF3A025E70
:10B7500055002F00B63A190017000B00BC3A035EE3
:10B7600055002A002F00140070061200050619006B
:10B7700017000B00A60607882A002F0052004F0072
:10B7800055004E0044001800D3291400A1061900EA
:10B79000D3291800182A1300BA0535000800E93A21
:10B7A00004000100182A120017000B008B31038CD3
:10B7B00049002A0046008D06983A0B001C31078E7E
:10B7C000420049004E003E0044004500470004008E
:10B7D0002D0004000020D93A0B004831079C44009A
:10B7E000450047003E00420049004E000400680149
:10B7F00068060400002004002D00D93A0B00F43A3A
:10B8000009A6420049004E003E00440045004700A2
:10B810002E00530004002D00860604000020D93AB3
:10B820000B00033B099C4400450047002E005300D9
:10B830003E00420049004E001800040068018606E0
:10B840001400190013006806190004002D00860674
:10B85000040000201900D93A120017000B003C31F7
:10B86000066C5300540045005000310036000400BF
:10B87000000014001800040008001C0008005D3BD4
:10B880001A0004000200E5291200182A140018000A
:10B89000040004001C0008006A3B1A0004000400B5
:10B8A000E5291200182A14001800040002001C00E8
:10B8B0000800773B1A0004000800E5291200182A46
:10B8C00014001800040001001C000800843B1A004A
:10B8D00004001000E5291200182A140017001700B0
:10B8E00012000B002E2F0864520041005400490042
:10B8F0004F00510031003200190004000010810592
:10B90000C93A0B002731099A4C004F00470032001A
:10B910002D004E004F0052004D0004000C00190095
:10B92000180004000020BA0504000000F1290800F6
:10B93000B93B04000200C03A190004000100182AB3
:10B9400019000900A63B180004000010BA05080001
:10B95000C83B1800182A190004000100EC2919003E
:10B960000900B93B0B00983B09864C004F0047008B
:10B9700032002D0046005200410043000400001038
:10B98000EC29040010005E061800543A1400463AF0
:10B99000120081054D3B182A0B00C93B04644C0082
:10B9A0004F0047003200180004000000F129080091
:10B9B000F43B1700040000000900FA3BA33B190008
:10B9C000383A1900D43B182A0B00AE3109864500DD
:10B9D0005800500032002D00460052004100430044
:10B9E00018000400FF0F1900CA050800123C1700D8
:10B9F0000400002009001D3C040010005E06180031
:10BA0000703A1400623A120081054D3B182A0B006F
:10BA1000FB3B046445005800500032000400001055
:10BA2000B63A1400063C12002A3A04000010C93A43
:10BA30000B00153B04604200300030003000040071
:10BA400000000B002F3C0462420030003000310047
:10BA50000400B6000B00383C0464420030003000A3
:10BA6000320004006C010B00413C046642003000CF
:10BA700030003300040022020B004A3C046A4200FA
:10BA800030003000350004008E030B00533C04608E
:10BA9000420030003100300004001C070B005C3C09
:10BAA000046A42003000310035000400AB0A0B008C
:10BAB000653C04604200300033003000040055153E
:10BAC0000B006E3C046A4200300034003500040074
:10BAD00000200B00773C0868420049004E004900F6
:10BAE00041004E002F003400040000400B00803C59
:10BAF000046042003000360030000400AB2A0B0026
:10BB00008D3C046A42003000370035000400553592
:10BB10000B00963C046042003000390030008A3C43
:10BB20000B009F3C046A42003100300035000400E5
:10BB3000AB4A0B00A73C04604200310032003000E9
:10BB4000040055550B00B03C046A4200310033003C
:10BB50003500040000600B00B93C04604200310075
:10BB6000350030000400AB6A0B00C23C046A42009E
:10BB7000310036003500040055750B00CB3C0864DD
:10BB8000420049004E00490041004E002F003200A3
:10BB9000040000800B00D43C0460420031003800F7
:10BBA0003000DE3C0B00E13C046A42003100390009
:10BBB00035000400AB8A0B00E93C0460420032000F
:10BBC00031003000040055950B00F23C046A42003D
:10BBD000320032003500040000A00B00FB3C046082
:10BBE00042003200340030000400ABAA0B00043DD8
:10BBF000046A4200320035003500040055B50B00E0
:10BC00000D3D0968420049004E00490041004E00C8
:10BC100033002F003400040000C00B00163D046008
:10BC20004200320037003000213D0B00243D046A01
:10BC300042003200380035000400ABCA0B002C3D36
:10BC400004604200330030003000040055D50B0082
:10BC5000353D046A4200330031003500040000E045
:10BC60000B003E3D0460420033003300300004000E
:10BC7000ABEA0B00473D046A420033003400350054
:10BC8000040055F50B00453B04A2530049004E004B
:10BC9000510004004000E5291D3A0B00593D039C6A
:10BCA000530049004E00180004000000F12908006C
:10BCB000743D1700040000000900B23D18008A3CE2
:10BCC000F12908007E3D17000400FF7F0900B23D06
:10BCD0001800DE3CF1290800883D17000400000030
:10BCE0000900B23D1800213DF1290800923D1700DE
:10BCF000040000800900B23D18001B000800A63DAA
:10BD00001800213DCA050800A13DDE3C182A5F3D10
:10BD100037000900A43D37005F3D37000900B23D00
:10BD200018008A3CCA050800AE3D5F3D0900B23DDF
:10BD30003700DE3C182A5F3D0B00673203A6430044
:10BD40004F0053008A3C182A693D0B002C2905A09E
:10BD5000580043004F004D005000B83DF13A0B0031
:10BD6000000005A0590043004F004D005000693D00
:10BD7000F13A0B00442E05A44100540041004E004E
:10BD80005200180004000010F1290800E13D1700DE
:10BD90007D3C0900EC3D040010005E0618008C3A62
:10BDA00014007E3A120081054D3B182A0B00D03D4D
:10BDB00005644100540041004E003200DF291D009F
:10BDC00004000000F1290800003E8D050400000079
:10BDD0000900323EDF29D3291900D329DF29BA050A
:10BDE00008000F3E923BD73DA53C1900EC29090005
:10BDF000123E1900923BD73D140018001B000800AA
:10BE0000273E19001B000800213E1700E73C1200E6
:10BE1000182A0900253E1700E73C1200EC2909000A
:10BE2000323E19001B000800303E17001200370098
:10BE30000900323E170012000B00643D04A85300B5
:10BE400051005200540004000000190004000100D9
:10BE50001A001A00BA0504000000F1290800583E33
:10BE60001A001A00EC29140019001700040002003F
:10BE7000182A190004000100182A190012001900DC
:10BE800009003E3E170017000B00000004E47E008E
:10BE90006500720072000400FFFF98180C00620039
:10BEA00061006400200066002D00730074007200C1
:10BEB00069006E0067000B00000004C87E0070007F
:10BEC0006100640004000000DA0518000800863EE6
:10BED00004000100EC29783EDC06600D0900873E75
:10BEE00017000B00000006CA7E007700740079007E
:10BEF00070006500D2020D001A00EC29783E710D29
:10BF00000B00000005E47E00630068006100720021
:10BF1000180004000001BA050800A53E0B0004004B
:10BF200000015E06190017000B0000000AE47E0005
:10BF30006E006500780074002D00630068006100E9
:10BF40007200190004000100182A19000400010001
:10BF5000EC290B00000006DC7E006E007A006C000D
:10BF600065006E0018000800DD3E1A000F009E3EBE
:10BF70000800D43E040001000900D63E0400000081
:10BF80001400B73EC83E1200182A0900E03E8D0595
:10BF9000040000000B00000006F47E006100700049
:10BFA00070006E007A0018000800FA3E1A000F00B8
:10BFB0009E3E76050800F53E600D0900F63E17002E
:10BFC000B73EE93E0900FB3E8D050B00000009F479
:10BFD0007E00770074007900700065002D006E000F
:10BFE0007A00DF29C83ED2020D001900EC29783E04
:10BFF000E93E0B00000005E47E0078007300740049
:10C00000720087020D001400C40872089208AA0882
:10C01000120087020C000B00000008E67E00700092
:10C02000640069006700690074007300180008006C
:10C03000383F04000100EC291400890812002C3F4D
:10C040000900393F17000B00000005E47E00700076
:10C0500073007400720018001400D3297208DE0205
:10C060000D0018000800503F2C3F04002E007C08F3
:10C070000900513F1700920812009F08AA080B0000
:10C08000000005C87E006F00750074006400DE02C9
:10C090000D001B000800663FB608073F0900683F17
:10C0A000413F073F0B00000005EA7E006F0075006E
:10C0B00074007500DE020D001B0008007B3F720853
:10C0C0009208AA08073F09007C3F613E0B00000070
:10C0D00005F07E006F00750074007800DE020D0030
:10C0E0001B0008008D3F173F073F09008E3F613E50
:10C0F0000B00000005C67E006F0075007400630031
:10C10000DE020D001B000800A43FD2020D00040057
:10C110000100EC29783E600D0900A53F613E0B004F
:10C12000000005E67E006F00750074007300DE02FB
:10C130000D001B000800B53F903E0900B63F613E70
:10C140000B00000006607E0070006F007700310079
:10C15000300018000800CB3F04000100EC29BF3F6D
:10C1600004000A0086060900CE3F17000400010003
:10C170000B00000005C27E006F00750074006100B6
:10C18000DE020D001B000800DF3F04000000DE029D
:10C190000C00DE020D000800E93FDE020D00BF3F8B
:10C1A000203B0900EA3FFD3A5D3F0B0000000380A1
:10C1B0007E0063004000BA020D000F000B0000007B
:10C1C0000DE67E00770069006400740068002D00B1
:10C1D0006400690001007B280000000000000000EE
:10C1E0007FF97FFE0200030057123B1203002C135D
:10C1F000EF2777100A000A0000000000000000008E
:10C20000000000000000000000000000000080FAB4
:10C21000000000000000000000000000000000001E
:10C22000000000000000000000000000000000000E
:10C23000000000000000000000000000E2FE00001E
:10C2400000000000000000000000000000000000EE
:10C250000000000000000000008080F500FA20517E
:10C2600000000000000000000000000000000000CE
:10C2700000000000000000000000000000000000BE
:10C2800000000000000000000000000000000000AE
:10C290000000000000000000000000000000B628C0
:10C2A0000000A6089F187B0D00006316FB0E00001F
:10C2B000D03A152AC429E9292B27E2294F295B29DD
:10C2C000D92900000000000000000000000000006C
:10C2D000232A1A2A072AEE290E2AA028BB28ED3D78
:10C2E000503DB33D273B0C511442FA30E830EC3A54
:10C2F0000000500BE33B7A29205126295C23A03A09
:10C30000883B333E0E1DC43AE3271131BC3DC63D88
:10C31000B029C716030F5B160F12B62500004F1287
:10C3200000000000D225000000000000EB27000004
:10C33000000035120000000000000000800E000028
:10C340000000B108A7280000000000000000000065
:10C3500000000000000000000D420000000000008E
:10C3600000000000000000000000000000000000CD
:10C3700000000000000000000000000000000000BD
:10C3800000000000000000000000000000000000AD
:10C39000000000000000000000000000000000009D
:10C3A000000000000000000000000000000000008D
:10C3B000000000000000000000000000000000007D
:10C3C000000000000000000000000000000000006D
:10C3D000000000000000000000000000000000005D
:10C3E000000000000000000000000000000000004D
:10C3F000000000000000000000000000000000003D
:10C40000000000000000000000000000000000002C
:10C41000000000000000000000000000000000001C
:10C42000000000000000000000000000000000000C
:10C4300000000000000000000000000000000000FC
:10C4400000000000000000000000000000000000EC
:10C4500000000000000000000000000000000000DC
:10C4600000000000000000000000000000000000CC
:10C4700000000000000000000000000000000000BC
:10C4800000000000000000000000000000000000AC
:10C49000000000000000000000000000000000009C
:10C4A000000000000000000000000000000000008C
:10C4B000000000000000000000000000000000007C
:10C4C000000000000000000000000000000000006C
:10C4D000000000000000000000000000000000005C
:10C4E000000000000000000000000000000000004C
:10C4F000000000000000000000000000000000003C
:10C50000000000000000000000000000000000002B
:10C51000000000000000000000000000000000001B
:10C52000000000000000000000000000000000000B
:10C5300000000000000000000000000000000000FB
:10C5400000000000000000000000000000000000EB
:10C5500000000000000000000000000000000000DB
:10C5600000000000000000000000000000000000CB
:10C5700000000000000000000000000000000000BB
:10C5800000000000000000000000000000000000AB
:10C59000000000000000000000000000000000009B
:10C5A000000000000000000000000000000000008B
:10C5B000000000000000000000000000000000007B
:10C5C000000000000000000000000000000000006B
:10C5D0000000000000000360530050003000040021
:10C5E0000400A4040D00182A0B0000000360520090
:10C5F0005000300004000500A4040D00182A0B00B0
:10C60000000005B227003F004B0045005900040020
:10C610000600A4040D00182A0B00160205A8270026
:10C6200045004D004900540004000700A4040D001B
:10C63000182A0B00230207A82700450058005000C5
:10C6400045004300540004000800A4040D00182A0B
:10C650000B00300204A027005400410050000400E9
:10C660000900A4040D00182A0B003F02059E2700B4
:10C670004500430048004F0004000A00A4040D00D8
:10C68000182A0B004B0207A82700500052004F0049
:10C690004D005000540004000B00A4040D00182AA3
:10C6A0000B00580205A8270042004F004F0054001D
:10C6B00004000C00A4040D00182A0B006702058872
:10C6C0002700460049004E00440004000D00A40469
:10C6D0000D00182A0B000000048A4200410053009C
:10C6E000450004000E00A4040D00182A0B0081026E
:10C6F0000888420041005300450048004F004C00AC
:10C70000440004000F00A4040D00182A0B000000D0
:10C7100043E074006D00700004001000A4040D00DC
:10C72000182A0B00000204B05300540052005800B5
:10C7300004001100A4040D00182A0B00000004C21C
:10C7400025006D007400610004001200A4040D00B7
:10C75000182A0B00B40204EA25006D00740075006D
:10C7600004001300A4040D00182A0B00C00204EEFC
:10C7700025006D007400770004001400A4040D006F
:10C78000182A0B00CC0204E025006D007400700034
:10C7900004001500A4040D00182A0B00D80204CCD4
:10C7A00025006D007400660004001600A4040D004E
:10C7B000182A0B00E40204D825006D0074006C00F8
:10C7C00004001700A4040D00182A0B00A802049C02
:10C7D0005300500041004E0004001800A4040D0056
:10C7E000182A0B000000039C3E0049004E00040084
:10C7F0001900A4040D00182A0B0000000484230073
:10C8000054004900420004001A00A4040D00182A34
:10C810000B00000003A043005300500004001C0064
:10C82000A4040D00182A0B00FC02058A53005400D2
:10C8300041005400450004001D00A4040D00182A06
:10C840000B000000038848004C00440004001E0058
:10C85000A4040D00182A0B00370307A44800410068
:10C860004E0044004C004500520004001F00A40488
:10C870000D00182A0B000000098845004B004500F8
:10C8800059002D00480045004100440004002000EC
:10C89000A4040D00182A0B000000099845004B0065
:10C8A000450059002D005400410049004C0004008F
:10C8B0002100A4040D00182A0B0000000886460081
:10C8C0004F0052005400480056004F00430004003F
:10C8D0003200A4040D00182A0B001F0307A8430010
:10C8E0004F004E005400450058005400040035002D
:10C8F000A4040D00182A0B00830307A84300550069
:10C900005200520045004E00540004003E00A404B2
:10C910000D00182A0B00920302A0430050000400EF
:10C920004000A4040D00182A0B000000068C5400DF
:10C930004F004B0042005500460004004100A40493
:10C940000D00182A0B00000002A04C00500004004B
:10C950004200A4040D00182A0B00B90304A84C00DF
:10C9600041005300540004004300A4040D00182AA1
:10C970000B0073030A9C460049004E0044005F0010
:10C9800054004F004B0045004E0004004400A40436
:10C990000D00182A0B00CF0309A4460049004E00E1
:10C9A00044005F004300480041005200040045007D
:10C9B000A4040D00182A0B00E10308B0460049004A
:10C9C0004E0044005F004C00450058000400460043
:10C9D000A4040D00182A0B00F2030C8A460049003B
:10C9E0004E0044005F0050005200490056004100D4
:10C9F0005400450004004700A4040D00182A0B0051
:10CA000002040AA6460049004E0044005F0053009D
:10CA1000540041005400530004004800A4040D00D9
:10CA2000182A0B0016040BA6460049004E004400CD
:10CA30005F005600490053004900540053000400B1
:10CA40004900A4040D00182A0B0028040AA6460079
:10CA500049004E0044005F00460055004C004C0069
:10CA6000530004004A00A4040D00182A0B003B04E4
:10CA700008A8460049004E0044005F0048004900F5
:10CA8000540004004B00A4040D00182A0B00000001
:10CA900009A649004D0047002D00430045004C0009
:10CAA0004C00530004004C00A4040D00182A0B0095
:10CAB0005D0404AE49004D004700570004004D00DE
:10CAC000A4040D00182A0B004D040BA846004900D1
:10CAD0004E0044005F004200550043004B004500FB
:10CAE000540004004E00A4040D00182A0B008D020F
:10CAF0000B884200550043004B00450054005F0086
:10CB0000480045004100440004004F00A4040D000B
:10CB1000182A0B00000002A055005000060080FEFD
:10CB2000000046A464006F00550053004500520009
:10CB300012000D00A4040D00182A0B0000000D8A3D
:10CB40004D004F00440055004C0045005F0041007F
:10CB50004300540049005600450004005000A4045E
:10CB60000D00182A0B0000000D884D004F004400F6
:10CB700055004C0045005F004600410049004C0054
:10CB80004500440004005100A4040D00182A0B00C5
:10CB900000000BA84D004F00440055004C0045001C
:10CBA0005F004C0041005300540004005200A404F4
:10CBB0000D00182A0B00000009A04D004F00440092
:10CBC00055004C0045005F00430050000400530036
:10CBD000A4040D00182A0B0000000F864D004F0022
:10CBE000440055004C0045005F0046004F005200D5
:10CBF0005400480056004F00430004005400A404B1
:10CC00000D00182A0B0000000EA84D004F00440034
:10CC100055004C0045005F0043004F004E0054009B
:10CC200045005800540004005700A4040D00182AC1
:10CC30000B0000000EA84D004F00440055004C00B2
:10CC400045005F00430055005200520045004E0071
:10CC5000540004006000A4040D00182A0B0000001A
:10CC6000458664006F0056004F00430012000D001F
:10CC7000C90F8C03C1060C007D038C03C106C106DD
:10CC80000C00040000008C03C106C106C1060C00A4
:10CC90008C03C1068C030C000B007A04059046003F
:10CCA0004F005200540048007D0318008C030C0014
:10CCB00017000B00000004A03F0044005500500086
:10CCC000180008007B0518000B000B000B0203A8DE
:10CCD00052004F00540014001900120019000B00FC
:10CCE000000005A03200440052004F005000170021
:10CCF00017000B000000078A44004E004500470063
:10CD00004100540045000400FFFF1E001400040011
:10CD1000FFFF1E00040001001F0012001F0017008B
:10CD20000B009005025644002B001400190014005B
:10CD30001F00120012001F0017001F0017000B0039
:10CD4000A004027855003C001A001A001E001B00C7
:10CD50000800C405190017001B000B00EC291B007C
:10CD60000B00000001783C00DF291E001B000800BA
:10CD7000D20517001B000B00EC291B000B00000064
:10CD800003B04D0041005800DF29CA050800DF0547
:10CD9000190017000B00D505039C4D0049004E00FB
:10CDA000DF291900CA050800EC05190017000B005F
:10CDB0000000069C570049005400480049004E00FE
:10CDC0001A00EC291400EC291200BA050B00B60574
:10CDD000068855004D002F004D004F004400DF290C
:10CDE000BA050800310637000400F0FF14001400F3
:10CDF00018001F001400140018001F001200182A49
:10CE0000180012001300190014001F0012001D006A
:10CE1000080028061400170004000100182A120058
:10CE2000090029061700120007000D06120017005E
:10CE3000170019000B0017008D050400FFFF1800F4
:10CE40000B00E10505884D002F004D004F00440008
:10CE500018001B00180014000800480637001400D2
:10CE600099051200140018001B0008004F0613005B
:10CE7000182A12000506120008005706190037008C
:10CE800019000B00000004882F004D004F004400E3
:10CE90001A001B0019003E060B00370603884D00E0
:10CEA0004F0044005E0617000B00FD0503545500BB
:10CEB0004D002A00330034003400340034003400C4
:10CEC00034003400340034003400340034003400C2
:10CED00034003400340019000B00000001542A0013
:10CEE000700617000B00630602544D002A00DF296C
:10CEF0001E001B001400D3291900D329700612004C
:10CF00000800990699050B00830605882A002F0062
:10CF10004D004F00440014008D0612003E060B0029
:10CF20009A06025E2A002F00A106190017000B00C6
:10CF3000A103055A430045004C004C002D0004009D
:10CF4000FFFF1F0017000B00AE060556430045000B
:10CF50004C004C002B00040001001F0017000B00C8
:10CF6000BA0605A6430045004C004C0053000B00D8
:10CF70000000078841004C00490047004E00450072
:10CF800044000B008D04029842004C000400200075
:10CF90000B00080305A43E00430048004100520076
:10CFA00004007F001C00180004007F00DC06F6056A
:10CFB0000800F306170004005F000B00A7050590AA
:10CFC0004400450050005400480005020D001500C3
:10CFD000EC2904000100EC290B000000049650002D
:10CFE000490043004B0004000100182ACD0615003B
:10CFF000182A0D000B00000002422B00210019002E
:10D000001A000D001F00170019000C000B00860508
:10D0100002423200210019001A000C000400010035
:10D020001F0017000C000B001D070280320040009B
:10D030001800040001001F0017000D0019000D006A
:10D040000B00C60605A843004F0055004E005400D3
:10D050001800040001001F00170019000F000B004A
:10D060004203048A4800450052004500A5030D0014
:10D070000B00030703885000410044004C070400E4
:10D080005000182A0B00AB030384540049004200EF
:10D090001903C1060D000B000000078C4C0049006D
:10D0A0004E004500420055004600040000FA0B0007
:10D0B00000004AA84C0049004E0045002D005200D7
:10D0C0004500530045005400040000FABD030C0065
:10D0D0000B00000045584C0049004E0045002C0054
:10D0E000BD030D001800C106BD030C000C000B00B1
:10D0F000000048A84C0049004E0045002D004C009F
:10D100004900540004000400860786070B00000055
:10D11000489C4C0049004E0045002D00520055002F
:10D120004E0004000B008607040000FA14000B00F8
:10D13000000046A8520055004E002D005800540033
:10D140007A078607A707000048884C0049004E0070
:10D1500045002D0045004E00440004002C138607B6
:10D1600004000B008607040000FA14000B003707C8
:10D17000058A43004D004F00560045000900E707AF
:10D1800014001A000F001A000E0004000100182AF3
:10D19000190004000100182A190012000400FFFF02
:10D1A000182A18000800EC070900D60717008D059B
:10D1B0000B0063050498460049004C004C00190020
:10D1C00037001400190009000008DF290E000400D0
:10D1D0000100182A0700FB07120017008D050B003D
:10D1E0000000098E2D0054005200410049004C00FF
:10D1F00049004E0047003700140009002208DC06F1
:10D200001A001300182A0F00CA050800220812008D
:10D2100004000100182A0B0007001508120017006F
:10D22000040000000B004F07054850004100430078
:10D230004B002400D706180014001A001800040040
:10D2400000000400010005061700EC291A00182A46
:10D250000400000019000C00DF290E00040001008A
:10D26000182A1900D40712000B00F40605A8440080
:10D270004900470049005400040009001A00CA058B
:10D28000040007001C00182A04003000182A0B00B4
:10D29000000007A845005800540052004100430018
:10D2A00054000400000019000506190052080B0084
:10D2B000C70502463C00230054073C030C000B004A
:10D2C0004607048848004F004C0044003C030D0012
:10D2D00004000100EC2918003C030C000E000B00B8
:10D2E00013030146230087020D0067087C080B002A
:10D2F000860802A623005300890818000800980831
:10D30000090092080B002A03049C530049004700BF
:10D310004E001B000800A50804002D007C080B002F
:10D320008E08027C23003E0017003C030D005407CA
:10D330001A00EC290B00000003E473007400720073
:10D3400018001400D3297208920812009F08AA0836
:10D350000B00760803B04800450058000400100098
:10D3600087020C000B004B0807984400450043005F
:10D3700049004D0041004C0004000A0087020C00E7
:10D380000B00DF06058A3E004200410053004500C5
:10D3900087020D0097020C000B00D806057C4200A6
:10D3A0004100530045003E0097020D0087020C002B
:10D3B0000B00000002A42E0052001400B608120058
:10D3C0001A00EC29AA0BB30B0B006B0603A4550043
:10D3D0002E005200140072089208AA0812001A00C7
:10D3E000EC29AA0BB30B0B00FB08025C55002E00C6
:10D3F00072089208AA08850BB30B0B00EF08015CBA
:10D400002E0087020D0004000A001E0008002009FB
:10D410000E090B00B608850BB30B0B007005017EDF
:10D420003F000D0017090B00C908067E44004900A3
:10D430004700490054003F00140004003000EC296C
:10D44000040009001A00CA05080044090400070086
:10D45000EC29180004000A00CA051D00180012007B
:10D46000BA050B000000077E4E0055004D0042003B
:10D47000450052003F0087020D00140018003E07CF
:10D480001A000F0004002400F12908006609C408EE
:10D49000190004000100182A190004000100EC29F9
:10D4A0001A000F0004002D00F1291800A2020C0040
:10D4B00008007809190004000100182A1900040066
:10D4C0000100EC2918000800F90987020D0004008A
:10D4D00010001E000800A40987020D0004000A00C5
:10D4E0001E000800BB0937001400040000001A00E9
:10D4F0000F0087020D0032090800E50919008702B4
:10D500000D008606182A190004000100182A1900C7
:10D5100007008D09120017000900D6093700140012
:10D52000040000001A000F008C0D0800E509190026
:10D530002000182A190004000100182A1900070009
:10D54000A809120017000900D609370014000400CA
:10D5500000001A000F001800DF0B0800EF0904009C
:10D560003000EC29190004000A008606182A190068
:10D5700004000100182A19000700BF091200170053
:10D580001900170019001700A2020D000800DF099A
:10D5900037000400FFFF120087020C000B00170089
:10D5A000120017008D0504000000120087020C0015
:10D5B0000B001700120017008D0504000000120078
:10D5C00087020C000B001700170004000000120077
:10D5D00087020C000B00240904B23F004B004500F9
:10D5E000590002000B00000003B24B004500590037
:10D5F000070A08000E0A0B000000088C45004B00CB
:10D60000450059002D00420055004600040022004C
:10D61000182AA4040D00182A0B00010A05B23F00C5
:10D6200045004B00450059005C030D006D030D00E3
:10D63000F1290800340A040000000B006D030D00FE
:10D6400018001C0A0D00190004000100182A04002B
:10D650000F001C006D030C000400FFFF0B005E08B0
:10D6600004B245004B00450059002A0A08004B0A45
:10D670000B00090A06A04B00450059005F00550049
:10D680005000040001000B004F0A089C4B004500AD
:10D6900059005F0044004F0057004E000400020094
:10D6A0000B005A0A08A84B00450059005F004C00C7
:10D6B000450046005400040003000B00670A09A857
:10D6C0004B00450059005F005200490047004800E8
:10D6D0005400040004000B00740A088A4B00450043
:10D6E00059005F0048004F004D0045000400050050
:10D6F0000B00820A07884B00450059005F00450077
:10D700004E004400040006000B008F0A08A04B00E6
:10D71000450059005F0050004700550050000400CC
:10D7200007000B009B0A089C4B00450059005F0056
:10D730005000470044004E00040008000B00A80AF7
:10D7400007A64B00450059005F0049004E005300FA
:10D75000040009000B00B50A07984B00450059006A
:10D760005F00440045004C0004000A000B00C10AA1
:10D770000D8A4B00450059005F0042004100430004
:10D780004B005300500041004300450004000B00D3
:10D790000B00CD0A09A44B00450059005F0045006D
:10D7A0004E0054004500520004000C000B00DF0A3C
:10D7B00006624B00450059005F004600310004003E
:10D7C00011000B00ED0A06644B00450059005F0094
:10D7D00046003200040012000B00F80A06664B00F7
:10D7E000450059005F0046003300040013000B00A1
:10D7F000030B06684B00450059005F0046003400EB
:10D80000040014000B000E0B066A4B004500590083
:10D810005F0046003500040015000B00190B066C74
:10D820004B00450059005F0046003600040016001A
:10D830000B00240B066E4B00450059005F004600AC
:10D840003700040017000B002F0B06704B0045003B
:10D8500059005F0046003800040018000B003A0B26
:10D8600006724B00450059005F0046003900040075
:10D8700019000B00450B07604B00450059005F0085
:10D8800046003100300004001A000B00450A04A8CD
:10D8900045004D004900540003000B004809047E78
:10D8A0004E00550046003F00070A18000800730BA1
:10D8B0008D050E0A04000D00F1290B002908048AC9
:10D8C000500041004300450004000B00620B0B00B8
:10D8D0009908058A53005000410043004500DC06CA
:10D8E000620B0B00CD0705A6430048004100520023
:10D8F0005300190004000000DA0504000100182A92
:10D900003700140009009C0B1800620B07009A0BEB
:10D910001200170017000B007E0B06A653005000E4
:10D920004100430045005300DC068F0B0B005907F4
:10D93000048A54005900500045000900C00B19002A
:10D9400018000F00620B04000100182A19000400DF
:10D95000FFFF182A18000800C50B0900B50B8D053C
:10D960000B00880B02A44300520004000D00620B60
:10D9700004000A00620B0B002A090B7E44004900D8
:10D980004700490054002D00430048004100520068
:10D990003F000400300004003A00F6050B00D20BF3
:10D9A000038044003300400018000F0004003000E2
:10D9B000EC2904000A0086061A00C1060F000400C4
:10D9C0003000EC29182A04000A0086061900C10656
:10D9D000C1060F0004003000EC29182A0B00E50BEB
:10D9E000057E44004500430033003F0018000F004F
:10D9F000DF0B1A00C1060F00DF0B1C001A00C10666
:10DA0000C1060F00DF0B1C000800210CEA0B04000C
:10DA10000001BA050B001700040000000B00C70B43
:10DA2000067E430045004C004C0037003F001800C4
:10DA30000F0018000400200004007F00F605190004
:10DA4000040022001E001C000800460C1800C1063D
:10DA50000C0C0800460C04000400182A0C0C0B00E7
:10DA60001700040000000B006E0406A449004D00DE
:10DA700047004500520052000400FFFF98180E00B6
:10DA8000620061006400200069006D0061006700B1
:10DA90006500200064006100740061000B004A0C06
:10DAA000099649004D0047002D00430048004500FD
:10DAB00043004B0004000700E52904000100182A78
:10DAC000370014000900810C18002D0C0800870C89
:10DAD00004000700182A07007A0C1200170017002C
:10DAE0000B00520CCE060AA841004E00530049001C
:10DAF0002D005200450053004500540004001B0057
:10DB0000620B0F0D03005B0030006D000B005C0B1F
:10DB10000A6E45004D00490054002D0043004500A9
:10DB20004C004C00370018000F00140004001B00CC
:10DB3000620B0F0D06005B00330038003B00350020
:10DB40003B00C106180004000300B30B0F0D0600D4
:10DB50003B00340038003B0035003B00040003006C
:10DB6000182A180004000300B30B04006D00620BB8
:10DB70001200620B04000300182A0B009D0C096EB2
:10DB800045004D00490054002D0052004F00570041
:10DB9000370004000100182A370014000900E70CC0
:10DBA000A90C0700E60C120017000B000000434808
:10DBB00064006F0024001200130012003E07182AB0
:10DBC000D7061400190014000B00000043F82400CD
:10DBD00022007C00F10C0B00000043F853002200EF
:10DBE0007C00F10C3E070B00000043F82E002200E1
:10DBF0007C00F10C3E07B30B0B00F00204EC250097
:10DC00006100640076001800BA0215073700C602EA
:10DC100015070B00130D04E4250063006C0072006F
:10DC200004000000F6020C000B00200D04C82500C3
:10DC300065006E006400040080F7F6020D00182AEB
:10DC40000B002B0D05DA250072006F006F006D00D0
:10DC5000F6020D00182A04000102BA050800470D5B
:10DC60000B0098180F0066006F0072006D006100D5
:10DC7000740020006F0076006500720066006C0082
:10DC80006F007700B412370D05C6250061007000E3
:10DC900070006300040001003E0D310D0E00040011
:10DCA0000100F60215070B00590D05C4250061009F
:10DCB00070007000620018003E0D1400310D13005A
:10DCC000D4071200F60215070B006A0D04E82500C0
:10DCD000720065007400040080F7F6020D000B006E
:10DCE000BF08047E4800450058003F0004001000B3
:10DCF00032090B00D40C06A4450053004300450034
:10DD0000520052000400FFFF98180E0069006E00D8
:10DD1000760061006C0069006400200065007300FB
:10DD20006300610070006500B4120A09088A55009A
:10DD30004E004500530043004100500045001A00CA
:10DD4000BA020C001800C6020C0017000400000004
:10DD5000F6020C00C6020D0008007D0EBA020D008E
:10DD60000F00180004005C001E000800DB0D1A0004
:10DD7000F6020D00182A0E0004000100F602150735
:10DD800004000100190D0900C00D1700C6020D00A6
:10DD900004000200BA050800E40D980D040001001B
:10DDA000190DBA020D000F00180004006E001E00CD
:10DDB0000800160E1800040072001E0008001E0E57
:10DDC0001800040074001E000800260E180004004D
:10DDD0005C001E0008002E0E1800040022001E0029
:10DDE0000800360E1800040030001E0008003E0E29
:10DDF0001800040078001E000800460E1700980D59
:10DE0000170004000A0004000100190D0900720E39
:10DE1000170004000D0004000100190D0900720E26
:10DE200017000400090004000100190D0900720E1A
:10DE3000170004005C0004000100190D0900720EB7
:10DE400017000400220004000100190D0900720EE1
:10DE500017000400000004000100190D0900720EF3
:10DE60001700C6020D0004000300BA0508004F0E9B
:10DE7000980DBA020D0004000100182A0F008C0D45
:10DE800008006C0E1400BA020D0004000200182AEB
:10DE90000F008C0D08006E0E1200040010008606A4
:10DEA000182A04000300190D0900720E1700980DBE
:10DEB000170012001700980D1A00F6020D00182A1C
:10DEC0000E0004000100F60215070900C00DF6025D
:10DED0000D000B00000005CA7000610072007300A5
:10DEE0006500A2020C001A00140018000800D80EE9
:10DEF00004000100EC29A2020D00DC06F129080053
:10DF0000AF0E37001400DC061A000F00EC291B00CE
:10DF100035000800AE0E04000100182A0700990E13
:10DF200012001700120017000400000018000B0078
:10DF300012001A0019001400A2020D001A000F00AE
:10DF4000EC29A2020D00DC06F1290800BE0E1B0020
:10DF50000800CB0E04000100182A0700B20E1200C0
:10DF60001700180014000900D20E12001700180044
:10DF700004000100182A14001A00EC2912001200F3
:10DF8000EC290B001A001200EC290B00740B058A17
:10DF90005000410052005300450014005E070D037D
:10DFA0000D00182A19030D000D030D00EC291200B5
:10DFB000870E0D0315070B00140982502E00280050
:10DFC00004002900E30EB30B0B0000008150280071
:10DFD00004002900E30E8D050B00000081B85C00F1
:10DFE00019030D000D030C000B00250C04A44300C5
:10DFF000480041005200DC06E30E17000F000B0042
:10E00000AD0B059C54004F004B0045004E000D0326
:10E010000D0019030D00BA050800450F5E0719032E
:10E020000D00182ADC0619000E005E070D030D0016
:10E03000182A19030D000D030D00EC29040001003E
:10E04000182ADC06870E0D03150704001F00E605DD
:10E05000B3030D001A00EC29B50630080B00B2130B
:10E060000B00EE05048857004F0052004400E30EF9
:10E070004C0730080B0000004BB043004F00550028
:10E080004E005400450044003E004C00450058003E
:10E0900018000F0004001F001C0018000800710F7A
:10E0A000140018001300182A0F002200190017008E
:10E0B00012001D000B008D05040000000B00640B16
:10E0C000057C4E0041004D0045003E00C106180091
:10E0D0000D0004001F001C00182AC1060B000000E0
:10E0E00047A83E004200550043004B004500540045
:10E0F0001A000400200004007F00F60508009C0FB1
:10E10000190004002000EC29182A0B008D050400DA
:10E1100000000B0000004982480045004100440017
:10E12000450052003E004E004100C1060B000000B9
:10E1300049A44E0041003E00480045004100440013
:10E1400045005200B5060B0000004DA656004F00DA
:10E150004300410042003E004200550043004B0096
:10E160004500540053000D000B00A20B057E530028
:10E1700041004D0045003F0018000800EB0F14005F
:10E18000DF290F0019000F00EC2976050800E10FC8
:10E19000120017000B001900C1061900C106120079
:10E1A0000400FFFF182A0900D20F17000400000026
:10E1B0000B008906067E4D004100540043004800D4
:10E1C0003F00180008001D101400DF290F0019007F
:10E1D0000F001E00760508000A1012001700170035
:10E1E0008D05040000000B001900C1061900C106CE
:10E1F00012000400FFFF182A18000800181014006D
:10E200000900FB0F17008D050400FFFF0B0017002E
:10E210008D050400FFFF0B00EF07079C4600490037
:10E220004E0044002D004F004E000400FFFF22046A
:10E230000C000B002210088C460049004E004400E0
:10E240002D004F00460046000400000022040C0090
:10E250000B00F20E05882E00460049004E004400D7
:10E260000F0D08002000760069007300690074003B
:10E2700073003D0035040D0017090F0D0600200046
:10E28000660075006C006C003D0047040D00170926
:10E290000F0D050020006800690074003D00570460
:10E2A0000D0017090B0000004C8A460049004E0083
:10E2B00044002D00520055004E00540049004D000E
:10E2C000450019001800DB030C0018005E0FFC036A
:10E2D0000C001800C1060F00EC030C00170018001A
:10E2E000C90F9B030D00C90F1E0008009310040006
:10E2F000000010040C000900971031030D001004F9
:10E300000C001800C90F87040C0087040D000800DA
:10E31000F510EC030D0087040D008E0F18000800A7
:10E32000F4100D0018000800F4109A040C009A0470
:10E330000D00AB0F18000D001800A2020C00040025
:10E3400000011C000800BE1010040D000800E910B8
:10E35000A2020D0004001FFE1C00FC030D001E00A5
:10E360000800D51017009A040D000D0018000800D1
:10E37000D3109A040C000900AD100900F410DB035F
:10E380000D00C1061A00C106FC030D0004001F00A9
:10E390001C00F70F0800E910140017009A040D0084
:10E3A0007C0F12000B0017009A040D000D001800DE
:10E3B0000800F4109A040C000900AD1017001700B3
:10E3C000DB030D00040000000B0000004A8E460035
:10E3D00049004E0044002D00440045004200550015
:10E3E000470019001800DB030C0018005E0FFC0347
:10E3F0000C001800C1060F00EC030C0017002204EB
:10E400000D00080025110400000035040C00040074
:10E41000000047040C000400000057040C00180022
:10E42000C90F9B030D00C90F1E0008003311040023
:10E43000000010040C000900371131030D00100416
:10E440000C001800C90F87040C0087040D00080099
:10E45000AD11EC030D0087040D008E0F18000800AD
:10E46000AC110D0018000800AC119A040C00220435
:10E470000D000800551104000100350415079A0429
:10E480000D00AB0F18000D001800A2020C000400D4
:10E4900000011C000800661110040D000800A11105
:10E4A000A2020D0004001FFE1C00FC030D001E0054
:10E4B00008007D1117009A040D000D0018000800D7
:10E4C0007B119A040C0009004D110900AC112204C3
:10E4D0000D00080085110400010047041507DB0347
:10E4E0000D00C1061A00C106FC030D0004001F0048
:10E4F0001C00F70F0800A11122040D0008009A115A
:10E5000035040D0057040C00140017009A040D0088
:10E510007C0F12000B0017009A040D000D0018006C
:10E520000800AC119A040C0009004D1117001700E7
:10E53000DB030D00040000000B00000044C866006F
:10E5400069006E0064007B020D0014000B000000E7
:10E5500049A6460049004E0044002D0056004F00D9
:10E560004300530018000800DD11140018001300C8
:10E57000B91176050800D7118105170012001700A0
:10E580000B0017001200C1060D000900C81117008A
:10E59000040000000B000000457E4E0041004D00CD
:10E5A00045003F008C030D00C8110B00DC0E0C88E9
:10E5B000500052004F00460049004C0045002D001D
:10E5C000460049004E004400040007117B020C0085
:10E5D0002B101D0FE8117605080007128D050900A4
:10E5E0000812170046103A10040077107B020C0046
:10E5F0000B00000002905E00480014001A00120098
:10E6000019001A001E000800271204000800620BFF
:10E6100004000100EC2904002000620B0400080043
:10E62000620B0B00160F03A05400410050001800AD
:10E63000620B1A000E0004000100182A0B000000F3
:10E6400004A06B00540041005000180004000D00AD
:10E650001E0008004A12040008001E0008004812AC
:10E660002D120B0013120B001700190017001800D1
:10E670000B00000006E861006300630065007000A5
:10E6800074001A00182A1A00DF291E0008006C12F4
:10E690000E0A1800DC0604007F00F6050800691267
:10E6A0002D1209006A123B1209005A1217001A00B3
:10E6B000EC290B00900D06A84500580050004500BD
:10E6C00043005400571202030C0017000B00000017
:10E6D00005B2510055004500520059005E07040084
:10E6E0000004781202030D0019030C00040000005E
:10E6F0000D030C000B000B0F05904300410054006C
:10E7000043004800150014004B030D0014001100D5
:10E710004B030C000400A512140014000B0012009F
:10E720004B030C0012001700040000000B0028121D
:10E7300005AE5400480052004F0057004B030D0037
:10E74000100012004B030C001200190014001600F8
:10E75000170012000B00000048883F004E005500D3
:10E760004D0048004500410044001800C1060D005E
:10E77000180014000400300004003A00F6051300ED
:10E7800004002D00F1291D00130004002B00F129C5
:10E790001D00130004002400F1291D0087020D0054
:10E7A000040010001E000800EE12120017000B00FB
:10E7B00013008C0D190017001D00120017000B002C
:10E7C00000000AA8240049004E00540045005200F1
:10E7D0005000520045005400CB12080009135109A3
:10E7E000080009130B00E8117605080022130D003C
:10E7F000040040001C0098180D00200063006F000A
:10E800006D00700069006C00650020006F006E00F4
:10E810006C00790014000B005109080026130B004E
:10E82000B4123F1003962E004F004B0031030D0031
:10E8300008003213090037130F0D030020006F008A
:10E840006B00CB0B0B00230A06963F0053005400CD
:10E85000410043004B00FB061B0098180A002000F3
:10E8600075006E0064006500720066006C006F0049
:10E8700077000B00701204984500560041004C00D0
:10E880001D0F18000F000800671331030D0008006A
:10E8900062139222090056137A07CE22A7070900B5
:10E8A000561317002C130B00EC1106A85000520051
:10E8B0004500530045005400040080FA1903C106C6
:10E8C0000C007A070B00000043DE780069006F003F
:10E8D0000400571239022107520221070B003010A1
:10E8E000048A460049004C00450004007A0B0400ED
:10E8F000170004003B127E130B00860D04884800AD
:10E9000041004E00440004002C130400620B04007C
:10E910003B127E130B000000039E49002F004F00A6
:10E920000400A9130B0002000300000005484E007C
:10E9300055004C004C002400060000009112078A8C
:10E9400043004F004E0053004F004C004500A613FB
:10E950002E071D02210799130B007C05039E520010
:10E960002F004F00040001000B00470F039E5700CB
:10E970002F004F00040002000B00C31303AE52002F
:10E980002F005700040003000B000000098A4F000D
:10E99000500045004E002D00460049004C00450047
:10E9A00028000B00B4130B8A4300520045004100BD
:10E9B000540045002D00460049004C004500290048
:10E9C0000B00E8130A8A43004C004F005300450037
:10E9D0002D00460049004C0045002A000B00D313CF
:10E9E000098A52004500410044002D004C004900B6
:10E9F0004E0045002B000B00CB130A8A5700520033
:10EA00004900540045002D004C0049004E004500CF
:10EA10002C000B0085130D9C460049004C0045005E
:10EA20002D0050004F0053004900540049004F0092
:10EA30004E002E000B0005140F8A520045005000B6
:10EA40004F0053004900540049004F004E002D0074
:10EA5000460049004C0045002D000B002014098A97
:10EA6000460049004C0045002D00530049005A0063
:10EA700045002F000B0044140A8A46004C00550044
:10EA8000530048002D00460049004C00450030006E
:10EA90000B00050C0B8A440045004C004500540057
:10EAA00045002D00460049004C00450031000B0098
:10EAB00031140B8A520045004E0041004D004500C4
:10EAC0002D00460049004C00450032000B00650C4B
:10EAD0000C8A49004E0043004C005500440045009C
:10EAE0002D00460049004C00450017000400FFFFC0
:10EAF0000B007D14088849004E0043004C0055006F
:10EB00004400450044008D050400FFFF0B00000099
:10EB10004B8A4D004F00440055004C0045002D002D
:10EB20005300410056004500C9030D00EB040C00E2
:10EB3000A5030D00FC040C007D030D0013050C0063
:10EB40007D03C1060D001305C1060C007D03C1063F
:10EB5000C1060D001305C106C1060C008C030D0093
:10EB600029050C008C03C1060D002905C1060C0007
:10EB70008C03C106C1060D002905C106C1060C00A3
:10EB80008C03C106C106C1060D002905C106C106D8
:10EB9000C1060C008C03C106C106C106C1060D00EA
:10EBA0002905C106C106C106C1060C008C03C106B9
:10EBB000C106C106C106C1060D002905C106C10670
:10EBC000C106C106C1060C008C03C106C106C10600
:10EBD000C106C106C1060D002905C106C106C10650
:10EBE000C106C106C1060C008C03C106C106C106E0
:10EBF000C106C106C106C1060D002905C106C10630
:10EC0000C106C106C106C106C1060C008C03C106BF
:10EC1000C106C106C106C106C106C106C1060D0076
:10EC20002905C106C106C106C106C106C106C10645
:10EC3000C1060C009B030D003F050C009B03C106A1
:10EC40000D003F05C1060C000B00000054A44D0050
:10EC50004F00440055004C0045002D005200450077
:10EC6000530054004F00520045002D004F00520049
:10EC700044004500520029050D008C030C002905B5
:10EC8000C1060D008C03C1060C002905C106C10692
:10EC90000D008C03C106C1060C002905C106C10682
:10ECA000C1060D008C03C106C106C1060C00290572
:10ECB000C106C106C106C1060D008C03C106C1060E
:10ECC000C106C1060C002905C106C106C106C10660
:10ECD000C1060D008C03C106C106C106C106C106EE
:10ECE0000C002905C106C106C106C106C106C10640
:10ECF0000D008C03C106C106C106C106C106C106CE
:10ED00000C002905C106C106C106C106C106C1061F
:10ED1000C1060D008C03C106C106C106C106C106AD
:10ED2000C106C1060C002905C106C106C106C106FF
:10ED3000C106C106C106C1060D008C03C106C1068D
:10ED4000C106C106C106C106C106C1060C003F05C9
:10ED50000D009B030C003F05C1060D009B03C1067F
:10ED60000C000B0000004CA44D004F004400550067
:10ED70004C0045002D0043004C004500410052006E
:10ED800004000000C3040C0004000000D8040C00C0
:10ED90000B0000004F964D004F00440055004C0002
:10EDA00045002D0052004F004C004C004200410035
:10EDB00043004B0013050D007D030C001305C10635
:10EDC0000D007D03C1060C001305C106C1060D0030
:10EDD0007D03C106C1060C005115EB040D00C903EB
:10EDE0000C00FC040D00A5030C00FC040D005918D8
:10EDF00004000000C3040C000400FFFFD8040C0052
:10EE00000B007D1204A85100550049005400100267
:10EE10000D001000561610020D0010008412D804C8
:10EE20000D0008002C16A7250900501604005613E3
:10EE3000981276050800211661020D001900BD1315
:10EE4000B2131A001E0008004316850B3E07B30BD1
:10EE50000F0D030020003F002000C3040D00080038
:10EE60004816F01504002C131E000800501604006C
:10EE70001B00620B721309002016000081B65B00B4
:10EE80000400000031030C000B00000001BA5D001B
:10EE90000400010031030C000B007402014E270036
:10EEA0001D0FE81108006C1617000B00B4120000CB
:10EEB00007A85F0064006F004E0045005800540032
:10EEC000040007000B006D1608D05F003F006200D1
:10EED000720061006E0063006800040008000B000F
:10EEE000791607D05F006200720061006E00630057
:10EEF0006800040009000B00880C05A841004C00C4
:10EF00004C004F005400A50315070B00531689BA97
:10EF10005B0043004F004D00500049004C0045008D
:10EF20005D006616C7290B00F713478A43004F00A0
:10EF30004D00500049004C004500120018000D0023
:10EF4000C729C10614000B00C30387984C00490071
:10EF500054004500520041004C00B3160400C7297C
:10EF60000B009C1686BA5B0043004800410052002B
:10EF70005D00110FC3160B00F612034424002C0091
:10EF80002200040022004D0F3E07182AD706A503D1
:10EF90000C000B00501305444500530043002C00A7
:10EFA00022004C0730083E07182AD706A5030C009C
:10EFB0000B006E14878A5200450043005500520032
:10EFC00053004500C9030D007C0FC7290B00E3085F
:10EFD000859C42004500470049004E004C070B004D
:10EFE000511483A446004F005200B3163700B316E5
:10EFF00014004C070B00750F84A84E004500580004
:10F000005400B3160700C729B3161200B316170031
:10F010000B00AB0D859855004E00540049004C0084
:10F0200004000800C729C7290B009216859C4100DF
:10F030004700410049004E0004000900C729C729C4
:10F040000B008F14828C4900460004000800C72979
:10F050004C0704000000C7290B002B1785884100CE
:10F06000480045004100440004000900C7294C073E
:10F0700004000000C7290B00EF1686A852004500C7
:10F08000500045004100540032174C0719000C0095
:10F090000B00AD12849C5400480045004E004C0704
:10F0A00019000C000B00431783A8410046005400D0
:10F0B00017004A17041719000B00E016848A450050
:10F0C0004C00530045004A17190065170B00121435
:10F0D000858A5700480049004C0045003B1719003D
:10F0E0000B000000528A43004C00450041005200D2
:10F0F0002D004200550043004B00450054002D00F8
:10F100005400410042004C00450004005F003700FD
:10F110001400040000001A000C00C10607009F172D
:10F120001200170017000B000000518A43004F0027
:10F13000500059002D004200550043004B0045008F
:10F1400054002D005400410042004C00450087044B
:10F150000C00A2020C0004005F0037001400A202A1
:10F160000D000D0087040D000C00A2020D00C10669
:10F17000A2020C0087040D00C10687040C000700E2
:10F18000C517120017000B000000538A52004500FB
:10F19000570049004E0044002D0042005500430036
:10F1A0004B00450054002D005400410042004C002B
:10F1B00045001900A2020C0087040C0004005F0047
:10F1C0003700140087040D000D009A040C009A0407
:10F1D0000D001800080017181800A2020D00BA054B
:10F1E0000800121887040D000C0087040D00C106EA
:10F1F00087040C00090022180D009A040C00090075
:10F20000FD1717000400000087040D000C008704A0
:10F210000D00C10687040C000700F8171200170044
:10F220000B00000054A652004500570049004E0054
:10F2300044002D0056004F004300410042002D00C5
:10F240004200550043004B00450054005300C90FD5
:10F25000760508004318EF170B0017000B0000009D
:10F2600052A652004500570049004E0044002D00B0
:10F2700041004C004C002D004200550043004B0063
:10F280004500540053007D031800080064181A005C
:10F290001A003D18C1060D0009005A188D050B0013
:10F2A000000052A649004E00490054002D004600BF
:10F2B0004F005200540048002D004200550043000A
:10F2C0004B00450054005300040064000400E2FEBB
:10F2D000BD170400E2FE7D030C000B006917864495
:10F2E000410042004F00520054002200B31698180B
:10F2F000D7160B0000004644610062006F007200E8
:10F300007400220008009C18F10CB412F10C1700D4
:10F310000B00D216824424002200B316000DD7162B
:10F320000B00271382442E00220031030D00080039
:10F33000B71804002200E30EB50DB3160F0DE71643
:10F340000B0004002200E30EB50DB30B0B00CB0F36
:10F3500082445300220031030D000800CD18040040
:10F360002200E30EB50DB316070DE7160B000400DF
:10F370002200E30EB50D0B001F17037A55003C0069
:10F380003D0004000100182ABA050B00391307A834
:10F390003F005400410052004700450054001D0F3B
:10F3A00018000F000800EB180B00000D05002000EE
:10F3B0006E0061006D006500B412000046A84600B2
:10F3C00049004E004400580054001800E81176052A
:10F3D0000800041917000400FFFF0B0017000400C9
:10F3E00000000B00BD184C88530054005200490027
:10F3F0004E0047002D004200550049004C004400DB
:10F400001A001B0008002E19981811006E006500E4
:10F4100067006100740069007600650020006300E9
:10F420006100700061006300690074007900B4122B
:10F43000190014000D1F12004C0704000600182AC2
:10F440001800A2020C00170004000400C729A20241
:10F450000D0004000200182AC72904000400C7296F
:10F46000A2020D0004000100182AC72904000D00A3
:10F47000C72904000B00C7291800C7290400000091
:10F48000C72999162C23C9030D007C0F0B0000001F
:10F49000047E5300540052003F0018000D00040089
:10F4A00004001E0008006E191700040000000B0085
:10F4B0001800C1060D00A2020C001800C106C1060A
:10F4C0000D00040004001E0008008019170004004D
:10F4D00000000B001800C106C106C1060D00A20203
:10F4E0000D00B5061E0008008F191700040000006B
:10F4F0000B00180004000400182A0D0004000D0081
:10F500001E0008009D191700040000000B001800E1
:10F5100004000500182A0D0004000B001E0008005E
:10F52000AB191700040000000B000400FFFF0B00E4
:10F530000000078C3E00530054005200420055006A
:10F54000460063190800BD19C1060D000B0098188C
:10F550000A006E006F0074002000730074007200D7
:10F5600069006E006700B412000008823E0053007C
:10F57000540052004C0045004E0041006319080041
:10F58000DC19C106C106C1060D000B0098180A005F
:10F590006E006F0074002000730074007200690038
:10F5A0006E006700B412000007A03E005300540034
:10F5B0005200430041005000D419B5060D000B0065
:10F5C0000000079C3E005300540052004C004500D0
:10F5D0004E00D4190D000B00000009A85300540080
:10F5E000520043004C0052002D0058005400D41922
:10F5F0000400000019000C000B00000009A85300D3
:10F60000540052004300410050002D0058005400A7
:10F61000F2190B00000009A85300540052005300D7
:10F62000450054002D0058005400AE020C00180094
:10F63000AE020D00F219D7180800451A1800140080
:10F640001A00AE020D00B7191300D40712001700FC
:10F6500019001700AE020D00D4190C000B00981809
:10F660000F0073007400720069006E0067002000D4
:10F670006F0076006500720066006C006F00770016
:10F68000B41200000AA85300540052005300450071
:10F6900054004E002D0058005400AE020C0018001B
:10F6A000AE020D00F2191E000800801A9818110011
:10F6B00063006100700061006300690074007900FC
:10F6C00020006D00690073006D006100740063002C
:10F6D0006800B412180004000100182ABA050800D6
:10F6E0008B1AAE020D002B1A0B0098180F00730036
:10F6F0007400720069006E00670020006F007600E1
:10F700006500720066006C006F007700B4120000A4
:10F7100009A85300540052004100500050002D0031
:10F7200058005400AE020C00BA020C00C6020C00D5
:10F73000260DAE020D00B719AE020D00FF19710DB6
:10F74000BA020D00C6020D00710D810DAE020D0052
:10F750002B1A0B00000009A853005400520050005F
:10F76000520045002D0058005400AE020C00BA02B1
:10F770000C00C6020C00260DBA020D00C6020D00D8
:10F78000710DAE020D00B719AE020D00FF19710D1B
:10F79000810DAE020D002B1A0B0000000AA85300C9
:10F7A0005400520043004100500050002D0058000A
:10F7B0005400AE020C00260DAE020D00B719AE02C9
:10F7C0000D00FF19710D600D810DAE020D002B1A99
:10F7D0000B0000000BA853005400520043004800E7
:10F7E0004100520021002D00580054001400180060
:10F7F0001B000800211B98180D0069006E007600A0
:10F8000061006C0069006400200069006E00640003
:10F8100065007800B41218001300FF19BA0508003B
:10F820002E1B1300B719182A0E00120017000B0028
:10F8300098180D0069006E00760061006C00690088
:10F840006400200069006E00640065007800B41256
:10F85000BA16039C4C0045004E00190017000B001F
:10F860007317067E45004D005000540059003F00BC
:10F870001900170076050800571B17000400000048
:10F880000B000400FFFF0B000819047A530054001A
:10F8900052003D0014001A0013001E0008006D1BEA
:10F8A000120017008D051700040000000B0019005E
:10F8B00012001700F70F0B005A1B057C5300540071
:10F8C00052003C003E00601B35000B003E1B04A8AC
:10F8D0004C0045004600540018001B000800961B11
:10F8E00098180D0069006E00760061006C006900D8
:10F8F00064002000720061006E0067006500B412B1
:10F90000A2020C00A2020D001A00D7180800A21BC8
:10F910001700A2020D000B0098180D0069006E0080
:10F92000760061006C0069006400200072006100D4
:10F930006E0067006500B412521705A85200490016
:10F9400047004800540018001B000800CD1B981801
:10F950000D0069006E00760061006C0069006400B3
:10F960002000720061006E0067006500B41218008C
:10F970001A00D7180800DC1B140019001A00130025
:10F98000EC29182A1200810517000B0098180D00A9
:10F9900069006E00760061006C0069006400200060
:10F9A000720061006E0067006500B412721B06A44D
:10F9B0005300550042005300540052001400180038
:10F9C0001B000800091C98180D0069006E007600E5
:10F9D00061006C00690064002000720061006E002C
:10F9E00067006500B41213001B0008001D1C981866
:10F9F0000D0069006E00760061006C006900640013
:10FA00002000720061006E0067006500B412A2025F
:10FA10000C00A2020D001A00D7180800331CA20225
:10FA20000D001300182A1A00D7180800331C1700FD
:10FA3000A2020D00182A12000B0098180D00690090
:10FA40006E00760061006C006900640020007200A6
:10FA500061006E0067006500B412AA1605804300BD
:10FA6000480041005200400018001B0008005E1CC6
:10FA700098180D0069006E00760061006C00690046
:10FA80006400200069006E00640065007800B41214
:10FA900018001A00BA050800681C19001700182A77
:10FAA0000F000B0098180D0069006E0076006100D1
:10FAB0006C0069006400200069006E00640065004D
:10FAC0007800B412EC1B868E53005400520049009B
:10FAD0004E00470031030D000800A71C98182000B5
:10FAE00053005400520049004E00470020006300BC
:10FAF0006F006D00700069006C0065002D007300E0
:10FB00007400610074006500200075006E007300D1
:10FB10007500700070006F00720074006500640072
:10FB2000B412E518FB180800BE1C8D0517009818C4
:10FB30000E006400750070006C00690063006100D5
:10FB40007400650020006E0061006D006500B41255
:10FB5000161917000B005F1785A454004F005300BF
:10FB600054005200E518FB180800DE1C19001700AD
:10FB7000AE020C0031030D000800DA1CAE020D00CD
:10FB8000C316B3162B1A0B00AE020D002B1A0B0076
:10FB900031030D000800FA1C981815006D0069006B
:10FBA0007300730069006E0067002000730074002A
:10FBB000720069006E00670020007400610072002E
:10FBC000670065007400B41214001A00BA020C0039
:10FBD0001800C6020C00180012001619AE020C0024
:10FBE000BA020D00C6020D00AE020D002B1A0B006A
:10FBF000C11C869C54004F005300540052004E001C
:10FC0000E518FB1808002C1D19001700AE020C00A7
:10FC100031030D000800281DAE020D00C316B316F7
:10FC2000631A0B00AE020D00631A0B0031030D00C6
:10FC30000800481D981815006D00690073007300D6
:10FC400069006E0067002000730074007200690094
:10FC50006E0067002000740061007200670065009C
:10FC60007400B41214001800D2020C0081051800B0
:10FC7000BA020C0081051800C6020C0081051800AC
:10FC800012001619AE020C00BA020D00C6020D00D9
:10FC9000D2020D00AE020D00631A0B00431C85A4B6
:10FCA00043004C00450041005200E518FB180800D5
:10FCB000811D19001700AE020C0031030D00080071
:10FCC0007D1DAE020D00C316B3160D1A0B00AE0259
:10FCD0000D000D1A0B00981815006D0069007300D7
:10FCE000730069006E0067002000730074007200EA
:10FCF00069006E00670020007400610072006700F8
:10FD000065007400B412641D88B2430041005000C5
:10FD100041004300490054005900E518FB18080051
:10FD2000B91D19001700AE020C0031030D000800C8
:10FD3000B51DAE020D00C316B3161E1A0B00AE029F
:10FD40000D001E1A0B00981815006D006900730055
:10FD5000730069006E006700200073007400720079
:10FD600069006E0067002000740061007200670087
:10FD700065007400B4128418868841005000500059
:10FD800045004E00440031030D000800EB1DE5184E
:10FD9000FB180800FF1D19001700AE020C00AE0290
:10FDA0000D00C316B316A81A0B00BA020C00C60247
:10FDB0000C00E518FB180800FF1D19001700AE0223
:10FDC0000C00BA020D00C6020D00AE020D00A81A0A
:10FDD0000B00981815006D0069007300730069002E
:10FDE0006E006700200073007400720069006E00EE
:10FDF00067002000740061007200670065007400F5
:10FE0000B4126A1387885000520045005000450024
:10FE10004E00440031030D000800321EE518FB18A7
:10FE20000800461E19001700AE020C00AE020D00BD
:10FE3000C316B316CB1A0B00BA020C00C6020C0094
:10FE4000E518FB180800461E19001700AE020C004A
:10FE5000BA020D00C6020D00AE020D00CB1A0B0057
:10FE6000981815006D0069007300730069006E003A
:10FE70006700200073007400720069006E00670064
:10FE80002000740061007200670065007400B41205
:10FE9000991D8788430041005000500045004E00E6
:10FEA0004400E518FB1808007D1E19001700AE027B
:10FEB0000C0031030D000800791EAE020D00C316C0
:10FEC000B316EF1A0B00AE020D00EF1A0B009818D4
:10FED00015006D0069007300730069006E00670013
:10FEE000200073007400720069006E00670020003B
:10FEF000740061007200670065007400B4125E1E39
:10FF0000854243004800410052002100E518FB18DB
:10FF10000800B21E19001700AE020C0031030D00DC
:10FF20000800AE1EAE020D00C316B3160C1B0B006C
:10FF3000AE020D000C1B0B00981815006D00690037
:10FF40007300730069006E00670020007300740086
:10FF5000720069006E00670020007400610072008A
:10FF6000670065007400B4120000078A3F00550066
:10FF70004E0049005100550045000B000000455857
:10FF800053004E00410050002C0018000D000400EA
:10FF90000400C729C72904000400C7291800C7297D
:10FFA00004000C00C72917000B0000004A5853003A
:10FFB0004E00410050002D0049004E0054004F00FB
:10FFC0002C00140004000400C729C7290400040001
:10FFD000C7291200C72904000C00C7290B00000024
:10FFE00046A4480045004100440045005200180066
:10FFF0000F000800341FD31E1800A2020C004C078B
:020000040001F9
:100000001800C9030C0004000000C729A2020D005B
:100010005E0FC729A2020D00C1064C07A2020D0007
:100020000F0004001F001C00D407A2020D000F00E7
:1000300004001F001C0099168D050B00000D050023
:1000400020006E0061006D006500B41203004E00D8
:100050004F0050000000000004006A0075006D00B1
:1000600070000100000003003F00720078000200F1
:100070000000030074007800210003000000050068
:1000800064006F004C0049005400040001000600A9
:1000900064006F004C00490053005400050000004C
:1000A000050064006F005600410052000600000089
:1000B000060064006F004E00450058005400070021
:1000C000000007003F006200720061006E006300E4
:1000D00068000800010006006200720061006E0006
:1000E0006300680009000100070045005800450052
:1000F00043005500540045000A000000040045007C
:100100005800490054000B000000010021000C00C1
:100110000000010040000D0000000200430021002B
:100120000E0000000200430040000F00000003002A
:100130005200500021001000000003005200500047
:10014000400011000000020052003E0012000000BA
:100150000200520040001300000002003E00520066
:100160001400000003005300500040001500000080
:10017000030053005000210016000000040044005A
:1001800052004F00500017000000030044005500CB
:1001900050001800000004005300570041005000B8
:1001A0001900000004004F005600450052001A00DC
:1001B0000000020030003C001B0000000300410072
:1001C0004E0044001C00000002004F0052001D00C1
:1001D000000003001F8B11241FBECFEFD1E2DEBF52
:1001E000CDBF00E00CBF12E0A0E0B2E0E0EFF6E12E
:1001F00001E00BBF02C007900D92AC3EB107D9F7EA
:100200002DE1ACEEB2E001C01D92A53AB207E1F7D4
:1002100010E8CBEED0E800E006C021970109802F5E
:10022000FE010E946E8BCA3ED10780E00807A9F745
:100230000E9456890C94768B0C940000AF92BF926A
:10024000CF92DF92EF92FF920F931F93CF93DF93A2
:100250006C017B018B01040F151FEB015E01AE18D1
:10026000BF08C017D10759F06991D601ED91FC91F3
:100270000190F081E02DC6011995892B79F7C50110
:10028000DF91CF911F910F91FF90EF90DF90CF9072
:10029000BF90AF900895FC01538D448D252F30E021
:1002A000842F90E0821B930B541710F0CF96089583
:1002B00001970895FC01918D828D981761F0A28DB0
:1002C000AE0FBF2FB11D5D968C91928D9F5F9F7376
:1002D000928F90E008958FEF9FEF0895FC01918D2C
:1002E000828D981731F0828DE80FF11D858D90E099
:1002F00008958FEF9FEF0895FC01918D228D892F36
:1003000090E0805C9F4F821B91098F73992708951D
:1003100088E09DE10E947C8121E0892B09F420E0A6
:10032000822F0895FC01A48DA80FB92FB11DA35AE7
:10033000BF4F2C91848D90E001968F739927848F05
:10034000A689B7892C93A089B1898C918370806428
:100350008C93938D848D981306C00288F389E02DC9
:1003600080818F7D80830895EF92FF920F931F937A
:10037000CF93DF93EC0181E0888F9B8D8C8D981358
:100380001AC0E889F989808185FF15C09FB7F89464
:10039000EE89FF896083E889F989808183708064B0
:1003A00080839FBF81E090E0DF91CF911F910F91FB
:1003B000FF90EF900895F62E0B8D10E00F5F1F4F0A
:1003C0000F731127E02E8C8D8E110CC00FB607FC19
:1003D000FACFE889F989808185FFF5CFCE010E94A7
:1003E0009281F1CFEB8DEC0FFD2FF11DE35AFF4F02
:1003F000F0829FB7F8940B8FEA89FB898081806235
:10040000CFCFCF93DF93EC01888D8823B9F0AA89F1
:10041000BB89E889F9898C9185FD03C0808186FDBF
:100420000DC00FB607FCF7CF8C9185FFF2CF80810E
:1004300085FFEDCFCE010E949281E9CFDF91CF9170
:10044000089580E090E0892B29F00E948881811135
:100450000E94000080E090E0892B49F080E090E06D
:10046000892B29F00E94000081110E94000080E089
:1004700090E0892B49F080E090E0892B29F00E94E0
:10048000000081110E94000080E090E0892B49F07B
:1004900080E090E0892B29F00E94000081110C94EB
:1004A000000008950895FC0180859185108A28E058
:1004B000228B938782870895FC0180859185108A1D
:1004C00021E0228B938782870895CF93DF9300D01A
:1004D0001F92CDB7DEB7FC01EF2FFF27E295EF703B
:1004E000E050FE4F20812983E92FFF27EF70FF277F
:1004F000E050FE4F20812A83FC0144E0F695E79509
:100500004A95E1F7EF70FF27E050FE4F20812B83E3
:100510008F709927FC01E050FE4F80818C8344E06E
:1005200050E0BE016F5F7F4F88E09DE10E941E8119
:100530000F900F900F900F90DF91CF910895DC01F5
:10054000FB01F058E11582E0F80758F4EE0FFF1FA9
:10055000E451F74E77FF1CC0309779F05183408308
:100560000895F0E0E0E0611585EF780798F3FB016E
:10057000EE0FFF1FE451F74EEDCF50961C925097AF
:1005800083E052968C9352971B967C936E931A97A6
:100590000895CF93DF93EC01AB016C817D816115F0
:1005A0008EEF780750F488859985188A27E02A8B82
:1005B0009B878A87DF91CF910895CE010E949F8209
:1005C0008889811103C08A898111F4CF8C819D8132
:1005D00001979D838C83EECFCF93DF93EC01AB012A
:1005E0006A817B81611589EF780750F48885998548
:1005F000188A25E02A8B9B878A87DF91CF910895FF
:10060000CE010E949F828889811103C08A8981114D
:10061000F4CF8A819B8101979B838A83EECFFC0173
:10062000628173810C94EC82FC01648175810C946D
:10063000EC82CF93DF93EC0188E09DE10E947C8106
:1006400070E060E0181619067CF488E09DE10E94D5
:100650005A8197FF02C090E080E0BC017727CE016D
:100660000E94EC826FEF7FEFCE01DF91CF910C946F
:10067000EC82DC01FB01F058E11582E0F80748F557
:10068000EE0FFF1FE451F74E77FD3EC0CB019F7187
:10069000B0E0A0E0880F991FAA1FBB1F672F772724
:1006A0006295669567706230710521F1633071055E
:1006B00031F161307105C9F044ED51EC60E077270C
:1006C000840F951FA61FB71FABBFFC0187919691A2
:1006D0000895F0E0E0E0611585EF7807A8F2FB01EE
:1006E000EE0FFF1FE451F74ECFCF44ED51E860E02D
:1006F0007727E6CF44ED51E460E07727E1CF44ED82
:1007000051E060E07727DCCF309719F0808191814C
:10071000089550961C92509782E052968C9352976F
:100720001B967C936E931A9780E090E00895CF9388
:10073000DF93EC01688179810E9439832889211136
:1007400003C02A8921110CC0288139812F5F3F4FB6
:1007500039832883BC01CE01DF91CF910C94EC82C8
:10076000DF91CF910895CF93DF93EC016881798178
:100770000E94398399838883DF91CF9108950C94E7
:10078000B3836F5F7F4FFC0122813381620F731F40
:100790000C943983CF93DF93EC0161E070E00E9409
:1007A000C183BC01CE01DF91CF910C94EC820F93F9
:1007B0001F93CF93DF93EC0170E060E00E94C18350
:1007C0008C0161E070E0CE010E94C1836A817B816F
:1007D0006F5F7F4FAC01CE010E949F82888981119B
:1007E00003C08A8981110CC06A817B816E5F7F4F53
:1007F000A801CE01DF91CF911F910F910C949F82A0
:10080000DF91CF911F910F910895CF93DF93EC016A
:1008100070E060E00E94C183BC01CE01DF91CF9106
:100820000C94EC82FC01648175816F378EEF780740
:1008300039F06F5F7F4F75836483CF010C943983E8
:1008400080859185108A26E0228B9387828790E0AD
:1008500080E00895CF93DF93EC010E9412842889F1
:10086000211103C02A89211106C0BC01CE01DF91EC
:10087000CF910C94EC82DF91CF910895CF93DF93C9
:10088000EC01688179810E94EC828889811103C022
:100890008A8981110DC08C819D818F379E4F59F4BB
:1008A000188A8A89811104C0888199819B878A87E7
:1008B000DF91CF910895CE010E941284998388839D
:1008C000F7CFCF93DF93EC018C819D818F379E4FC3
:1008D00059F4188A8A89811104C0888199819B877B
:1008E0008A87DF91CF910895CE010E941284998367
:1008F0008883F7CFFC01648175816F378EEF7807AD
:1009000029F06F5F7F4FCF010C94398380859185EB
:10091000108A26E0228B9387828790E080E00895FA
:10092000CF93DF93EC010E947A84BC01CE01DF916A
:10093000CF910C94EC82EF92FF920F931F93CF9381
:10094000DF93EC01688179810E9439837C01888979
:10095000811103C08A89811123C088819981019600
:1009600099838883CE010E947A842889211103C04B
:100970002A89211115C08C010F5F1F4F6C817D8169
:100980006F5F7F4FA801CE010E949F8288898111ED
:1009900003C08A89811104C0012B11F0F982E88219
:1009A000DF91CF911F910F91FF90EF900895FC017F
:1009B000628173816F3789EF780739F06F5F7F4FFE
:1009C00073836283CF010C94398380859185108A6B
:1009D00024E0228B9387828790E080E00895CF9374
:1009E000DF93EC010E94D7842889211103C02A8952
:1009F000211108C0BC01660F771FCE01DF91CF9196
:100A00000C94EC82DF91CF9108950F931F93CF93B5
:100A1000DF93EC010E94D7848C018889811103C087
:100A20008A89811113C0CE010E94D784288921119F
:100A300003C02A8921110AC0B801680F791FCE01AD
:100A4000DF91CF911F910F910C94EC82DF91CF91A8
:100A50001F910F910895CF93DF93EC010E94D784EB
:100A60008889811103C08A89811107C070E060E024
:100A7000CE01DF91CF910C94EC82DF91CF9108955C
:100A8000CF93DF93EC010E94D7842889211103C002
:100A90002A89211109C066277727681B790BCE01A7
:100AA000DF91CF910C94EC82DF91CF9108950F9359
:100AB0001F93CF93DF93EC010E94D7848C01888928
:100AC000811103C08A89811113C0CE010E94D7848D
:100AD0002889211103C02A8921110AC0BC01601B89
:100AE000710BCE01DF91CF911F910F910C94EC828D
:100AF000DF91CF911F910F910895CF93DF93EC0178
:100B00000E94D7842889211103C02A89211108C095
:100B1000BC0160957095CE01DF91CF910C94EC8271
:100B2000DF91CF910895CF92DF92EF92FF920F93D2
:100B30001F93CF93DF93EC010E94D7848C018889A7
:100B4000811103C08A89811138C0CE010E94D784E7
:100B50002889211103C02A8921112FC0B0E0A0E00B
:100B60007C01DD24CC2430E020E0C02AD12AE22A16
:100B7000F32A8E859F852C853D8580FF04C0C20E9B
:100B8000D31EE11CF11C220F331F3D872C87969545
:100B900087959F878E87B70188279927CE010E9466
:100BA000EC82B601CE01DF91CF911F910F91FF90A2
:100BB000EF90DF90CF900C94EC82DF91CF911F915A
:100BC0000F91FF90EF90DF90CF9008950F931F93B8
:100BD000CF93DF93EC010E94D7848C018889811127
:100BE00003C08A8981111BC0CE010E94D784288945
:100BF000211103C02A89211112C09D878C871F876C
:100C00000E8770E060E0CE010E94EC8270E060E050
:100C1000CE01DF91CF911F910F910C94EC82DF9167
:100C2000CF911F910F910895CF93DF93EC010E9414
:100C3000D7842889211103C02A89211108C0BC0149
:100C400062507109CE01DF91CF910C94EC82DF915B
:100C5000CF910895CF93DF93EC010E94D784288928
:100C6000211103C02A89211108C0BC016E5F7F4F8A
:100C7000CE01DF91CF910C94EC82DF91CF9108955A
:100C8000CF93DF93EC010E94D7842889211103C000
:100C90002A89211108C0BC0161507109CE01DF9180
:100CA000CF910C94EC82DF91CF9108950C94408603
:100CB000CF93DF93EC010E94D7842889211103C0D0
:100CC0002A89211108C0BC016F5F7F4FCE01DF91DF
:100CD000CF910C94EC82DF91CF9108950C945886BB
:100CE000CF93DF93EC010E94D7842889211103C0A0
:100CF0002A8921110EC061E070E0892B11F070E0AB
:100D000060E0719561957109CE01DF91CF910C94EE
:100D1000EC82DF91CF910895CF93DF93EC010E9495
:100D2000D7849889911103C09A89911108C0782FAE
:100D3000770F60E0CE01DF91CF910C94EC82DF91D0
:100D4000CF910895CF93DF93EC010E94D7849889C7
:100D5000911103C09A89911107C060E0782FCE01EC
:100D6000DF91CF910C94EC82DF91CF910895CF93D6
:100D7000DF93EC010E94D7842889211103C02A89BE
:100D800021110BC0BC0184E0660F771F8A95E1F743
:100D9000CE01DF91CF910C94EC82DF91CF91089539
:100DA000CF92DF92EF92FF920F931F93CF93DF9337
:100DB000EC010E94D7848C018889811103C08A8943
:100DC00081112BC0CE010E94D7842889211103C034
:100DD0002A89211122C06801F12CE12CC80ED91EEC
:100DE000E11CF11CB801680F791FCE010E94EC8252
:100DF00061E070E0C114D10481E0E806F10410F470
:100E000070E060E0CE01DF91CF911F910F91FF90D4
:100E1000EF90DF90CF900C94EC82DF91CF911F91F7
:100E20000F91FF90EF90DF90CF9008950F931F9355
:100E3000CF93DF93EC010E94D7848C0188898111C4
:100E400003C08A89811113C0CE010E94D7842889EA
:100E5000211103C02A8921110AC0B8016827792706
:100E6000CE01DF91CF911F910F910C94EC82DF9115
:100E7000CF911F910F9108950F931F93CF93DF93FD
:100E8000EC010E94D7848C018889811103C08A8972
:100E9000811113C0CE010E94D7842889211103C07B
:100EA0002A8921110AC0B801682B792BCE01DF9164
:100EB000CF911F910F910C94EC82DF91CF911F91F4
:100EC0000F9108950F931F93CF93DF93EC010E942E
:100ED000D7848C018889811103C08A89811113C04C
:100EE000CE010E94D7842889211103C02A892111AB
:100EF0000AC0B80168237923CE01DF91CF911F91F9
:100F00000F910C94EC82DF91CF911F910F91089576
:100F1000CF93DF93EC010E94D7848889811103C0AD
:100F20008A8981110BC0692F660F660B062E000C93
:100F3000770BCE01DF91CF910C94EC82DF91CF91B2
:100F400008950C94D784CF93DF93EC010E94D7844B
:100F50002889211103C02A89211102C09B838A8319
:100F6000DF91CF910895CF93DF93EC010E94D78456
:100F70002889211103C02A89211106C0BC01CE0194
:100F8000DF91CF910C94C982DF91CF910895CF93D7
:100F9000DF93EC010E94D7842889211103C02A899C
:100FA000211102C09D838C83DF91CF910895CF934F
:100FB000DF93EC010E94D7842889211103C02A897C
:100FC00021110AC0BC01CE010E943983BC01CE01AF
:100FD000DF91CF910C94EC82DF91CF9108950C9426
:100FE000D7870F931F93CF93DF93EC010E94D78491
:100FF0008C018889811103C08A89811112C0CE01B8
:101000000E94D7842889211103C02A89211109C08F
:10101000AC01B801CE01DF91CF911F910F910C94DB
:101020009F82DF91CF911F910F9108950C94F187CA
:101030000F931F93CF93DF93EC010E94D7848C0111
:101040008889811103C08A8981110AC00034110581
:1010500060F488859985188A21E02A8B9B878A8786
:10106000DF91CF911F910F91089568817981CE0111
:101070000E94C9828889811103C08A898111F0CFB9
:1010800019830883EDCF0F931F93CF93DF93EC0168
:10109000688179810E9439838C018889811103C01C
:1010A0008A89811112C088819981019699838883E8
:1010B000CE010E94D7842889211103C02A892111D9
:1010C00004C0892B11F419830883DF91CF911F91FC
:1010D0000F9108950F931F93CF93DF93EC010E941C
:1010E000D7848C018889811103C08A8981110DC040
:1010F00068817981CE010E94C9828889811103C0EB
:101100008A89811102C019830883DF91CF911F91D1
:101110000F910895CF93DF93EC010E94D7849889B3
:10112000911103C09A89911107C0682F88E09DE151
:10113000DF91CF910C94B481DF91CF910895FC01A0
:1011400001900020E9F73197AF01481B590BBC0112
:1011500088E09DE10C941E811F920F920FB60F92B2
:1011600011242F933F938F939F93AF93BF938091BD
:10117000041D9091051DA091061DB091071D309191
:10118000031D23E0230F2D3758F50196A11DB11D36
:101190002093031D8093041D9093051DA093061DAD
:1011A000B093071D8091FF1C9091001DA091011D1F
:1011B000B091021D0196A11DB11D8093FF1C90935B
:1011C000001DA093011DB093021DBF91AF919F918F
:1011D0008F913F912F910F900FBE0F901F901895F8
:1011E00026E8230F0296A11DB11DD2CF1F920F92A8
:1011F0000FB60F9211240BB60F922F933F934F937C
:101200005F936F937F938F939F93AF93BF93EF936E
:10121000FF9388E09DE10E949281FF91EF91BF9141
:10122000AF919F918F917F916F915F914F913F917E
:101230002F910F900BBE0F900FBE0F901F9018951F
:101240001F920F920FB60F9211240BB60F922F938D
:101250008F939F93EF93FF93E091181DF091191DC9
:101260008081E0911E1DF0911F1D82FD1DC09081A7
:101270008091211D8F5F8F732091221D821741F075
:10128000E091211DF0E0E85FF24E958F8093211DE3
:10129000FF91EF919F918F912F910F900BBE0F9027
:1012A0000FBE0F901F9018958081F2CFCF93DF93E0
:1012B000CDB7DEB7A1970FB6F894DEBF0FBECDBF96
:1012C000789484B5826084BD84B5816084BD85B521
:1012D000826085BD85B5816085BD80916E0081602D
:1012E00080936E00109281008091810082608093D3
:1012F00081008091810081608093810080918000D5
:101300008160809380008091B10084608093B100FF
:101310008091B00081608093B000809191008260E4
:1013200080939100809191008160809391008091E1
:1013300090008160809390008091A10082608093F2
:10134000A1008091A10081608093A1008091A00004
:1013500081608093A00080912101826080932101AF
:101360008091210181608093210180912001816021
:101370008093200180917A00846080937A0080912C
:101380007A00826080937A0080917A0081608093F5
:101390007A0080917A00806880937A001092C10070
:1013A000E091181DF091191D82E08083E091141DD9
:1013B000F091151D1082E091161DF091171D80E12E
:1013C00080831092201DE0911C1DF0911D1D86E070
:1013D0008083E0911A1DF0911B1D808180618083C4
:1013E000E0911A1DF0911B1D808188608083E0913F
:1013F0001A1DF0911B1D808180688083E0911A1D69
:10140000F0911B1D80818F7D80838FB7F894409170
:10141000041D5091051D6091061D7091071D8FBF21
:10142000ECEEF8E180E094E0DF019C011D92215098
:101430003040E1F7ECEEF2E080E096E1DF019C0164
:101440001D9221503040E1F71092ED1C1092EC1CDF
:101450008FE799EF9093EF1C8093EE1C8FE79EEF40
:101460009093F11C8093F01C80E89EEF9093F31C06
:101470008093F21C1092F51C1092F41C1092F71C31
:101480001092F61C1092F91C1092F81C1092FB1C82
:101490001092FA1C81E08093FC1C1092FD1C1092AB
:1014A000FE1CFF24F3942AE0822E912CA12CB12C57
:1014B0008091FC1C882309F44CC0C12CDD24D394FA
:1014C0008091FC1C882389F16091EC1C7091ED1CCB
:1014D0007093F51C6093F41C8CEE9CE10E943983A0
:1014E0008C018091FC1C811104C08091FE1C811133
:1014F00018C06091EC1C7091ED1C6F5F7F4F709372
:10150000ED1C6093EC1C0034110590F4000F111FCA
:10151000F801ED5DFD4F0190F081E02D8CEE9CE136
:10152000199531E0C31AD10859F60E942182C0CF23
:101530008CEE9CE10E94C9828091FC1C811104C048
:101540008091FE1C8111EDCF1093ED1C0093EC1CDB
:10155000E8CF8091FD1C8111E8CF83EA92E00E94E0
:101560009F888091FE1C81113DC084EB92E00E9417
:101570009F8883EC92E00E949F888091EC1C909160
:10158000ED1C0E94658289EC92E00E949F88809108
:10159000F41C9091F51C0E94658281ED92E00E94FE
:1015A0009F888091F61C9091F71C0E9465828BEDBC
:1015B00092E00E949F888091EE1C9091EF1C0E9407
:1015C000658281EE92E00E949F888091F01C90914C
:1015D000F11C0E94658287EE92E00E949F88F09243
:1015E000FD1CA3CF8CEB92E00E949F882091FE1CF3
:1015F00030E050E040E019A28E010F5D1F4FCA019C
:10160000B901A50194010E944C8B605DD8016E93D5
:101610008D01211531054105510589F7109709F410
:10162000A8CFFD0101900020E9F73197AF014A1BD7
:101630005B0BBD0188E09DE10E941E819ACFE8E02E
:10164000FDE11382128288EE93E0A0E0B0E0848393
:101650009583A683B78385E192E09183808385ECAF
:1016600090E09587848784EC90E09787868780EC6C
:1016700090E0918B808B81EC90E0938B828B82EC5D
:1016800090E0958B848B86EC90E0978B868B118E07
:10169000128E138E148E0895A1E21A2EAA1BBB1B64
:1016A000FD010DC0AA1FBB1FEE1FFF1FA217B3072E
:1016B000E407F50720F0A21BB30BE40BF50B661F44
:1016C000771F881F991F1A9469F760957095809508
:1016D00090959B01AC01BD01CF010895EE0FFF1F56
:1016E000881F8BBF0790F691E02D1994F894FFCFD7
:1016F0003031323334353637383941424344454648
:101700000000000000B4811E814B8101827C815A5F
:10171000816E815282B38319838A8897836A883E57
:10172000849B844388BF8318886184F187D7871698
:1017300088EF87C78714832A849084B3870F83A395
:1017400087A1870584D783CA83888762873C8716E9
:1017500087D086B786A2868C867086588640862A71
:101760008614865382538253825382538253825308
:10177000825382538253825382E68593857D8557B7
:101780008540856E8656862B850585EF845C825C58
:10179000825C820D0A5B5044522D31362F41542019
:1017A000564D200073746F70706564006661756CCF
:1017B0007420002069703D2400206C6173743D2406
:1017C000002064657461696C3D24002073703D24C1
:0C17D000002072703D24005D0D0A000036
:020000040003F7
:10E000000D9489F10D94B2F10D94B2F10D94B2F129
:10E010000D94B2F10D94B2F10D94B2F10D94B2F1F0
:10E020000D94B2F10D94B2F10D94B2F10D94B2F1E0
:10E030000D94B2F10D94B2F10D94B2F10D94B2F1D0
:10E040000D94B2F10D94B2F10D94B2F10D94B2F1C0
:10E050000D94B2F10D94B2F10D94B2F10D94B2F1B0
:10E060000D94B2F10D94B2F10D94B2F10D94B2F1A0
:10E070000D94B2F10D94B2F10D94B2F10D94B2F190
:10E080000D94B2F10D94B2F10D94B2F10D94B2F180
:10E090000D94B2F10D94B2F10D94B2F10D94B2F170
:10E0A0000D94B2F10D94B2F10D94B2F10D94B2F160
:10E0B0000D94B2F10D94B2F10D94B2F10D94B2F150
:10E0C0000D94B2F10D94B2F10D94B2F10D94B2F140
:10E0D0000D94B2F10D94B2F10D94B2F10D94B2F130
:10E0E0000D94B2F141546D656761323536300041AF
:10E0F000726475696E6F206578706C6F72657220DE
:10E1000073746B3530305632206279204D4C530099
:10E11000426F6F746C6F616465723E004875683F52
:10E1200000436F6D70696C6564206F6E203D200048
:10E130004350552054797065202020203D20005FF9
:10E140005F4156525F415243485F5F3D2000415658
:10E1500052204C696243205665723D20004743437C
:10E160002056657273696F6E203D20004350552024
:10E1700049442020202020203D20004C6F7720663D
:10E18000757365202020203D20004869676820665F
:10E190007573652020203D200045787420667573D6
:10E1A00065202020203D20004C6F636B2066757336
:10E1B000652020203D20004D617220203720323024
:10E1C000313300312E362E3800342E332E350056A2
:10E1D00023202020414444522020206F7020636F70
:10E1E00064652020202020696E73747275637469E1
:10E1F0006F6E2061646472202020496E74657272B3
:10E20000757074006E6F20766563746F7200726A49
:10E210006D702020006A6D70200057686174207056
:10E220006F72743A00506F7274206E6F7420737541
:10E2300070706F72746564004D7573742062652030
:10E2400061206C6574746572002000577269747483
:10E25000696E672045450052656164696E672045B7
:10E26000450045452065727220636E743D00504F35
:10E27000525400303D5A65726F2061646472003FF1
:10E280003D43505520737461747300403D454550C3
:10E29000524F4D207465737400423D426C696E6B41
:10E2A000204C454400453D44756D70204545505215
:10E2B0004F4D00463D44756D7020464C415348001B
:10E2C000483D48656C70004C3D4C69737420492F83
:10E2D0004F20506F72747300513D51756974005234
:10E2E0003D44756D702052414D00563D73686F7707
:10E2F00020696E7465727275707420566563746FF0
:10E30000727300593D506F727420626C696E6B00BD
:10E310002A0011241FBECFEFD1E2DEBFCDBF01E046
:10E320000CBF12E0A0E0B2E0EEE1FDEF03E00BBFB6
:10E3300002C007900D92A030B107D9F712E0A0E01B
:10E34000B2E001C01D92AE30B107E1F70F9460F367
:10E350000D948DFE01E20EBF0FEF0DBF11241FBE05
:10E360000D9460F30D9400F020E030E040ED57E0B4
:10E3700005C0FA013197F1F72F5F3F4F2817390792
:10E38000C0F308959C01260F311DC901A0E0B0E043
:10E390002F5F3F4FABBFFC018791882361F08093D3
:10E3A000C6008091C00086FFFCCF8091C0008064D1
:10E3B0008093C000EACF08958DE08093C6008091DD
:10E3C000C00086FFFCCF8091C00080648093C000B5
:10E3D0008AE08093C6008091C00086FFFCCF8091C8
:10E3E000C00080648093C00008950F94C2F10F9420
:10E3F000DCF10895FC019081992359F09093C600B7
:10E400008091C00086FFFCCF8091C0008064809323
:10E41000C0003196992379F70895282F982F929567
:10E420009F70892F805D8A3308F0895F8093C600D2
:10E430008091C00086FFFCCF8091C00080648093F3
:10E44000C000822F8F70982F905D9A3308F0995FEB
:10E450009093C6008091C00086FFFCCF8091C000E1
:10E4600080648093C00008959C01FB01853691056E
:10E470001CF46330710594F0C90164E670E00F94F8
:10E480002EFE605D7F4F6093C6008091C00086FFC6
:10E49000FCCF8091C00080648093C0002B30310598
:10E4A00014F43297B4F0C90164E670E00F942EFEC4
:10E4B0006AE070E00F942EFE605D7F4F6093C600AF
:10E4C0008091C00086FFFCCF8091C0008064809363
:10E4D000C000C9016AE070E00F942EFEC0968093E0
:10E4E000C6008091C00086FFFCCF8091C000806490
:10E4F0008093C00008951F93182F8EE692EE60E07F
:10E500000F94C2F11093C6008091C00086FFFCCF2B
:10E510008091C00080648093C0000F94DCF11F9153
:10E5200008952F923F924F925F926F927F928F92B7
:10E530009F92AF92BF92CF92DF92EF92FF920F9392
:10E540001F93DF93CF93CDB7DEB762970FB6F894E2
:10E55000DEBF0FBECDBF382E622ECA01DB015C01CB
:10E560006D01772420E2222E2E010894411C511CBB
:10E570008BC081E0A81680E0B80681E0C80680E084
:10E58000D80628F0C601AA27BB270F940DF2BB2797
:10E59000AD2D9C2D8B2D0F940DF28A2D0F940DF225
:10E5A0002092C6008091C00086FFFCCF8091C00001
:10E5B00080648093C0009DE29093C6008091C0006B
:10E5C00086FFFCCF8091C00080648093C0002092C1
:10E5D000C6008091C00086FFFCCF8091C00080649F
:10E5E0008093C00019828601750188249924A1E0D6
:10E5F0003A1651F03A1620F0B2E03B1661F409C029
:10E600000BBFF701779007C0C7010F9477FE782EF4
:10E6100002C0F7017080872D0F940DF22092C60082
:10E620008091C00086FFFCCF8091C0008064809301
:10E63000C000872D8052F401EF70F0708F3520F408
:10E64000E40DF51D708204C0E40DF51D8EE280839B
:10E650000894E11CF11C011D111D0894811C911CE2
:10E6600090E18916910409F0C2CF80E190E0A0E02A
:10E67000B0E0A80EB91ECA1EDB1E198AC2010F9493
:10E68000FAF10F94DCF16A94662009F072CF629679
:10E690000FB6F894DEBF0FBECDBFCF91DF911F91B3
:10E6A0000F91FF90EF90DF90CF90BF90AF909F9031
:10E6B0008F907F906F905F904F903F902F90089534
:10E6C0002F923F924F925F926F927F928F929F9282
:10E6D000AF92BF92CF92DF92EF92FF920F931F9370
:10E6E000DF93CF93CDB7DEB7CD53D1400FB6F894BB
:10E6F000DEBF0FBECDBF01E20EBF0FEF0DBF94B75F
:10E70000F894A89514BE80916000886180936000A1
:10E7100010926000789493FF05C0E0910002F091A0
:10E7200001021995279A2F9A8091C00082608093E8
:10E73000C00080E18093C40088E18093C1000000A4
:10E74000EE24FF24870144E0A42EB12CCC24DD2448
:10E7500024C0C5010197F1F70894E11CF11C011DCB
:10E76000111D21E2E2162EE4F20620E0020720E06D
:10E77000120718F031E0C32ED12CC801B70127ECE5
:10E780003BE140E050E00F9441FE611571058105C9
:10E79000910519F485B1805885B98091C00087FD35
:10E7A00003C0C114D104A9F2A6014F5F5F4FC25E3E
:10E7B000DE4F59834883CE51D140C25EDE4F8881FF
:10E7C0009981CE51D140019711F00D9410FEC05D9A
:10E7D000DE4F19821882C053D14060E0C15DDE4F28
:10E7E0001882CF52D14088249924C35DDE4F19820C
:10E7F0001882CD52D140C05EDE4F188219821A8233
:10E800001B82C052D140CE5CDE4F188219821A8220
:10E810001B82C253D140EE24FF2487010BBFF701B6
:10E8200007911691C45CDE4F19830883CC53D14005
:10E830000D940BFEC25EDE4F28813981CE51D1404E
:10E840002130310509F52091C600C25EDE4F1982E4
:10E850001882CE51D14022C02F5F3F4F4F4F5F4FA4
:10E86000213082E138078AE7480780E0580780F0C6
:10E87000C45CDE4FE881F981CC53D140EF5FFF4F9C
:10E8800019F0EE27FF27099420E030E040E050E047
:10E890008091C00087FFE0CF2091C600C35DDE4FAE
:10E8A00048815981CD52D1404F5F5F4FC35DDE4FEC
:10E8B00059834883CD52D140213209F063C64A3092
:10E8C000510508F05FC60894811C911C53E0851621
:10E8D000910409F059C600E010E018C081E280936D
:10E8E000C6008091C00086FFFCCF8091C00080648C
:10E8F0008093C0002F5F3F4F2931310579F70F9486
:10E90000DCF10F5F1F4F0530110519F020E030E0FA
:10E91000E5CF10920A0210920B0210920C02109294
:10E920000D02109206021092070210920802109235
:10E930000902109202021092030210920402109235
:10E9400005028FEE90EE60E00F94F5F180E191EE1C
:10E9500060E00F94C2F18091C00087FFFCCF9091DE
:10E96000C600903608F09F759032B8F09093C600BC
:10E970008091C00086FFFCCF8091C00080648093AE
:10E98000C000A0E2A093C6008091C00086FFFCCF2B
:10E990008091C00080648093C000983409F4D7C18E
:10E9A0009934B8F4923409F459C1933458F490333B
:10E9B00019F1903308F4E3C59F33A1F1903409F0C5
:10E9C000DEC5BDC0953409F470C1963409F0D7C5D1
:10E9D00098C1923509F42BC2933538F49C3409F46C
:10E9E000F5C1913509F0CBC518C2963509F445C279
:10E9F000993509F0C4C567C483E792EE62E00F94CD
:10EA0000F5F110920602109207021092080210927D
:10EA1000090210920A0210920B0210920C0210923C
:10EA20000D0213C18FE792EE62E00F94F5F18FEEC5
:10EA300090EE60E00F94F5F181E291EE60E00F94CA
:10EA4000C2F187EB91EE60E00F94F5F180E391EE77
:10EA500060E00F94C2F184EE90EE60E00F94F5F167
:10EA60008FE391EE60E00F94C2F186E090E061E008
:10EA700070E00F9434F20F94DCF18DE591EE60E0DC
:10EA80000F94C2F189EC91EE60E00F94F5F18EE401
:10EA900091EE60E00F94C2F183EC91EE60E00F9490
:10EAA000F5F18CE691EE60E00F94C2F18EE10F94E7
:10EAB0000DF288E90F940DF281E00F940DF20F949E
:10EAC000DCF18BE791EE60E00F94C2F119E0E0E039
:10EAD000F0E010935700E4918E2F0F940DF20F94F5
:10EAE000DCF18AE891EE60E00F94C2F1E3E0F0E03F
:10EAF00010935700E4918E2F0F940DF20F94DCF1D8
:10EB000089E991EE60E00F94C2F1E2E0F0E0109349
:10EB10005700E4918E2F0F940DF20F94DCF188EAE8
:10EB200091EE60E00F94C2F1E1E0F0E01093570045
:10EB30001491812F0F940DF20F94DCF107CF8BE825
:10EB400092EE62E00F94F5F18BE492EE60E00F94A8
:10EB5000F5F10F94DCF100E010E019C0C8016F2D51
:10EB60000F947FFEFF2031F489E492EE60E00F9471
:10EB7000C2F10BC0F092C6008091C00086FFFCCFAE
:10EB80008091C00080648093C0000F5F1F4FC80158
:10EB900081519F41A0E0B0E0ABBFFC01F790BAE229
:10EBA000FB1621F0E2E000301E07C1F60F94DCF105
:10EBB0000F94DCF187E592EE60E00F94F5F10F948D
:10EBC000DCF1CC24DD2400E010E01EC0C8010F946D
:10EBD00077FEF82E882331F489E492EE60E00F94FA
:10EBE000C2F10BC08093C6008091C00086FFFCCFAD
:10EBF0008091C00080648093C000FE1419F00894D6
:10EC0000C11CD11C0F5F1F4FC80181519F41A0E063
:10EC1000B0E0ABBFFC01E790FAE2EF1621F022E092
:10EC20000030120799F60F94DCF10F94DCF182E6C4
:10EC300092EE60E00F94C2F1C60161E070E00F94C3
:10EC400034F20F94DCF10F94DCF110920202109276
:10EC50000302109204021092050278CE89E992EE26
:10EC600062E00F94F5F1279A2F9A16C02F9880E052
:10EC700090E0E0EDF7E03197F1F7019684369105E9
:10EC8000C1F72F9A80E090E0E0EDF7E03197F1F7DF
:10EC9000019684369105C1F78091C00087FFE6CFC9
:10ECA0008091C00087FFFCCF64C485EA92EE62E0E9
:10ECB0000F94F5F140910202509103026091040219
:10ECC0007091050281E020E10F9491F2809102029F
:10ECD00090910302A0910402B091050280509F4FD1
:10ECE000AF4FBF4F8093020290930302A0930402A0
:10ECF000B093050280509041A040B04008F426CE69
:10ED0000A4CF83EB92EE62E00F94F5F140910602FE
:10ED100050910702609108027091090280E020E1A1
:10ED20000F9491F28091060290910702A09108023F
:10ED3000B091090280509F4FAF4FBF4F80930602A2
:10ED400090930702A0930802B0930902FFCD80ECD4
:10ED500092EE62E00F94F5F183E792EE60E00F949B
:10ED6000F5F18FE792EE60E00F94F5F18BE892EE0B
:10ED700060E00F94F5F189E992EE60E00F94F5F10F
:10ED800085EA92EE60E00F94F5F183EB92EE60E09D
:10ED90000F94F5F180EC92EE60E00F94F5F187ECC2
:10EDA00092EE60E00F94F5F188ED92EE60E00F9442
:10EDB000F5F18FED92EE60E00F94F5F18AEE92EEB0
:10EDC00060E00F94F5F183E093EEBDCD87EC92EE19
:10EDD00062E00F94F5F181E40F947BF282E40F94EA
:10EDE0007BF283E40F947BF284E40F947BF285E45E
:10EDF0000F947BF286E40F947BF287E40F947BF20E
:10EE000088E40F947BF28AE40F947BF28BE40F94F6
:10EE10007BF28CE40F947BF299CD88ED92EE62E068
:10EE20000F94F5F1772473948824992409C48FED05
:10EE300092EE62E00F94F5F140910A0250910B02BC
:10EE400060910C0270910D0282E020E10F9491F22A
:10EE500080910A0290910B02A0910C02B0910D02D8
:10EE600080509F4FAF4FBF4F80930A0290930B0289
:10EE7000A0930C02B0930D0269CD8AEE92EE62E08F
:10EE80000F94F5F184EE90EE60E00F94F5F18FECC5
:10EE900091EE60E00F94F5F1662477244301CC5D98
:10EEA000DE4F19821882C452D140D401C301B695F5
:10EEB000A79597958795CA5DDE4F88839983AA8326
:10EEC000BB83C652D140CC5DDE4FA881B981C4520C
:10EED000D1401196CC5DDE4FB983A883C452D14096
:10EEE000CD0162E070E00F9434F2B0E2B093C6005E
:10EEF0008091C00086FFFCCF8091C0008064809329
:10EF0000C000EDE2E093C6008091C00086FFFCCF18
:10EF10008091C00080648093C000F0E2F093C6004E
:10EF20008091C00086FFFCCF8091C00080648093F8
:10EF3000C000CA5DDE4FE880F9800A811B81C6529D
:10EF4000D140BB27A12F902F8F2D0F940DF2CA5DBA
:10EF5000DE4F8881C652D1400F940DF2B0E2FB2EF5
:10EF6000F092C6008091C00086FFFCCF8091C00067
:10EF700080648093C0000DE30093C6008091C000C0
:10EF800086FFFCCF8091C00080648093C00010E2B7
:10EF90001093C6008091C00086FFFCCF8091C00016
:10EFA00080648093C0008BBEF3012791C65DDE4F65
:10EFB0002883CA52D140A22EBB24CC24DD2408943D
:10EFC000611C711C811C911C8BBEF3018791282E42
:10EFD0003324442455240894611C711C811C911C09
:10EFE0008BBEF3013791C55DDE4F3883CB52D140E4
:10EFF0000894611C711C811C911C8BBEF30147910C
:10F00000C45DDE4F4883CC52D140ADEFEA2EAFEF66
:10F01000FA2EAFEF0A2FAFEF1A2F6E0C7F1C801E57
:10F02000911E142D032DF22CEE24EA0CFB1C0C1D5A
:10F030001D1D0F940DF220E22093C6008091C000A8
:10F0400086FFFCCF8091C00080648093C000C65DC5
:10F05000DE4F8881CA52D1400F940DF230E23093D6
:10F06000C6008091C00086FFFCCF8091C000806404
:10F070008093C000C45DDE4F8881CC52D1400F9494
:10F080000DF240E24093C6008091C00086FFFCCFA5
:10F090008091C00080648093C000C55DDE4F888190
:10F0A000CB52D1400F940DF250E25093C6008091A4
:10F0B000C00086FFFCCF8091C00080648093C000B8
:10F0C0008FEFE8168FEFF80680E0080780E018075A
:10F0D00031F484E092EE60E00F94C2F1DFC0D80119
:10F0E000C7018070907CA070B0708050904CA040A0
:10F0F000B040D1F52FEF3FE340E050E0E222F322B1
:10F1000004231523CA5DDE4FA880B980CA80DB8046
:10F11000C652D140AE0CBF1CC01ED11EAA0CBB1CD7
:10F12000CC1CDD1C8EE092EE60E00F94C2F1BB2798
:10F13000A12F902F8F2D0F940DF28E2D0F940DF285
:10F1400030E23093C6008091C00086FFFCCF8091F2
:10F15000C00080648093C0004EE34093C60080915D
:10F16000C00086FFFCCF87C08EE09EEFA0E0B0E03D
:10F17000E822F9220A231B239CE0E91694E9F90608
:10F1800090E0090790E0190709F088C0C45DDE4FE0
:10F19000A881CC52D140EA2EFF2400E010E0102FCD
:10F1A0000F2DFE2CEE24C55DDE4FB881CB52D14031
:10F1B000EB0EF11C011D111DD601C501817090706F
:10F1C000A070B070DC0199278827E80EF91E0A1F8D
:10F1D0001B1F20EF30E040E050E0A222B322C42207
:10F1E000D52241E1AA0CBB1CCC1CDD1C4A95D1F7F1
:10F1F000EA0CFB1C0C1D1D1D81E090E0A0E0B0E0BE
:10F20000282239224A225B2235E1220C331C441C7D
:10F21000551C3A95D1F7E20CF31C041D151D57013E
:10F220006801AA0CBB1CCC1CDD1C85E192EE60E0E1
:10F230000F94C2F1C801AA27BB270F940DF2BB2778
:10F24000A12F902F8F2D0F940DF28E2D0F940DF274
:10F2500090E29093C6008091C00086FFFCCF809121
:10F26000C00080648093C000AEE3A093C60080918C
:10F27000C00086FFFCCF8091C00080648093C000F6
:10F28000C601AA27BB270F940DF2BB27AD2D9C2DDD
:10F290008B2D0F940DF28A2D0F940DF20F94DCF14B
:10F2A000CC5DDE4FE881F981C452D140F99709F471
:10F2B0004DCBF4E0EF2EF12C012D112D6E0C7F1CA7
:10F2C000801E911EF2CD83E093EE62E00F94F5F183
:10F2D0008AE192EE60E00F94C2F18091C00087FF56
:10F2E000FCCF1091C6001F751093C6008091C0001E
:10F2F00086FFFCCF8091C00080648093C0000F9493
:10F30000DCF1812F81548A3108F036C1163409F4BA
:10F3100095C0173490F4133409F44EC0143430F40B
:10F320001134F1F0123409F01DC130C0143409F465
:10F3300059C0153409F016C16BC01A3409F4C4C0A1
:10F340001B3438F4173409F48FC0183409F00AC19B
:10F35000A1C01B3409F4D2C01C3409F003C1E8C0B9
:10F360008FEF81B90DC082B1809582B980E090E0C5
:10F37000E0EDF7E03197F1F70196883C9105C1F790
:10F380008091C00087FFEFCF12B8EFC08FEF84B934
:10F390000DC085B1809585B980E090E0E0EDF7E0A3
:10F3A0003197F1F70196883C9105C1F78091C00033
:10F3B00087FFEFCF15B8D9C08FEF87B90DC088B1DF
:10F3C000809588B980E090E0E0EDF7E03197F1F7C3
:10F3D0000196883C9105C1F78091C00087FFEFCF6F
:10F3E00018B8C3C08FEF8AB90DC08BB180958BB9A7
:10F3F00080E090E0E0EDF7E03197F1F70196883C8E
:10F400009105C1F78091C00087FFEFCF1BB8ADC059
:10F410008FEF8DB90DC08EB180958EB980E090E0F0
:10F42000E0EDF7E03197F1F70196883C9105C1F7DF
:10F430008091C00087FFEFCF1EB897C08FEF80BBD1
:10F440000DC081B3809581BB80E090E0E0EDF7E0F6
:10F450003197F1F70196883C9105C1F78091C00082
:10F4600087FFEFCF11BA81C08FEF83BB0DC084B38C
:10F47000809584BB80E090E0E0EDF7E03197F1F714
:10F480000196883C9105C1F78091C00087FFEFCFBE
:10F4900014BA6BC08FEF809301010FC080910201FD
:10F4A00080958093020180E090E0E0EDF7E03197F5
:10F4B000F1F70196883C9105C1F78091C00087FF64
:10F4C000EDCF1092020151C08FEF809304010FC065
:10F4D0008091050180958093050180E090E0E0ED4A
:10F4E000F7E03197F1F70196883C9105C1F78091DB
:10F4F000C00087FFEDCF1092050137C08FEF8093DA
:10F5000007010FC08091080180958093080180E079
:10F5100090E0E0EDF7E03197F1F70196883C910536
:10F52000C1F78091C00087FFEDCF109208011DC088
:10F530008FEF80930A010FC080910B01809580931B
:10F540000B0180E090E0E0EDF7E03197F1F70196F4
:10F55000883C9105C1F78091C00087FFEDCF1092E4
:10F560000B0103C085E292EEEEC98091C00087FFD7
:10F57000FCCF8091C600EAC988E392EEE4C98CE131
:10F5800091EEE1C988249924933011F1943028F444
:10F59000913089F09230B8F408C0953061F195301F
:10F5A000F0F0963009F048C043C02B3109F042C951
:10F5B00091E06BE13FC96227C15DDE4F2883CF52E6
:10F5C000D14092E037C9B22FA0E0622793E032C960
:10F5D000822F90E0A82BB92B622794E02BC92E3004
:10F5E00009F039C3622795E0C05DDE4F19821882A9
:10F5F000C053D1401FC9E1E0F0E0EC0FFD1FC05D3A
:10F60000DE4F08811981C053D140E00FF11F2083E4
:10F610000F5F1F4FC05DDE4F19830883C053D14079
:10F6200062270A171B0709F005C9D80196E002C92D
:10F63000261709F010C303C0973009F0FBC87724E0
:10F640009981933109F412C19431C8F4963009F4C8
:10F65000D8C0973050F4923009F406C1933009F4C1
:10F660006DC0913009F059C253C0913109F477C08F
:10F67000923108F0BBC0903109F04FC2F5C098310B
:10F6800009F487C0993150F4953109F4EFC09531F0
:10F6900008F4C6C1963109F040C2C2C19A3109F4DA
:10F6A0006CC09A3108F491C09B3109F45BC09D3164
:10F6B00009F033C29D81903359F48F81882311F46E
:10F6C0009EE11CC0813011F091E018C098E916C08D
:10F6D000892F807591F0903539F4E0E0F0E089E011
:10F6E0008093570094910AC0983539F4E3E0F0E034
:10F6F00089E080935700949101C090E01A821B82A8
:10F700008D818C831D829E831F8227E030E009C299
:10F710001A8288E08B8381E48C8386E58D8382E581
:10F720008E8389E48F8383E5888780E589878FE5E9
:10F730008A8782E38B872BE030E0F3C18A818139AD
:10F7400041F0823941F0803911F48FE005C080E04A
:10F7500003C082E001C08AE01A828B8344C0772410
:10F76000739482C08D81882311F48EE12CC0813086
:10F7700011F081E028C088E926C01A82E1E0F0E0BB
:10F7800089E08093570084918B831C8224E030E0D1
:10F79000C8C18B81803589F48C81883039F4E2E0EE
:10F7A000F0E089E08093570084910DC0E0E0F0E044
:10F7B00089E080935700849106C0E3E0F0E089E09F
:10F7C0008093570084911A82DFCF8D81836C99E0FA
:10F7D000E1E0F0E0082E90935700E89507B600FCB2
:10F7E000FDCF1A821B8223E030E09BC180EC8A832C
:10F7F000CE5CDE4F188219821A821B82C253D1401E
:10F800008EC18A8190E0A0E0B0E0582F44273327D2
:10F8100022278B8190E0A0E0B0E0DC0199278827C7
:10F82000282B392B4A2B5B2B8D8190E0A0E0B0E098
:10F83000282B392B4A2B5B2B8C8190E0A0E0B0E089
:10F84000BA2FA92F982F8827282B392B4A2B5B2BCF
:10F85000220F331F441F551FC05EDE4F288339839C
:10F860004A835B83C052D1401A8259C13A81C95C34
:10F87000DE4F3883C753D140CA5CDE4F1882C6536F
:10F88000D1408B81C82EDD24CA5CDE4F488159816E
:10F89000C653D140C42AD52A933109F082C0CE5C28
:10F8A000DE4F88819981AA81BB81C253D1408050AB
:10F8B000904CA340B04030F583E0CE5CDE4FE88052
:10F8C000F9800A811B81C253D140F70100935B008C
:10F8D00080935700E89507B600FCFDCFCE5CDE4F65
:10F8E000088119812A813B81C253D14000501F4FAA
:10F8F0002F4F3F4FCE5CDE4F088319832A833B8313
:10F90000C253D140C05EDE4F488159816A817B81FC
:10F91000C052D140DE011B9631E08C9111962C91A2
:10F9200011971296C75CDE4F2883C953D140C85C3B
:10F93000DE4F1882C853D14090E0C85CDE4FE881AA
:10F94000F981C853D1408E2B9F2B0C01FA01609393
:10F950005B0030935700E89511244E5F5F4F6F4F67
:10F960007F4F0EEFE02E0FEFF02ECE0CDF1CC114F8
:10F97000D10499F685E0C05EDE4F088119812A81A5
:10F980003B81C052D140F80120935B008093570027
:10F99000E89507B600FCFDCF81E180935700E8951C
:10F9A00035C0C05EDE4F88819981AA81BB81C0527B
:10F9B000D140B695A795979587957C018601ABE0D8
:10F9C000AA2EB12CAC0EBD1E0BC0D5016D915D01F0
:10F9D000C7010F947FFE0894E11CF11C01501040F8
:10F9E0000115110591F7A60160E070E0440F551F65
:10F9F000661F771FC05EDE4FE880F9800A811B8199
:10FA0000C052D1404E0D5F1D601F711F1A82C05E33
:10FA1000DE4F488359836A837B83C052D1407FC0C5
:10FA2000FA80C55CDE4FF882CB53D140C65CDE4F16
:10FA30001882CA53D1408B81C82EDD24C65CDE4FAC
:10FA400008811981CA53D140C02AD12A1A828981DA
:10FA5000BE016D5F7F4F843121F59601C05EDE4FA0
:10FA6000E880F9800A811B81C052D1400BBFF701A9
:10FA700087919691DB018C9311969C936E5F7F4FDB
:10FA8000D801C7010296A11DB11DC05EDE4F88835B
:10FA90009983AA83BB83C052D14022503040F1F6F3
:10FAA00036C0C05EDE4F288139814A815B81C052F9
:10FAB000D1400894C108D108760100E010E0089414
:10FAC000C11CD11C0894E11CF11C011D111DE20E8A
:10FAD000F31E041F151F21BDBB27A52F942F832FB5
:10FAE00082BD2F5F3F4F4F4F5F4FF89A80B5DB01CC
:10FAF0008D93BD012E153F054007510761F7C05E8C
:10FB0000DE4F288339834A835B83C052D1409601FC
:10FB10002D5F3F4FFB01108204C080EC8A8322E0FE
:10FB200030E08BE18093C6008091C00086FFFCCF5F
:10FB30008091C00080648093C000C15DDE4FF88179
:10FB4000CF52D140F093C6008091C00086FFFCCF19
:10FB50008091C00080648093C000432F3093C60022
:10FB60008091C00086FFFCCF8091C00080648093AC
:10FB7000C000922F2093C6008091C00086FFFCCF6A
:10FB80008091C00080648093C0008EE08093C600A6
:10FB90008091C00086FFFCCF8091C000806480937C
:10FBA000C00065E1C15DDE4FE880CF52D1406E25D7
:10FBB00069276427FE01319610C090819093C6009A
:10FBC0008091C00086FFFCCF31968091C000806498
:10FBD0008093C0006927215030402115310569F715
:10FBE0006093C6008091C00086FFFCCF8091C0006A
:10FBF00080648093C00085B1805885B9772081F4F6
:10FC0000C15DDE4F0881CF52D1400F5FC15DDE4F35
:10FC10000883CF52D14090E0A0E0B0E00D941AF4F8
:10FC200027982F9880E090E020ED37E0F901319798
:10FC3000F1F7019684369105C9F700008091C00064
:10FC40008D7F8093C00081E180935700E895EE2777
:10FC5000FF270994FFCF90E00D941AF497FB092E2B
:10FC600007260AD077FD04D02ED006D000201AF443
:10FC7000709561957F4F0895F6F7909581959F4F08
:10FC80000895A1E21A2EAA1BBB1BFD010DC0AA1FDD
:10FC9000BB1FEE1FFF1FA217B307E407F50720F0F5
:10FCA000A21BB30BE40BF50B661F771F881F991F70
:10FCB0001A9469F760957095809590959B01AC01B9
:10FCC000BD01CF010895AA1BBB1B51E107C0AA1FAC
:10FCD000BB1FA617B70710F0A61BB70B881F991FED
:10FCE0005A95A9F780959095BC01CD010895F99991
:10FCF000FECF92BD81BDF89A992780B50895262F31
:10FD0000F999FECF1FBA92BD81BD20BD0FB6F89400
:0EFD1000FA9AF99A0FBE01960895F894FFCF63
:00000001FF
