#line 1 "C:\\Users\\pdr0663\\PDR-16_XT\\firmware\\mega\\pdr_vm\\generated\\pdr16_xt_forth_image.h"
#ifndef PDR16_XT_FORTH_IMAGE_H
#define PDR16_XT_FORTH_IMAGE_H

#include <avr/pgmspace.h>
#include <stdint.h>

#define PDR16_XT_ROM_WORDS 32768u
#define PDR16_XT_ROM_CHUNK_WORDS 8192u
#define PDR16_XT_ROM_CHUNK_COUNT 4u

static const uint16_t pdr16_xt_forth_rom_chunk_0[8192] PROGMEM = {
    0x0001, 0x284C, 0x0000, 0x0000, 0x0000, 0x0000, 0xF97F, 0xFE7F,
    0x0002, 0x0003, 0x124E, 0x122A, 0x0003, 0x1323, 0x27BD, 0x1066,
    0x000A, 0x000A, 0x0000, 0x0000, 0x0000, 0x0000, 0x0000, 0x0000,
    0x0000, 0x0000, 0x0000, 0x0000, 0x0000, 0xFA80, 0x0000, 0x0000,
    0x0000, 0x0000, 0x0000, 0x0000, 0x0000, 0x0000, 0x0000, 0x0000,
    0x0000, 0x0000, 0x0000, 0x0000, 0x0000, 0x0000, 0x0000, 0x0000,
    0x0000, 0x0000, 0x0000, 0x0000, 0xFEE2, 0x0000, 0x0000, 0x0000,
    0x0000, 0x0000, 0x0000, 0x0000, 0x0000, 0x0000, 0x0000, 0x0000,
    0x0000, 0x0000, 0x8000, 0xF580, 0xFA00, 0x50D4, 0x0000, 0x0000,
    0x0000, 0x0000, 0x0000, 0x0000, 0x0000, 0x0000, 0x0000, 0x0000,
    0x0000, 0x0000, 0x0000, 0x0000, 0x0000, 0x0000, 0x0000, 0x0000,
    0x0000, 0x0000, 0x0000, 0x0000, 0x0000, 0x0000, 0x0000, 0x0000,
    0x0000, 0x0000, 0x0000, 0x0000, 0x0000, 0x2887, 0x0000, 0x0895,
    0x1896, 0x0D6A, 0x0000, 0x165A, 0x0EEA, 0x0000, 0x3A84, 0x29C9,
    0x2978, 0x299D, 0x26F9, 0x2996, 0x2920, 0x292C, 0x298D, 0x0000,
    0x0000, 0x0000, 0x0000, 0x0000, 0x0000, 0x0000, 0x29D7, 0x29CE,
    0x29BB, 0x29A2, 0x29C2, 0x2871, 0x288C, 0x3DA1, 0x3D04, 0x3D67,
    0x3ADB, 0x50C0, 0x41C8, 0x30AE, 0x309C, 0x3AA0, 0x0000, 0x0B3F,
    0x3B97, 0x2836, 0x50D4, 0x28F7, 0x232A, 0x3A54, 0x3B3C, 0x3DE7,
    0x1D05, 0x3A78, 0x27B1, 0x30C5, 0x3D70, 0x3D7A, 0x2964, 0x16BE,
    0x0EF2, 0x1652, 0x11FE, 0x2584, 0x0000, 0x1246, 0x0000, 0x0000,
    0x25A0, 0x0000, 0x0000, 0x0000, 0x27B9, 0x0000, 0x0000, 0x1224,
    0x0000, 0x0000, 0x0000, 0x0000, 0x0E6F, 0x0000, 0x0000, 0x08A0,
    0x2878, 0x0000, 0x0000, 0x0000, 0x0000, 0x0000, 0x0000, 0x0000,
    0x0000, 0x0000, 0x41C1, 0x0000, 0x0000, 0x0000, 0x0000, 0x0000,
    0x0000, 0x0000, 0x0000, 0x0000, 0x0000, 0x0000, 0x0000, 0x0000,
    0x0000, 0x0000, 0x0000, 0x0000, 0x0000, 0x0000, 0x0000, 0x0000,
    0x0000, 0x0000, 0x0000, 0x0000, 0x0000, 0x0000, 0x0000, 0x0000,
    0x0000, 0x0000, 0x0000, 0x0000, 0x0000, 0x0000, 0x0000, 0x0000,
    0x0000, 0x0000, 0x0000, 0x0000, 0x0000, 0x0000, 0x0000, 0x0000,
    0x0000, 0x0000, 0x0000, 0x0000, 0x0000, 0x0000, 0x0000, 0x0000,
    0x0000, 0x0000, 0x0000, 0x0000, 0x0000, 0x0000, 0x0000, 0x0000,
    0x0000, 0x0000, 0x0000, 0x0000, 0x0000, 0x0000, 0x0000, 0x0000,
    0x0000, 0x0000, 0x0000, 0x0000, 0x0000, 0x0000, 0x0000, 0x0000,
    0x0000, 0x0000, 0x0000, 0x0000, 0x0000, 0x0000, 0x0000, 0x0000,
    0x0000, 0x0000, 0x0000, 0x0000, 0x0000, 0x0000, 0x0000, 0x0000,
    0x0000, 0x0000, 0x0000, 0x0000, 0x0000, 0x0000, 0x0000, 0x0000,
    0x0000, 0x0000, 0x0000, 0x0000, 0x0000, 0x0000, 0x0000, 0x0000,
    0x0000, 0x0000, 0x0000, 0x0000, 0x0000, 0x0000, 0x0000, 0x0000,
    0x0000, 0x0000, 0x0000, 0x0000, 0x0000, 0x0000, 0x0000, 0x0000,
    0x0000, 0x0000, 0x0000, 0x0000, 0x0000, 0x0000, 0x0000, 0x0000,
    0x0000, 0x0000, 0x0000, 0x0000, 0x0000, 0x0000, 0x0000, 0x0000,
    0x0000, 0x0000, 0x0000, 0x0000, 0x0000, 0x0000, 0x0000, 0x0000,
    0x0000, 0x0000, 0x0000, 0x0000, 0x0000, 0x0000, 0x0000, 0x0000,
    0x0000, 0x0000, 0x0000, 0x0000, 0x0000, 0x0000, 0x0000, 0x0000,
    0x0000, 0x0000, 0x0000, 0x0000, 0x0000, 0x0000, 0x0000, 0x0000,
    0x0000, 0x0000, 0x0000, 0x0000, 0x0000, 0x0000, 0x0000, 0x0000,
    0x0000, 0x0000, 0x0000, 0x0000, 0x0000, 0x0000, 0x0000, 0x0000,
    0x0000, 0x0000, 0x0000, 0x0000, 0x0000, 0x0000, 0x0000, 0x0000,
    0x0000, 0x0000, 0x0000, 0x0000, 0x0000, 0x0000, 0x0000, 0x0000,
    0x0000, 0x0000, 0x0000, 0x0000, 0x0000, 0x0000, 0x0000, 0x0000,
    0x0000, 0x0000, 0x0000, 0x0000, 0x0000, 0x0000, 0x0000, 0x0000,
    0x0000, 0x0000, 0x0000, 0x0000, 0x0000, 0x0000, 0x0000, 0x0000,
    0x0000, 0x0000, 0x0000, 0x0000, 0x0000, 0x0000, 0x0000, 0x0000,
    0x0000, 0x0000, 0x0000, 0x0000, 0x0000, 0x0000, 0x0000, 0x0000,
    0x0000, 0x0000, 0x0000, 0x0000, 0x0000, 0x0000, 0x0000, 0x0000,
    0x0000, 0x0000, 0x0000, 0x0000, 0x0000, 0x0000, 0x0000, 0x0000,
    0x0000, 0x0000, 0x0000, 0x0000, 0x0000, 0x0000, 0x0000, 0x0000,
    0x0000, 0x0000, 0x0000, 0x0000, 0x0000, 0x0000, 0x0000, 0x0000,
    0x0000, 0x0000, 0x0000, 0x0000, 0x0000, 0x0000, 0x0000, 0x0000,
    0x0000, 0x0000, 0x0000, 0x0000, 0x0000, 0x0000, 0x0000, 0x0000,
    0x0000, 0x0000, 0x0000, 0x0000, 0x0000, 0x0000, 0x0000, 0x0000,
    0x0000, 0x0000, 0x0000, 0x0000, 0x0000, 0x0000, 0x0000, 0x0000,
    0x0000, 0x0000, 0x0000, 0x0000, 0x0000, 0x0000, 0x0000, 0x0000,
    0x0000, 0x6003, 0x0053, 0x0050, 0x0030, 0x0004, 0x0004, 0x04A4,
    0x000D, 0x29CC, 0x000B, 0x0000, 0x6003, 0x0052, 0x0050, 0x0030,
    0x0004, 0x0005, 0x04A4, 0x000D, 0x29CC, 0x000B, 0x0000, 0xB205,
    0x0027, 0x003F, 0x004B, 0x0045, 0x0059, 0x0004, 0x0006, 0x04A4,
    0x000D, 0x29CC, 0x000B, 0x0216, 0xA805, 0x0027, 0x0045, 0x004D,
    0x0049, 0x0054, 0x0004, 0x0007, 0x04A4, 0x000D, 0x29CC, 0x000B,
    0x0223, 0xA807, 0x0027, 0x0045, 0x0058, 0x0050, 0x0045, 0x0043,
    0x0054, 0x0004, 0x0008, 0x04A4, 0x000D, 0x29CC, 0x000B, 0x0230,
    0xA004, 0x0027, 0x0054, 0x0041, 0x0050, 0x0004, 0x0009, 0x04A4,
    0x000D, 0x29CC, 0x000B, 0x023F, 0x9E05, 0x0027, 0x0045, 0x0043,
    0x0048, 0x004F, 0x0004, 0x000A, 0x04A4, 0x000D, 0x29CC, 0x000B,
    0x024B, 0xA807, 0x0027, 0x0050, 0x0052, 0x004F, 0x004D, 0x0050,
    0x0054, 0x0004, 0x000B, 0x04A4, 0x000D, 0x29CC, 0x000B, 0x0258,
    0xA805, 0x0027, 0x0042, 0x004F, 0x004F, 0x0054, 0x0004, 0x000C,
    0x04A4, 0x000D, 0x29CC, 0x000B, 0x0267, 0x8805, 0x0027, 0x0046,
    0x0049, 0x004E, 0x0044, 0x0004, 0x000D, 0x04A4, 0x000D, 0x29CC,
    0x000B, 0x0000, 0x8A04, 0x0042, 0x0041, 0x0053, 0x0045, 0x0004,
    0x000E, 0x04A4, 0x000D, 0x29CC, 0x000B, 0x0281, 0x8808, 0x0042,
    0x0041, 0x0053, 0x0045, 0x0048, 0x004F, 0x004C, 0x0044, 0x0004,
    0x000F, 0x04A4, 0x000D, 0x29CC, 0x000B, 0x0000, 0xE043, 0x0074,
    0x006D, 0x0070, 0x0004, 0x0010, 0x04A4, 0x000D, 0x29CC, 0x000B,
    0x0200, 0xB004, 0x0053, 0x0054, 0x0052, 0x0058, 0x0004, 0x0011,
    0x04A4, 0x000D, 0x29CC, 0x000B, 0x0000, 0xC204, 0x0025, 0x006D,
    0x0074, 0x0061, 0x0004, 0x0012, 0x04A4, 0x000D, 0x29CC, 0x000B,
    0x02B4, 0xEA04, 0x0025, 0x006D, 0x0074, 0x0075, 0x0004, 0x0013,
    0x04A4, 0x000D, 0x29CC, 0x000B, 0x02C0, 0xEE04, 0x0025, 0x006D,
    0x0074, 0x0077, 0x0004, 0x0014, 0x04A4, 0x000D, 0x29CC, 0x000B,
    0x02CC, 0xE004, 0x0025, 0x006D, 0x0074, 0x0070, 0x0004, 0x0015,
    0x04A4, 0x000D, 0x29CC, 0x000B, 0x02D8, 0xCC04, 0x0025, 0x006D,
    0x0074, 0x0066, 0x0004, 0x0016, 0x04A4, 0x000D, 0x29CC, 0x000B,
    0x02E4, 0xD804, 0x0025, 0x006D, 0x0074, 0x006C, 0x0004, 0x0017,
    0x04A4, 0x000D, 0x29CC, 0x000B, 0x02A8, 0x9C04, 0x0053, 0x0050,
    0x0041, 0x004E, 0x0004, 0x0018, 0x04A4, 0x000D, 0x29CC, 0x000B,
    0x0000, 0x9C03, 0x003E, 0x0049, 0x004E, 0x0004, 0x0019, 0x04A4,
    0x000D, 0x29CC, 0x000B, 0x0000, 0x8404, 0x0023, 0x0054, 0x0049,
    0x0042, 0x0004, 0x001A, 0x04A4, 0x000D, 0x29CC, 0x000B, 0x0000,
    0xA003, 0x0043, 0x0053, 0x0050, 0x0004, 0x001C, 0x04A4, 0x000D,
    0x29CC, 0x000B, 0x02FC, 0x8A05, 0x0053, 0x0054, 0x0041, 0x0054,
    0x0045, 0x0004, 0x001D, 0x04A4, 0x000D, 0x29CC, 0x000B, 0x0000,
    0x8803, 0x0048, 0x004C, 0x0044, 0x0004, 0x001E, 0x04A4, 0x000D,
    0x29CC, 0x000B, 0x0337, 0xA407, 0x0048, 0x0041, 0x004E, 0x0044,
    0x004C, 0x0045, 0x0052, 0x0004, 0x001F, 0x04A4, 0x000D, 0x29CC,
    0x000B, 0x0000, 0x8809, 0x0045, 0x004B, 0x0045, 0x0059, 0x002D,
    0x0048, 0x0045, 0x0041, 0x0044, 0x0004, 0x0020, 0x04A4, 0x000D,
    0x29CC, 0x000B, 0x0000, 0x9809, 0x0045, 0x004B, 0x0045, 0x0059,
    0x002D, 0x0054, 0x0041, 0x0049, 0x004C, 0x0004, 0x0021, 0x04A4,
    0x000D, 0x29CC, 0x000B, 0x0000, 0x8608, 0x0046, 0x004F, 0x0052,
    0x0054, 0x0048, 0x0056, 0x004F, 0x0043, 0x0004, 0x0032, 0x04A4,
    0x000D, 0x29CC, 0x000B, 0x031F, 0xA807, 0x0043, 0x004F, 0x004E,
    0x0054, 0x0045, 0x0058, 0x0054, 0x0004, 0x0035, 0x04A4, 0x000D,
    0x29CC, 0x000B, 0x0383, 0xA807, 0x0043, 0x0055, 0x0052, 0x0052,
    0x0045, 0x004E, 0x0054, 0x0004, 0x003E, 0x04A4, 0x000D, 0x29CC,
    0x000B, 0x0392, 0xA002, 0x0043, 0x0050, 0x0004, 0x0040, 0x04A4,
    0x000D, 0x29CC, 0x000B, 0x0000, 0x8C06, 0x0054, 0x004F, 0x004B,
    0x0042, 0x0055, 0x0046, 0x0004, 0x0041, 0x04A4, 0x000D, 0x29CC,
    0x000B, 0x0000, 0xA002, 0x004C, 0x0050, 0x0004, 0x0042, 0x04A4,
    0x000D, 0x29CC, 0x000B, 0x03B9, 0xA804, 0x004C, 0x0041, 0x0053,
    0x0054, 0x0004, 0x0043, 0x04A4, 0x000D, 0x29CC, 0x000B, 0x0373,
    0x9C0A, 0x0046, 0x0049, 0x004E, 0x0044, 0x005F, 0x0054, 0x004F,
    0x004B, 0x0045, 0x004E, 0x0004, 0x0044, 0x04A4, 0x000D, 0x29CC,
    0x000B, 0x03CF, 0xA409, 0x0046, 0x0049, 0x004E, 0x0044, 0x005F,
    0x0043, 0x0048, 0x0041, 0x0052, 0x0004, 0x0045, 0x04A4, 0x000D,
    0x29CC, 0x000B, 0x03E1, 0xB008, 0x0046, 0x0049, 0x004E, 0x0044,
    0x005F, 0x004C, 0x0045, 0x0058, 0x0004, 0x0046, 0x04A4, 0x000D,
    0x29CC, 0x000B, 0x03F2, 0x8A0C, 0x0046, 0x0049, 0x004E, 0x0044,
    0x005F, 0x0050, 0x0052, 0x0049, 0x0056, 0x0041, 0x0054, 0x0045,
    0x0004, 0x0047, 0x04A4, 0x000D, 0x29CC, 0x000B, 0x0402, 0xA60A,
    0x0046, 0x0049, 0x004E, 0x0044, 0x005F, 0x0053, 0x0054, 0x0041,
    0x0054, 0x0053, 0x0004, 0x0048, 0x04A4, 0x000D, 0x29CC, 0x000B,
    0x0416, 0xA60B, 0x0046, 0x0049, 0x004E, 0x0044, 0x005F, 0x0056,
    0x0049, 0x0053, 0x0049, 0x0054, 0x0053, 0x0004, 0x0049, 0x04A4,
    0x000D, 0x29CC, 0x000B, 0x0428, 0xA60A, 0x0046, 0x0049, 0x004E,
    0x0044, 0x005F, 0x0046, 0x0055, 0x004C, 0x004C, 0x0053, 0x0004,
    0x004A, 0x04A4, 0x000D, 0x29CC, 0x000B, 0x043B, 0xA808, 0x0046,
    0x0049, 0x004E, 0x0044, 0x005F, 0x0048, 0x0049, 0x0054, 0x0004,
    0x004B, 0x04A4, 0x000D, 0x29CC, 0x000B, 0x0000, 0xA609, 0x0049,
    0x004D, 0x0047, 0x002D, 0x0043, 0x0045, 0x004C, 0x004C, 0x0053,
    0x0004, 0x004C, 0x04A4, 0x000D, 0x29CC, 0x000B, 0x045D, 0xAE04,
    0x0049, 0x004D, 0x0047, 0x0057, 0x0004, 0x004D, 0x04A4, 0x000D,
    0x29CC, 0x000B, 0x044D, 0xA80B, 0x0046, 0x0049, 0x004E, 0x0044,
    0x005F, 0x0042, 0x0055, 0x0043, 0x004B, 0x0045, 0x0054, 0x0004,
    0x004E, 0x04A4, 0x000D, 0x29CC, 0x000B, 0x028D, 0x880B, 0x0042,
    0x0055, 0x0043, 0x004B, 0x0045, 0x0054, 0x005F, 0x0048, 0x0045,
    0x0041, 0x0044, 0x0004, 0x004F, 0x04A4, 0x000D, 0x29CC, 0x000B,
    0x0000, 0xA002, 0x0055, 0x0050, 0x0006, 0xFE80, 0x0000, 0xA446,
    0x0064, 0x006F, 0x0055, 0x0053, 0x0045, 0x0052, 0x0012, 0x000D,
    0x04A4, 0x000D, 0x29CC, 0x000B, 0x0000, 0x8A0D, 0x004D, 0x004F,
    0x0044, 0x0055, 0x004C, 0x0045, 0x005F, 0x0041, 0x0043, 0x0054,
    0x0049, 0x0056, 0x0045, 0x0004, 0x0050, 0x04A4, 0x000D, 0x29CC,
    0x000B, 0x0000, 0x880D, 0x004D, 0x004F, 0x0044, 0x0055, 0x004C,
    0x0045, 0x005F, 0x0046, 0x0041, 0x0049, 0x004C, 0x0045, 0x0044,
    0x0004, 0x0051, 0x04A4, 0x000D, 0x29CC, 0x000B, 0x0000, 0xA80B,
    0x004D, 0x004F, 0x0044, 0x0055, 0x004C, 0x0045, 0x005F, 0x004C,
    0x0041, 0x0053, 0x0054, 0x0004, 0x0052, 0x04A4, 0x000D, 0x29CC,
    0x000B, 0x0000, 0xA009, 0x004D, 0x004F, 0x0044, 0x0055, 0x004C,
    0x0045, 0x005F, 0x0043, 0x0050, 0x0004, 0x0053, 0x04A4, 0x000D,
    0x29CC, 0x000B, 0x0000, 0x860F, 0x004D, 0x004F, 0x0044, 0x0055,
    0x004C, 0x0045, 0x005F, 0x0046, 0x004F, 0x0052, 0x0054, 0x0048,
    0x0056, 0x004F, 0x0043, 0x0004, 0x0054, 0x04A4, 0x000D, 0x29CC,
    0x000B, 0x0000, 0xA80E, 0x004D, 0x004F, 0x0044, 0x0055, 0x004C,
    0x0045, 0x005F, 0x0043, 0x004F, 0x004E, 0x0054, 0x0045, 0x0058,
    0x0054, 0x0004, 0x0057, 0x04A4, 0x000D, 0x29CC, 0x000B, 0x0000,
    0xA80E, 0x004D, 0x004F, 0x0044, 0x0055, 0x004C, 0x0045, 0x005F,
    0x0043, 0x0055, 0x0052, 0x0052, 0x0045, 0x004E, 0x0054, 0x0004,
    0x0060, 0x04A4, 0x000D, 0x29CC, 0x000B, 0x0000, 0x8645, 0x0064,
    0x006F, 0x0056, 0x004F, 0x0043, 0x0012, 0x000D, 0x0FB8, 0x038C,
    0x06B0, 0x000C, 0x037D, 0x038C, 0x06B0, 0x06B0, 0x000C, 0x0004,
    0x0000, 0x038C, 0x06B0, 0x06B0, 0x06B0, 0x000C, 0x038C, 0x06B0,
    0x038C, 0x000C, 0x000B, 0x047A, 0x9005, 0x0046, 0x004F, 0x0052,
    0x0054, 0x0048, 0x037D, 0x0018, 0x038C, 0x000C, 0x0017, 0x000B,
    0x0000, 0xA004, 0x003F, 0x0044, 0x0055, 0x0050, 0x0018, 0x0008,
    0x057B, 0x0018, 0x000B, 0x000B, 0x020B, 0xA803, 0x0052, 0x004F,
    0x0054, 0x0014, 0x0019, 0x0012, 0x0019, 0x000B, 0x0000, 0xA005,
    0x0032, 0x0044, 0x0052, 0x004F, 0x0050, 0x0017, 0x0017, 0x000B,
    0x0000, 0x8A07, 0x0044, 0x004E, 0x0045, 0x0047, 0x0041, 0x0054,
    0x0045, 0x0004, 0xFFFF, 0x001E, 0x0014, 0x0004, 0xFFFF, 0x001E,
    0x0004, 0x0001, 0x001F, 0x0012, 0x001F, 0x0017, 0x000B, 0x0590,
    0x5602, 0x0044, 0x002B, 0x0014, 0x0019, 0x0014, 0x001F, 0x0012,
    0x0012, 0x001F, 0x0017, 0x001F, 0x0017, 0x000B, 0x04A0, 0x7802,
    0x0055, 0x003C, 0x001A, 0x001A, 0x001E, 0x001B, 0x0008, 0x05C4,
    0x0019, 0x0017, 0x001B, 0x000B, 0x29A0, 0x001B, 0x000B, 0x0000,
    0x7801, 0x003C, 0x2993, 0x001E, 0x001B, 0x0008, 0x05D2, 0x0017,
    0x001B, 0x000B, 0x29A0, 0x001B, 0x000B, 0x0000, 0xB003, 0x004D,
    0x0041, 0x0058, 0x2993, 0x05CA, 0x0008, 0x05DF, 0x0019, 0x0017,
    0x000B, 0x05D5, 0x9C03, 0x004D, 0x0049, 0x004E, 0x2993, 0x0019,
    0x05CA, 0x0008, 0x05EC, 0x0019, 0x0017, 0x000B, 0x0000, 0x9C06,
    0x0057, 0x0049, 0x0054, 0x0048, 0x0049, 0x004E, 0x001A, 0x29A0,
    0x0014, 0x29A0, 0x0012, 0x05BA, 0x000B, 0x05B6, 0x8806, 0x0055,
    0x004D, 0x002F, 0x004D, 0x004F, 0x0044, 0x2993, 0x05BA, 0x0008,
    0x0631, 0x0037, 0x0004, 0xFFF0, 0x0014, 0x0014, 0x0018, 0x001F,
    0x0014, 0x0014, 0x0018, 0x001F, 0x0012, 0x29CC, 0x0018, 0x0012,
    0x0013, 0x0019, 0x0014, 0x001F, 0x0012, 0x001D, 0x0008, 0x0628,
    0x0014, 0x0017, 0x0004, 0x0001, 0x29CC, 0x0012, 0x0009, 0x0629,
    0x0017, 0x0012, 0x0007, 0x060D, 0x0012, 0x0017, 0x0017, 0x0019,
    0x000B, 0x0017, 0x058D, 0x0004, 0xFFFF, 0x0018, 0x000B, 0x05E1,
    0x8805, 0x004D, 0x002F, 0x004D, 0x004F, 0x0044, 0x0018, 0x001B,
    0x0018, 0x0014, 0x0008, 0x0648, 0x0037, 0x0014, 0x0599, 0x0012,
    0x0014, 0x0018, 0x001B, 0x0008, 0x064F, 0x0013, 0x29CC, 0x0012,
    0x0605, 0x0012, 0x0008, 0x0657, 0x0019, 0x0037, 0x0019, 0x000B,
    0x0000, 0x8804, 0x002F, 0x004D, 0x004F, 0x0044, 0x001A, 0x001B,
    0x0019, 0x063E, 0x000B, 0x0637, 0x8803, 0x004D, 0x004F, 0x0044,
    0x065E, 0x0017, 0x000B, 0x05FD, 0x5423, 0x0055, 0x004D, 0x002A,
    0x0033, 0x000B, 0x0000, 0x5401, 0x002A, 0x0033, 0x0017, 0x000B,
    0x0663, 0x5402, 0x004D, 0x002A, 0x2993, 0x001E, 0x001B, 0x0014,
    0x2987, 0x0019, 0x2987, 0x0033, 0x0012, 0x0008, 0x0688, 0x0599,
    0x000B, 0x0672, 0x8805, 0x002A, 0x002F, 0x004D, 0x004F, 0x0044,
    0x0014, 0x067C, 0x0012, 0x063E, 0x000B, 0x0689, 0x5E02, 0x002A,
    0x002F, 0x0690, 0x0019, 0x0017, 0x000B, 0x03A1, 0x5A05, 0x0043,
    0x0045, 0x004C, 0x004C, 0x002D, 0x0004, 0xFFFF, 0x001F, 0x0017,
    0x000B, 0x069D, 0x5605, 0x0043, 0x0045, 0x004C, 0x004C, 0x002B,
    0x0004, 0x0001, 0x001F, 0x0017, 0x000B, 0x06A9, 0xA605, 0x0043,
    0x0045, 0x004C, 0x004C, 0x0053, 0x000B, 0x0000, 0x8807, 0x0041,
    0x004C, 0x0049, 0x0047, 0x004E, 0x0045, 0x0044, 0x000B, 0x048D,
    0x9802, 0x0042, 0x004C, 0x0004, 0x0020, 0x000B, 0x0308, 0xA405,
    0x003E, 0x0043, 0x0048, 0x0041, 0x0052, 0x0004, 0x007F, 0x001C,
    0x0018, 0x0004, 0x007F, 0x06CB, 0x05F6, 0x0008, 0x06E2, 0x0017,
    0x0004, 0x005F, 0x000B, 0x05A7, 0x9005, 0x0044, 0x0045, 0x0050,
    0x0054, 0x0048, 0x0205, 0x000D, 0x0015, 0x29A0, 0x0004, 0x0001,
    0x29A0, 0x000B, 0x0000, 0x9604, 0x0050, 0x0049, 0x0043, 0x004B,
    0x0004, 0x0001, 0x29CC, 0x06BC, 0x0015, 0x29CC, 0x000D, 0x000B,
    0x0000, 0x4202, 0x002B, 0x0021, 0x0019, 0x001A, 0x000D, 0x001F,
    0x0017, 0x0019, 0x000C, 0x000B, 0x0586, 0x4202, 0x0032, 0x0021,
    0x0019, 0x001A, 0x000C, 0x0004, 0x0001, 0x001F, 0x0017, 0x000C,
    0x000B, 0x070C, 0x8002, 0x0032, 0x0040, 0x0018, 0x0004, 0x0001,
    0x001F, 0x0017, 0x000D, 0x0019, 0x000D, 0x000B, 0x06B5, 0xA805,
    0x0043, 0x004F, 0x0055, 0x004E, 0x0054, 0x0018, 0x0004, 0x0001,
    0x001F, 0x0017, 0x0019, 0x000F, 0x000B, 0x0342, 0x8A04, 0x0048,
    0x0045, 0x0052, 0x0045, 0x03A5, 0x000D, 0x000B, 0x06F2, 0x8803,
    0x0050, 0x0041, 0x0044, 0x073B, 0x0004, 0x0050, 0x29CC, 0x000B,
    0x03AB, 0x8403, 0x0054, 0x0049, 0x0042, 0x0319, 0x06B0, 0x000D,
    0x000B, 0x0000, 0x8C07, 0x004C, 0x0049, 0x004E, 0x0045, 0x0042,
    0x0055, 0x0046, 0x0004, 0xFA00, 0x000B, 0x0000, 0xA84A, 0x004C,
    0x0049, 0x004E, 0x0045, 0x002D, 0x0052, 0x0045, 0x0053, 0x0045,
    0x0054, 0x0004, 0xFA00, 0x03BD, 0x000C, 0x000B, 0x0000, 0x5845,
    0x004C, 0x0049, 0x004E, 0x0045, 0x002C, 0x03BD, 0x000D, 0x0018,
    0x06B0, 0x03BD, 0x000C, 0x000C, 0x000B, 0x0000, 0xA848, 0x004C,
    0x0049, 0x004E, 0x0045, 0x002D, 0x004C, 0x0049, 0x0054, 0x0004,
    0x0004, 0x0775, 0x0775, 0x000B, 0x0000, 0x9C48, 0x004C, 0x0049,
    0x004E, 0x0045, 0x002D, 0x0052, 0x0055, 0x004E, 0x0004, 0x000B,
    0x0775, 0x0004, 0xFA00, 0x0014, 0x000B, 0x0000, 0xA846, 0x0052,
    0x0055, 0x004E, 0x002D, 0x0058, 0x0054, 0x0769, 0x0775, 0x0796,
    0x0000, 0x8848, 0x004C, 0x0049, 0x004E, 0x0045, 0x002D, 0x0045,
    0x004E, 0x0044, 0x0004, 0x1323, 0x0775, 0x0004, 0x000B, 0x0775,
    0x0004, 0xFA00, 0x0014, 0x000B, 0x0726, 0x8A05, 0x0043, 0x004D,
    0x004F, 0x0056, 0x0045, 0x0009, 0x07D6, 0x0014, 0x001A, 0x000F,
    0x001A, 0x000E, 0x0004, 0x0001, 0x29CC, 0x0019, 0x0004, 0x0001,
    0x29CC, 0x0019, 0x0012, 0x0004, 0xFFFF, 0x29CC, 0x0018, 0x0008,
    0x07DB, 0x0009, 0x07C5, 0x0017, 0x058D, 0x000B, 0x0563, 0x9804,
    0x0046, 0x0049, 0x004C, 0x004C, 0x0019, 0x0037, 0x0014, 0x0019,
    0x0009, 0x07EF, 0x2993, 0x000E, 0x0004, 0x0001, 0x29CC, 0x0007,
    0x07EA, 0x0012, 0x0017, 0x058D, 0x000B, 0x0000, 0x8E09, 0x002D,
    0x0054, 0x0052, 0x0041, 0x0049, 0x004C, 0x0049, 0x004E, 0x0047,
    0x0037, 0x0014, 0x0009, 0x0811, 0x06CB, 0x001A, 0x0013, 0x29CC,
    0x000F, 0x05CA, 0x0008, 0x0811, 0x0012, 0x0004, 0x0001, 0x29CC,
    0x000B, 0x0007, 0x0804, 0x0012, 0x0017, 0x0004, 0x0000, 0x000B,
    0x073E, 0x4805, 0x0050, 0x0041, 0x0043, 0x004B, 0x0024, 0x06C6,
    0x0018, 0x0014, 0x001A, 0x0018, 0x0004, 0x0000, 0x0004, 0x0001,
    0x0605, 0x0017, 0x29A0, 0x001A, 0x29CC, 0x0004, 0x0000, 0x0019,
    0x000C, 0x2993, 0x000E, 0x0004, 0x0001, 0x29CC, 0x0019, 0x07C3,
    0x0012, 0x000B, 0x06E3, 0xA805, 0x0044, 0x0049, 0x0047, 0x0049,
    0x0054, 0x0004, 0x0009, 0x001A, 0x05CA, 0x0004, 0x0007, 0x001C,
    0x29CC, 0x0004, 0x0030, 0x29CC, 0x000B, 0x0000, 0xA807, 0x0045,
    0x0058, 0x0054, 0x0052, 0x0041, 0x0043, 0x0054, 0x0004, 0x0000,
    0x0019, 0x0605, 0x0019, 0x0841, 0x000B, 0x05C7, 0x4602, 0x003C,
    0x0023, 0x0743, 0x033C, 0x000C, 0x000B, 0x0735, 0x8804, 0x0048,
    0x004F, 0x004C, 0x0044, 0x033C, 0x000D, 0x0004, 0x0001, 0x29A0,
    0x0018, 0x033C, 0x000C, 0x000E, 0x000B, 0x0313, 0x4601, 0x0023,
    0x0287, 0x000D, 0x0856, 0x086B, 0x000B, 0x0875, 0xA602, 0x0023,
    0x0053, 0x0878, 0x0018, 0x0008, 0x0887, 0x0009, 0x0881, 0x000B,
    0x032A, 0x9C04, 0x0053, 0x0049, 0x0047, 0x004E, 0x001B, 0x0008,
    0x0894, 0x0004, 0x002D, 0x086B, 0x000B, 0x087D, 0x7C02, 0x0023,
    0x003E, 0x0017, 0x033C, 0x000D, 0x0743, 0x001A, 0x29A0, 0x000B,
    0x0000, 0xE403, 0x0073, 0x0074, 0x0072, 0x0018, 0x0014, 0x2987,
    0x0861, 0x0881, 0x0012, 0x088E, 0x0899, 0x000B, 0x0865, 0xB003,
    0x0048, 0x0045, 0x0058, 0x0004, 0x0010, 0x0287, 0x000C, 0x000B,
    0x083A, 0x9807, 0x0044, 0x0045, 0x0043, 0x0049, 0x004D, 0x0041,
    0x004C, 0x0004, 0x000A, 0x0287, 0x000C, 0x000B, 0x06CE, 0x8A05,
    0x003E, 0x0042, 0x0041, 0x0053, 0x0045, 0x0287, 0x000D, 0x0297,
    0x000C, 0x000B, 0x06C7, 0x7C05, 0x0042, 0x0041, 0x0053, 0x0045,
    0x003E, 0x0297, 0x000D, 0x0287, 0x000C, 0x000B, 0x0000, 0xA402,
    0x002E, 0x0052, 0x0014, 0x08A5, 0x0012, 0x001A, 0x29A0, 0x0B99,
    0x0BA2, 0x000B, 0x066B, 0xA403, 0x0055, 0x002E, 0x0052, 0x0014,
    0x0861, 0x0881, 0x0899, 0x0012, 0x001A, 0x29A0, 0x0B99, 0x0BA2,
    0x000B, 0x08EA, 0x5C02, 0x0055, 0x002E, 0x0861, 0x0881, 0x0899,
    0x0B74, 0x0BA2, 0x000B, 0x08DE, 0x5C01, 0x002E, 0x0287, 0x000D,
    0x0004, 0x000A, 0x001E, 0x0008, 0x090F, 0x08FD, 0x000B, 0x08A5,
    0x0B74, 0x0BA2, 0x000B, 0x0570, 0x7E01, 0x003F, 0x000D, 0x0906,
    0x000B, 0x08B8, 0x7E06, 0x0044, 0x0049, 0x0047, 0x0049, 0x0054,
    0x003F, 0x0014, 0x0004, 0x0030, 0x29A0, 0x0004, 0x0009, 0x001A,
    0x05CA, 0x0008, 0x0933, 0x0004, 0x0007, 0x29A0, 0x0018, 0x0004,
    0x000A, 0x05CA, 0x001D, 0x0018, 0x0012, 0x05BA, 0x000B, 0x0000,
    0x7E07, 0x004E, 0x0055, 0x004D, 0x0042, 0x0045, 0x0052, 0x003F,
    0x0287, 0x000D, 0x0014, 0x0018, 0x072D, 0x001A, 0x000F, 0x0004,
    0x0024, 0x29A5, 0x0008, 0x0955, 0x08B3, 0x0019, 0x0004, 0x0001,
    0x29CC, 0x0019, 0x0004, 0x0001, 0x29A0, 0x001A, 0x000F, 0x0004,
    0x002D, 0x29A5, 0x0018, 0x02A2, 0x000C, 0x0008, 0x0967, 0x0019,
    0x0004, 0x0001, 0x29CC, 0x0019, 0x0004, 0x0001, 0x29A0, 0x0018,
    0x0008, 0x09E8, 0x0287, 0x000D, 0x0004, 0x0010, 0x001E, 0x0008,
    0x0993, 0x0287, 0x000D, 0x0004, 0x000A, 0x001E, 0x0008, 0x09AA,
    0x0037, 0x0014, 0x0004, 0x0000, 0x001A, 0x000F, 0x0287, 0x000D,
    0x0921, 0x0008, 0x09D4, 0x0019, 0x0287, 0x000D, 0x0675, 0x29CC,
    0x0019, 0x0004, 0x0001, 0x29CC, 0x0019, 0x0007, 0x097C, 0x0012,
    0x0017, 0x0009, 0x09C5, 0x0037, 0x0014, 0x0004, 0x0000, 0x001A,
    0x000F, 0x0D7B, 0x0008, 0x09D4, 0x0019, 0x0020, 0x29CC, 0x0019,
    0x0004, 0x0001, 0x29CC, 0x0019, 0x0007, 0x0997, 0x0012, 0x0017,
    0x0009, 0x09C5, 0x0037, 0x0014, 0x0004, 0x0000, 0x001A, 0x000F,
    0x0018, 0x0BCE, 0x0008, 0x09DE, 0x0004, 0x0030, 0x29A0, 0x0019,
    0x0004, 0x000A, 0x0675, 0x29CC, 0x0019, 0x0004, 0x0001, 0x29CC,
    0x0019, 0x0007, 0x09AE, 0x0012, 0x0017, 0x0019, 0x0017, 0x0019,
    0x0017, 0x02A2, 0x000D, 0x0008, 0x09CE, 0x0037, 0x0004, 0xFFFF,
    0x0012, 0x0287, 0x000C, 0x000B, 0x0017, 0x0012, 0x0017, 0x058D,
    0x0004, 0x0000, 0x0012, 0x0287, 0x000C, 0x000B, 0x0017, 0x0012,
    0x0017, 0x058D, 0x0004, 0x0000, 0x0012, 0x0287, 0x000C, 0x000B,
    0x0017, 0x0017, 0x0004, 0x0000, 0x0012, 0x0287, 0x000C, 0x000B,
    0x0913, 0xB204, 0x003F, 0x004B, 0x0045, 0x0059, 0x0002, 0x000B,
    0x0000, 0xB203, 0x004B, 0x0045, 0x0059, 0x09F6, 0x0008, 0x09FD,
    0x000B, 0x0000, 0x8C08, 0x0045, 0x004B, 0x0045, 0x0059, 0x002D,
    0x0042, 0x0055, 0x0046, 0x0004, 0x0022, 0x29CC, 0x04A4, 0x000D,
    0x29CC, 0x000B, 0x09F0, 0xB205, 0x003F, 0x0045, 0x004B, 0x0045,
    0x0059, 0x035C, 0x000D, 0x036D, 0x000D, 0x29A5, 0x0008, 0x0A23,
    0x0004, 0x0000, 0x000B, 0x036D, 0x000D, 0x0018, 0x0A0B, 0x000D,
    0x0019, 0x0004, 0x0001, 0x29CC, 0x0004, 0x000F, 0x001C, 0x036D,
    0x000C, 0x0004, 0xFFFF, 0x000B, 0x084D, 0xB204, 0x0045, 0x004B,
    0x0045, 0x0059, 0x0A19, 0x0008, 0x0A3A, 0x000B, 0x09F8, 0xA006,
    0x004B, 0x0045, 0x0059, 0x005F, 0x0055, 0x0050, 0x0004, 0x0001,
    0x000B, 0x0A3E, 0x9C08, 0x004B, 0x0045, 0x0059, 0x005F, 0x0044,
    0x004F, 0x0057, 0x004E, 0x0004, 0x0002, 0x000B, 0x0A49, 0xA808,
    0x004B, 0x0045, 0x0059, 0x005F, 0x004C, 0x0045, 0x0046, 0x0054,
    0x0004, 0x0003, 0x000B, 0x0A56, 0xA809, 0x004B, 0x0045, 0x0059,
    0x005F, 0x0052, 0x0049, 0x0047, 0x0048, 0x0054, 0x0004, 0x0004,
    0x000B, 0x0A63, 0x8A08, 0x004B, 0x0045, 0x0059, 0x005F, 0x0048,
    0x004F, 0x004D, 0x0045, 0x0004, 0x0005, 0x000B, 0x0A71, 0x8807,
    0x004B, 0x0045, 0x0059, 0x005F, 0x0045, 0x004E, 0x0044, 0x0004,
    0x0006, 0x000B, 0x0A7E, 0xA008, 0x004B, 0x0045, 0x0059, 0x005F,
    0x0050, 0x0047, 0x0055, 0x0050, 0x0004, 0x0007, 0x000B, 0x0A8A,
    0x9C08, 0x004B, 0x0045, 0x0059, 0x005F, 0x0050, 0x0047, 0x0044,
    0x004E, 0x0004, 0x0008, 0x000B, 0x0A97, 0xA607, 0x004B, 0x0045,
    0x0059, 0x005F, 0x0049, 0x004E, 0x0053, 0x0004, 0x0009, 0x000B,
    0x0AA4, 0x9807, 0x004B, 0x0045, 0x0059, 0x005F, 0x0044, 0x0045,
    0x004C, 0x0004, 0x000A, 0x000B, 0x0AB0, 0x8A0D, 0x004B, 0x0045,
    0x0059, 0x005F, 0x0042, 0x0041, 0x0043, 0x004B, 0x0053, 0x0050,
    0x0041, 0x0043, 0x0045, 0x0004, 0x000B, 0x000B, 0x0ABC, 0xA409,
    0x004B, 0x0045, 0x0059, 0x005F, 0x0045, 0x004E, 0x0054, 0x0045,
    0x0052, 0x0004, 0x000C, 0x000B, 0x0ACE, 0x6206, 0x004B, 0x0045,
    0x0059, 0x005F, 0x0046, 0x0031, 0x0004, 0x0011, 0x000B, 0x0ADC,
    0x6406, 0x004B, 0x0045, 0x0059, 0x005F, 0x0046, 0x0032, 0x0004,
    0x0012, 0x000B, 0x0AE7, 0x6606, 0x004B, 0x0045, 0x0059, 0x005F,
    0x0046, 0x0033, 0x0004, 0x0013, 0x000B, 0x0AF2, 0x6806, 0x004B,
    0x0045, 0x0059, 0x005F, 0x0046, 0x0034, 0x0004, 0x0014, 0x000B,
    0x0AFD, 0x6A06, 0x004B, 0x0045, 0x0059, 0x005F, 0x0046, 0x0035,
    0x0004, 0x0015, 0x000B, 0x0B08, 0x6C06, 0x004B, 0x0045, 0x0059,
    0x005F, 0x0046, 0x0036, 0x0004, 0x0016, 0x000B, 0x0B13, 0x6E06,
    0x004B, 0x0045, 0x0059, 0x005F, 0x0046, 0x0037, 0x0004, 0x0017,
    0x000B, 0x0B1E, 0x7006, 0x004B, 0x0045, 0x0059, 0x005F, 0x0046,
    0x0038, 0x0004, 0x0018, 0x000B, 0x0B29, 0x7206, 0x004B, 0x0045,
    0x0059, 0x005F, 0x0046, 0x0039, 0x0004, 0x0019, 0x000B, 0x0B34,
    0x6007, 0x004B, 0x0045, 0x0059, 0x005F, 0x0046, 0x0031, 0x0030,
    0x0004, 0x001A, 0x000B, 0x0A34, 0xA804, 0x0045, 0x004D, 0x0049,
    0x0054, 0x0003, 0x000B, 0x0937, 0x7E04, 0x004E, 0x0055, 0x0046,
    0x003F, 0x09F6, 0x0018, 0x0008, 0x0B62, 0x058D, 0x09FD, 0x0004,
    0x000D, 0x29A5, 0x000B, 0x0818, 0x8A04, 0x0050, 0x0041, 0x0043,
    0x0045, 0x0004, 0x000B, 0x0B51, 0x000B, 0x0888, 0x8A05, 0x0053,
    0x0050, 0x0041, 0x0043, 0x0045, 0x06CB, 0x0B51, 0x000B, 0x07BC,
    0xA605, 0x0043, 0x0048, 0x0041, 0x0052, 0x0053, 0x0019, 0x0004,
    0x0000, 0x05DA, 0x0004, 0x0001, 0x29CC, 0x0037, 0x0014, 0x0009,
    0x0B8B, 0x0018, 0x0B51, 0x0007, 0x0B89, 0x0012, 0x0017, 0x0017,
    0x000B, 0x0B6D, 0xA606, 0x0053, 0x0050, 0x0041, 0x0043, 0x0045,
    0x0053, 0x06CB, 0x0B7E, 0x000B, 0x0748, 0x8A04, 0x0054, 0x0059,
    0x0050, 0x0045, 0x0009, 0x0BAF, 0x0019, 0x0018, 0x000F, 0x0B51,
    0x0004, 0x0001, 0x29CC, 0x0019, 0x0004, 0xFFFF, 0x29CC, 0x0018,
    0x0008, 0x0BB4, 0x0009, 0x0BA4, 0x058D, 0x000B, 0x0B77, 0xA402,
    0x0043, 0x0052, 0x0004, 0x000D, 0x0B51, 0x0004, 0x000A, 0x0B51,
    0x000B, 0x0919, 0x7E0B, 0x0044, 0x0049, 0x0047, 0x0049, 0x0054,
    0x002D, 0x0043, 0x0048, 0x0041, 0x0052, 0x003F, 0x0004, 0x0030,
    0x0004, 0x003A, 0x05F6, 0x000B, 0x0BC1, 0x8003, 0x0044, 0x0033,
    0x0040, 0x0018, 0x000F, 0x0004, 0x0030, 0x29A0, 0x0004, 0x000A,
    0x0675, 0x001A, 0x06B0, 0x000F, 0x0004, 0x0030, 0x29A0, 0x29CC,
    0x0004, 0x000A, 0x0675, 0x0019, 0x06B0, 0x06B0, 0x000F, 0x0004,
    0x0030, 0x29A0, 0x29CC, 0x000B, 0x0BD4, 0x7E05, 0x0044, 0x0045,
    0x0043, 0x0033, 0x003F, 0x0018, 0x000F, 0x0BCE, 0x001A, 0x06B0,
    0x000F, 0x0BCE, 0x001C, 0x001A, 0x06B0, 0x06B0, 0x000F, 0x0BCE,
    0x001C, 0x0008, 0x0C10, 0x0BD9, 0x0004, 0x0100, 0x05BA, 0x000B,
    0x0017, 0x0004, 0x0000, 0x000B, 0x0BB6, 0x7E06, 0x0043, 0x0045,
    0x004C, 0x004C, 0x0037, 0x003F, 0x0018, 0x000F, 0x0018, 0x0004,
    0x0020, 0x0004, 0x007F, 0x05F6, 0x0019, 0x0004, 0x0022, 0x001E,
    0x001C, 0x0008, 0x0C35, 0x0018, 0x06B0, 0x0BFB, 0x0008, 0x0C35,
    0x0004, 0x0004, 0x29CC, 0x0BFB, 0x000B, 0x0017, 0x0004, 0x0000,
    0x000B, 0x046E, 0xA406, 0x0049, 0x004D, 0x0047, 0x0045, 0x0052,
    0x0052, 0x0004, 0xFFFF, 0x188F, 0x000E, 0x0062, 0x0061, 0x0064,
    0x0020, 0x0069, 0x006D, 0x0061, 0x0067, 0x0065, 0x0020, 0x0064,
    0x0061, 0x0074, 0x0061, 0x000B, 0x0C39, 0x9609, 0x0049, 0x004D,
    0x0047, 0x002D, 0x0043, 0x0048, 0x0045, 0x0043, 0x004B, 0x0004,
    0x0007, 0x2999, 0x0004, 0x0001, 0x29CC, 0x0037, 0x0014, 0x0009,
    0x0C70, 0x0018, 0x0C1C, 0x0008, 0x0C76, 0x0004, 0x0007, 0x29CC,
    0x0007, 0x0C69, 0x0012, 0x0017, 0x0017, 0x000B, 0x0C41, 0x06BD,
    0xA80A, 0x0041, 0x004E, 0x0053, 0x0049, 0x002D, 0x0052, 0x0045,
    0x0053, 0x0045, 0x0054, 0x0004, 0x001B, 0x0B51, 0x0CFE, 0x0003,
    0x005B, 0x0030, 0x006D, 0x000B, 0x0B4B, 0x6E0A, 0x0045, 0x004D,
    0x0049, 0x0054, 0x002D, 0x0043, 0x0045, 0x004C, 0x004C, 0x0037,
    0x0018, 0x000F, 0x0014, 0x0004, 0x001B, 0x0B51, 0x0CFE, 0x0006,
    0x005B, 0x0033, 0x0038, 0x003B, 0x0035, 0x003B, 0x06B0, 0x0018,
    0x0004, 0x0003, 0x0BA2, 0x0CFE, 0x0006, 0x003B, 0x0034, 0x0038,
    0x003B, 0x0035, 0x003B, 0x0004, 0x0003, 0x29CC, 0x0018, 0x0004,
    0x0003, 0x0BA2, 0x0004, 0x006D, 0x0B51, 0x0012, 0x0B51, 0x0004,
    0x0003, 0x29CC, 0x000B, 0x0C8C, 0x6E09, 0x0045, 0x004D, 0x0049,
    0x0054, 0x002D, 0x0052, 0x004F, 0x0057, 0x0037, 0x0004, 0x0001,
    0x29CC, 0x0037, 0x0014, 0x0009, 0x0CD6, 0x0C98, 0x0007, 0x0CD5,
    0x0012, 0x0017, 0x000B, 0x0000, 0x4843, 0x0064, 0x006F, 0x0024,
    0x0012, 0x0013, 0x0012, 0x072D, 0x29CC, 0x06C6, 0x0014, 0x0019,
    0x0014, 0x000B, 0x0000, 0xF843, 0x0024, 0x0022, 0x007C, 0x0CE0,
    0x000B, 0x0000, 0xF843, 0x0053, 0x0022, 0x007C, 0x0CE0, 0x072D,
    0x000B, 0x0000, 0xF843, 0x002E, 0x0022, 0x007C, 0x0CE0, 0x072D,
    0x0BA2, 0x000B, 0x02F0, 0xEC04, 0x0025, 0x0061, 0x0064, 0x0076,
    0x0018, 0x02BA, 0x0704, 0x0037, 0x02C6, 0x0704, 0x000B, 0x0D02,
    0xE404, 0x0025, 0x0063, 0x006C, 0x0072, 0x0004, 0x0000, 0x02F6,
    0x000C, 0x000B, 0x0D0F, 0xC804, 0x0025, 0x0065, 0x006E, 0x0064,
    0x0004, 0xF780, 0x02F6, 0x000D, 0x29CC, 0x000B, 0x0D1A, 0xDA05,
    0x0025, 0x0072, 0x006F, 0x006F, 0x006D, 0x02F6, 0x000D, 0x29CC,
    0x0004, 0x0201, 0x05BA, 0x0008, 0x0D36, 0x000B, 0x188F, 0x000F,
    0x0066, 0x006F, 0x0072, 0x006D, 0x0061, 0x0074, 0x0020, 0x006F,
    0x0076, 0x0065, 0x0072, 0x0066, 0x006C, 0x006F, 0x0077, 0x12AB,
    0x0D26, 0xC605, 0x0025, 0x0061, 0x0070, 0x0070, 0x0063, 0x0004,
    0x0001, 0x0D2D, 0x0D20, 0x000E, 0x0004, 0x0001, 0x02F6, 0x0704,
    0x000B, 0x0D48, 0xC405, 0x0025, 0x0061, 0x0070, 0x0070, 0x0062,
    0x0018, 0x0D2D, 0x0014, 0x0D20, 0x0013, 0x07C3, 0x0012, 0x02F6,
    0x0704, 0x000B, 0x0D59, 0xE804, 0x0025, 0x0072, 0x0065, 0x0074,
    0x0004, 0xF780, 0x02F6, 0x000D, 0x000B, 0x08AE, 0x7E04, 0x0048,
    0x0045, 0x0058, 0x003F, 0x0004, 0x0010, 0x0921, 0x000B, 0x0CC3,
    0xA406, 0x0045, 0x0053, 0x0043, 0x0045, 0x0052, 0x0052, 0x0004,
    0xFFFF, 0x188F, 0x000E, 0x0069, 0x006E, 0x0076, 0x0061, 0x006C,
    0x0069, 0x0064, 0x0020, 0x0065, 0x0073, 0x0063, 0x0061, 0x0070,
    0x0065, 0x12AB, 0x08F9, 0x8A08, 0x0055, 0x004E, 0x0045, 0x0053,
    0x0043, 0x0041, 0x0050, 0x0045, 0x001A, 0x02BA, 0x000C, 0x0018,
    0x02C6, 0x000C, 0x0017, 0x0004, 0x0000, 0x02F6, 0x000C, 0x02C6,
    0x000D, 0x0008, 0x0E6C, 0x02BA, 0x000D, 0x000F, 0x0018, 0x0004,
    0x005C, 0x001E, 0x0008, 0x0DCA, 0x001A, 0x02F6, 0x000D, 0x29CC,
    0x000E, 0x0004, 0x0001, 0x02F6, 0x0704, 0x0004, 0x0001, 0x0D08,
    0x0009, 0x0DAF, 0x0017, 0x02C6, 0x000D, 0x0004, 0x0002, 0x05BA,
    0x0008, 0x0DD3, 0x0D87, 0x0004, 0x0001, 0x0D08, 0x02BA, 0x000D,
    0x000F, 0x0018, 0x0004, 0x006E, 0x001E, 0x0008, 0x0E05, 0x0018,
    0x0004, 0x0072, 0x001E, 0x0008, 0x0E0D, 0x0018, 0x0004, 0x0074,
    0x001E, 0x0008, 0x0E15, 0x0018, 0x0004, 0x005C, 0x001E, 0x0008,
    0x0E1D, 0x0018, 0x0004, 0x0022, 0x001E, 0x0008, 0x0E25, 0x0018,
    0x0004, 0x0030, 0x001E, 0x0008, 0x0E2D, 0x0018, 0x0004, 0x0078,
    0x001E, 0x0008, 0x0E35, 0x0017, 0x0D87, 0x0017, 0x0004, 0x000A,
    0x0004, 0x0001, 0x0D08, 0x0009, 0x0E61, 0x0017, 0x0004, 0x000D,
    0x0004, 0x0001, 0x0D08, 0x0009, 0x0E61, 0x0017, 0x0004, 0x0009,
    0x0004, 0x0001, 0x0D08, 0x0009, 0x0E61, 0x0017, 0x0004, 0x005C,
    0x0004, 0x0001, 0x0D08, 0x0009, 0x0E61, 0x0017, 0x0004, 0x0022,
    0x0004, 0x0001, 0x0D08, 0x0009, 0x0E61, 0x0017, 0x0004, 0x0000,
    0x0004, 0x0001, 0x0D08, 0x0009, 0x0E61, 0x0017, 0x02C6, 0x000D,
    0x0004, 0x0003, 0x05BA, 0x0008, 0x0E3E, 0x0D87, 0x02BA, 0x000D,
    0x0004, 0x0001, 0x29CC, 0x000F, 0x0D7B, 0x0008, 0x0E5B, 0x0014,
    0x02BA, 0x000D, 0x0004, 0x0002, 0x29CC, 0x000F, 0x0D7B, 0x0008,
    0x0E5D, 0x0012, 0x0004, 0x0010, 0x0675, 0x29CC, 0x0004, 0x0003,
    0x0D08, 0x0009, 0x0E61, 0x0017, 0x0D87, 0x0017, 0x0012, 0x0017,
    0x0D87, 0x001A, 0x02F6, 0x000D, 0x29CC, 0x000E, 0x0004, 0x0001,
    0x02F6, 0x0704, 0x0009, 0x0DAF, 0x02F6, 0x000D, 0x000B, 0x0000,
    0xCA05, 0x0070, 0x0061, 0x0072, 0x0073, 0x0065, 0x02A2, 0x000C,
    0x001A, 0x0014, 0x0018, 0x0008, 0x0EC7, 0x0004, 0x0001, 0x29A0,
    0x02A2, 0x000D, 0x06CB, 0x29A5, 0x0008, 0x0E9E, 0x0037, 0x0014,
    0x06CB, 0x001A, 0x000F, 0x29A0, 0x001B, 0x0035, 0x0008, 0x0E9D,
    0x0004, 0x0001, 0x29CC, 0x0007, 0x0E88, 0x0012, 0x0017, 0x0012,
    0x0017, 0x0004, 0x0000, 0x0018, 0x000B, 0x0012, 0x001A, 0x0019,
    0x0014, 0x02A2, 0x000D, 0x001A, 0x000F, 0x29A0, 0x02A2, 0x000D,
    0x06CB, 0x29A5, 0x0008, 0x0EAD, 0x001B, 0x0008, 0x0EBA, 0x0004,
    0x0001, 0x29CC, 0x0007, 0x0EA1, 0x0012, 0x0017, 0x0018, 0x0014,
    0x0009, 0x0EC1, 0x0012, 0x0017, 0x0018, 0x0004, 0x0001, 0x29CC,
    0x0014, 0x001A, 0x29A0, 0x0012, 0x0012, 0x29A0, 0x000B, 0x001A,
    0x0012, 0x29A0, 0x000B, 0x0B63, 0x8A05, 0x0050, 0x0041, 0x0052,
    0x0053, 0x0045, 0x0014, 0x074D, 0x030D, 0x000D, 0x29CC, 0x0319,
    0x000D, 0x030D, 0x000D, 0x29A0, 0x0012, 0x0E76, 0x030D, 0x0704,
    0x000B, 0x0903, 0x5082, 0x002E, 0x0028, 0x0004, 0x0029, 0x0ED2,
    0x0BA2, 0x000B, 0x0000, 0x5081, 0x0028, 0x0004, 0x0029, 0x0ED2,
    0x058D, 0x000B, 0x0000, 0xB881, 0x005C, 0x0319, 0x000D, 0x030D,
    0x000C, 0x000B, 0x0C14, 0xA404, 0x0043, 0x0048, 0x0041, 0x0052,
    0x06CB, 0x0ED2, 0x0017, 0x000F, 0x000B, 0x0B9C, 0x9C05, 0x0054,
    0x004F, 0x004B, 0x0045, 0x004E, 0x030D, 0x000D, 0x0319, 0x000D,
    0x05BA, 0x0008, 0x0F34, 0x074D, 0x0319, 0x000D, 0x29CC, 0x06CB,
    0x0019, 0x000E, 0x074D, 0x030D, 0x000D, 0x29CC, 0x0319, 0x000D,
    0x030D, 0x000D, 0x29A0, 0x0004, 0x0001, 0x29CC, 0x06CB, 0x0E76,
    0x030D, 0x0704, 0x0004, 0x001F, 0x05E6, 0x03B3, 0x000D, 0x001A,
    0x29A0, 0x06A4, 0x081F, 0x000B, 0x13A9, 0x000B, 0x05EE, 0x8804,
    0x0057, 0x004F, 0x0052, 0x0044, 0x0ED2, 0x073B, 0x081F, 0x000B,
    0x0000, 0xB04B, 0x0043, 0x004F, 0x0055, 0x004E, 0x0054, 0x0045,
    0x0044, 0x003E, 0x004C, 0x0045, 0x0058, 0x0018, 0x000F, 0x0004,
    0x001F, 0x001C, 0x0018, 0x0008, 0x0F60, 0x0014, 0x0018, 0x0013,
    0x29CC, 0x000F, 0x0022, 0x0019, 0x0017, 0x0012, 0x001D, 0x000B,
    0x058D, 0x0004, 0x0000, 0x000B, 0x0B53, 0x7C05, 0x004E, 0x0041,
    0x004D, 0x0045, 0x003E, 0x06B0, 0x0018, 0x000D, 0x0004, 0x001F,
    0x001C, 0x29CC, 0x06B0, 0x000B, 0x0000, 0xA847, 0x003E, 0x0042,
    0x0055, 0x0043, 0x004B, 0x0045, 0x0054, 0x001A, 0x0004, 0x0020,
    0x0004, 0x007F, 0x05F6, 0x0008, 0x0F8B, 0x0019, 0x0004, 0x0020,
    0x29A0, 0x29CC, 0x000B, 0x058D, 0x0004, 0x0000, 0x000B, 0x0000,
    0x8249, 0x0048, 0x0045, 0x0041, 0x0044, 0x0045, 0x0052, 0x003E,
    0x004E, 0x0041, 0x06B0, 0x000B, 0x0000, 0xA449, 0x004E, 0x0041,
    0x003E, 0x0048, 0x0045, 0x0041, 0x0044, 0x0045, 0x0052, 0x06A4,
    0x000B, 0x0000, 0xA64D, 0x0056, 0x004F, 0x0043, 0x0041, 0x0042,
    0x003E, 0x0042, 0x0055, 0x0043, 0x004B, 0x0045, 0x0054, 0x0053,
    0x000D, 0x000B, 0x0B91, 0x7E05, 0x0053, 0x0041, 0x004D, 0x0045,
    0x003F, 0x0018, 0x0008, 0x0FDA, 0x0014, 0x2993, 0x000F, 0x0019,
    0x000F, 0x29A0, 0x0576, 0x0008, 0x0FD0, 0x0012, 0x0017, 0x000B,
    0x0019, 0x06B0, 0x0019, 0x06B0, 0x0012, 0x0004, 0xFFFF, 0x29CC,
    0x0009, 0x0FC1, 0x0017, 0x0004, 0x0000, 0x000B, 0x0678, 0x7E06,
    0x004D, 0x0041, 0x0054, 0x0043, 0x0048, 0x003F, 0x0018, 0x0008,
    0x100C, 0x0014, 0x2993, 0x000F, 0x0019, 0x000F, 0x001E, 0x0576,
    0x0008, 0x0FF9, 0x0012, 0x0017, 0x0017, 0x058D, 0x0004, 0x0000,
    0x000B, 0x0019, 0x06B0, 0x0019, 0x06B0, 0x0012, 0x0004, 0xFFFF,
    0x29CC, 0x0018, 0x0008, 0x1007, 0x0014, 0x0009, 0x0FEA, 0x0017,
    0x058D, 0x0004, 0xFFFF, 0x000B, 0x0017, 0x058D, 0x0004, 0xFFFF,
    0x000B, 0x07DE, 0x9C07, 0x0046, 0x0049, 0x004E, 0x0044, 0x002D,
    0x004F, 0x004E, 0x0004, 0xFFFF, 0x0422, 0x000C, 0x000B, 0x1011,
    0x8C08, 0x0046, 0x0049, 0x004E, 0x0044, 0x002D, 0x004F, 0x0046,
    0x0046, 0x0004, 0x0000, 0x0422, 0x000C, 0x000B, 0x0EE1, 0x8805,
    0x002E, 0x0046, 0x0049, 0x004E, 0x0044, 0x0CFE, 0x0008, 0x0020,
    0x0076, 0x0069, 0x0073, 0x0069, 0x0074, 0x0073, 0x003D, 0x0435,
    0x000D, 0x0906, 0x0CFE, 0x0006, 0x0020, 0x0066, 0x0075, 0x006C,
    0x006C, 0x003D, 0x0447, 0x000D, 0x0906, 0x0CFE, 0x0005, 0x0020,
    0x0068, 0x0069, 0x0074, 0x003D, 0x0457, 0x000D, 0x0906, 0x000B,
    0x0000, 0x8A4C, 0x0046, 0x0049, 0x004E, 0x0044, 0x002D, 0x0052,
    0x0055, 0x004E, 0x0054, 0x0049, 0x004D, 0x0045, 0x0019, 0x0018,
    0x03DB, 0x000C, 0x0018, 0x0F4D, 0x03FC, 0x000C, 0x0018, 0x06B0,
    0x000F, 0x03EC, 0x000C, 0x0017, 0x0018, 0x0FB8, 0x039B, 0x000D,
    0x0FB8, 0x001E, 0x0008, 0x1082, 0x0004, 0x0000, 0x0410, 0x000C,
    0x0009, 0x1086, 0x0331, 0x000D, 0x0410, 0x000C, 0x0018, 0x0FB8,
    0x0487, 0x000C, 0x0487, 0x000D, 0x0008, 0x10E4, 0x03EC, 0x000D,
    0x0487, 0x000D, 0x0F7D, 0x0018, 0x0008, 0x10E3, 0x000D, 0x0018,
    0x0008, 0x10E3, 0x049A, 0x000C, 0x049A, 0x000D, 0x0F9A, 0x0018,
    0x000D, 0x0018, 0x02A2, 0x000C, 0x0004, 0x0100, 0x001C, 0x0008,
    0x10AD, 0x0410, 0x000D, 0x0008, 0x10D8, 0x02A2, 0x000D, 0x0004,
    0xFE1F, 0x001C, 0x03FC, 0x000D, 0x001E, 0x0008, 0x10C4, 0x0017,
    0x049A, 0x000D, 0x000D, 0x0018, 0x0008, 0x10C2, 0x049A, 0x000C,
    0x0009, 0x109C, 0x0009, 0x10E3, 0x03DB, 0x000D, 0x06B0, 0x001A,
    0x06B0, 0x03FC, 0x000D, 0x0004, 0x001F, 0x001C, 0x0FE6, 0x0008,
    0x10D8, 0x0014, 0x0017, 0x049A, 0x000D, 0x0F6B, 0x0012, 0x000B,
    0x0017, 0x049A, 0x000D, 0x000D, 0x0018, 0x0008, 0x10E3, 0x049A,
    0x000C, 0x0009, 0x109C, 0x0017, 0x0017, 0x03DB, 0x000D, 0x0004,
    0x0000, 0x000B, 0x0000, 0x8E4A, 0x0046, 0x0049, 0x004E, 0x0044,
    0x002D, 0x0044, 0x0045, 0x0042, 0x0055, 0x0047, 0x0019, 0x0018,
    0x03DB, 0x000C, 0x0018, 0x0F4D, 0x03FC, 0x000C, 0x0018, 0x06B0,
    0x000F, 0x03EC, 0x000C, 0x0017, 0x0422, 0x000D, 0x0008, 0x1114,
    0x0004, 0x0000, 0x0435, 0x000C, 0x0004, 0x0000, 0x0447, 0x000C,
    0x0004, 0x0000, 0x0457, 0x000C, 0x0018, 0x0FB8, 0x039B, 0x000D,
    0x0FB8, 0x001E, 0x0008, 0x1122, 0x0004, 0x0000, 0x0410, 0x000C,
    0x0009, 0x1126, 0x0331, 0x000D, 0x0410, 0x000C, 0x0018, 0x0FB8,
    0x0487, 0x000C, 0x0487, 0x000D, 0x0008, 0x119C, 0x03EC, 0x000D,
    0x0487, 0x000D, 0x0F7D, 0x0018, 0x0008, 0x119B, 0x000D, 0x0018,
    0x0008, 0x119B, 0x049A, 0x000C, 0x0422, 0x000D, 0x0008, 0x1144,
    0x0004, 0x0001, 0x0435, 0x0704, 0x049A, 0x000D, 0x0F9A, 0x0018,
    0x000D, 0x0018, 0x02A2, 0x000C, 0x0004, 0x0100, 0x001C, 0x0008,
    0x1155, 0x0410, 0x000D, 0x0008, 0x1190, 0x02A2, 0x000D, 0x0004,
    0xFE1F, 0x001C, 0x03FC, 0x000D, 0x001E, 0x0008, 0x116C, 0x0017,
    0x049A, 0x000D, 0x000D, 0x0018, 0x0008, 0x116A, 0x049A, 0x000C,
    0x0009, 0x113C, 0x0009, 0x119B, 0x0422, 0x000D, 0x0008, 0x1174,
    0x0004, 0x0001, 0x0447, 0x0704, 0x03DB, 0x000D, 0x06B0, 0x001A,
    0x06B0, 0x03FC, 0x000D, 0x0004, 0x001F, 0x001C, 0x0FE6, 0x0008,
    0x1190, 0x0422, 0x000D, 0x0008, 0x1189, 0x0435, 0x000D, 0x0457,
    0x000C, 0x0014, 0x0017, 0x049A, 0x000D, 0x0F6B, 0x0012, 0x000B,
    0x0017, 0x049A, 0x000D, 0x000D, 0x0018, 0x0008, 0x119B, 0x049A,
    0x000C, 0x0009, 0x113C, 0x0017, 0x0017, 0x03DB, 0x000D, 0x0004,
    0x0000, 0x000B, 0x0000, 0xC844, 0x0066, 0x0069, 0x006E, 0x0064,
    0x027B, 0x000D, 0x0014, 0x000B, 0x0000, 0xA649, 0x0046, 0x0049,
    0x004E, 0x0044, 0x002D, 0x0056, 0x004F, 0x0043, 0x0053, 0x0018,
    0x0008, 0x11CC, 0x0014, 0x0018, 0x0013, 0x11A8, 0x0576, 0x0008,
    0x11C6, 0x0581, 0x0017, 0x0012, 0x0017, 0x000B, 0x0017, 0x0012,
    0x06B0, 0x000D, 0x0009, 0x11B7, 0x0017, 0x0004, 0x0000, 0x000B,
    0x0000, 0x7E45, 0x004E, 0x0041, 0x004D, 0x0045, 0x003F, 0x038C,
    0x000D, 0x11B7, 0x000B, 0x0ECB, 0x880C, 0x0050, 0x0052, 0x004F,
    0x0046, 0x0049, 0x004C, 0x0045, 0x002D, 0x0046, 0x0049, 0x004E,
    0x0044, 0x0004, 0x10F6, 0x027B, 0x000C, 0x101A, 0x0F0C, 0x11D7,
    0x0576, 0x0008, 0x11F6, 0x058D, 0x0009, 0x11F7, 0x0017, 0x1035,
    0x1029, 0x0004, 0x1066, 0x027B, 0x000C, 0x000B, 0x0000, 0x9002,
    0x005E, 0x0048, 0x0014, 0x001A, 0x0012, 0x0019, 0x001A, 0x001E,
    0x0008, 0x1216, 0x0004, 0x0008, 0x0B51, 0x0004, 0x0001, 0x29A0,
    0x0004, 0x0020, 0x0B51, 0x0004, 0x0008, 0x0B51, 0x000B, 0x0F05,
    0xA003, 0x0054, 0x0041, 0x0050, 0x0018, 0x0B51, 0x001A, 0x000E,
    0x0004, 0x0001, 0x29CC, 0x000B, 0x0000, 0xA004, 0x006B, 0x0054,
    0x0041, 0x0050, 0x0018, 0x0004, 0x000A, 0x001E, 0x0008, 0x123D,
    0x0018, 0x0004, 0x000D, 0x001E, 0x0008, 0x1241, 0x0004, 0x0008,
    0x001E, 0x0008, 0x123F, 0x121C, 0x000B, 0x0017, 0x000B, 0x1202,
    0x000B, 0x0017, 0x0019, 0x0017, 0x0018, 0x000B, 0x0000, 0xE806,
    0x0061, 0x0063, 0x0063, 0x0065, 0x0070, 0x0074, 0x001A, 0x29CC,
    0x001A, 0x2993, 0x001E, 0x0008, 0x1263, 0x09FD, 0x0018, 0x06CB,
    0x0004, 0x007F, 0x05F6, 0x0008, 0x1260, 0x121C, 0x0009, 0x1261,
    0x122A, 0x0009, 0x1251, 0x0017, 0x001A, 0x29A0, 0x000B, 0x0D7F,
    0xA806, 0x0045, 0x0058, 0x0050, 0x0045, 0x0043, 0x0054, 0x124E,
    0x0302, 0x000C, 0x0017, 0x000B, 0x0000, 0xB205, 0x0051, 0x0055,
    0x0045, 0x0052, 0x0059, 0x074D, 0x0004, 0x0400, 0x126F, 0x0302,
    0x000D, 0x0319, 0x000C, 0x0004, 0x0000, 0x030D, 0x000C, 0x000B,
    0x0EFA, 0x9005, 0x0043, 0x0041, 0x0054, 0x0043, 0x0048, 0x0015,
    0x0014, 0x034B, 0x000D, 0x0014, 0x0011, 0x034B, 0x000C, 0x0004,
    0x129C, 0x0014, 0x0014, 0x000B, 0x0012, 0x034B, 0x000C, 0x0012,
    0x0017, 0x0004, 0x0000, 0x000B, 0x1217, 0xAE05, 0x0054, 0x0048,
    0x0052, 0x004F, 0x0057, 0x034B, 0x000D, 0x0010, 0x0012, 0x034B,
    0x000C, 0x0012, 0x0019, 0x0014, 0x0016, 0x0017, 0x0012, 0x000B,
    0x0000, 0x8848, 0x003F, 0x004E, 0x0055, 0x004D, 0x0048, 0x0045,
    0x0041, 0x0044, 0x0018, 0x06B0, 0x000D, 0x0018, 0x0014, 0x0004,
    0x0030, 0x0004, 0x003A, 0x05F6, 0x0013, 0x0004, 0x002D, 0x29A5,
    0x001D, 0x0013, 0x0004, 0x002B, 0x29A5, 0x001D, 0x0013, 0x0004,
    0x0024, 0x29A5, 0x001D, 0x0287, 0x000D, 0x0004, 0x0010, 0x001E,
    0x0008, 0x12E5, 0x0012, 0x0017, 0x000B, 0x0013, 0x0D7B, 0x0019,
    0x0017, 0x001D, 0x0012, 0x0017, 0x000B, 0x0000, 0xA80A, 0x0024,
    0x0049, 0x004E, 0x0054, 0x0045, 0x0052, 0x0050, 0x0052, 0x0045,
    0x0054, 0x12C2, 0x0008, 0x1300, 0x0940, 0x0008, 0x1300, 0x000B,
    0x11D7, 0x0576, 0x0008, 0x1319, 0x000D, 0x0004, 0x0040, 0x001C,
    0x188F, 0x000D, 0x0020, 0x0063, 0x006F, 0x006D, 0x0070, 0x0069,
    0x006C, 0x0065, 0x0020, 0x006F, 0x006E, 0x006C, 0x0079, 0x0014,
    0x000B, 0x0940, 0x0008, 0x131D, 0x000B, 0x12AB, 0x102E, 0x9603,
    0x002E, 0x004F, 0x004B, 0x0331, 0x000D, 0x0008, 0x1329, 0x0009,
    0x132E, 0x0CFE, 0x0003, 0x0020, 0x006F, 0x006B, 0x0BBA, 0x000B,
    0x0A12, 0x9606, 0x003F, 0x0053, 0x0054, 0x0041, 0x0043, 0x004B,
    0x06EA, 0x001B, 0x188F, 0x000A, 0x0020, 0x0075, 0x006E, 0x0064,
    0x0065, 0x0072, 0x0066, 0x006C, 0x006F, 0x0077, 0x000B, 0x1267,
    0x9804, 0x0045, 0x0056, 0x0041, 0x004C, 0x0F0C, 0x0018, 0x000F,
    0x0008, 0x135E, 0x0331, 0x000D, 0x0008, 0x1359, 0x2260, 0x0009,
    0x134D, 0x0769, 0x229C, 0x0796, 0x0009, 0x134D, 0x0017, 0x1323,
    0x000B, 0x11DB, 0xA806, 0x0050, 0x0052, 0x0045, 0x0053, 0x0045,
    0x0054, 0x0004, 0xFA80, 0x0319, 0x06B0, 0x000C, 0x0769, 0x000B,
    0x0000, 0xDE43, 0x0078, 0x0069, 0x006F, 0x0004, 0x124E, 0x0239,
    0x0710, 0x0252, 0x0710, 0x000B, 0x101F, 0x8A04, 0x0046, 0x0049,
    0x004C, 0x0045, 0x0004, 0x0B69, 0x0004, 0x0017, 0x0004, 0x122A,
    0x1375, 0x000B, 0x0D75, 0x8804, 0x0048, 0x0041, 0x004E, 0x0044,
    0x0004, 0x1323, 0x0004, 0x0B51, 0x0004, 0x122A, 0x1375, 0x000B,
    0x0000, 0x9E03, 0x0049, 0x002F, 0x004F, 0x0004, 0x13A0, 0x000B,
    0x0002, 0x0003, 0x0000, 0x4805, 0x004E, 0x0055, 0x004C, 0x004C,
    0x0024, 0x0006, 0x0000, 0x1288, 0x8A07, 0x0043, 0x004F, 0x004E,
    0x0053, 0x004F, 0x004C, 0x0045, 0x139D, 0x071D, 0x021D, 0x0710,
    0x1390, 0x000B, 0x057C, 0x9E03, 0x0052, 0x002F, 0x004F, 0x0004,
    0x0001, 0x000B, 0x0F36, 0x9E03, 0x0057, 0x002F, 0x004F, 0x0004,
    0x0002, 0x000B, 0x13BA, 0xAE03, 0x0052, 0x002F, 0x0057, 0x0004,
    0x0003, 0x000B, 0x0000, 0x8A09, 0x004F, 0x0050, 0x0045, 0x004E,
    0x002D, 0x0046, 0x0049, 0x004C, 0x0045, 0x0028, 0x000B, 0x13AB,
    0x8A0B, 0x0043, 0x0052, 0x0045, 0x0041, 0x0054, 0x0045, 0x002D,
    0x0046, 0x0049, 0x004C, 0x0045, 0x0029, 0x000B, 0x13DF, 0x8A0A,
    0x0043, 0x004C, 0x004F, 0x0053, 0x0045, 0x002D, 0x0046, 0x0049,
    0x004C, 0x0045, 0x002A, 0x000B, 0x13CA, 0x8A09, 0x0052, 0x0045,
    0x0041, 0x0044, 0x002D, 0x004C, 0x0049, 0x004E, 0x0045, 0x002B,
    0x000B, 0x13C2, 0x8A0A, 0x0057, 0x0052, 0x0049, 0x0054, 0x0045,
    0x002D, 0x004C, 0x0049, 0x004E, 0x0045, 0x002C, 0x000B, 0x137C,
    0x9C0D, 0x0046, 0x0049, 0x004C, 0x0045, 0x002D, 0x0050, 0x004F,
    0x0053, 0x0049, 0x0054, 0x0049, 0x004F, 0x004E, 0x002E, 0x000B,
    0x13FC, 0x8A0F, 0x0052, 0x0045, 0x0050, 0x004F, 0x0053, 0x0049,
    0x0054, 0x0049, 0x004F, 0x004E, 0x002D, 0x0046, 0x0049, 0x004C,
    0x0045, 0x002D, 0x000B, 0x1417, 0x8A09, 0x0046, 0x0049, 0x004C,
    0x0045, 0x002D, 0x0053, 0x0049, 0x005A, 0x0045, 0x002F, 0x000B,
    0x143B, 0x8A0A, 0x0046, 0x004C, 0x0055, 0x0053, 0x0048, 0x002D,
    0x0046, 0x0049, 0x004C, 0x0045, 0x0030, 0x000B, 0x0BF4, 0x8A0B,
    0x0044, 0x0045, 0x004C, 0x0045, 0x0054, 0x0045, 0x002D, 0x0046,
    0x0049, 0x004C, 0x0045, 0x0031, 0x000B, 0x1428, 0x8A0B, 0x0052,
    0x0045, 0x004E, 0x0041, 0x004D, 0x0045, 0x002D, 0x0046, 0x0049,
    0x004C, 0x0045, 0x0032, 0x000B, 0x0C54, 0x8A0C, 0x0049, 0x004E,
    0x0043, 0x004C, 0x0055, 0x0044, 0x0045, 0x002D, 0x0046, 0x0049,
    0x004C, 0x0045, 0x0017, 0x0004, 0xFFFF, 0x000B, 0x1474, 0x8808,
    0x0049, 0x004E, 0x0043, 0x004C, 0x0055, 0x0044, 0x0045, 0x0044,
    0x058D, 0x0004, 0xFFFF, 0x000B, 0x0000, 0x8A4B, 0x004D, 0x004F,
    0x0044, 0x0055, 0x004C, 0x0045, 0x002D, 0x0053, 0x0041, 0x0056,
    0x0045, 0x03C9, 0x000D, 0x04EB, 0x000C, 0x03A5, 0x000D, 0x04FC,
    0x000C, 0x037D, 0x000D, 0x0513, 0x000C, 0x037D, 0x06B0, 0x000D,
    0x0513, 0x06B0, 0x000C, 0x037D, 0x06B0, 0x06B0, 0x000D, 0x0513,
    0x06B0, 0x06B0, 0x000C, 0x038C, 0x000D, 0x0529, 0x000C, 0x038C,
    0x06B0, 0x000D, 0x0529, 0x06B0, 0x000C, 0x038C, 0x06B0, 0x06B0,
    0x000D, 0x0529, 0x06B0, 0x06B0, 0x000C, 0x038C, 0x06B0, 0x06B0,
    0x06B0, 0x000D, 0x0529, 0x06B0, 0x06B0, 0x06B0, 0x000C, 0x038C,
    0x06B0, 0x06B0, 0x06B0, 0x06B0, 0x000D, 0x0529, 0x06B0, 0x06B0,
    0x06B0, 0x06B0, 0x000C, 0x038C, 0x06B0, 0x06B0, 0x06B0, 0x06B0,
    0x06B0, 0x000D, 0x0529, 0x06B0, 0x06B0, 0x06B0, 0x06B0, 0x06B0,
    0x000C, 0x038C, 0x06B0, 0x06B0, 0x06B0, 0x06B0, 0x06B0, 0x06B0,
    0x000D, 0x0529, 0x06B0, 0x06B0, 0x06B0, 0x06B0, 0x06B0, 0x06B0,
    0x000C, 0x038C, 0x06B0, 0x06B0, 0x06B0, 0x06B0, 0x06B0, 0x06B0,
    0x06B0, 0x000D, 0x0529, 0x06B0, 0x06B0, 0x06B0, 0x06B0, 0x06B0,
    0x06B0, 0x06B0, 0x000C, 0x038C, 0x06B0, 0x06B0, 0x06B0, 0x06B0,
    0x06B0, 0x06B0, 0x06B0, 0x06B0, 0x000D, 0x0529, 0x06B0, 0x06B0,
    0x06B0, 0x06B0, 0x06B0, 0x06B0, 0x06B0, 0x06B0, 0x000C, 0x039B,
    0x000D, 0x053F, 0x000C, 0x039B, 0x06B0, 0x000D, 0x053F, 0x06B0,
    0x000C, 0x000B, 0x0000, 0xA454, 0x004D, 0x004F, 0x0044, 0x0055,
    0x004C, 0x0045, 0x002D, 0x0052, 0x0045, 0x0053, 0x0054, 0x004F,
    0x0052, 0x0045, 0x002D, 0x004F, 0x0052, 0x0044, 0x0045, 0x0052,
    0x0529, 0x000D, 0x038C, 0x000C, 0x0529, 0x06B0, 0x000D, 0x038C,
    0x06B0, 0x000C, 0x0529, 0x06B0, 0x06B0, 0x000D, 0x038C, 0x06B0,
    0x06B0, 0x000C, 0x0529, 0x06B0, 0x06B0, 0x06B0, 0x000D, 0x038C,
    0x06B0, 0x06B0, 0x06B0, 0x000C, 0x0529, 0x06B0, 0x06B0, 0x06B0,
    0x06B0, 0x000D, 0x038C, 0x06B0, 0x06B0, 0x06B0, 0x06B0, 0x000C,
    0x0529, 0x06B0, 0x06B0, 0x06B0, 0x06B0, 0x06B0, 0x000D, 0x038C,
    0x06B0, 0x06B0, 0x06B0, 0x06B0, 0x06B0, 0x000C, 0x0529, 0x06B0,
    0x06B0, 0x06B0, 0x06B0, 0x06B0, 0x06B0, 0x000D, 0x038C, 0x06B0,
    0x06B0, 0x06B0, 0x06B0, 0x06B0, 0x06B0, 0x000C, 0x0529, 0x06B0,
    0x06B0, 0x06B0, 0x06B0, 0x06B0, 0x06B0, 0x06B0, 0x000D, 0x038C,
    0x06B0, 0x06B0, 0x06B0, 0x06B0, 0x06B0, 0x06B0, 0x06B0, 0x000C,
    0x0529, 0x06B0, 0x06B0, 0x06B0, 0x06B0, 0x06B0, 0x06B0, 0x06B0,
    0x06B0, 0x000D, 0x038C, 0x06B0, 0x06B0, 0x06B0, 0x06B0, 0x06B0,
    0x06B0, 0x06B0, 0x06B0, 0x000C, 0x053F, 0x000D, 0x039B, 0x000C,
    0x053F, 0x06B0, 0x000D, 0x039B, 0x06B0, 0x000C, 0x000B, 0x0000,
    0xA44C, 0x004D, 0x004F, 0x0044, 0x0055, 0x004C, 0x0045, 0x002D,
    0x0043, 0x004C, 0x0045, 0x0041, 0x0052, 0x0004, 0x0000, 0x04C3,
    0x000C, 0x0004, 0x0000, 0x04D8, 0x000C, 0x000B, 0x0000, 0x964F,
    0x004D, 0x004F, 0x0044, 0x0055, 0x004C, 0x0045, 0x002D, 0x0052,
    0x004F, 0x004C, 0x004C, 0x0042, 0x0041, 0x0043, 0x004B, 0x0513,
    0x000D, 0x037D, 0x000C, 0x0513, 0x06B0, 0x000D, 0x037D, 0x06B0,
    0x000C, 0x0513, 0x06B0, 0x06B0, 0x000D, 0x037D, 0x06B0, 0x06B0,
    0x000C, 0x1548, 0x04EB, 0x000D, 0x03C9, 0x000C, 0x04FC, 0x000D,
    0x03A5, 0x000C, 0x04FC, 0x000D, 0x1850, 0x0004, 0x0000, 0x04C3,
    0x000C, 0x0004, 0xFFFF, 0x04D8, 0x000C, 0x000B, 0x1274, 0xA804,
    0x0051, 0x0055, 0x0049, 0x0054, 0x0210, 0x000D, 0x0010, 0x164D,
    0x0210, 0x000D, 0x0010, 0x127B, 0x04D8, 0x000D, 0x0008, 0x1623,
    0x2575, 0x0009, 0x1647, 0x0004, 0x134D, 0x128F, 0x0576, 0x0008,
    0x1618, 0x0261, 0x000D, 0x0019, 0x13B4, 0x13A9, 0x001A, 0x001E,
    0x0008, 0x163A, 0x0B74, 0x072D, 0x0BA2, 0x0CFE, 0x0003, 0x0020,
    0x003F, 0x0020, 0x04C3, 0x000D, 0x0008, 0x163F, 0x15E7, 0x0004,
    0x1323, 0x001E, 0x0008, 0x1647, 0x0004, 0x001B, 0x0B51, 0x1369,
    0x0009, 0x1617, 0x0000, 0xB681, 0x005B, 0x0004, 0x0000, 0x0331,
    0x000C, 0x000B, 0x0000, 0xBA01, 0x005D, 0x0004, 0x0001, 0x0331,
    0x000C, 0x000B, 0x0274, 0x4E01, 0x0027, 0x0F0C, 0x11D7, 0x0008,
    0x1663, 0x0017, 0x000B, 0x12AB, 0x0000, 0xA807, 0x005F, 0x0064,
    0x006F, 0x004E, 0x0045, 0x0058, 0x0054, 0x0004, 0x0007, 0x000B,
    0x1664, 0xD008, 0x005F, 0x003F, 0x0062, 0x0072, 0x0061, 0x006E,
    0x0063, 0x0068, 0x0004, 0x0008, 0x000B, 0x1670, 0xD007, 0x005F,
    0x0062, 0x0072, 0x0061, 0x006E, 0x0063, 0x0068, 0x0004, 0x0009,
    0x000B, 0x0C77, 0xA805, 0x0041, 0x004C, 0x004C, 0x004F, 0x0054,
    0x03A5, 0x0704, 0x000B, 0x164A, 0xBA89, 0x005B, 0x0043, 0x004F,
    0x004D, 0x0050, 0x0049, 0x004C, 0x0045, 0x005D, 0x165D, 0x297B,
    0x000B, 0x13EE, 0x8A47, 0x0043, 0x004F, 0x004D, 0x0050, 0x0049,
    0x004C, 0x0045, 0x0012, 0x0018, 0x000D, 0x297B, 0x06B0, 0x0014,
    0x000B, 0x03C3, 0x9887, 0x004C, 0x0049, 0x0054, 0x0045, 0x0052,
    0x0041, 0x004C, 0x16AA, 0x0004, 0x297B, 0x000B, 0x1693, 0xBA86,
    0x005B, 0x0043, 0x0048, 0x0041, 0x0052, 0x005D, 0x0F00, 0x16BA,
    0x000B, 0x12ED, 0x4403, 0x0024, 0x002C, 0x0022, 0x0004, 0x0022,
    0x0F3C, 0x072D, 0x29CC, 0x06C6, 0x03A5, 0x000C, 0x000B, 0x1347,
    0x4405, 0x0045, 0x0053, 0x0043, 0x002C, 0x0022, 0x073B, 0x081F,
    0x072D, 0x29CC, 0x06C6, 0x03A5, 0x000C, 0x000B, 0x1465, 0x8A87,
    0x0052, 0x0045, 0x0043, 0x0055, 0x0052, 0x0053, 0x0045, 0x03C9,
    0x000D, 0x0F6B, 0x297B, 0x000B, 0x08D2, 0x9C85, 0x0042, 0x0045,
    0x0047, 0x0049, 0x004E, 0x073B, 0x000B, 0x1448, 0xA483, 0x0046,
    0x004F, 0x0052, 0x16AA, 0x0037, 0x16AA, 0x0014, 0x073B, 0x000B,
    0x0F64, 0xA884, 0x004E, 0x0045, 0x0058, 0x0054, 0x16AA, 0x0007,
    0x297B, 0x16AA, 0x0012, 0x16AA, 0x0017, 0x000B, 0x0D9A, 0x9885,
    0x0055, 0x004E, 0x0054, 0x0049, 0x004C, 0x0004, 0x0008, 0x297B,
    0x297B, 0x000B, 0x1689, 0x9C85, 0x0041, 0x0047, 0x0041, 0x0049,
    0x004E, 0x0004, 0x0009, 0x297B, 0x297B, 0x000B, 0x1486, 0x8C82,
    0x0049, 0x0046, 0x0004, 0x0008, 0x297B, 0x073B, 0x0004, 0x0000,
    0x297B, 0x000B, 0x1722, 0x8885, 0x0041, 0x0048, 0x0045, 0x0041,
    0x0044, 0x0004, 0x0009, 0x297B, 0x073B, 0x0004, 0x0000, 0x297B,
    0x000B, 0x16E6, 0xA886, 0x0052, 0x0045, 0x0050, 0x0045, 0x0041,
    0x0054, 0x1729, 0x073B, 0x0019, 0x000C, 0x000B, 0x12A4, 0x9C84,
    0x0054, 0x0048, 0x0045, 0x004E, 0x073B, 0x0019, 0x000C, 0x000B,
    0x173A, 0xA883, 0x0041, 0x0046, 0x0054, 0x0017, 0x1741, 0x16FB,
    0x0019, 0x000B, 0x16D7, 0x8A84, 0x0045, 0x004C, 0x0053, 0x0045,
    0x1741, 0x0019, 0x175C, 0x000B, 0x1409, 0x8A85, 0x0057, 0x0048,
    0x0049, 0x004C, 0x0045, 0x1732, 0x0019, 0x000B, 0x0000, 0x8A52,
    0x0043, 0x004C, 0x0045, 0x0041, 0x0052, 0x002D, 0x0042, 0x0055,
    0x0043, 0x004B, 0x0045, 0x0054, 0x002D, 0x0054, 0x0041, 0x0042,
    0x004C, 0x0045, 0x0004, 0x005F, 0x0037, 0x0014, 0x0004, 0x0000,
    0x001A, 0x000C, 0x06B0, 0x0007, 0x1796, 0x0012, 0x0017, 0x0017,
    0x000B, 0x0000, 0x8A51, 0x0043, 0x004F, 0x0050, 0x0059, 0x002D,
    0x0042, 0x0055, 0x0043, 0x004B, 0x0045, 0x0054, 0x002D, 0x0054,
    0x0041, 0x0042, 0x004C, 0x0045, 0x0487, 0x000C, 0x02A2, 0x000C,
    0x0004, 0x005F, 0x0037, 0x0014, 0x02A2, 0x000D, 0x000D, 0x0487,
    0x000D, 0x000C, 0x02A2, 0x000D, 0x06B0, 0x02A2, 0x000C, 0x0487,
    0x000D, 0x06B0, 0x0487, 0x000C, 0x0007, 0x17BC, 0x0012, 0x0017,
    0x000B, 0x0000, 0x8A53, 0x0052, 0x0045, 0x0057, 0x0049, 0x004E,
    0x0044, 0x002D, 0x0042, 0x0055, 0x0043, 0x004B, 0x0045, 0x0054,
    0x002D, 0x0054, 0x0041, 0x0042, 0x004C, 0x0045, 0x0019, 0x02A2,
    0x000C, 0x0487, 0x000C, 0x0004, 0x005F, 0x0037, 0x0014, 0x0487,
    0x000D, 0x000D, 0x049A, 0x000C, 0x049A, 0x000D, 0x0018, 0x0008,
    0x180E, 0x0018, 0x02A2, 0x000D, 0x05BA, 0x0008, 0x1809, 0x0487,
    0x000D, 0x000C, 0x0487, 0x000D, 0x06B0, 0x0487, 0x000C, 0x0009,
    0x1819, 0x000D, 0x049A, 0x000C, 0x0009, 0x17F4, 0x0017, 0x0004,
    0x0000, 0x0487, 0x000D, 0x000C, 0x0487, 0x000D, 0x06B0, 0x0487,
    0x000C, 0x0007, 0x17EF, 0x0012, 0x0017, 0x000B, 0x0000, 0xA654,
    0x0052, 0x0045, 0x0057, 0x0049, 0x004E, 0x0044, 0x002D, 0x0056,
    0x004F, 0x0043, 0x0041, 0x0042, 0x002D, 0x0042, 0x0055, 0x0043,
    0x004B, 0x0045, 0x0054, 0x0053, 0x0FB8, 0x0576, 0x0008, 0x183A,
    0x17E6, 0x000B, 0x0017, 0x000B, 0x0000, 0xA652, 0x0052, 0x0045,
    0x0057, 0x0049, 0x004E, 0x0044, 0x002D, 0x0041, 0x004C, 0x004C,
    0x002D, 0x0042, 0x0055, 0x0043, 0x004B, 0x0045, 0x0054, 0x0053,
    0x037D, 0x0018, 0x0008, 0x185B, 0x001A, 0x001A, 0x1834, 0x06B0,
    0x000D, 0x0009, 0x1851, 0x058D, 0x000B, 0x0000, 0xA652, 0x0049,
    0x004E, 0x0049, 0x0054, 0x002D, 0x0046, 0x004F, 0x0052, 0x0054,
    0x0048, 0x002D, 0x0042, 0x0055, 0x0043, 0x004B, 0x0045, 0x0054,
    0x0053, 0x0004, 0x0064, 0x0004, 0xFEE2, 0x17B4, 0x0004, 0xFEE2,
    0x037D, 0x000C, 0x000B, 0x1760, 0x4486, 0x0041, 0x0042, 0x004F,
    0x0052, 0x0054, 0x0022, 0x16AA, 0x188F, 0x16CE, 0x000B, 0x0000,
    0x4446, 0x0061, 0x0062, 0x006F, 0x0072, 0x0074, 0x0022, 0x0008,
    0x1893, 0x0CE0, 0x12AB, 0x0CE0, 0x0017, 0x000B, 0x16C9, 0x4482,
    0x0024, 0x0022, 0x16AA, 0x0CEF, 0x16CE, 0x000B, 0x131E, 0x4482,
    0x002E, 0x0022, 0x0331, 0x000D, 0x0008, 0x18AE, 0x0004, 0x0022,
    0x0ED2, 0x0DA4, 0x16AA, 0x0CFE, 0x16DE, 0x000B, 0x0004, 0x0022,
    0x0ED2, 0x0DA4, 0x0BA2, 0x000B, 0x0FBA, 0x4482, 0x0053, 0x0022,
    0x0331, 0x000D, 0x0008, 0x18C4, 0x0004, 0x0022, 0x0ED2, 0x0DA4,
    0x16AA, 0x0CF6, 0x16DE, 0x000B, 0x0004, 0x0022, 0x0ED2, 0x0DA4,
    0x000B, 0x1716, 0x7A03, 0x0055, 0x003C, 0x003D, 0x0004, 0x0001,
    0x29CC, 0x05BA, 0x000B, 0x1330, 0xA807, 0x003F, 0x0054, 0x0041,
    0x0052, 0x0047, 0x0045, 0x0054, 0x0F0C, 0x0018, 0x000F, 0x0008,
    0x18E2, 0x000B, 0x0CEF, 0x0005, 0x0020, 0x006E, 0x0061, 0x006D,
    0x0065, 0x12AB, 0x0000, 0xA846, 0x0046, 0x0049, 0x004E, 0x0044,
    0x0058, 0x0054, 0x0018, 0x11D7, 0x0576, 0x0008, 0x18FB, 0x0017,
    0x0004, 0xFFFF, 0x000B, 0x0017, 0x0004, 0x0000, 0x000B, 0x18B4,
    0x884C, 0x0053, 0x0054, 0x0052, 0x0049, 0x004E, 0x0047, 0x002D,
    0x0042, 0x0055, 0x0049, 0x004C, 0x0044, 0x001A, 0x001B, 0x0008,
    0x1925, 0x188F, 0x0011, 0x006E, 0x0065, 0x0067, 0x0061, 0x0074,
    0x0069, 0x0076, 0x0065, 0x0020, 0x0063, 0x0061, 0x0070, 0x0061,
    0x0063, 0x0069, 0x0074, 0x0079, 0x12AB, 0x0019, 0x0014, 0x1F04,
    0x0012, 0x073B, 0x0004, 0x0006, 0x29CC, 0x0018, 0x02A2, 0x000C,
    0x0017, 0x0004, 0x0004, 0x297B, 0x02A2, 0x000D, 0x0004, 0x0002,
    0x29CC, 0x297B, 0x0004, 0x0004, 0x297B, 0x02A2, 0x000D, 0x0004,
    0x0001, 0x29CC, 0x297B, 0x0004, 0x000D, 0x297B, 0x0004, 0x000B,
    0x297B, 0x0018, 0x297B, 0x0004, 0x0000, 0x297B, 0x1690, 0x22FA,
    0x03C9, 0x000D, 0x0F6B, 0x000B, 0x0000, 0x7E04, 0x0053, 0x0054,
    0x0052, 0x003F, 0x0018, 0x000D, 0x0004, 0x0004, 0x001E, 0x0008,
    0x1965, 0x0017, 0x0004, 0x0000, 0x000B, 0x0018, 0x06B0, 0x000D,
    0x02A2, 0x000C, 0x0018, 0x06B0, 0x06B0, 0x000D, 0x0004, 0x0004,
    0x001E, 0x0008, 0x1977, 0x0017, 0x0004, 0x0000, 0x000B, 0x0018,
    0x06B0, 0x06B0, 0x06B0, 0x000D, 0x02A2, 0x000D, 0x06A4, 0x001E,
    0x0008, 0x1986, 0x0017, 0x0004, 0x0000, 0x000B, 0x0018, 0x0004,
    0x0004, 0x29CC, 0x000D, 0x0004, 0x000D, 0x001E, 0x0008, 0x1994,
    0x0017, 0x0004, 0x0000, 0x000B, 0x0018, 0x0004, 0x0005, 0x29CC,
    0x000D, 0x0004, 0x000B, 0x001E, 0x0008, 0x19A2, 0x0017, 0x0004,
    0x0000, 0x000B, 0x0004, 0xFFFF, 0x000B, 0x0000, 0x8C07, 0x003E,
    0x0053, 0x0054, 0x0052, 0x0042, 0x0055, 0x0046, 0x195A, 0x0008,
    0x19B4, 0x06B0, 0x000D, 0x000B, 0x188F, 0x000A, 0x006E, 0x006F,
    0x0074, 0x0020, 0x0073, 0x0074, 0x0072, 0x0069, 0x006E, 0x0067,
    0x12AB, 0x0000, 0x8208, 0x003E, 0x0053, 0x0054, 0x0052, 0x004C,
    0x0045, 0x004E, 0x0041, 0x195A, 0x0008, 0x19D3, 0x06B0, 0x06B0,
    0x06B0, 0x000D, 0x000B, 0x188F, 0x000A, 0x006E, 0x006F, 0x0074,
    0x0020, 0x0073, 0x0074, 0x0072, 0x0069, 0x006E, 0x0067, 0x12AB,
    0x0000, 0xA007, 0x003E, 0x0053, 0x0054, 0x0052, 0x0043, 0x0041,
    0x0050, 0x19CB, 0x06A4, 0x000D, 0x000B, 0x0000, 0x9C07, 0x003E,
    0x0053, 0x0054, 0x0052, 0x004C, 0x0045, 0x004E, 0x19CB, 0x000D,
    0x000B, 0x0000, 0xA809, 0x0053, 0x0054, 0x0052, 0x0043, 0x004C,
    0x0052, 0x002D, 0x0058, 0x0054, 0x19CB, 0x0004, 0x0000, 0x0019,
    0x000C, 0x000B, 0x0000, 0xA809, 0x0053, 0x0054, 0x0052, 0x0043,
    0x0041, 0x0050, 0x002D, 0x0058, 0x0054, 0x19E9, 0x000B, 0x0000,
    0xA809, 0x0053, 0x0054, 0x0052, 0x0053, 0x0045, 0x0054, 0x002D,
    0x0058, 0x0054, 0x02AE, 0x000C, 0x0018, 0x02AE, 0x000D, 0x19E9,
    0x18CE, 0x0008, 0x1A3C, 0x0018, 0x0014, 0x001A, 0x02AE, 0x000D,
    0x19AE, 0x0013, 0x07C3, 0x0012, 0x0017, 0x0019, 0x0017, 0x02AE,
    0x000D, 0x19CB, 0x000C, 0x000B, 0x188F, 0x000F, 0x0073, 0x0074,
    0x0072, 0x0069, 0x006E, 0x0067, 0x0020, 0x006F, 0x0076, 0x0065,
    0x0072, 0x0066, 0x006C, 0x006F, 0x0077, 0x12AB, 0x0000, 0xA80A,
    0x0053, 0x0054, 0x0052, 0x0053, 0x0045, 0x0054, 0x004E, 0x002D,
    0x0058, 0x0054, 0x02AE, 0x000C, 0x0018, 0x02AE, 0x000D, 0x19E9,
    0x001E, 0x0008, 0x1A77, 0x188F, 0x0011, 0x0063, 0x0061, 0x0070,
    0x0061, 0x0063, 0x0069, 0x0074, 0x0079, 0x0020, 0x006D, 0x0069,
    0x0073, 0x006D, 0x0061, 0x0074, 0x0063, 0x0068, 0x12AB, 0x0018,
    0x0004, 0x0001, 0x29CC, 0x05BA, 0x0008, 0x1A82, 0x02AE, 0x000D,
    0x1A22, 0x000B, 0x188F, 0x000F, 0x0073, 0x0074, 0x0072, 0x0069,
    0x006E, 0x0067, 0x0020, 0x006F, 0x0076, 0x0065, 0x0072, 0x0066,
    0x006C, 0x006F, 0x0077, 0x12AB, 0x0000, 0xA809, 0x0053, 0x0054,
    0x0052, 0x0041, 0x0050, 0x0050, 0x002D, 0x0058, 0x0054, 0x02AE,
    0x000C, 0x02BA, 0x000C, 0x02C6, 0x000C, 0x0D15, 0x02AE, 0x000D,
    0x19AE, 0x02AE, 0x000D, 0x19F6, 0x0D60, 0x02BA, 0x000D, 0x02C6,
    0x000D, 0x0D60, 0x0D70, 0x02AE, 0x000D, 0x1A22, 0x000B, 0x0000,
    0xA809, 0x0053, 0x0054, 0x0052, 0x0050, 0x0052, 0x0045, 0x002D,
    0x0058, 0x0054, 0x02AE, 0x000C, 0x02BA, 0x000C, 0x02C6, 0x000C,
    0x0D15, 0x02BA, 0x000D, 0x02C6, 0x000D, 0x0D60, 0x02AE, 0x000D,
    0x19AE, 0x02AE, 0x000D, 0x19F6, 0x0D60, 0x0D70, 0x02AE, 0x000D,
    0x1A22, 0x000B, 0x0000, 0xA80A, 0x0053, 0x0054, 0x0052, 0x0043,
    0x0041, 0x0050, 0x0050, 0x002D, 0x0058, 0x0054, 0x02AE, 0x000C,
    0x0D15, 0x02AE, 0x000D, 0x19AE, 0x02AE, 0x000D, 0x19F6, 0x0D60,
    0x0D4F, 0x0D70, 0x02AE, 0x000D, 0x1A22, 0x000B, 0x0000, 0xA80B,
    0x0053, 0x0054, 0x0052, 0x0043, 0x0048, 0x0041, 0x0052, 0x0021,
    0x002D, 0x0058, 0x0054, 0x0014, 0x0018, 0x001B, 0x0008, 0x1B18,
    0x188F, 0x000D, 0x0069, 0x006E, 0x0076, 0x0061, 0x006C, 0x0069,
    0x0064, 0x0020, 0x0069, 0x006E, 0x0064, 0x0065, 0x0078, 0x12AB,
    0x0018, 0x0013, 0x19F6, 0x05BA, 0x0008, 0x1B25, 0x0013, 0x19AE,
    0x29CC, 0x000E, 0x0012, 0x0017, 0x000B, 0x188F, 0x000D, 0x0069,
    0x006E, 0x0076, 0x0061, 0x006C, 0x0069, 0x0064, 0x0020, 0x0069,
    0x006E, 0x0064, 0x0065, 0x0078, 0x12AB, 0x16B1, 0x9C03, 0x004C,
    0x0045, 0x004E, 0x0019, 0x0017, 0x000B, 0x176A, 0x7E06, 0x0045,
    0x004D, 0x0050, 0x0054, 0x0059, 0x003F, 0x0019, 0x0017, 0x0576,
    0x0008, 0x1B4E, 0x0017, 0x0004, 0x0000, 0x000B, 0x0004, 0xFFFF,
    0x000B, 0x18FF, 0x7A04, 0x0053, 0x0054, 0x0052, 0x003D, 0x0014,
    0x001A, 0x0013, 0x001E, 0x0008, 0x1B64, 0x0012, 0x0017, 0x058D,
    0x0017, 0x0004, 0x0000, 0x000B, 0x0019, 0x0012, 0x0017, 0x0FE6,
    0x000B, 0x1B51, 0x7C05, 0x0053, 0x0054, 0x0052, 0x003C, 0x003E,
    0x1B57, 0x0035, 0x000B, 0x1B35, 0xA804, 0x004C, 0x0045, 0x0046,
    0x0054, 0x0018, 0x001B, 0x0008, 0x1B8D, 0x188F, 0x000D, 0x0069,
    0x006E, 0x0076, 0x0061, 0x006C, 0x0069, 0x0064, 0x0020, 0x0072,
    0x0061, 0x006E, 0x0067, 0x0065, 0x12AB, 0x02A2, 0x000C, 0x02A2,
    0x000D, 0x001A, 0x18CE, 0x0008, 0x1B99, 0x0017, 0x02A2, 0x000D,
    0x000B, 0x188F, 0x000D, 0x0069, 0x006E, 0x0076, 0x0061, 0x006C,
    0x0069, 0x0064, 0x0020, 0x0072, 0x0061, 0x006E, 0x0067, 0x0065,
    0x12AB, 0x1749, 0xA805, 0x0052, 0x0049, 0x0047, 0x0048, 0x0054,
    0x0018, 0x001B, 0x0008, 0x1BC4, 0x188F, 0x000D, 0x0069, 0x006E,
    0x0076, 0x0061, 0x006C, 0x0069, 0x0064, 0x0020, 0x0072, 0x0061,
    0x006E, 0x0067, 0x0065, 0x12AB, 0x0018, 0x001A, 0x18CE, 0x0008,
    0x1BD3, 0x0014, 0x0019, 0x001A, 0x0013, 0x29A0, 0x29CC, 0x0012,
    0x0581, 0x0017, 0x000B, 0x188F, 0x000D, 0x0069, 0x006E, 0x0076,
    0x0061, 0x006C, 0x0069, 0x0064, 0x0020, 0x0072, 0x0061, 0x006E,
    0x0067, 0x0065, 0x12AB, 0x1B69, 0xA406, 0x0053, 0x0055, 0x0042,
    0x0053, 0x0054, 0x0052, 0x0014, 0x0018, 0x001B, 0x0008, 0x1C00,
    0x188F, 0x000D, 0x0069, 0x006E, 0x0076, 0x0061, 0x006C, 0x0069,
    0x0064, 0x0020, 0x0072, 0x0061, 0x006E, 0x0067, 0x0065, 0x12AB,
    0x0013, 0x001B, 0x0008, 0x1C14, 0x188F, 0x000D, 0x0069, 0x006E,
    0x0076, 0x0061, 0x006C, 0x0069, 0x0064, 0x0020, 0x0072, 0x0061,
    0x006E, 0x0067, 0x0065, 0x12AB, 0x02A2, 0x000C, 0x02A2, 0x000D,
    0x001A, 0x18CE, 0x0008, 0x1C2A, 0x02A2, 0x000D, 0x0013, 0x29CC,
    0x001A, 0x18CE, 0x0008, 0x1C2A, 0x0017, 0x02A2, 0x000D, 0x29CC,
    0x0012, 0x000B, 0x188F, 0x000D, 0x0069, 0x006E, 0x0076, 0x0061,
    0x006C, 0x0069, 0x0064, 0x0020, 0x0072, 0x0061, 0x006E, 0x0067,
    0x0065, 0x12AB, 0x16A1, 0x8005, 0x0043, 0x0048, 0x0041, 0x0052,
    0x0040, 0x0018, 0x001B, 0x0008, 0x1C55, 0x188F, 0x000D, 0x0069,
    0x006E, 0x0076, 0x0061, 0x006C, 0x0069, 0x0064, 0x0020, 0x0069,
    0x006E, 0x0064, 0x0065, 0x0078, 0x12AB, 0x0018, 0x001A, 0x05BA,
    0x0008, 0x1C5F, 0x0019, 0x0017, 0x29CC, 0x000F, 0x000B, 0x188F,
    0x000D, 0x0069, 0x006E, 0x0076, 0x0061, 0x006C, 0x0069, 0x0064,
    0x0020, 0x0069, 0x006E, 0x0064, 0x0065, 0x0078, 0x12AB, 0x1BE3,
    0x8E86, 0x0053, 0x0054, 0x0052, 0x0049, 0x004E, 0x0047, 0x0331,
    0x000D, 0x0008, 0x1C9E, 0x188F, 0x0020, 0x0053, 0x0054, 0x0052,
    0x0049, 0x004E, 0x0047, 0x0020, 0x0063, 0x006F, 0x006D, 0x0070,
    0x0069, 0x006C, 0x0065, 0x002D, 0x0073, 0x0074, 0x0061, 0x0074,
    0x0065, 0x0020, 0x0075, 0x006E, 0x0073, 0x0075, 0x0070, 0x0070,
    0x006F, 0x0072, 0x0074, 0x0065, 0x0064, 0x12AB, 0x18DC, 0x18F2,
    0x0008, 0x1CB5, 0x058D, 0x0017, 0x188F, 0x000E, 0x0064, 0x0075,
    0x0070, 0x006C, 0x0069, 0x0063, 0x0061, 0x0074, 0x0065, 0x0020,
    0x006E, 0x0061, 0x006D, 0x0065, 0x12AB, 0x190D, 0x0017, 0x000B,
    0x1756, 0xA485, 0x0054, 0x004F, 0x0053, 0x0054, 0x0052, 0x18DC,
    0x18F2, 0x0008, 0x1CD5, 0x0019, 0x0017, 0x02AE, 0x000C, 0x0331,
    0x000D, 0x0008, 0x1CD1, 0x02AE, 0x000D, 0x16BA, 0x16AA, 0x1A22,
    0x000B, 0x02AE, 0x000D, 0x1A22, 0x000B, 0x0331, 0x000D, 0x0008,
    0x1CF1, 0x188F, 0x0015, 0x006D, 0x0069, 0x0073, 0x0073, 0x0069,
    0x006E, 0x0067, 0x0020, 0x0073, 0x0074, 0x0072, 0x0069, 0x006E,
    0x0067, 0x0020, 0x0074, 0x0061, 0x0072, 0x0067, 0x0065, 0x0074,
    0x12AB, 0x0014, 0x001A, 0x02BA, 0x000C, 0x0018, 0x02C6, 0x000C,
    0x0018, 0x0012, 0x190D, 0x02AE, 0x000C, 0x02BA, 0x000D, 0x02C6,
    0x000D, 0x02AE, 0x000D, 0x1A22, 0x000B, 0x1CB8, 0x9C86, 0x0054,
    0x004F, 0x0053, 0x0054, 0x0052, 0x004E, 0x18DC, 0x18F2, 0x0008,
    0x1D23, 0x0019, 0x0017, 0x02AE, 0x000C, 0x0331, 0x000D, 0x0008,
    0x1D1F, 0x02AE, 0x000D, 0x16BA, 0x16AA, 0x1A5A, 0x000B, 0x02AE,
    0x000D, 0x1A5A, 0x000B, 0x0331, 0x000D, 0x0008, 0x1D3F, 0x188F,
    0x0015, 0x006D, 0x0069, 0x0073, 0x0073, 0x0069, 0x006E, 0x0067,
    0x0020, 0x0073, 0x0074, 0x0072, 0x0069, 0x006E, 0x0067, 0x0020,
    0x0074, 0x0061, 0x0072, 0x0067, 0x0065, 0x0074, 0x12AB, 0x0014,
    0x0018, 0x02D2, 0x000C, 0x0581, 0x0018, 0x02BA, 0x000C, 0x0581,
    0x0018, 0x02C6, 0x000C, 0x0581, 0x0018, 0x0012, 0x190D, 0x02AE,
    0x000C, 0x02BA, 0x000D, 0x02C6, 0x000D, 0x02D2, 0x000D, 0x02AE,
    0x000D, 0x1A5A, 0x000B, 0x1C3A, 0xA485, 0x0043, 0x004C, 0x0045,
    0x0041, 0x0052, 0x18DC, 0x18F2, 0x0008, 0x1D78, 0x0019, 0x0017,
    0x02AE, 0x000C, 0x0331, 0x000D, 0x0008, 0x1D74, 0x02AE, 0x000D,
    0x16BA, 0x16AA, 0x1A04, 0x000B, 0x02AE, 0x000D, 0x1A04, 0x000B,
    0x188F, 0x0015, 0x006D, 0x0069, 0x0073, 0x0073, 0x0069, 0x006E,
    0x0067, 0x0020, 0x0073, 0x0074, 0x0072, 0x0069, 0x006E, 0x0067,
    0x0020, 0x0074, 0x0061, 0x0072, 0x0067, 0x0065, 0x0074, 0x12AB,
    0x1D5B, 0xB288, 0x0043, 0x0041, 0x0050, 0x0041, 0x0043, 0x0049,
    0x0054, 0x0059, 0x18DC, 0x18F2, 0x0008, 0x1DB0, 0x0019, 0x0017,
    0x02AE, 0x000C, 0x0331, 0x000D, 0x0008, 0x1DAC, 0x02AE, 0x000D,
    0x16BA, 0x16AA, 0x1A15, 0x000B, 0x02AE, 0x000D, 0x1A15, 0x000B,
    0x188F, 0x0015, 0x006D, 0x0069, 0x0073, 0x0073, 0x0069, 0x006E,
    0x0067, 0x0020, 0x0073, 0x0074, 0x0072, 0x0069, 0x006E, 0x0067,
    0x0020, 0x0074, 0x0061, 0x0072, 0x0067, 0x0065, 0x0074, 0x12AB,
    0x187B, 0x8886, 0x0041, 0x0050, 0x0050, 0x0045, 0x004E, 0x0044,
    0x0331, 0x000D, 0x0008, 0x1DE2, 0x18DC, 0x18F2, 0x0008, 0x1DF6,
    0x0019, 0x0017, 0x02AE, 0x000C, 0x02AE, 0x000D, 0x16BA, 0x16AA,
    0x1A9F, 0x000B, 0x02BA, 0x000C, 0x02C6, 0x000C, 0x18DC, 0x18F2,
    0x0008, 0x1DF6, 0x0019, 0x0017, 0x02AE, 0x000C, 0x02BA, 0x000D,
    0x02C6, 0x000D, 0x02AE, 0x000D, 0x1A9F, 0x000B, 0x188F, 0x0015,
    0x006D, 0x0069, 0x0073, 0x0073, 0x0069, 0x006E, 0x0067, 0x0020,
    0x0073, 0x0074, 0x0072, 0x0069, 0x006E, 0x0067, 0x0020, 0x0074,
    0x0061, 0x0072, 0x0067, 0x0065, 0x0074, 0x12AB, 0x1361, 0x8887,
    0x0050, 0x0052, 0x0045, 0x0050, 0x0045, 0x004E, 0x0044, 0x0331,
    0x000D, 0x0008, 0x1E29, 0x18DC, 0x18F2, 0x0008, 0x1E3D, 0x0019,
    0x0017, 0x02AE, 0x000C, 0x02AE, 0x000D, 0x16BA, 0x16AA, 0x1AC2,
    0x000B, 0x02BA, 0x000C, 0x02C6, 0x000C, 0x18DC, 0x18F2, 0x0008,
    0x1E3D, 0x0019, 0x0017, 0x02AE, 0x000C, 0x02BA, 0x000D, 0x02C6,
    0x000D, 0x02AE, 0x000D, 0x1AC2, 0x000B, 0x188F, 0x0015, 0x006D,
    0x0069, 0x0073, 0x0073, 0x0069, 0x006E, 0x0067, 0x0020, 0x0073,
    0x0074, 0x0072, 0x0069, 0x006E, 0x0067, 0x0020, 0x0074, 0x0061,
    0x0072, 0x0067, 0x0065, 0x0074, 0x12AB, 0x1D90, 0x8887, 0x0043,
    0x0041, 0x0050, 0x0050, 0x0045, 0x004E, 0x0044, 0x18DC, 0x18F2,
    0x0008, 0x1E74, 0x0019, 0x0017, 0x02AE, 0x000C, 0x0331, 0x000D,
    0x0008, 0x1E70, 0x02AE, 0x000D, 0x16BA, 0x16AA, 0x1AE6, 0x000B,
    0x02AE, 0x000D, 0x1AE6, 0x000B, 0x188F, 0x0015, 0x006D, 0x0069,
    0x0073, 0x0073, 0x0069, 0x006E, 0x0067, 0x0020, 0x0073, 0x0074,
    0x0072, 0x0069, 0x006E, 0x0067, 0x0020, 0x0074, 0x0061, 0x0072,
    0x0067, 0x0065, 0x0074, 0x12AB, 0x1E55, 0x4285, 0x0043, 0x0048,
    0x0041, 0x0052, 0x0021, 0x18DC, 0x18F2, 0x0008, 0x1EA9, 0x0019,
    0x0017, 0x02AE, 0x000C, 0x0331, 0x000D, 0x0008, 0x1EA5, 0x02AE,
    0x000D, 0x16BA, 0x16AA, 0x1B03, 0x000B, 0x02AE, 0x000D, 0x1B03,
    0x000B, 0x188F, 0x0015, 0x006D, 0x0069, 0x0073, 0x0073, 0x0069,
    0x006E, 0x0067, 0x0020, 0x0073, 0x0074, 0x0072, 0x0069, 0x006E,
    0x0067, 0x0020, 0x0074, 0x0061, 0x0072, 0x0067, 0x0065, 0x0074,
    0x12AB, 0x0000, 0x8A07, 0x003F, 0x0055, 0x004E, 0x0049, 0x0051,
    0x0055, 0x0045, 0x000B, 0x0000, 0x5845, 0x0053, 0x004E, 0x0041,
    0x0050, 0x002C, 0x0018, 0x000D, 0x0004, 0x0004, 0x297B, 0x297B,
    0x0004, 0x0004, 0x297B, 0x0018, 0x297B, 0x0004, 0x000C, 0x297B,
    0x0017, 0x000B, 0x0000, 0x584A, 0x0053, 0x004E, 0x0041, 0x0050,
    0x002D, 0x0049, 0x004E, 0x0054, 0x004F, 0x002C, 0x0014, 0x0004,
    0x0004, 0x297B, 0x297B, 0x0004, 0x0004, 0x297B, 0x0012, 0x297B,
    0x0004, 0x000C, 0x297B, 0x000B, 0x0000, 0xA446, 0x0048, 0x0045,
    0x0041, 0x0044, 0x0045, 0x0052, 0x0018, 0x000F, 0x0008, 0x1F2B,
    0x1ECA, 0x0018, 0x02A2, 0x000C, 0x073B, 0x0018, 0x03C9, 0x000C,
    0x0004, 0x0000, 0x297B, 0x02A2, 0x000D, 0x0F4D, 0x297B, 0x02A2,
    0x000D, 0x06B0, 0x073B, 0x02A2, 0x000D, 0x000F, 0x0004, 0x001F,
    0x001C, 0x07C3, 0x02A2, 0x000D, 0x000F, 0x0004, 0x001F, 0x001C,
    0x1690, 0x058D, 0x000B, 0x0CEF, 0x0005, 0x0020, 0x006E, 0x0061,
    0x006D, 0x0065, 0x12AB, 0x0003, 0x004E, 0x004F, 0x0050, 0x0000,
    0x0000, 0x0004, 0x006A, 0x0075, 0x006D, 0x0070, 0x0001, 0x0000,
    0x0003, 0x003F, 0x0072, 0x0078, 0x0002, 0x0000, 0x0003, 0x0074,
    0x0078, 0x0021, 0x0003, 0x0000, 0x0005, 0x0064, 0x006F, 0x004C,
    0x0049, 0x0054, 0x0004, 0x0001, 0x0006, 0x0064, 0x006F, 0x004C,
    0x0049, 0x0053, 0x0054, 0x0005, 0x0000, 0x0005, 0x0064, 0x006F,
    0x0056, 0x0041, 0x0052, 0x0006, 0x0000, 0x0006, 0x0064, 0x006F,
    0x004E, 0x0045, 0x0058, 0x0054, 0x0007, 0x0000, 0x0007, 0x003F,
    0x0062, 0x0072, 0x0061, 0x006E, 0x0063, 0x0068, 0x0008, 0x0001,
    0x0006, 0x0062, 0x0072, 0x0061, 0x006E, 0x0063, 0x0068, 0x0009,
    0x0001, 0x0007, 0x0045, 0x0058, 0x0045, 0x0043, 0x0055, 0x0054,
    0x0045, 0x000A, 0x0000, 0x0004, 0x0045, 0x0058, 0x0049, 0x0054,
    0x000B, 0x0000, 0x0001, 0x0021, 0x000C, 0x0000, 0x0001, 0x0040,
    0x000D, 0x0000, 0x0002, 0x0043, 0x0021, 0x000E, 0x0000, 0x0002,
    0x0043, 0x0040, 0x000F, 0x0000, 0x0003, 0x0052, 0x0050, 0x0021,
    0x0010, 0x0000, 0x0003, 0x0052, 0x0050, 0x0040, 0x0011, 0x0000,
    0x0002, 0x0052, 0x003E, 0x0012, 0x0000, 0x0002, 0x0052, 0x0040,
    0x0013, 0x0000, 0x0002, 0x003E, 0x0052, 0x0014, 0x0000, 0x0003,
    0x0053, 0x0050, 0x0040, 0x0015, 0x0000, 0x0003, 0x0053, 0x0050,
    0x0021, 0x0016, 0x0000, 0x0004, 0x0044, 0x0052, 0x004F, 0x0050,
    0x0017, 0x0000, 0x0003, 0x0044, 0x0055, 0x0050, 0x0018, 0x0000,
    0x0004, 0x0053, 0x0057, 0x0041, 0x0050, 0x0019, 0x0000, 0x0004,
    0x004F, 0x0056, 0x0045, 0x0052, 0x001A, 0x0000, 0x0002, 0x0030,
    0x003C, 0x001B, 0x0000, 0x0003, 0x0041, 0x004E, 0x0044, 0x001C,
    0x0000, 0x0002, 0x004F, 0x0052, 0x001D, 0x0000, 0x0003, 0x0058,
    0x004F, 0x0052, 0x001E, 0x0000, 0x0003, 0x0055, 0x004D, 0x002B,
};

static const uint16_t pdr16_xt_forth_rom_chunk_1[8192] PROGMEM = {
    0x001F, 0x0000, 0x0003, 0x003C, 0x003C, 0x0034, 0x0020, 0x0000,
    0x0003, 0x003C, 0x003C, 0x0038, 0x0021, 0x0000, 0x0003, 0x003C,
    0x003C, 0x0039, 0x0022, 0x0000, 0x0002, 0x0030, 0x003D, 0x0023,
    0x0000, 0x0002, 0x0031, 0x002B, 0x0024, 0x0000, 0x0002, 0x0031,
    0x002D, 0x0025, 0x0000, 0x0002, 0x0032, 0x002B, 0x0026, 0x0000,
    0x0002, 0x0032, 0x002D, 0x0027, 0x0000, 0x0005, 0x0048, 0x004F,
    0x0050, 0x0045, 0x004E, 0x0028, 0x0000, 0x0007, 0x0048, 0x0043,
    0x0052, 0x0045, 0x0041, 0x0054, 0x0045, 0x0029, 0x0000, 0x0006,
    0x0048, 0x0043, 0x004C, 0x004F, 0x0053, 0x0045, 0x002A, 0x0000,
    0x0007, 0x0048, 0x0052, 0x0045, 0x0041, 0x0044, 0x004C, 0x004E,
    0x002B, 0x0000, 0x0008, 0x0048, 0x0057, 0x0052, 0x0049, 0x0054,
    0x0045, 0x004C, 0x004E, 0x002C, 0x0000, 0x0005, 0x0048, 0x0053,
    0x0045, 0x0045, 0x004B, 0x002D, 0x0000, 0x0005, 0x0048, 0x0054,
    0x0045, 0x004C, 0x004C, 0x002E, 0x0000, 0x0005, 0x0048, 0x0053,
    0x0049, 0x005A, 0x0045, 0x002F, 0x0000, 0x0006, 0x0048, 0x0046,
    0x004C, 0x0055, 0x0053, 0x0048, 0x0030, 0x0000, 0x0007, 0x0048,
    0x0044, 0x0045, 0x004C, 0x0045, 0x0054, 0x0045, 0x0031, 0x0000,
    0x0007, 0x0048, 0x0052, 0x0045, 0x004E, 0x0041, 0x004D, 0x0045,
    0x0032, 0x0000, 0x0003, 0x0055, 0x004D, 0x002A, 0x0033, 0x0000,
    0x0003, 0x004E, 0x004F, 0x0054, 0x0035, 0x0000, 0x0003, 0x0053,
    0x0055, 0x0042, 0x0036, 0x0000, 0x0006, 0x004E, 0x0045, 0x0047,
    0x0041, 0x0054, 0x0045, 0x0037, 0x0000, 0x0003, 0x0049, 0x004E,
    0x0043, 0x0038, 0x0000, 0x0003, 0x0044, 0x0045, 0x0043, 0x0039,
    0x0000, 0x0004, 0x005A, 0x0045, 0x0052, 0x004F, 0x003A, 0x0000,
    0x0002, 0x0055, 0x002B, 0x003B, 0x0000, 0x0002, 0x0032, 0x002A,
    0x003C, 0x0000, 0x0000, 0x0000, 0x7E45, 0x0050, 0x0052, 0x0049,
    0x004D, 0x003F, 0x0018, 0x02A2, 0x000C, 0x0018, 0x06B0, 0x000F,
    0x03EC, 0x000C, 0x0017, 0x0004, 0x1F33, 0x0018, 0x000F, 0x0008,
    0x210B, 0x0018, 0x06B0, 0x000F, 0x03EC, 0x000D, 0x001E, 0x0008,
    0x20EF, 0x072D, 0x29CC, 0x06B0, 0x06B0, 0x0009, 0x20DD, 0x02A2,
    0x000D, 0x0019, 0x0018, 0x000F, 0x0FC1, 0x0008, 0x20FF, 0x0019,
    0x0017, 0x072D, 0x29CC, 0x06B0, 0x06B0, 0x0009, 0x20DD, 0x0019,
    0x0017, 0x072D, 0x29CC, 0x0018, 0x000D, 0x0019, 0x06B0, 0x000D,
    0x0004, 0xFFFF, 0x000B, 0x0017, 0x02A2, 0x000D, 0x0004, 0x0000,
    0x000B, 0x0003, 0x003F, 0x0072, 0x0078, 0x0002, 0x0003, 0x0074,
    0x0078, 0x0021, 0x0003, 0x0001, 0x0021, 0x000C, 0x0001, 0x0040,
    0x000D, 0x0002, 0x0043, 0x0021, 0x000E, 0x0002, 0x0043, 0x0040,
    0x000F, 0x0003, 0x0052, 0x0050, 0x0021, 0x0010, 0x0003, 0x0052,
    0x0050, 0x0040, 0x0011, 0x0002, 0x0052, 0x003E, 0x0012, 0x0002,
    0x0052, 0x0040, 0x0013, 0x0002, 0x003E, 0x0052, 0x0014, 0x0003,
    0x0053, 0x0050, 0x0040, 0x0015, 0x0003, 0x0053, 0x0050, 0x0021,
    0x0016, 0x0004, 0x0044, 0x0052, 0x004F, 0x0050, 0x0017, 0x0003,
    0x0044, 0x0055, 0x0050, 0x0018, 0x0004, 0x0053, 0x0057, 0x0041,
    0x0050, 0x0019, 0x0004, 0x004F, 0x0056, 0x0045, 0x0052, 0x001A,
    0x0002, 0x0030, 0x003C, 0x001B, 0x0003, 0x0041, 0x004E, 0x0044,
    0x001C, 0x0002, 0x004F, 0x0052, 0x001D, 0x0003, 0x0058, 0x004F,
    0x0052, 0x001E, 0x0003, 0x0055, 0x004D, 0x002B, 0x001F, 0x0002,
    0x0030, 0x003D, 0x0023, 0x0002, 0x0031, 0x002B, 0x0024, 0x0002,
    0x0031, 0x002D, 0x0025, 0x0002, 0x0032, 0x002B, 0x0026, 0x0002,
    0x0032, 0x002D, 0x0027, 0x0005, 0x0048, 0x004F, 0x0050, 0x0045,
    0x004E, 0x0028, 0x0007, 0x0048, 0x0043, 0x0052, 0x0045, 0x0041,
    0x0054, 0x0045, 0x0029, 0x0006, 0x0048, 0x0043, 0x004C, 0x004F,
    0x0053, 0x0045, 0x002A, 0x0007, 0x0048, 0x0052, 0x0045, 0x0041,
    0x0044, 0x004C, 0x004E, 0x002B, 0x0008, 0x0048, 0x0057, 0x0052,
    0x0049, 0x0054, 0x0045, 0x004C, 0x004E, 0x002C, 0x0005, 0x0048,
    0x0053, 0x0045, 0x0045, 0x004B, 0x002D, 0x0005, 0x0048, 0x0054,
    0x0045, 0x004C, 0x004C, 0x002E, 0x0005, 0x0048, 0x0053, 0x0049,
    0x005A, 0x0045, 0x002F, 0x0006, 0x0048, 0x0046, 0x004C, 0x0055,
    0x0053, 0x0048, 0x0030, 0x0007, 0x0048, 0x0044, 0x0045, 0x004C,
    0x0045, 0x0054, 0x0045, 0x0031, 0x0007, 0x0048, 0x0052, 0x0045,
    0x004E, 0x0041, 0x004D, 0x0045, 0x0032, 0x0003, 0x0055, 0x004D,
    0x002A, 0x0033, 0x0003, 0x004E, 0x004F, 0x0054, 0x0035, 0x0003,
    0x0053, 0x0055, 0x0042, 0x0036, 0x0006, 0x004E, 0x0045, 0x0047,
    0x0041, 0x0054, 0x0045, 0x0037, 0x0003, 0x0049, 0x004E, 0x0043,
    0x0038, 0x0003, 0x0044, 0x0045, 0x0043, 0x0039, 0x0004, 0x005A,
    0x0045, 0x0052, 0x004F, 0x003A, 0x0002, 0x0055, 0x002B, 0x003B,
    0x0002, 0x0032, 0x002A, 0x003C, 0x0000, 0x0000, 0x7E46, 0x0049,
    0x0050, 0x0052, 0x0049, 0x004D, 0x003F, 0x0018, 0x02A2, 0x000C,
    0x0018, 0x06B0, 0x000F, 0x03EC, 0x000C, 0x0017, 0x0004, 0x2111,
    0x0018, 0x000F, 0x0008, 0x2250, 0x0018, 0x06B0, 0x000F, 0x03EC,
    0x000D, 0x001E, 0x0008, 0x2239, 0x072D, 0x29CC, 0x06B0, 0x0009,
    0x2228, 0x0018, 0x000F, 0x0014, 0x02A2, 0x000D, 0x06B0, 0x001A,
    0x06B0, 0x0012, 0x0FE6, 0x0008, 0x224B, 0x072D, 0x29CC, 0x000D,
    0x0004, 0xFFFF, 0x000B, 0x072D, 0x29CC, 0x06B0, 0x0009, 0x2228,
    0x0017, 0x02A2, 0x000D, 0x0004, 0x0000, 0x000B, 0x0000, 0x8A48,
    0x0024, 0x0043, 0x004F, 0x004D, 0x0050, 0x0049, 0x004C, 0x0045,
    0x12C2, 0x0008, 0x226B, 0x0940, 0x0008, 0x226B, 0x0004, 0x0004,
    0x297B, 0x297B, 0x000B, 0x11D7, 0x0576, 0x0008, 0x2287, 0x0018,
    0x000D, 0x0018, 0x0004, 0x0080, 0x001C, 0x0008, 0x227B, 0x0017,
    0x0017, 0x0014, 0x000B, 0x0004, 0x0020, 0x001C, 0x0008, 0x2284,
    0x0017, 0x000D, 0x297B, 0x000B, 0x0017, 0x297B, 0x000B, 0x0940,
    0x0008, 0x228F, 0x0004, 0x0004, 0x297B, 0x297B, 0x000B, 0x12AB,
    0x0000, 0x584A, 0x0049, 0x004E, 0x0054, 0x0045, 0x0052, 0x0050,
    0x0052, 0x0045, 0x0054, 0x002C, 0x12C2, 0x0008, 0x22A4, 0x0940,
    0x0008, 0x22A4, 0x0787, 0x000B, 0x11D7, 0x0576, 0x0008, 0x22F1,
    0x0018, 0x000D, 0x0004, 0x0040, 0x001C, 0x188F, 0x000D, 0x0020,
    0x0063, 0x006F, 0x006D, 0x0070, 0x0069, 0x006C, 0x0065, 0x0020,
    0x006F, 0x006E, 0x006C, 0x0079, 0x001A, 0x0004, 0x165D, 0x001E,
    0x0008, 0x22EE, 0x001A, 0x0004, 0x29DA, 0x001E, 0x0008, 0x22EE,
    0x001A, 0x0004, 0x2448, 0x001E, 0x0008, 0x22EE, 0x001A, 0x0004,
    0x254D, 0x001E, 0x0008, 0x22EE, 0x001A, 0x0004, 0x255E, 0x001E,
    0x0008, 0x22EE, 0x001A, 0x0004, 0x2717, 0x001E, 0x0008, 0x22EE,
    0x0018, 0x000D, 0x0004, 0x0020, 0x001C, 0x0008, 0x22EB, 0x0017,
    0x000D, 0x0775, 0x000B, 0x0017, 0x0775, 0x000B, 0x0017, 0x0014,
    0x000B, 0x12AB, 0x0000, 0x9846, 0x0052, 0x0045, 0x0056, 0x0045,
    0x0041, 0x004C, 0x03C9, 0x000D, 0x0018, 0x0014, 0x0F9A, 0x06B0,
    0x000F, 0x039B, 0x000D, 0x0FB8, 0x0F7D, 0x0576, 0x0008, 0x2310,
    0x0018, 0x000D, 0x0013, 0x000C, 0x0012, 0x0019, 0x000C, 0x000B,
    0x0012, 0x0017, 0x000B, 0x172E, 0x8A89, 0x0049, 0x004D, 0x004D,
    0x0045, 0x0044, 0x0049, 0x0041, 0x0054, 0x0045, 0x0004, 0x0080,
    0x03C9, 0x000D, 0x06B0, 0x0018, 0x000D, 0x0581, 0x001D, 0x0019,
    0x000C, 0x000B, 0x1E0E, 0x8A07, 0x0050, 0x0052, 0x0049, 0x0056,
    0x0041, 0x0054, 0x0045, 0x0004, 0x0100, 0x03C9, 0x000D, 0x06B0,
    0x0018, 0x000D, 0x0581, 0x001D, 0x0019, 0x000C, 0x000B, 0x1E8C,
    0xB20C, 0x0043, 0x004F, 0x004D, 0x0050, 0x0049, 0x004C, 0x0045,
    0x002D, 0x004F, 0x004E, 0x004C, 0x0059, 0x0004, 0x0040, 0x03C9,
    0x000D, 0x06B0, 0x0018, 0x000D, 0x0581, 0x001D, 0x0019, 0x000C,
    0x000B, 0x0FDE, 0xA406, 0x004D, 0x0041, 0x0052, 0x004B, 0x0045,
    0x0052, 0x0331, 0x000D, 0x0008, 0x2388, 0x188F, 0x0020, 0x004D,
    0x0041, 0x0052, 0x004B, 0x0045, 0x0052, 0x0020, 0x0063, 0x006F,
    0x006D, 0x0070, 0x0069, 0x006C, 0x0065, 0x002D, 0x0073, 0x0074,
    0x0061, 0x0074, 0x0065, 0x0020, 0x0075, 0x006E, 0x0073, 0x0075,
    0x0070, 0x0070, 0x006F, 0x0072, 0x0074, 0x0065, 0x0064, 0x12AB,
    0x03C9, 0x000D, 0x02A2, 0x000C, 0x073B, 0x02AE, 0x000C, 0x0F0C,
    0x1F04, 0x037D, 0x1ED2, 0x037D, 0x06B0, 0x1ED2, 0x037D, 0x06B0,
    0x06B0, 0x1ED2, 0x038C, 0x1ED2, 0x038C, 0x06B0, 0x1ED2, 0x038C,
    0x06B0, 0x06B0, 0x1ED2, 0x038C, 0x06B0, 0x06B0, 0x06B0, 0x1ED2,
    0x038C, 0x06B0, 0x06B0, 0x06B0, 0x06B0, 0x1ED2, 0x038C, 0x06B0,
    0x06B0, 0x06B0, 0x06B0, 0x06B0, 0x1ED2, 0x038C, 0x06B0, 0x06B0,
    0x06B0, 0x06B0, 0x06B0, 0x06B0, 0x1ED2, 0x038C, 0x06B0, 0x06B0,
    0x06B0, 0x06B0, 0x06B0, 0x06B0, 0x06B0, 0x1ED2, 0x038C, 0x06B0,
    0x06B0, 0x06B0, 0x06B0, 0x06B0, 0x06B0, 0x06B0, 0x06B0, 0x1ED2,
    0x039B, 0x1ED2, 0x039B, 0x06B0, 0x1ED2, 0x02A2, 0x000D, 0x03C9,
    0x1EEE, 0x02AE, 0x000D, 0x03A5, 0x1EEE, 0x0004, 0x0004, 0x297B,
    0x02AE, 0x000D, 0x297B, 0x0004, 0x1850, 0x297B, 0x03A5, 0x000D,
    0x1850, 0x0004, 0x000B, 0x297B, 0x22FA, 0x000B, 0x16FD, 0xA806,
    0x0046, 0x004F, 0x0052, 0x0047, 0x0045, 0x0054, 0x0331, 0x000D,
    0x0008, 0x241D, 0x188F, 0x0020, 0x0046, 0x004F, 0x0052, 0x0047,
    0x0045, 0x0054, 0x0020, 0x0063, 0x006F, 0x006D, 0x0070, 0x0069,
    0x006C, 0x0065, 0x002D, 0x0073, 0x0074, 0x0061, 0x0074, 0x0065,
    0x0020, 0x0075, 0x006E, 0x0073, 0x0075, 0x0070, 0x0070, 0x006F,
    0x0072, 0x0074, 0x0065, 0x0064, 0x12AB, 0x0F0C, 0x039B, 0x000D,
    0x11A8, 0x0576, 0x0008, 0x2441, 0x0014, 0x058D, 0x0012, 0x0018,
    0x0004, 0x8000, 0x05BA, 0x0008, 0x2439, 0x188F, 0x0009, 0x0070,
    0x0072, 0x006F, 0x0074, 0x0065, 0x0063, 0x0074, 0x0065, 0x0064,
    0x12AB, 0x0FA7, 0x0018, 0x03A5, 0x000C, 0x039B, 0x000D, 0x1834,
    0x000B, 0x12AB, 0x18C9, 0xA404, 0x0055, 0x0053, 0x0045, 0x0052,
    0x0F0C, 0x1F04, 0x16AA, 0x04AE, 0x297B, 0x22FA, 0x000B, 0x0000,
    0xB20A, 0x0056, 0x004F, 0x0043, 0x0041, 0x0042, 0x0055, 0x004C,
    0x0041, 0x0052, 0x0059, 0x0F0C, 0x1F04, 0x073B, 0x0004, 0x0003,
    0x29CC, 0x0018, 0x02A2, 0x000C, 0x0017, 0x16AA, 0x054C, 0x02A2,
    0x000D, 0x297B, 0x0004, 0x000B, 0x297B, 0x02A2, 0x000D, 0x0004,
    0x0003, 0x29CC, 0x297B, 0x0004, 0x0000, 0x297B, 0x0004, 0x0000,
    0x297B, 0x02A2, 0x000D, 0x0004, 0x0003, 0x29CC, 0x0018, 0x0004,
    0x005F, 0x1690, 0x1792, 0x037D, 0x06B0, 0x000D, 0x02A2, 0x000D,
    0x06B0, 0x000C, 0x02A2, 0x000D, 0x037D, 0x06B0, 0x000C, 0x22FA,
    0x000B, 0x1456, 0xA60B, 0x0044, 0x0045, 0x0046, 0x0049, 0x004E,
    0x0049, 0x0054, 0x0049, 0x004F, 0x004E, 0x0053, 0x038C, 0x000D,
    0x0FB8, 0x039B, 0x06B0, 0x000C, 0x039B, 0x06B0, 0x039B, 0x000C,
    0x000B, 0x2359, 0x8A06, 0x004D, 0x004F, 0x0044, 0x0055, 0x004C,
    0x0045, 0x0331, 0x000D, 0x0008, 0x24D8, 0x188F, 0x0020, 0x004D,
    0x004F, 0x0044, 0x0055, 0x004C, 0x0045, 0x0020, 0x0063, 0x006F,
    0x006D, 0x0070, 0x0069, 0x006C, 0x0065, 0x002D, 0x0073, 0x0074,
    0x0061, 0x0074, 0x0065, 0x0020, 0x0075, 0x006E, 0x0073, 0x0075,
    0x0070, 0x0070, 0x006F, 0x0072, 0x0074, 0x0065, 0x0064, 0x12AB,
    0x04C3, 0x000D, 0x04D8, 0x000D, 0x001D, 0x0008, 0x24EF, 0x188F,
    0x000D, 0x006D, 0x006F, 0x0064, 0x0075, 0x006C, 0x0065, 0x0020,
    0x0061, 0x0063, 0x0074, 0x0069, 0x0076, 0x0065, 0x12AB, 0x14A1,
    0x0004, 0xFFFF, 0x04C3, 0x000C, 0x0004, 0x0000, 0x04D8, 0x000C,
    0x000B, 0x1B3D, 0x8A0A, 0x0045, 0x004E, 0x0044, 0x002D, 0x004D,
    0x004F, 0x0044, 0x0055, 0x004C, 0x0045, 0x0331, 0x000D, 0x0008,
    0x2530, 0x188F, 0x0024, 0x0045, 0x004E, 0x0044, 0x002D, 0x004D,
    0x004F, 0x0044, 0x0055, 0x004C, 0x0045, 0x0020, 0x0063, 0x006F,
    0x006D, 0x0070, 0x0069, 0x006C, 0x0065, 0x002D, 0x0073, 0x0074,
    0x0061, 0x0074, 0x0065, 0x0020, 0x0075, 0x006E, 0x0073, 0x0075,
    0x0070, 0x0070, 0x006F, 0x0072, 0x0074, 0x0065, 0x0064, 0x12AB,
    0x04C3, 0x000D, 0x04D8, 0x000D, 0x001D, 0x0008, 0x2539, 0x15CD,
    0x000B, 0x188F, 0x0009, 0x006E, 0x006F, 0x0020, 0x006D, 0x006F,
    0x0064, 0x0075, 0x006C, 0x0065, 0x12AB, 0x233F, 0x8A06, 0x0043,
    0x0052, 0x0045, 0x0041, 0x0054, 0x0045, 0x0F0C, 0x1F04, 0x0004,
    0x0006, 0x297B, 0x22FA, 0x000B, 0x244F, 0x8A08, 0x0056, 0x0041,
    0x0052, 0x0049, 0x0041, 0x0042, 0x004C, 0x0045, 0x254D, 0x0004,
    0x0000, 0x297B, 0x000B, 0x0000, 0x8A50, 0x004D, 0x004F, 0x0044,
    0x0055, 0x004C, 0x0045, 0x002D, 0x0053, 0x004B, 0x0049, 0x0050,
    0x002D, 0x004C, 0x0049, 0x004E, 0x0045, 0x0F0C, 0x11D7, 0x0008,
    0x257F, 0x0004, 0x2505, 0x001E, 0x0008, 0x2581, 0x000B, 0x0017,
    0x000B, 0x15CD, 0x1323, 0x000B, 0x167D, 0x8A05, 0x005F, 0x0054,
    0x0059, 0x0050, 0x0045, 0x0009, 0x2599, 0x0019, 0x0018, 0x000F,
    0x06D5, 0x0B51, 0x0004, 0x0001, 0x29CC, 0x0019, 0x0004, 0xFFFF,
    0x29CC, 0x0018, 0x0008, 0x259E, 0x0009, 0x258D, 0x058D, 0x000B,
    0x0CDB, 0x5603, 0x0064, 0x006D, 0x002B, 0x001A, 0x0004, 0x0004,
    0x08EF, 0x0B74, 0x0037, 0x0014, 0x0009, 0x25B6, 0x0018, 0x000F,
    0x0004, 0x0003, 0x08EF, 0x0004, 0x0001, 0x29CC, 0x0007, 0x25AE,
    0x0012, 0x0017, 0x000B, 0x2491, 0xA004, 0x0044, 0x0055, 0x004D,
    0x0050, 0x0287, 0x000D, 0x0014, 0x08B3, 0x0004, 0x0010, 0x2999,
    0x0037, 0x0014, 0x0BBA, 0x0004, 0x0010, 0x2993, 0x25A5, 0x0581,
    0x0581, 0x0004, 0x0002, 0x0B99, 0x258B, 0x0B59, 0x0035, 0x0008,
    0x25DF, 0x0007, 0x25CA, 0x0012, 0x0017, 0x0009, 0x25E1, 0x0012,
    0x0017, 0x0017, 0x0012, 0x0287, 0x000C, 0x000B, 0x189E, 0xA602,
    0x002E, 0x0053, 0x0BBA, 0x06EA, 0x0576, 0x0008, 0x2608, 0x0004,
    0x0001, 0x29CC, 0x0037, 0x0014, 0x0009, 0x25FD, 0x0013, 0x0037,
    0x0004, 0x0001, 0x29A0, 0x06F8, 0x0906, 0x0007, 0x25F6, 0x0012,
    0x0017, 0x0CFE, 0x0004, 0x0020, 0x003C, 0x0073, 0x0070, 0x000B,
    0x0009, 0x2601, 0x25E6, 0x8A05, 0x002E, 0x0042, 0x0041, 0x0053,
    0x0045, 0x0287, 0x000D, 0x08C1, 0x0018, 0x0906, 0x0287, 0x000C,
    0x000B, 0x260A, 0x8A05, 0x002E, 0x0046, 0x0052, 0x0045, 0x0045,
    0x0205, 0x000D, 0x03A5, 0x000D, 0x29A0, 0x08FD, 0x000B, 0x0000,
    0xA004, 0x0021, 0x0043, 0x0053, 0x0050, 0x0015, 0x0324, 0x000C,
    0x000B, 0x18D3, 0xA004, 0x003F, 0x0043, 0x0053, 0x0050, 0x0015,
    0x0324, 0x000D, 0x001E, 0x188F, 0x0011, 0x0073, 0x0074, 0x0061,
    0x0063, 0x006B, 0x0020, 0x0064, 0x0065, 0x0070, 0x0074, 0x0068,
    0x0020, 0x0065, 0x0072, 0x0072, 0x006F, 0x0072, 0x000B, 0x0000,
    0x864E, 0x0058, 0x0054, 0x003E, 0x004E, 0x0041, 0x004D, 0x0045,
    0x002D, 0x0049, 0x004E, 0x002D, 0x0056, 0x004F, 0x0043, 0x0019,
    0x02A2, 0x000C, 0x0FB8, 0x0576, 0x0008, 0x268F, 0x0004, 0x005F,
    0x0037, 0x0014, 0x0018, 0x000D, 0x049A, 0x000C, 0x049A, 0x000D,
    0x0018, 0x0008, 0x2688, 0x0018, 0x0F6B, 0x02A2, 0x000D, 0x001E,
    0x0008, 0x267F, 0x000D, 0x049A, 0x000C, 0x0009, 0x266E, 0x0017,
    0x049A, 0x000D, 0x0F9A, 0x0019, 0x0017, 0x0012, 0x0017, 0x000B,
    0x0017, 0x06B0, 0x0007, 0x266A, 0x0012, 0x0017, 0x0017, 0x0004,
    0x0000, 0x000B, 0x0000, 0x8A05, 0x003E, 0x004E, 0x0041, 0x004D,
    0x0045, 0x037D, 0x0018, 0x0008, 0x26AE, 0x001A, 0x001A, 0x265F,
    0x0576, 0x0008, 0x26A8, 0x0019, 0x0017, 0x0019, 0x0017, 0x000B,
    0x0019, 0x0017, 0x06B0, 0x000D, 0x0009, 0x269A, 0x0017, 0x0004,
    0x0000, 0x000B, 0x0000, 0x8A06, 0x0050, 0x003E, 0x004E, 0x0041,
    0x004D, 0x0045, 0x0004, 0x1F33, 0x0018, 0x000F, 0x0008, 0x26D0,
    0x2993, 0x072D, 0x29CC, 0x000D, 0x001E, 0x0008, 0x26CD, 0x072D,
    0x29CC, 0x06B0, 0x06B0, 0x0009, 0x26BC, 0x0019, 0x0017, 0x000B,
    0x0019, 0x0017, 0x000B, 0x0000, 0xA605, 0x0050, 0x003E, 0x004F,
    0x0050, 0x0053, 0x0004, 0x1F33, 0x0018, 0x000F, 0x0008, 0x26F4,
    0x2993, 0x072D, 0x29CC, 0x000D, 0x001E, 0x0008, 0x26ED, 0x072D,
    0x29CC, 0x06B0, 0x06B0, 0x0009, 0x26DC, 0x0019, 0x0017, 0x072D,
    0x29CC, 0x06B0, 0x000D, 0x000B, 0x0019, 0x0017, 0x0004, 0x0000,
    0x000B, 0x2619, 0x8803, 0x002E, 0x0049, 0x0044, 0x0576, 0x0008,
    0x2707, 0x072D, 0x0004, 0x001F, 0x001C, 0x258B, 0x000B, 0x0CFE,
    0x0008, 0x007B, 0x006E, 0x006F, 0x004E, 0x0061, 0x006D, 0x0065,
    0x007D, 0x000B, 0x1C6F, 0x8A03, 0x0053, 0x0045, 0x0045, 0x0F0C,
    0x11D7, 0x0018, 0x0008, 0x275F, 0x0017, 0x0BBA, 0x0018, 0x000D,
    0x0018, 0x02A2, 0x000C, 0x0018, 0x0004, 0x0200, 0x05BA, 0x0008,
    0x272C, 0x26BA, 0x0009, 0x272D, 0x2699, 0x0576, 0x0008, 0x2734,
    0x0B74, 0x26FE, 0x0009, 0x2735, 0x08FD, 0x02A2, 0x000D, 0x0004,
    0x0200, 0x05BA, 0x0008, 0x2759, 0x02A2, 0x000D, 0x0004, 0x000B,
    0x001E, 0x0008, 0x275D, 0x02A2, 0x000D, 0x26DA, 0x0576, 0x0008,
    0x2759, 0x0017, 0x0B59, 0x0008, 0x274F, 0x0009, 0x275D, 0x06B0,
    0x0018, 0x000D, 0x08FD, 0x06B0, 0x0B59, 0x0008, 0x271E, 0x0009,
    0x275D, 0x06B0, 0x0B59, 0x0008, 0x271E, 0x0017, 0x000B, 0x12AB,
    0x1774, 0xA605, 0x0057, 0x004F, 0x0052, 0x0044, 0x0053, 0x0BBA,
    0x038C, 0x000D, 0x0FB8, 0x0576, 0x0008, 0x27B0, 0x0004, 0x005F,
    0x0037, 0x0014, 0x0018, 0x000D, 0x049A, 0x000C, 0x049A, 0x000D,
    0x0018, 0x0008, 0x27A9, 0x0F9A, 0x0018, 0x000D, 0x0004, 0x0040,
    0x001C, 0x0008, 0x278B, 0x0017, 0x049A, 0x000D, 0x000D, 0x049A,
    0x000C, 0x0009, 0x2776, 0x0018, 0x000D, 0x0004, 0x0100, 0x001C,
    0x0008, 0x279A, 0x0017, 0x049A, 0x000D, 0x000D, 0x049A, 0x000C,
    0x0009, 0x2776, 0x0018, 0x0B74, 0x26FE, 0x0017, 0x049A, 0x000D,
    0x000D, 0x049A, 0x000C, 0x0B59, 0x0008, 0x2776, 0x0017, 0x0017,
    0x000B, 0x0017, 0x06B0, 0x0007, 0x2772, 0x0012, 0x0017, 0x0017,
    0x000B, 0x2554, 0xA403, 0x0056, 0x0045, 0x0052, 0x0004, 0x0400,
    0x000B, 0x0000, 0xD202, 0x0068, 0x0069, 0x0BBA, 0x0CFE, 0x0014,
    0x0050, 0x0044, 0x0052, 0x002D, 0x0031, 0x0036, 0x002F, 0x0058,
    0x0054, 0x0020, 0x0046, 0x006F, 0x0072, 0x0074, 0x0068, 0x0020,
    0x0076, 0x0034, 0x002E, 0x0030, 0x0BBA, 0x0CFE, 0x001F, 0x0064,
    0x0065, 0x0072, 0x0069, 0x0076, 0x0065, 0x0064, 0x0020, 0x0066,
    0x0072, 0x006F, 0x006D, 0x0020, 0x0065, 0x0046, 0x006F, 0x0072,
    0x0074, 0x0068, 0x0020, 0x0062, 0x0079, 0x0020, 0x0043, 0x002E,
    0x0048, 0x002E, 0x0054, 0x0069, 0x006E, 0x0067, 0x0BBA, 0x000B,
    0x24F9, 0xB205, 0x0045, 0x004D, 0x0050, 0x0054, 0x0059, 0x0004,
    0x8000, 0x03A5, 0x000C, 0x0004, 0x50D4, 0x03C9, 0x000C, 0x0004,
    0x0000, 0x037D, 0x06B0, 0x000C, 0x0004, 0x8000, 0x1850, 0x056A,
    0x249E, 0x000B, 0x2545, 0x7C06, 0x0043, 0x004D, 0x004F, 0x0056,
    0x0045, 0x003E, 0x0018, 0x0008, 0x2833, 0x0014, 0x001A, 0x0013,
    0x29CC, 0x0004, 0x0001, 0x29A0, 0x001A, 0x0013, 0x29CC, 0x0004,
    0x0001, 0x29A0, 0x000F, 0x0019, 0x000E, 0x0012, 0x0004, 0xFFFF,
    0x29CC, 0x0009, 0x281A, 0x0017, 0x058D, 0x000B, 0x24A9, 0x8A04,
    0x004D, 0x004F, 0x0056, 0x0045, 0x2993, 0x0017, 0x0019, 0x05BA,
    0x0008, 0x2844, 0x07C3, 0x000B, 0x281A, 0x000B, 0x2812, 0x8804,
    0x0043, 0x004F, 0x004C, 0x0044, 0x0004, 0xF97F, 0x0016, 0x0004,
    0xFE7F, 0x0010, 0x0004, 0x0002, 0x0004, 0xFE80, 0x0004, 0x0234,
    0x07C3, 0x0004, 0xFEE2, 0x037D, 0x000C, 0x0004, 0x0000, 0x037D,
    0x06B0, 0x000C, 0x1369, 0x27BD, 0x0004, 0x50D4, 0x03C9, 0x000C,
    0x056A, 0x249E, 0x1323, 0x0004, 0xF97F, 0x0016, 0x1614, 0x0009,
    0x284C, 0x2631, 0xF023, 0x003F, 0x0072, 0x0078, 0x0002, 0x000B,
    0x029D, 0x4223, 0x0074, 0x0078, 0x0021, 0x0003, 0x000B, 0x27F8,
    0xA824, 0x0045, 0x0058, 0x0049, 0x0054, 0x000B, 0x000B, 0x2627,
    0x4221, 0x0021, 0x000C, 0x000B, 0x0000, 0x8021, 0x0040, 0x000D,
    0x000B, 0x2846, 0x4222, 0x0043, 0x0021, 0x000E, 0x000B, 0x2891,
    0x8022, 0x0043, 0x0040, 0x000F, 0x000B, 0x1BA9, 0x4223, 0x0052,
    0x0050, 0x0021, 0x0010, 0x000B, 0x289D, 0x8023, 0x0052, 0x0050,
    0x0040, 0x0011, 0x000B, 0x28A4, 0x7C22, 0x0052, 0x003E, 0x0012,
    0x000B, 0x28AB, 0x8022, 0x0052, 0x0040, 0x0013, 0x000B, 0x08C6,
    0xA422, 0x003E, 0x0052, 0x0014, 0x000B, 0x2712, 0x8023, 0x0053,
    0x0050, 0x0040, 0x0015, 0x000B, 0x28BD, 0x4223, 0x0053, 0x0050,
    0x0021, 0x0016, 0x000B, 0x25BB, 0xA024, 0x0044, 0x0052, 0x004F,
    0x0050, 0x0017, 0x000B, 0x28CB, 0xA023, 0x0044, 0x0055, 0x0050,
    0x0018, 0x000B, 0x28C4, 0xA024, 0x0053, 0x0057, 0x0041, 0x0050,
    0x0019, 0x000B, 0x13D2, 0xA424, 0x004F, 0x0056, 0x0045, 0x0052,
    0x001A, 0x000B, 0x0000, 0x7822, 0x0030, 0x003C, 0x001B, 0x000B,
    0x1DC8, 0x8823, 0x0041, 0x004E, 0x0044, 0x001C, 0x000B, 0x28E2,
    0xA422, 0x004F, 0x0052, 0x001D, 0x000B, 0x0000, 0xA423, 0x0058,
    0x004F, 0x0052, 0x001E, 0x000B, 0x2442, 0x5623, 0x0055, 0x004D,
    0x002B, 0x001F, 0x000B, 0x085D, 0x6823, 0x003C, 0x003C, 0x0034,
    0x0020, 0x000B, 0x290B, 0x7023, 0x003C, 0x003C, 0x0038, 0x0021,
    0x000B, 0x2912, 0x7223, 0x003C, 0x003C, 0x0039, 0x0022, 0x000B,
    0x28EA, 0x7A22, 0x0030, 0x003D, 0x0023, 0x000B, 0x0000, 0x5622,
    0x0031, 0x002B, 0x0024, 0x000B, 0x2926, 0x5A22, 0x0031, 0x002D,
    0x0025, 0x000B, 0x0719, 0x5622, 0x0032, 0x002B, 0x0026, 0x000B,
    0x2932, 0x5A22, 0x0032, 0x002D, 0x0027, 0x000B, 0x1708, 0xA823,
    0x004E, 0x004F, 0x0054, 0x0035, 0x000B, 0x28DA, 0x8423, 0x0053,
    0x0055, 0x0042, 0x0036, 0x000B, 0x293E, 0x8A26, 0x004E, 0x0045,
    0x0047, 0x0041, 0x0054, 0x0045, 0x0037, 0x000B, 0x2313, 0x8623,
    0x0049, 0x004E, 0x0043, 0x0038, 0x000B, 0x28D3, 0x8623, 0x0044,
    0x0045, 0x0043, 0x0039, 0x000B, 0x0000, 0x9E24, 0x005A, 0x0045,
    0x0052, 0x004F, 0x003A, 0x000B, 0x2904, 0x5622, 0x0055, 0x002B,
    0x003B, 0x000B, 0x2938, 0x5422, 0x0032, 0x002A, 0x003C, 0x000B,
    0x0000, 0x5801, 0x002C, 0x073B, 0x0018, 0x06B0, 0x03A5, 0x000C,
    0x000C, 0x000B, 0x28F0, 0xA603, 0x0041, 0x0042, 0x0053, 0x0018,
    0x001B, 0x0008, 0x298C, 0x0037, 0x000B, 0x2972, 0xA004, 0x0032,
    0x0044, 0x0055, 0x0050, 0x001A, 0x001A, 0x000B, 0x0658, 0x5E01,
    0x002F, 0x065E, 0x0019, 0x0017, 0x000B, 0x07F5, 0x5A01, 0x002D,
    0x0036, 0x000B, 0x0000, 0x7A01, 0x003D, 0x001E, 0x0008, 0x29AB,
    0x0004, 0x0000, 0x000B, 0x0004, 0xFFFF, 0x000B, 0x2919, 0x7C02,
    0x003C, 0x003E, 0x29A5, 0x0035, 0x000B, 0x28B7, 0x7C01, 0x003E,
    0x0019, 0x05CA, 0x000B, 0x29AE, 0x7A02, 0x003C, 0x003D, 0x29B8,
    0x0035, 0x000B, 0x29B5, 0x7A02, 0x003E, 0x003D, 0x05CA, 0x0035,
    0x000B, 0x0700, 0x5601, 0x002B, 0x003B, 0x000B, 0x0000, 0x76C1,
    0x003B, 0x0004, 0x000B, 0x297B, 0x164D, 0x22FA, 0x000B, 0x0000,
    0x7401, 0x003A, 0x0F0C, 0x1F04, 0x1655, 0x000B, 0x2897, 0x5802,
    0x0043, 0x002C, 0x073B, 0x0018, 0x06B0, 0x03A5, 0x000C, 0x000E,
    0x000B, 0x2956, 0x9009, 0x0049, 0x004D, 0x0047, 0x002D, 0x0057,
    0x0049, 0x0044, 0x0054, 0x0048, 0x000D, 0x000B, 0x29E9, 0xA80A,
    0x0049, 0x004D, 0x0047, 0x002D, 0x0048, 0x0045, 0x0049, 0x0047,
    0x0048, 0x0054, 0x06B0, 0x000D, 0x000B, 0x29F6, 0x8208, 0x0049,
    0x004D, 0x0047, 0x002D, 0x0044, 0x0041, 0x0054, 0x0041, 0x0004,
    0x0002, 0x29CC, 0x000B, 0x2A05, 0x4484, 0x0049, 0x004D, 0x0047,
    0x0022, 0x0468, 0x000C, 0x0004, 0x0022, 0x0ED2, 0x2993, 0x0019,
    0x0017, 0x0468, 0x000D, 0x0004, 0x0007, 0x0675, 0x001E, 0x0008,
    0x2A2A, 0x0C41, 0x2993, 0x0C5F, 0x073B, 0x0014, 0x2993, 0x0019,
    0x0012, 0x0581, 0x07C3, 0x1690, 0x0017, 0x000B, 0x287F, 0x8A0A,
    0x0045, 0x004D, 0x0049, 0x0054, 0x002D, 0x0049, 0x004D, 0x0041,
    0x0047, 0x0045, 0x0018, 0x3120, 0x0474, 0x000C, 0x0018, 0x312E,
    0x0019, 0x313B, 0x0019, 0x0018, 0x0008, 0x2A59, 0x0019, 0x0474,
    0x000D, 0x0CCE, 0x0BBA, 0x0019, 0x0004, 0x0001, 0x29A0, 0x0009,
    0x2A4B, 0x058D, 0x0C83, 0x000B, 0x2A36, 0x8603, 0x0045, 0x0053,
    0x0043, 0x0004, 0x001B, 0x0B51, 0x000B, 0x29DE, 0x9203, 0x0043,
    0x0053, 0x0049, 0x2A61, 0x0CFE, 0x0001, 0x005B, 0x000B, 0x0000,
    0x600A, 0x0043, 0x004F, 0x004C, 0x004F, 0x0052, 0x003E, 0x0044,
    0x0031, 0x0030, 0x0030, 0x0006, 0x0031, 0x0031, 0x0031, 0x0030,
    0x0032, 0x0031, 0x0031, 0x0030, 0x0032, 0x0032, 0x0031, 0x0030,
    0x0032, 0x0032, 0x0031, 0x0031, 0x0031, 0x0031, 0x0031, 0x0030,
    0x0032, 0x0031, 0x0031, 0x0030, 0x0032, 0x0032, 0x0031, 0x0030,
    0x0032, 0x0032, 0x0032, 0x0031, 0x0031, 0x0031, 0x0031, 0x0031,
    0x0032, 0x0031, 0x0031, 0x0031, 0x0032, 0x0032, 0x0031, 0x0031,
    0x0032, 0x0032, 0x0032, 0x0031, 0x0031, 0x0031, 0x0031, 0x0030,
    0x0031, 0x0031, 0x0031, 0x0030, 0x0031, 0x0031, 0x0031, 0x0030,
    0x0031, 0x0031, 0x0031, 0x0030, 0x0031, 0x0031, 0x0030, 0x0030,
    0x0031, 0x0030, 0x0030, 0x0030, 0x0031, 0x0030, 0x0030, 0x0030,
    0x0031, 0x0030, 0x0030, 0x0030, 0x0031, 0x0031, 0x0030, 0x0030,
    0x0031, 0x0030, 0x0030, 0x0030, 0x0031, 0x0030, 0x0030, 0x0030,
    0x0031, 0x0030, 0x0030, 0x0030, 0x0031, 0x0031, 0x0030, 0x0030,
    0x0031, 0x0030, 0x0030, 0x0030, 0x0031, 0x0030, 0x0030, 0x0030,
    0x0031, 0x0030, 0x0030, 0x0030, 0x0031, 0x0031, 0x0030, 0x0030,
    0x0031, 0x0030, 0x0030, 0x0030, 0x0031, 0x0030, 0x0030, 0x0030,
    0x0031, 0x0030, 0x0030, 0x0030, 0x0031, 0x0031, 0x0030, 0x0030,
    0x0031, 0x0030, 0x0030, 0x0030, 0x0031, 0x0030, 0x0030, 0x0030,
    0x0031, 0x0030, 0x0030, 0x0030, 0x0031, 0x0031, 0x0030, 0x0030,
    0x0031, 0x0031, 0x0030, 0x0030, 0x0031, 0x0031, 0x0030, 0x0030,
    0x0031, 0x0031, 0x0030, 0x0030, 0x0031, 0x0031, 0x0031, 0x0030,
    0x0032, 0x0031, 0x0031, 0x0030, 0x0032, 0x0032, 0x0031, 0x0030,
    0x0032, 0x0032, 0x0032, 0x0031, 0x0031, 0x0031, 0x0031, 0x0030,
    0x0032, 0x0031, 0x0031, 0x0030, 0x0032, 0x0032, 0x0031, 0x0030,
    0x0032, 0x0032, 0x0031, 0x0031, 0x0030, 0x0030, 0x0030, 0x0030,
    0x0030, 0x0030, 0x0030, 0x0030, 0x0030, 0x0030, 0x0030, 0x0030,
    0x0030, 0x0030, 0x0030, 0x0030, 0x0030, 0x0030, 0x0030, 0x0030,
    0x0030, 0x0030, 0x0030, 0x0030, 0x0030, 0x0030, 0x0030, 0x0030,
    0x0030, 0x0030, 0x0030, 0x0030, 0x0030, 0x0030, 0x0030, 0x0030,
    0x0030, 0x0030, 0x0030, 0x0030, 0x0030, 0x0030, 0x0030, 0x0030,
    0x0030, 0x0030, 0x0030, 0x0030, 0x0032, 0x0032, 0x0032, 0x0032,
    0x0032, 0x0032, 0x0032, 0x0032, 0x0032, 0x0032, 0x0032, 0x0032,
    0x0032, 0x0032, 0x0032, 0x0032, 0x0000, 0x6009, 0x0043, 0x004F,
    0x004C, 0x004F, 0x0052, 0x003E, 0x0044, 0x0031, 0x0030, 0x0006,
    0x0038, 0x0037, 0x0033, 0x0038, 0x0031, 0x0036, 0x0036, 0x0038,
    0x0031, 0x0030, 0x0036, 0x0038, 0x0031, 0x0030, 0x0039, 0x0032,
    0x0038, 0x0038, 0x0033, 0x0039, 0x0032, 0x0037, 0x0037, 0x0039,
    0x0032, 0x0031, 0x0037, 0x0039, 0x0032, 0x0031, 0x0030, 0x0033,
    0x0038, 0x0038, 0x0034, 0x0030, 0x0032, 0x0038, 0x0038, 0x0030,
    0x0032, 0x0032, 0x0038, 0x0030, 0x0032, 0x0032, 0x0032, 0x0034,
    0x0038, 0x0035, 0x0030, 0x0036, 0x0039, 0x0034, 0x0031, 0x0036,
    0x0039, 0x0035, 0x0031, 0x0036, 0x0039, 0x0035, 0x0031, 0x0037,
    0x0035, 0x0031, 0x0037, 0x0032, 0x0035, 0x0037, 0x0034, 0x0032,
    0x0035, 0x0038, 0x0034, 0x0032, 0x0032, 0x0038, 0x0034, 0x0033,
    0x0035, 0x0031, 0x0037, 0x0032, 0x0035, 0x0037, 0x0034, 0x0032,
    0x0035, 0x0038, 0x0034, 0x0032, 0x0032, 0x0038, 0x0034, 0x0033,
    0x0035, 0x0031, 0x0037, 0x0033, 0x0035, 0x0038, 0x0034, 0x0033,
    0x0035, 0x0038, 0x0034, 0x0033, 0x0032, 0x0038, 0x0035, 0x0033,
    0x0035, 0x0031, 0x0036, 0x0032, 0x0035, 0x0037, 0x0033, 0x0032,
    0x0035, 0x0037, 0x0033, 0x0032, 0x0031, 0x0037, 0x0033, 0x0032,
    0x0034, 0x0030, 0x0036, 0x0031, 0x0034, 0x0036, 0x0032, 0x0031,
    0x0034, 0x0036, 0x0032, 0x0031, 0x0030, 0x0036, 0x0032, 0x0031,
    0x0038, 0x0034, 0x0039, 0x0035, 0x0038, 0x0033, 0x0039, 0x0035,
    0x0038, 0x0033, 0x0039, 0x0035, 0x0037, 0x0033, 0x0039, 0x0035,
    0x0038, 0x0037, 0x0033, 0x0039, 0x0031, 0x0037, 0x0036, 0x0039,
    0x0031, 0x0030, 0x0036, 0x0039, 0x0031, 0x0030, 0x0030, 0x0032,
    0x0038, 0x0037, 0x0033, 0x0038, 0x0031, 0x0036, 0x0036, 0x0038,
    0x0031, 0x0030, 0x0036, 0x0038, 0x0031, 0x0030, 0x0039, 0x0032,
    0x0031, 0x0031, 0x0031, 0x0031, 0x0031, 0x0031, 0x0031, 0x0031,
    0x0031, 0x0031, 0x0031, 0x0031, 0x0031, 0x0031, 0x0031, 0x0031,
    0x0031, 0x0031, 0x0031, 0x0031, 0x0031, 0x0031, 0x0031, 0x0031,
    0x0031, 0x0031, 0x0031, 0x0031, 0x0031, 0x0031, 0x0031, 0x0031,
    0x0031, 0x0031, 0x0031, 0x0031, 0x0031, 0x0031, 0x0031, 0x0031,
    0x0031, 0x0031, 0x0031, 0x0031, 0x0031, 0x0031, 0x0031, 0x0031,
    0x0035, 0x0035, 0x0035, 0x0035, 0x0034, 0x0034, 0x0034, 0x0034,
    0x0034, 0x0034, 0x0034, 0x0033, 0x0033, 0x0033, 0x0033, 0x0033,
    0x0000, 0x6208, 0x0043, 0x004F, 0x004C, 0x004F, 0x0052, 0x003E,
    0x0044, 0x0031, 0x0006, 0x0031, 0x0034, 0x0031, 0x0038, 0x0037,
    0x0037, 0x0030, 0x0038, 0x0037, 0x0033, 0x0030, 0x0038, 0x0030,
    0x0033, 0x0036, 0x0034, 0x0037, 0x0030, 0x0037, 0x0034, 0x0033,
    0x0039, 0x0032, 0x0034, 0x0033, 0x0035, 0x0032, 0x0034, 0x0032,
    0x0035, 0x0038, 0x0030, 0x0037, 0x0036, 0x0033, 0x0030, 0x0039,
    0x0035, 0x0034, 0x0030, 0x0039, 0x0037, 0x0034, 0x0030, 0x0038,
    0x0037, 0x0036, 0x0032, 0x0037, 0x0030, 0x0037, 0x0034, 0x0033,
    0x0039, 0x0032, 0x0034, 0x0033, 0x0035, 0x0032, 0x0034, 0x0032,
    0x0035, 0x0038, 0x0030, 0x0031, 0x0034, 0x0031, 0x0038, 0x0037,
    0x0037, 0x0030, 0x0038, 0x0037, 0x0033, 0x0030, 0x0038, 0x0030,
    0x0033, 0x0036, 0x0034, 0x0032, 0x0035, 0x0032, 0x0039, 0x0038,
    0x0039, 0x0032, 0x0039, 0x0038, 0x0035, 0x0032, 0x0039, 0x0032,
    0x0035, 0x0038, 0x0035, 0x0032, 0x0036, 0x0033, 0x0030, 0x0039,
    0x0030, 0x0034, 0x0030, 0x0039, 0x0037, 0x0034, 0x0030, 0x0033,
    0x0037, 0x0031, 0x0037, 0x0032, 0x0030, 0x0037, 0x0034, 0x0033,
    0x0034, 0x0032, 0x0034, 0x0033, 0x0035, 0x0032, 0x0034, 0x0037,
    0x0035, 0x0033, 0x0035, 0x0036, 0x0034, 0x0031, 0x0038, 0x0037,
    0x0032, 0x0030, 0x0038, 0x0037, 0x0033, 0x0030, 0x0038, 0x0035,
    0x0033, 0x0031, 0x0039, 0x0032, 0x0030, 0x0037, 0x0034, 0x0033,
    0x0034, 0x0032, 0x0034, 0x0033, 0x0035, 0x0032, 0x0034, 0x0037,
    0x0035, 0x0033, 0x0035, 0x0032, 0x0036, 0x0033, 0x0030, 0x0039,
    0x0030, 0x0034, 0x0030, 0x0039, 0x0037, 0x0034, 0x0030, 0x0033,
    0x0037, 0x0031, 0x0037, 0x0032, 0x0035, 0x0032, 0x0039, 0x0038,
    0x0039, 0x0032, 0x0039, 0x0038, 0x0035, 0x0032, 0x0039, 0x0032,
    0x0035, 0x0038, 0x0035, 0x0036, 0x0036, 0x0036, 0x0036, 0x0036,
    0x0036, 0x0036, 0x0036, 0x0036, 0x0036, 0x0036, 0x0036, 0x0036,
    0x0036, 0x0036, 0x0036, 0x0036, 0x0036, 0x0036, 0x0036, 0x0036,
    0x0036, 0x0036, 0x0036, 0x0036, 0x0036, 0x0036, 0x0036, 0x0036,
    0x0036, 0x0036, 0x0036, 0x0036, 0x0036, 0x0036, 0x0036, 0x0036,
    0x0036, 0x0036, 0x0036, 0x0036, 0x0036, 0x0036, 0x0036, 0x0036,
    0x0036, 0x0036, 0x0036, 0x0035, 0x0033, 0x0032, 0x0030, 0x0039,
    0x0037, 0x0036, 0x0034, 0x0033, 0x0031, 0x0030, 0x0038, 0x0037,
    0x0035, 0x0034, 0x0032, 0x0000, 0x8006, 0x0044, 0x0049, 0x0047,
    0x0049, 0x0054, 0x0040, 0x0019, 0x29CC, 0x000F, 0x000B, 0x0000,
    0x8807, 0x0043, 0x004F, 0x004C, 0x004F, 0x0052, 0x003E, 0x0044,
    0x0018, 0x2C92, 0x2D9B, 0x0019, 0x0018, 0x2B87, 0x2D9B, 0x0019,
    0x2A7B, 0x2D9B, 0x000B, 0x23EE, 0x4203, 0x0046, 0x0047, 0x0021,
    0x2A6A, 0x0CFE, 0x0005, 0x0033, 0x0038, 0x003B, 0x0035, 0x003B,
    0x2DA8, 0x0B51, 0x0B51, 0x0B51, 0x0004, 0x006D, 0x0B51, 0x000B,
    0x16F4, 0x4203, 0x0042, 0x0047, 0x0021, 0x2A6A, 0x0CFE, 0x0005,
    0x0034, 0x0038, 0x003B, 0x0035, 0x003B, 0x2DA8, 0x0B51, 0x0B51,
    0x0B51, 0x0004, 0x006D, 0x0B51, 0x000B, 0x2982, 0x4605, 0x0041,
    0x004E, 0x0053, 0x0049, 0x0023, 0x0861, 0x0881, 0x0899, 0x0BA2,
    0x000B, 0x2A65, 0x6606, 0x0043, 0x004C, 0x0041, 0x004D, 0x0050,
    0x0033, 0x0004, 0x0000, 0x05DA, 0x0004, 0x0003, 0x05E6, 0x000B,
    0x2DDD, 0xA802, 0x0041, 0x0054, 0x2A6A, 0x2DE4, 0x0004, 0x003B,
    0x0B51, 0x2DE4, 0x0004, 0x0048, 0x0B51, 0x000B, 0x138A, 0x8A04,
    0x0048, 0x004F, 0x004D, 0x0045, 0x2A6A, 0x0CFE, 0x0001, 0x0048,
    0x000B, 0x2945, 0xA40B, 0x0053, 0x0041, 0x0056, 0x0045, 0x002D,
    0x0043, 0x0055, 0x0052, 0x0053, 0x004F, 0x0052, 0x2A6A, 0x0CFE,
    0x0001, 0x0073, 0x000B, 0x28B1, 0xA40E, 0x0052, 0x0045, 0x0053,
    0x0054, 0x004F, 0x0052, 0x0045, 0x002D, 0x0043, 0x0055, 0x0052,
    0x0053, 0x004F, 0x0052, 0x2A6A, 0x0CFE, 0x0001, 0x0075, 0x000B,
    0x2DE9, 0xA603, 0x0043, 0x004C, 0x0053, 0x2A6A, 0x0CFE, 0x0002,
    0x0032, 0x004A, 0x000B, 0x2E38, 0x8A07, 0x0043, 0x004C, 0x002D,
    0x004C, 0x0049, 0x004E, 0x0045, 0x2A6A, 0x0CFE, 0x0002, 0x0032,
    0x004B, 0x000B, 0x2E43, 0x9806, 0x0043, 0x004C, 0x002D, 0x0045,
    0x004F, 0x004C, 0x2A6A, 0x0CFE, 0x0001, 0x004B, 0x000B, 0x2E52,
    0xA606, 0x0043, 0x004C, 0x002D, 0x0045, 0x004F, 0x0053, 0x2A6A,
    0x0CFE, 0x0001, 0x004A, 0x000B, 0x2E5F, 0x9C09, 0x0043, 0x0055,
    0x0052, 0x0053, 0x004F, 0x0052, 0x002D, 0x004F, 0x004E, 0x2A6A,
    0x0CFE, 0x0004, 0x003F, 0x0032, 0x0035, 0x0068, 0x000B, 0x2E6C,
    0x8C0A, 0x0043, 0x0055, 0x0052, 0x0053, 0x004F, 0x0052, 0x002D,
    0x004F, 0x0046, 0x0046, 0x2A6A, 0x0CFE, 0x0004, 0x003F, 0x0032,
    0x0035, 0x006C, 0x000B, 0x294C, 0x9806, 0x004E, 0x004F, 0x0052,
    0x004D, 0x0041, 0x004C, 0x0C83, 0x000B, 0x2DC8, 0x8804, 0x0042,
    0x004F, 0x004C, 0x0044, 0x2A6A, 0x0CFE, 0x0002, 0x0031, 0x006D,
    0x000B, 0x295D, 0x9A03, 0x0044, 0x0049, 0x004D, 0x2A6A, 0x0CFE,
    0x0002, 0x0032, 0x006D, 0x000B, 0x2E9D, 0x9605, 0x0042, 0x004C,
    0x0049, 0x004E, 0x004B, 0x2A6A, 0x0CFE, 0x0002, 0x0035, 0x006D,
    0x000B, 0x296C, 0x9607, 0x0055, 0x004E, 0x0042, 0x004C, 0x0049,
    0x004E, 0x004B, 0x2A6A, 0x0CFE, 0x0003, 0x0032, 0x0035, 0x006D,
    0x000B, 0x2EC1, 0x8A09, 0x0055, 0x004E, 0x0044, 0x0045, 0x0052,
    0x004C, 0x0049, 0x004E, 0x0045, 0x2A6A, 0x0CFE, 0x0002, 0x0034,
    0x006D, 0x000B, 0x2E23, 0x8A07, 0x0052, 0x0045, 0x0056, 0x0045,
    0x0052, 0x0053, 0x0045, 0x2A6A, 0x0CFE, 0x0002, 0x0037, 0x006D,
    0x000B, 0x2EB4, 0x9804, 0x0042, 0x0045, 0x004C, 0x004C, 0x0004,
    0x0007, 0x0B51, 0x000B, 0x2E06, 0x9803, 0x0048, 0x0053, 0x004C,
    0x0014, 0x0004, 0x0004, 0x0675, 0x0019, 0x0004, 0x0010, 0x0675,
    0x29CC, 0x0012, 0x29CC, 0x000B, 0x2EFB, 0x8002, 0x0048, 0x0040,
    0x0004, 0x0010, 0x2999, 0x000B, 0x2E11, 0x8002, 0x0053, 0x0040,
    0x0004, 0x0004, 0x2999, 0x0004, 0x0004, 0x0668, 0x000B, 0x1B73,
    0x8002, 0x004C, 0x0040, 0x0004, 0x0004, 0x0668, 0x000B, 0x2F14,
    0x9005, 0x0053, 0x0045, 0x0054, 0x002D, 0x0048, 0x0019, 0x0004,
    0x0010, 0x0668, 0x0019, 0x0004, 0x0010, 0x0675, 0x29CC, 0x000B,
    0x2F27, 0xA605, 0x0053, 0x0045, 0x0054, 0x002D, 0x0053, 0x0014,
    0x0018, 0x0004, 0x0004, 0x0668, 0x0019, 0x0004, 0x0010, 0x2999,
    0x0004, 0x0010, 0x0675, 0x29CC, 0x0012, 0x0004, 0x0004, 0x0675,
    0x29CC, 0x000B, 0x2F38, 0x9805, 0x0053, 0x0045, 0x0054, 0x002D,
    0x004C, 0x0019, 0x0004, 0x0004, 0x2999, 0x0004, 0x0004, 0x0675,
    0x29CC, 0x000B, 0x2E93, 0x7E08, 0x004E, 0x0045, 0x0055, 0x0054,
    0x0052, 0x0041, 0x004C, 0x003F, 0x2F10, 0x0004, 0x000F, 0x29A5,
    0x000B, 0x2F0C, 0x5602, 0x0048, 0x002B, 0x0018, 0x2F6C, 0x0008,
    0x2F7B, 0x0009, 0x2F84, 0x0018, 0x2F10, 0x0004, 0x0001, 0x29CC,
    0x0004, 0x000C, 0x0668, 0x2F2E, 0x000B, 0x2F71, 0x5A02, 0x0048,
    0x002D, 0x0018, 0x2F6C, 0x0008, 0x2F8F, 0x0009, 0x2F98, 0x0018,
    0x2F10, 0x0004, 0x000B, 0x29CC, 0x0004, 0x000C, 0x0668, 0x2F2E,
    0x000B, 0x2F52, 0x5602, 0x0053, 0x002B, 0x0018, 0x2F18, 0x0004,
    0x0001, 0x29CC, 0x2DF1, 0x2F3F, 0x000B, 0x2F99, 0x5A02, 0x0053,
    0x002D, 0x0018, 0x2F18, 0x0004, 0x0001, 0x29A0, 0x2DF1, 0x2F3F,
    0x000B, 0x2F1F, 0x5602, 0x004C, 0x002B, 0x0018, 0x2F23, 0x0004,
    0x0001, 0x29CC, 0x2DF1, 0x2F59, 0x000B, 0x2FB1, 0x5A02, 0x004C,
    0x002D, 0x0018, 0x2F23, 0x0004, 0x0001, 0x29A0, 0x2DF1, 0x2F59,
    0x000B, 0x2F85, 0x8807, 0x0048, 0x0053, 0x004C, 0x005F, 0x0052,
    0x0045, 0x0044, 0x0004, 0x0000, 0x0004, 0x0003, 0x0004, 0x0001,
    0x2F00, 0x000B, 0x2FC9, 0x8A0A, 0x0048, 0x0053, 0x004C, 0x005F,
    0x004F, 0x0052, 0x0041, 0x004E, 0x0047, 0x0045, 0x0004, 0x0001,
    0x0004, 0x0003, 0x0004, 0x0001, 0x2F00, 0x000B, 0x2FDA, 0xAE0A,
    0x0048, 0x0053, 0x004C, 0x005F, 0x0059, 0x0045, 0x004C, 0x004C,
    0x004F, 0x0057, 0x0004, 0x0002, 0x0004, 0x0003, 0x0004, 0x0001,
    0x2F00, 0x000B, 0x2FEE, 0x9C0A, 0x0048, 0x0053, 0x004C, 0x005F,
    0x0059, 0x0047, 0x0052, 0x0045, 0x0045, 0x004E, 0x0004, 0x0003,
    0x0004, 0x0003, 0x0004, 0x0001, 0x2F00, 0x000B, 0x3002, 0x9C09,
    0x0048, 0x0053, 0x004C, 0x005F, 0x0047, 0x0052, 0x0045, 0x0045,
    0x004E, 0x0004, 0x0004, 0x0004, 0x0003, 0x0004, 0x0001, 0x2F00,
    0x000B, 0x3016, 0x9C09, 0x0048, 0x0053, 0x004C, 0x005F, 0x0047,
    0x0043, 0x0059, 0x0041, 0x004E, 0x0004, 0x0005, 0x0004, 0x0003,
    0x0004, 0x0001, 0x2F00, 0x000B, 0x3029, 0x9C08, 0x0048, 0x0053,
    0x004C, 0x005F, 0x0043, 0x0059, 0x0041, 0x004E, 0x0004, 0x0006,
    0x0004, 0x0003, 0x0004, 0x0001, 0x2F00, 0x000B, 0x303C, 0x8A09,
    0x0048, 0x0053, 0x004C, 0x005F, 0x0041, 0x005A, 0x0055, 0x0052,
    0x0045, 0x0004, 0x0007, 0x0004, 0x0003, 0x0004, 0x0001, 0x2F00,
    0x000B, 0x304E, 0x8A08, 0x0048, 0x0053, 0x004C, 0x005F, 0x0042,
    0x004C, 0x0055, 0x0045, 0x0004, 0x0008, 0x0004, 0x0003, 0x0004,
    0x0001, 0x2F00, 0x000B, 0x3061, 0xA80A, 0x0048, 0x0053, 0x004C,
    0x005F, 0x0056, 0x0049, 0x004F, 0x004C, 0x0045, 0x0054, 0x0004,
    0x0009, 0x0004, 0x0003, 0x0004, 0x0001, 0x2F00, 0x000B, 0x3073,
    0x820B, 0x0048, 0x0053, 0x004C, 0x005F, 0x004D, 0x0041, 0x0047,
    0x0045, 0x004E, 0x0054, 0x0041, 0x0004, 0x000A, 0x0004, 0x0003,
    0x0004, 0x0001, 0x2F00, 0x000B, 0x3087, 0x8A08, 0x0048, 0x0053,
    0x004C, 0x005F, 0x0052, 0x004F, 0x0053, 0x0045, 0x0004, 0x000B,
    0x0004, 0x0003, 0x0004, 0x0001, 0x2F00, 0x000B, 0x0000, 0xB204,
    0x0047, 0x0052, 0x0041, 0x0059, 0x0004, 0x0000, 0x05DA, 0x0004,
    0x000F, 0x05E6, 0x0004, 0x0004, 0x065E, 0x0019, 0x0014, 0x0004,
    0x000F, 0x0019, 0x0012, 0x2F00, 0x000B, 0x2760, 0x8A05, 0x0057,
    0x0048, 0x0049, 0x0054, 0x0045, 0x0004, 0x0000, 0x30B4, 0x000B,
    0x2EF1, 0x9605, 0x0042, 0x004C, 0x0041, 0x0043, 0x004B, 0x0004,
    0x000F, 0x30B4, 0x000B, 0x2FBD, 0xA407, 0x004C, 0x0049, 0x0047,
    0x0048, 0x0054, 0x0045, 0x0052, 0x2FB5, 0x000B, 0x2EA9, 0xA406,
    0x0044, 0x0041, 0x0052, 0x004B, 0x0045, 0x0052, 0x2FC1, 0x000B,
    0x2FA5, 0x8A08, 0x0053, 0x0041, 0x0054, 0x0055, 0x0052, 0x0041,
    0x0054, 0x0045, 0x2F9D, 0x000B, 0x30E6, 0x8A0A, 0x0044, 0x0045,
    0x0053, 0x0041, 0x0054, 0x0055, 0x0052, 0x0041, 0x0054, 0x0045,
    0x2FA9, 0x000B, 0x2E7F, 0x5802, 0x0043, 0x002C, 0x073B, 0x0018,
    0x06B0, 0x03A5, 0x000C, 0x000E, 0x000B, 0x2A13, 0x9009, 0x0049,
    0x004D, 0x0047, 0x002D, 0x0057, 0x0049, 0x0044, 0x0054, 0x0048,
    0x000D, 0x000B, 0x3115, 0xA80A, 0x0049, 0x004D, 0x0047, 0x002D,
    0x0048, 0x0045, 0x0049, 0x0047, 0x0048, 0x0054, 0x06B0, 0x000D,
    0x000B, 0x3122, 0x8208, 0x0049, 0x004D, 0x0047, 0x002D, 0x0044,
    0x0041, 0x0054, 0x0041, 0x0004, 0x0002, 0x29CC, 0x000B, 0x3131,
    0x4484, 0x0049, 0x004D, 0x0047, 0x0022, 0x0468, 0x000C, 0x0004,
    0x0022, 0x0ED2, 0x2993, 0x0019, 0x0017, 0x0468, 0x000D, 0x0004,
    0x0007, 0x0675, 0x001E, 0x0008, 0x3156, 0x0C41, 0x2993, 0x0C5F,
    0x073B, 0x0014, 0x2993, 0x0019, 0x0012, 0x0581, 0x07C3, 0x1690,
    0x0017, 0x000B, 0x2A5C, 0x8A0A, 0x0045, 0x004D, 0x0049, 0x0054,
    0x002D, 0x0049, 0x004D, 0x0041, 0x0047, 0x0045, 0x0018, 0x3120,
    0x0474, 0x000C, 0x0018, 0x312E, 0x0019, 0x313B, 0x0019, 0x0018,
    0x0008, 0x3185, 0x0019, 0x0474, 0x000D, 0x0CCE, 0x0BBA, 0x0019,
    0x0004, 0x0001, 0x29A0, 0x0009, 0x3177, 0x058D, 0x0C83, 0x000B,
    0x310A, 0x8A0B, 0x0043, 0x0050, 0x0034, 0x0033, 0x0037, 0x002D,
    0x0048, 0x004C, 0x0049, 0x004E, 0x0045, 0x0004, 0x00C4, 0x000B,
    0x3188, 0x8A0B, 0x0043, 0x0050, 0x0034, 0x0033, 0x0037, 0x002D,
    0x0056, 0x004C, 0x0049, 0x004E, 0x0045, 0x0004, 0x00B3, 0x000B,
    0x3198, 0x9808, 0x0043, 0x0050, 0x0034, 0x0033, 0x0037, 0x002D,
    0x0054, 0x004C, 0x0004, 0x00DA, 0x000B, 0x31A8, 0xA408, 0x0043,
    0x0050, 0x0034, 0x0033, 0x0037, 0x002D, 0x0054, 0x0052, 0x0004,
    0x00BF, 0x000B, 0x31B5, 0x9808, 0x0043, 0x0050, 0x0034, 0x0033,
    0x0037, 0x002D, 0x0042, 0x004C, 0x0004, 0x00C0, 0x000B, 0x31C2,
    0xA408, 0x0043, 0x0050, 0x0034, 0x0033, 0x0037, 0x002D, 0x0042,
    0x0052, 0x0004, 0x00D9, 0x000B, 0x31CF, 0x9C0B, 0x0043, 0x0050,
    0x0034, 0x0033, 0x0037, 0x002D, 0x0054, 0x0044, 0x004F, 0x0057,
    0x004E, 0x0004, 0x00C2, 0x000B, 0x31DC, 0xA009, 0x0043, 0x0050,
    0x0034, 0x0033, 0x0037, 0x002D, 0x0054, 0x0055, 0x0050, 0x0004,
    0x00C1, 0x000B, 0x31EC, 0xA80C, 0x0043, 0x0050, 0x0034, 0x0033,
    0x0037, 0x002D, 0x0054, 0x0052, 0x0049, 0x0047, 0x0048, 0x0054,
    0x0004, 0x00C3, 0x000B, 0x31FA, 0xA80B, 0x0043, 0x0050, 0x0034,
    0x0033, 0x0037, 0x002D, 0x0054, 0x004C, 0x0045, 0x0046, 0x0054,
    0x0004, 0x00B4, 0x000B, 0x320B, 0xA60B, 0x0043, 0x0050, 0x0034,
    0x0033, 0x0037, 0x002D, 0x0043, 0x0052, 0x004F, 0x0053, 0x0053,
    0x0004, 0x00C5, 0x000B, 0x0000, 0x8A0A, 0x0053, 0x0049, 0x004E,
    0x0051, 0x002D, 0x0054, 0x0041, 0x0042, 0x004C, 0x0045, 0x0006,
    0x0000, 0x00C9, 0x0192, 0x025B, 0x0324, 0x03ED, 0x04B6, 0x057F,
    0x0648, 0x0711, 0x07D9, 0x08A2, 0x096A, 0x0A33, 0x0AFB, 0x0BC4,
    0x0C8C, 0x0D54, 0x0E1C, 0x0EE3, 0x0FAB, 0x1072, 0x113A, 0x1201,
    0x12C8, 0x138F, 0x1455, 0x151C, 0x15E2, 0x16A8, 0x176E, 0x1833,
    0x18F9, 0x19BE, 0x1A82, 0x1B47, 0x1C0B, 0x1CCF, 0x1D93, 0x1E57,
    0x1F1A, 0x1FDD, 0x209F, 0x2161, 0x2223, 0x22E5, 0x23A6, 0x2467,
    0x2528, 0x25E8, 0x26A8, 0x2767, 0x2826, 0x28E5, 0x29A3, 0x2A61,
    0x2B1F, 0x2BDC, 0x2C99, 0x2D55, 0x2E11, 0x2ECC, 0x2F87, 0x3041,
    0x30FB, 0x31B5, 0x326E, 0x3326, 0x33DF, 0x3496, 0x354D, 0x3604,
    0x36BA, 0x376F, 0x3824, 0x38D9, 0x398C, 0x3A40, 0x3AF2, 0x3BA5,
    0x3C56, 0x3D07, 0x3DB8, 0x3E68, 0x3F17, 0x3FC5, 0x4073, 0x4121,
    0x41CE, 0x427A, 0x4325, 0x43D0, 0x447A, 0x4524, 0x45CD, 0x4675,
    0x471C, 0x47C3, 0x4869, 0x490F, 0x49B4, 0x4A58, 0x4AFB, 0x4B9D,
    0x4C3F, 0x4CE0, 0x4D81, 0x4E20, 0x4EBF, 0x4F5D, 0x4FFB, 0x5097,
    0x5133, 0x51CE, 0x5268, 0x5302, 0x539B, 0x5432, 0x54C9, 0x5560,
    0x55F5, 0x568A, 0x571D, 0x57B0, 0x5842, 0x58D3, 0x5964, 0x59F3,
    0x5A82, 0x5B0F, 0x5B9C, 0x5C28, 0x5CB3, 0x5D3E, 0x5DC7, 0x5E4F,
    0x5ED7, 0x5F5D, 0x5FE3, 0x6068, 0x60EB, 0x616E, 0x61F0, 0x6271,
    0x62F1, 0x6370, 0x63EE, 0x646C, 0x64E8, 0x6563, 0x65DD, 0x6656,
    0x66CF, 0x6746, 0x67BC, 0x6832, 0x68A6, 0x6919, 0x698B, 0x69FD,
    0x6A6D, 0x6ADC, 0x6B4A, 0x6BB7, 0x6C23, 0x6C8E, 0x6CF8, 0x6D61,
    0x6DC9, 0x6E30, 0x6E96, 0x6EFB, 0x6F5E, 0x6FC1, 0x7022, 0x7083,
    0x70E2, 0x7140, 0x719D, 0x71F9, 0x7254, 0x72AE, 0x7307, 0x735E,
    0x73B5, 0x740A, 0x745F, 0x74B2, 0x7504, 0x7555, 0x75A5, 0x75F3,
    0x7641, 0x768D, 0x76D8, 0x7722, 0x776B, 0x77B3, 0x77FA, 0x783F,
    0x7884, 0x78C7, 0x7909, 0x794A, 0x7989, 0x79C8, 0x7A05, 0x7A41,
    0x7A7C, 0x7AB6, 0x7AEE, 0x7B26, 0x7B5C, 0x7B91, 0x7BC5, 0x7BF8,
    0x7C29, 0x7C59, 0x7C88, 0x7CB6, 0x7CE3, 0x7D0E, 0x7D39, 0x7D62,
    0x7D89, 0x7DB0, 0x7DD5, 0x7DFA, 0x7E1D, 0x7E3E, 0x7E5F, 0x7E7E,
    0x7E9C, 0x7EB9, 0x7ED5, 0x7EEF, 0x7F09, 0x7F21, 0x7F37, 0x7F4D,
    0x7F61, 0x7F74, 0x7F86, 0x7F97, 0x7FA6, 0x7FB4, 0x7FC1, 0x7FCD,
    0x7FD8, 0x7FE1, 0x7FE9, 0x7FF0, 0x7FF5, 0x7FF9, 0x7FFD, 0x7FFE,
    0x0000, 0x8A0A, 0x0050, 0x004F, 0x0057, 0x0032, 0x002D, 0x0054,
    0x0041, 0x0042, 0x004C, 0x0045, 0x0006, 0x0001, 0x0002, 0x0004,
    0x0008, 0x0010, 0x0020, 0x0040, 0x0080, 0x0100, 0x0200, 0x0400,
    0x0800, 0x1000, 0x2000, 0x4000, 0x8000, 0x0000, 0x8A0B, 0x004C,
    0x004F, 0x0047, 0x0032, 0x0049, 0x002D, 0x0054, 0x0041, 0x0042,
    0x004C, 0x0045, 0x0006, 0x0000, 0x1000, 0x2000, 0x3000, 0x4000,
    0x5000, 0x6000, 0x7000, 0x8000, 0x9000, 0xA000, 0xB000, 0xC000,
    0xD000, 0xE000, 0xF000, 0x0000, 0x8A0B, 0x004C, 0x004F, 0x0047,
    0x0032, 0x0046, 0x002D, 0x0054, 0x0041, 0x0042, 0x004C, 0x0045,
    0x0006, 0x0000, 0x0017, 0x002E, 0x0045, 0x005C, 0x0072, 0x0089,
    0x009F, 0x00B6, 0x00CC, 0x00E2, 0x00F9, 0x010F, 0x0125, 0x013B,
    0x0150, 0x0166, 0x017C, 0x0192, 0x01A7, 0x01BD, 0x01D2, 0x01E7,
    0x01FC, 0x0212, 0x0227, 0x023C, 0x0251, 0x0265, 0x027A, 0x028F,
    0x02A3, 0x02B8, 0x02CC, 0x02E1, 0x02F5, 0x030A, 0x031E, 0x0332,
    0x0346, 0x035A, 0x036E, 0x0382, 0x0396, 0x03A9, 0x03BD, 0x03D1,
    0x03E4, 0x03F8, 0x040B, 0x041E, 0x0432, 0x0445, 0x0458, 0x046B,
    0x047E, 0x0491, 0x04A4, 0x04B7, 0x04CA, 0x04DC, 0x04EF, 0x0502,
    0x0514, 0x0527, 0x0539, 0x054B, 0x055E, 0x0570, 0x0582, 0x0594,
    0x05A6, 0x05B9, 0x05CB, 0x05DC, 0x05EE, 0x0600, 0x0612, 0x0624,
    0x0635, 0x0647, 0x0658, 0x066A, 0x067B, 0x068D, 0x069E, 0x06B0,
    0x06C1, 0x06D2, 0x06E3, 0x06F4, 0x0705, 0x0716, 0x0727, 0x0738,
    0x0749, 0x075A, 0x076B, 0x077B, 0x078C, 0x079D, 0x07AD, 0x07BE,
    0x07CE, 0x07DF, 0x07EF, 0x07FF, 0x0810, 0x0820, 0x0830, 0x0840,
    0x0850, 0x0861, 0x0871, 0x0881, 0x0890, 0x08A0, 0x08B0, 0x08C0,
    0x08D0, 0x08E0, 0x08EF, 0x08FF, 0x090F, 0x091E, 0x092E, 0x093D,
    0x094D, 0x095C, 0x096B, 0x097B, 0x098A, 0x0999, 0x09A8, 0x09B8,
    0x09C7, 0x09D6, 0x09E5, 0x09F4, 0x0A03, 0x0A12, 0x0A21, 0x0A30,
    0x0A3E, 0x0A4D, 0x0A5C, 0x0A6B, 0x0A79, 0x0A88, 0x0A97, 0x0AA5,
    0x0AB4, 0x0AC2, 0x0AD1, 0x0ADF, 0x0AEE, 0x0AFC, 0x0B0A, 0x0B19,
    0x0B27, 0x0B35, 0x0B43, 0x0B51, 0x0B5F, 0x0B6E, 0x0B7C, 0x0B8A,
    0x0B98, 0x0BA6, 0x0BB3, 0x0BC1, 0x0BCF, 0x0BDD, 0x0BEB, 0x0BF9,
    0x0C06, 0x0C14, 0x0C22, 0x0C2F, 0x0C3D, 0x0C4A, 0x0C58, 0x0C66,
    0x0C73, 0x0C80, 0x0C8E, 0x0C9B, 0x0CA9, 0x0CB6, 0x0CC3, 0x0CD0,
    0x0CDE, 0x0CEB, 0x0CF8, 0x0D05, 0x0D12, 0x0D1F, 0x0D2D, 0x0D3A,
    0x0D47, 0x0D54, 0x0D60, 0x0D6D, 0x0D7A, 0x0D87, 0x0D94, 0x0DA1,
    0x0DAE, 0x0DBA, 0x0DC7, 0x0DD4, 0x0DE0, 0x0DED, 0x0DFA, 0x0E06,
    0x0E13, 0x0E1F, 0x0E2C, 0x0E38, 0x0E45, 0x0E51, 0x0E5E, 0x0E6A,
    0x0E76, 0x0E83, 0x0E8F, 0x0E9B, 0x0EA7, 0x0EB4, 0x0EC0, 0x0ECC,
    0x0ED8, 0x0EE4, 0x0EF0, 0x0EFC, 0x0F09, 0x0F15, 0x0F21, 0x0F2D,
    0x0F38, 0x0F44, 0x0F50, 0x0F5C, 0x0F68, 0x0F74, 0x0F80, 0x0F8B,
    0x0F97, 0x0FA3, 0x0FAF, 0x0FBA, 0x0FC6, 0x0FD2, 0x0FDD, 0x0FE9,
    0x0FF4, 0x1000, 0x0000, 0x8A0B, 0x004C, 0x004F, 0x0047, 0x0032,
    0x0044, 0x002D, 0x0054, 0x0041, 0x0042, 0x004C, 0x0045, 0x0006,
    0x0017, 0x0017, 0x0017, 0x0017, 0x0016, 0x0017, 0x0016, 0x0017,
    0x0016, 0x0016, 0x0017, 0x0016, 0x0016, 0x0016, 0x0015, 0x0016,
    0x0016, 0x0016, 0x0015, 0x0016, 0x0015, 0x0015, 0x0015, 0x0016,
    0x0015, 0x0015, 0x0015, 0x0014, 0x0015, 0x0015, 0x0014, 0x0015,
    0x0014, 0x0015, 0x0014, 0x0015, 0x0014, 0x0014, 0x0014, 0x0014,
    0x0014, 0x0014, 0x0014, 0x0013, 0x0014, 0x0014, 0x0013, 0x0014,
    0x0013, 0x0013, 0x0014, 0x0013, 0x0013, 0x0013, 0x0013, 0x0013,
    0x0013, 0x0013, 0x0013, 0x0012, 0x0013, 0x0013, 0x0012, 0x0013,
    0x0012, 0x0012, 0x0013, 0x0012, 0x0012, 0x0012, 0x0012, 0x0013,
    0x0012, 0x0011, 0x0012, 0x0012, 0x0012, 0x0012, 0x0011, 0x0012,
    0x0011, 0x0012, 0x0011, 0x0012, 0x0011, 0x0012, 0x0011, 0x0011,
    0x0011, 0x0011, 0x0011, 0x0011, 0x0011, 0x0011, 0x0011, 0x0011,
    0x0011, 0x0010, 0x0011, 0x0011, 0x0010, 0x0011, 0x0010, 0x0011,
    0x0010, 0x0010, 0x0011, 0x0010, 0x0010, 0x0010, 0x0010, 0x0011,
    0x0010, 0x0010, 0x000F, 0x0010, 0x0010, 0x0010, 0x0010, 0x0010,
    0x000F, 0x0010, 0x0010, 0x000F, 0x0010, 0x000F, 0x0010, 0x000F,
    0x000F, 0x0010, 0x000F, 0x000F, 0x000F, 0x0010, 0x000F, 0x000F,
    0x000F, 0x000F, 0x000F, 0x000F, 0x000F, 0x000F, 0x000E, 0x000F,
    0x000F, 0x000F, 0x000E, 0x000F, 0x000F, 0x000E, 0x000F, 0x000E,
    0x000F, 0x000E, 0x000F, 0x000E, 0x000E, 0x000F, 0x000E, 0x000E,
    0x000E, 0x000E, 0x000E, 0x000F, 0x000E, 0x000E, 0x000E, 0x000E,
    0x000D, 0x000E, 0x000E, 0x000E, 0x000E, 0x000E, 0x000D, 0x000E,
    0x000E, 0x000D, 0x000E, 0x000D, 0x000E, 0x000E, 0x000D, 0x000D,
    0x000E, 0x000D, 0x000E, 0x000D, 0x000D, 0x000D, 0x000E, 0x000D,
    0x000D, 0x000D, 0x000D, 0x000D, 0x000E, 0x000D, 0x000D, 0x000D,
    0x000C, 0x000D, 0x000D, 0x000D, 0x000D, 0x000D, 0x000D, 0x000C,
    0x000D, 0x000D, 0x000C, 0x000D, 0x000D, 0x000C, 0x000D, 0x000C,
    0x000D, 0x000C, 0x000D, 0x000C, 0x000D, 0x000C, 0x000C, 0x000D,
    0x000C, 0x000C, 0x000C, 0x000D, 0x000C, 0x000C, 0x000C, 0x000C,
    0x000C, 0x000C, 0x000D, 0x000C, 0x000C, 0x000C, 0x000B, 0x000C,
    0x000C, 0x000C, 0x000C, 0x000C, 0x000C, 0x000B, 0x000C, 0x000C,
    0x000C, 0x000B, 0x000C, 0x000C, 0x000B, 0x000C, 0x000B, 0x000C,
    0x0000, 0x8A0B, 0x0045, 0x0058, 0x0050, 0x0032, 0x0046, 0x002D,
    0x0054, 0x0041, 0x0042, 0x004C, 0x0045, 0x0006, 0x1000, 0x100B,
    0x1016, 0x1021, 0x102D, 0x1038, 0x1043, 0x104E, 0x105A, 0x1065,
    0x1070, 0x107C, 0x1087, 0x1093, 0x109E, 0x10AA, 0x10B5, 0x10C1,
    0x10CD, 0x10D8, 0x10E4, 0x10F0, 0x10FB, 0x1107, 0x1113, 0x111F,
    0x112B, 0x1137, 0x1143, 0x114F, 0x115B, 0x1167, 0x1173, 0x117F,
    0x118B, 0x1197, 0x11A3, 0x11B0, 0x11BC, 0x11C8, 0x11D5, 0x11E1,
    0x11ED, 0x11FA, 0x1206, 0x1213, 0x121F, 0x122C, 0x1238, 0x1245,
    0x1252, 0x125F, 0x126B, 0x1278, 0x1285, 0x1292, 0x129F, 0x12AC,
    0x12B8, 0x12C5, 0x12D3, 0x12E0, 0x12ED, 0x12FA, 0x1307, 0x1314,
    0x1321, 0x132F, 0x133C, 0x1349, 0x1357, 0x1364, 0x1372, 0x137F,
    0x138D, 0x139A, 0x13A8, 0x13B5, 0x13C3, 0x13D1, 0x13DF, 0x13EC,
    0x13FA, 0x1408, 0x1416, 0x1424, 0x1432, 0x1440, 0x144E, 0x145C,
    0x146A, 0x1478, 0x1487, 0x1495, 0x14A3, 0x14B1, 0x14C0, 0x14CE,
    0x14DD, 0x14EB, 0x14FA, 0x1508, 0x1517, 0x1525, 0x1534, 0x1543,
    0x1552, 0x1560, 0x156F, 0x157E, 0x158D, 0x159C, 0x15AB, 0x15BA,
    0x15C9, 0x15D8, 0x15E7, 0x15F7, 0x1606, 0x1615, 0x1624, 0x1634,
    0x1643, 0x1653, 0x1662, 0x1672, 0x1681, 0x1691, 0x16A1, 0x16B0,
    0x16C0, 0x16D0, 0x16E0, 0x16F0, 0x16FF, 0x170F, 0x171F, 0x1730,
    0x1740, 0x1750, 0x1760, 0x1770, 0x1780, 0x1791, 0x17A1, 0x17B1,
    0x17C2, 0x17D2, 0x17E3, 0x17F4, 0x1804, 0x1815, 0x1826, 0x1836,
    0x1847, 0x1858, 0x1869, 0x187A, 0x188B, 0x189C, 0x18AD, 0x18BE,
    0x18CF, 0x18E0, 0x18F2, 0x1903, 0x1914, 0x1926, 0x1937, 0x1949,
    0x195A, 0x196C, 0x197E, 0x198F, 0x19A1, 0x19B3, 0x19C5, 0x19D6,
    0x19E8, 0x19FA, 0x1A0C, 0x1A1E, 0x1A31, 0x1A43, 0x1A55, 0x1A67,
    0x1A7A, 0x1A8C, 0x1A9E, 0x1AB1, 0x1AC3, 0x1AD6, 0x1AE9, 0x1AFB,
    0x1B0E, 0x1B21, 0x1B34, 0x1B47, 0x1B59, 0x1B6C, 0x1B7F, 0x1B93,
    0x1BA6, 0x1BB9, 0x1BCC, 0x1BDF, 0x1BF3, 0x1C06, 0x1C1A, 0x1C2D,
    0x1C41, 0x1C54, 0x1C68, 0x1C7C, 0x1C8F, 0x1CA3, 0x1CB7, 0x1CCB,
    0x1CDF, 0x1CF3, 0x1D07, 0x1D1B, 0x1D30, 0x1D44, 0x1D58, 0x1D6C,
    0x1D81, 0x1D95, 0x1DAA, 0x1DBE, 0x1DD3, 0x1DE8, 0x1DFD, 0x1E11,
    0x1E26, 0x1E3B, 0x1E50, 0x1E65, 0x1E7A, 0x1E8F, 0x1EA5, 0x1EBA,
    0x1ECF, 0x1EE5, 0x1EFA, 0x1F10, 0x1F25, 0x1F3B, 0x1F50, 0x1F66,
    0x1F7C, 0x1F92, 0x1FA8, 0x1FBE, 0x1FD4, 0x1FEA, 0x2000, 0x0000,
    0x8A0B, 0x0045, 0x0058, 0x0050, 0x0032, 0x0044, 0x002D, 0x0054,
    0x0041, 0x0042, 0x004C, 0x0045, 0x0006, 0x000B, 0x000B, 0x000B,
    0x000C, 0x000B, 0x000B, 0x000B, 0x000C, 0x000B, 0x000B, 0x000C,
    0x000B, 0x000C, 0x000B, 0x000C, 0x000B, 0x000C, 0x000C, 0x000B,
    0x000C, 0x000C, 0x000B, 0x000C, 0x000C, 0x000C, 0x000C, 0x000C,
    0x000C, 0x000C, 0x000C, 0x000C, 0x000C, 0x000C, 0x000C, 0x000C,
    0x000C, 0x000D, 0x000C, 0x000C, 0x000D, 0x000C, 0x000C, 0x000D,
    0x000C, 0x000D, 0x000C, 0x000D, 0x000C, 0x000D, 0x000D, 0x000D,
    0x000C, 0x000D, 0x000D, 0x000D, 0x000D, 0x000D, 0x000C, 0x000D,
    0x000E, 0x000D, 0x000D, 0x000D, 0x000D, 0x000D, 0x000D, 0x000E,
    0x000D, 0x000D, 0x000E, 0x000D, 0x000E, 0x000D, 0x000E, 0x000D,
    0x000E, 0x000D, 0x000E, 0x000E, 0x000E, 0x000D, 0x000E, 0x000E,
    0x000E, 0x000E, 0x000E, 0x000E, 0x000E, 0x000E, 0x000E, 0x000E,
    0x000F, 0x000E, 0x000E, 0x000E, 0x000F, 0x000E, 0x000F, 0x000E,
    0x000F, 0x000E, 0x000F, 0x000E, 0x000F, 0x000F, 0x000F, 0x000E,
    0x000F, 0x000F, 0x000F, 0x000F, 0x000F, 0x000F, 0x000F, 0x000F,
    0x000F, 0x0010, 0x000F, 0x000F, 0x000F, 0x0010, 0x000F, 0x0010,
    0x000F, 0x0010, 0x000F, 0x0010, 0x0010, 0x000F, 0x0010, 0x0010,
    0x0010, 0x0010, 0x000F, 0x0010, 0x0010, 0x0011, 0x0010, 0x0010,
    0x0010, 0x0010, 0x0010, 0x0011, 0x0010, 0x0010, 0x0011, 0x0010,
    0x0011, 0x0011, 0x0010, 0x0011, 0x0011, 0x0010, 0x0011, 0x0011,
    0x0011, 0x0011, 0x0011, 0x0011, 0x0011, 0x0011, 0x0011, 0x0011,
    0x0012, 0x0011, 0x0011, 0x0012, 0x0011, 0x0012, 0x0011, 0x0012,
    0x0012, 0x0011, 0x0012, 0x0012, 0x0012, 0x0011, 0x0012, 0x0012,
    0x0012, 0x0012, 0x0013, 0x0012, 0x0012, 0x0012, 0x0013, 0x0012,
    0x0012, 0x0013, 0x0012, 0x0013, 0x0013, 0x0012, 0x0013, 0x0013,
    0x0013, 0x0013, 0x0012, 0x0013, 0x0013, 0x0014, 0x0013, 0x0013,
    0x0013, 0x0013, 0x0014, 0x0013, 0x0014, 0x0013, 0x0014, 0x0013,
    0x0014, 0x0014, 0x0013, 0x0014, 0x0014, 0x0014, 0x0014, 0x0014,
    0x0014, 0x0014, 0x0015, 0x0014, 0x0014, 0x0014, 0x0015, 0x0014,
    0x0015, 0x0014, 0x0015, 0x0015, 0x0015, 0x0014, 0x0015, 0x0015,
    0x0015, 0x0015, 0x0015, 0x0015, 0x0016, 0x0015, 0x0015, 0x0016,
    0x0015, 0x0016, 0x0015, 0x0016, 0x0015, 0x0016, 0x0016, 0x0016,
    0x0016, 0x0016, 0x0016, 0x0016, 0x0016, 0x0000, 0x8A0B, 0x0041,
    0x0054, 0x0041, 0x004E, 0x0046, 0x002D, 0x0054, 0x0041, 0x0042,
    0x004C, 0x0045, 0x0006, 0x0000, 0x0029, 0x0051, 0x007A, 0x00A3,
    0x00CC, 0x00F4, 0x011D, 0x0146, 0x016F, 0x0197, 0x01C0, 0x01E9,
    0x0211, 0x023A, 0x0262, 0x028B, 0x02B4, 0x02DC, 0x0305, 0x032D,
    0x0356, 0x037E, 0x03A7, 0x03CF, 0x03F7, 0x0420, 0x0448, 0x0470,
    0x0499, 0x04C1, 0x04E9, 0x0511, 0x0539, 0x0561, 0x0589, 0x05B1,
    0x05D9, 0x0601, 0x0629, 0x0651, 0x0678, 0x06A0, 0x06C8, 0x06EF,
    0x0717, 0x073E, 0x0766, 0x078D, 0x07B5, 0x07DC, 0x0803, 0x082A,
    0x0851, 0x0878, 0x089F, 0x08C6, 0x08ED, 0x0914, 0x093B, 0x0961,
    0x0988, 0x09AE, 0x09D5, 0x09FB, 0x0A22, 0x0A48, 0x0A6E, 0x0A94,
    0x0ABA, 0x0AE0, 0x0B06, 0x0B2C, 0x0B51, 0x0B77, 0x0B9D, 0x0BC2,
    0x0BE7, 0x0C0D, 0x0C32, 0x0C57, 0x0C7C, 0x0CA1, 0x0CC6, 0x0CEB,
    0x0D10, 0x0D34, 0x0D59, 0x0D7D, 0x0DA2, 0x0DC6, 0x0DEA, 0x0E0F,
    0x0E33, 0x0E56, 0x0E7A, 0x0E9E, 0x0EC2, 0x0EE5, 0x0F09, 0x0F2C,
    0x0F50, 0x0F73, 0x0F96, 0x0FB9, 0x0FDC, 0x0FFF, 0x1021, 0x1044,
    0x1067, 0x1089, 0x10AB, 0x10CE, 0x10F0, 0x1112, 0x1134, 0x1156,
    0x1177, 0x1199, 0x11BB, 0x11DC, 0x11FD, 0x121F, 0x1240, 0x1261,
    0x1282, 0x12A3, 0x12C3, 0x12E4, 0x1305, 0x1325, 0x1345, 0x1366,
    0x1386, 0x13A6, 0x13C6, 0x13E6, 0x1405, 0x1425, 0x1444, 0x1464,
    0x1483, 0x14A2, 0x14C1, 0x14E0, 0x14FF, 0x151E, 0x153D, 0x155B,
    0x157A, 0x1598, 0x15B7, 0x15D5, 0x15F3, 0x1611, 0x162F, 0x164C,
    0x166A, 0x1688, 0x16A5, 0x16C2, 0x16E0, 0x16FD, 0x171A, 0x1737,
    0x1754, 0x1770, 0x178D, 0x17AA, 0x17C6, 0x17E2, 0x17FE, 0x181B,
    0x1837, 0x1853, 0x186E, 0x188A, 0x18A6, 0x18C1, 0x18DD, 0x18F8,
    0x1913, 0x192E, 0x1949, 0x1964, 0x197F, 0x199A, 0x19B4, 0x19CF,
    0x19E9, 0x1A04, 0x1A1E, 0x1A38, 0x1A52, 0x1A6C, 0x1A86, 0x1A9F,
    0x1AB9, 0x1AD3, 0x1AEC, 0x1B05, 0x1B1F, 0x1B38, 0x1B51, 0x1B6A,
    0x1B83, 0x1B9C, 0x1BB4, 0x1BCD, 0x1BE5, 0x1BFE, 0x1C16, 0x1C2E,
    0x1C46, 0x1C5E, 0x1C76, 0x1C8E, 0x1CA6, 0x1CBE, 0x1CD5, 0x1CED,
    0x1D04, 0x1D1B, 0x1D33, 0x1D4A, 0x1D61, 0x1D78, 0x1D8E, 0x1DA5,
    0x1DBC, 0x1DD3, 0x1DE9, 0x1DFF, 0x1E16, 0x1E2C, 0x1E42, 0x1E58,
    0x1E6E, 0x1E84, 0x1E9A, 0x1EB0, 0x1EC5, 0x1EDB, 0x1EF0, 0x1F06,
    0x1F1B, 0x1F30, 0x1F45, 0x1F5A, 0x1F6F, 0x1F84, 0x1F99, 0x1FAE,
    0x1FC3, 0x1FD7, 0x1FEC, 0x2000, 0x0000, 0x8A0B, 0x0041, 0x0054,
    0x0041, 0x004E, 0x0044, 0x002D, 0x0054, 0x0041, 0x0042, 0x004C,
    0x0045, 0x0006, 0x0029, 0x0028, 0x0029, 0x0029, 0x0029, 0x0028,
    0x0029, 0x0029, 0x0029, 0x0028, 0x0029, 0x0029, 0x0028, 0x0029,
    0x0028, 0x0029, 0x0029, 0x0028, 0x0029, 0x0028, 0x0029, 0x0028,
    0x0029, 0x0028, 0x0028, 0x0029, 0x0028, 0x0028, 0x0029, 0x0028,
    0x0028, 0x0028, 0x0028, 0x0028, 0x0028, 0x0028, 0x0028, 0x0028,
    0x0028, 0x0028, 0x0027, 0x0028, 0x0028, 0x0027, 0x0028, 0x0027,
    0x0028, 0x0027, 0x0028, 0x0027, 0x0027, 0x0027, 0x0027, 0x0027,
    0x0027, 0x0027, 0x0027, 0x0027, 0x0027, 0x0026, 0x0027, 0x0026,
    0x0027, 0x0026, 0x0027, 0x0026, 0x0026, 0x0026, 0x0026, 0x0026,
    0x0026, 0x0026, 0x0025, 0x0026, 0x0026, 0x0025, 0x0025, 0x0026,
    0x0025, 0x0025, 0x0025, 0x0025, 0x0025, 0x0025, 0x0025, 0x0024,
    0x0025, 0x0024, 0x0025, 0x0024, 0x0024, 0x0025, 0x0024, 0x0023,
    0x0024, 0x0024, 0x0024, 0x0023, 0x0024, 0x0023, 0x0024, 0x0023,
    0x0023, 0x0023, 0x0023, 0x0023, 0x0022, 0x0023, 0x0023, 0x0022,
    0x0022, 0x0023, 0x0022, 0x0022, 0x0022, 0x0022, 0x0021, 0x0022,
    0x0022, 0x0021, 0x0021, 0x0022, 0x0021, 0x0021, 0x0021, 0x0021,
    0x0020, 0x0021, 0x0021, 0x0020, 0x0020, 0x0021, 0x0020, 0x0020,
    0x0020, 0x0020, 0x001F, 0x0020, 0x001F, 0x0020, 0x001F, 0x001F,
    0x001F, 0x001F, 0x001F, 0x001F, 0x001F, 0x001E, 0x001F, 0x001E,
    0x001F, 0x001E, 0x001E, 0x001E, 0x001E, 0x001D, 0x001E, 0x001E,
    0x001D, 0x001D, 0x001E, 0x001D, 0x001D, 0x001D, 0x001D, 0x001C,
    0x001D, 0x001D, 0x001C, 0x001C, 0x001C, 0x001D, 0x001C, 0x001C,
    0x001B, 0x001C, 0x001C, 0x001B, 0x001C, 0x001B, 0x001B, 0x001B,
    0x001B, 0x001B, 0x001B, 0x001B, 0x001A, 0x001B, 0x001A, 0x001B,
    0x001A, 0x001A, 0x001A, 0x001A, 0x001A, 0x0019, 0x001A, 0x001A,
    0x0019, 0x0019, 0x001A, 0x0019, 0x0019, 0x0019, 0x0019, 0x0019,
    0x0018, 0x0019, 0x0018, 0x0019, 0x0018, 0x0018, 0x0018, 0x0018,
    0x0018, 0x0018, 0x0018, 0x0018, 0x0017, 0x0018, 0x0017, 0x0017,
    0x0018, 0x0017, 0x0017, 0x0017, 0x0016, 0x0017, 0x0017, 0x0017,
    0x0016, 0x0016, 0x0017, 0x0016, 0x0016, 0x0016, 0x0016, 0x0016,
    0x0016, 0x0016, 0x0015, 0x0016, 0x0015, 0x0016, 0x0015, 0x0015,
    0x0015, 0x0015, 0x0015, 0x0015, 0x0015, 0x0015, 0x0015, 0x0014,
    0x0015, 0x0014, 0x0000, 0x8005, 0x0053, 0x0049, 0x004E, 0x0051,
    0x0040, 0x3237, 0x0019, 0x06BC, 0x29CC, 0x000D, 0x000B, 0x0000,
    0x8005, 0x0050, 0x004F, 0x0057, 0x0032, 0x0040, 0x3344, 0x0019,
    0x06BC, 0x29CC, 0x000D, 0x000B, 0x0000, 0x8006, 0x004C, 0x004F,
    0x0047, 0x0032, 0x0049, 0x0040, 0x3362, 0x0019, 0x06BC, 0x29CC,
    0x000D, 0x000B, 0x0000, 0x8006, 0x004C, 0x004F, 0x0047, 0x0032,
    0x0046, 0x0040, 0x3380, 0x0019, 0x06BC, 0x29CC, 0x000D, 0x000B,
    0x0000, 0x8006, 0x004C, 0x004F, 0x0047, 0x0032, 0x0044, 0x0040,
    0x348F, 0x0019, 0x06BC, 0x29CC, 0x000D, 0x000B, 0x0000, 0x8006,
    0x0045, 0x0058, 0x0050, 0x0032, 0x0046, 0x0040, 0x359D, 0x0019,
    0x06BC, 0x29CC, 0x000D, 0x000B, 0x0000, 0x8006, 0x0045, 0x0058,
    0x0050, 0x0032, 0x0044, 0x0040, 0x36AC, 0x0019, 0x06BC, 0x29CC,
    0x000D, 0x000B, 0x0000, 0x8006, 0x0041, 0x0054, 0x0041, 0x004E,
    0x0046, 0x0040, 0x37BA, 0x0019, 0x06BC, 0x29CC, 0x000D, 0x000B,
    0x0000, 0x8006, 0x0041, 0x0054, 0x0041, 0x004E, 0x0044, 0x0040,
    0x38C9, 0x0019, 0x06BC, 0x29CC, 0x000D, 0x000B, 0x160E, 0x7C04,
    0x0051, 0x0031, 0x0035, 0x003E, 0x0018, 0x29CC, 0x0014, 0x001B,
    0x0037, 0x0012, 0x29CC, 0x000B, 0x3A46, 0xA405, 0x0051, 0x0031,
    0x0035, 0x003E, 0x0052, 0x0019, 0x0004, 0x4000, 0x001F, 0x0581,
    0x29CC, 0x3A4C, 0x000B, 0x2ED1, 0x8805, 0x0055, 0x002F, 0x004D,
    0x004F, 0x0044, 0x0014, 0x0004, 0x0000, 0x0012, 0x0605, 0x000B,
    0x3A63, 0x5E02, 0x0055, 0x002F, 0x3A6A, 0x0019, 0x0017, 0x000B,
    0x3A70, 0x5E03, 0x0055, 0x002A, 0x002F, 0x0014, 0x0033, 0x0012,
    0x0605, 0x0019, 0x0017, 0x000B, 0x0695, 0x8807, 0x002A, 0x002F,
    0x0052, 0x004F, 0x0055, 0x004E, 0x0044, 0x0018, 0x2987, 0x0014,
    0x0690, 0x0019, 0x2987, 0x0018, 0x29CC, 0x0013, 0x05BA, 0x0035,
    0x0008, 0x3A9D, 0x0004, 0x0001, 0x29CC, 0x0012, 0x0017, 0x000B,
    0x313F, 0x8C03, 0x0049, 0x002A, 0x0046, 0x067C, 0x3A4C, 0x000B,
    0x30D0, 0x8E07, 0x0042, 0x0049, 0x004E, 0x003E, 0x0044, 0x0045,
    0x0047, 0x0004, 0x002D, 0x0004, 0x2000, 0x3A8D, 0x000B, 0x30FC,
    0x9C07, 0x0044, 0x0045, 0x0047, 0x003E, 0x0042, 0x0049, 0x004E,
    0x0004, 0x0168, 0x0668, 0x0004, 0x2000, 0x0004, 0x002D, 0x3A8D,
    0x000B, 0x3AA8, 0xA609, 0x0042, 0x0049, 0x004E, 0x003E, 0x0044,
    0x0045, 0x0047, 0x002E, 0x0053, 0x0004, 0x002D, 0x0675, 0x0004,
    0x2000, 0x3A8D, 0x000B, 0x3AB7, 0x9C09, 0x0044, 0x0045, 0x0047,
    0x002E, 0x0053, 0x003E, 0x0042, 0x0049, 0x004E, 0x0018, 0x0004,
    0x0168, 0x0675, 0x0014, 0x0019, 0x0013, 0x0668, 0x0019, 0x0004,
    0x002D, 0x0675, 0x0004, 0x2000, 0x0019, 0x3A8D, 0x0012, 0x0017,
    0x000B, 0x30F0, 0x6C06, 0x0053, 0x0054, 0x0045, 0x0050, 0x0031,
    0x0036, 0x0004, 0x0000, 0x0014, 0x0018, 0x0004, 0x0008, 0x001C,
    0x0008, 0x3B11, 0x001A, 0x0004, 0x0002, 0x2999, 0x0012, 0x29CC,
    0x0014, 0x0018, 0x0004, 0x0004, 0x001C, 0x0008, 0x3B1E, 0x001A,
    0x0004, 0x0004, 0x2999, 0x0012, 0x29CC, 0x0014, 0x0018, 0x0004,
    0x0002, 0x001C, 0x0008, 0x3B2B, 0x001A, 0x0004, 0x0008, 0x2999,
    0x0012, 0x29CC, 0x0014, 0x0018, 0x0004, 0x0001, 0x001C, 0x0008,
    0x3B38, 0x001A, 0x0004, 0x0010, 0x2999, 0x0012, 0x29CC, 0x0014,
    0x0017, 0x0017, 0x0012, 0x000B, 0x2EE2, 0x6408, 0x0052, 0x0041,
    0x0054, 0x0049, 0x004F, 0x0051, 0x0031, 0x0032, 0x0019, 0x0004,
    0x1000, 0x0581, 0x3A7D, 0x000B, 0x30DB, 0x9A09, 0x004C, 0x004F,
    0x0047, 0x0032, 0x002D, 0x004E, 0x004F, 0x0052, 0x004D, 0x0004,
    0x000C, 0x0019, 0x0018, 0x0004, 0x2000, 0x05BA, 0x0004, 0x0000,
    0x29A5, 0x0008, 0x3B6D, 0x0004, 0x0002, 0x3A74, 0x0019, 0x0004,
    0x0001, 0x29CC, 0x0019, 0x0009, 0x3B5A, 0x0018, 0x0004, 0x1000,
    0x05BA, 0x0008, 0x3B7C, 0x0018, 0x29CC, 0x0019, 0x0004, 0x0001,
    0x29A0, 0x0019, 0x0009, 0x3B6D, 0x000B, 0x3B4C, 0x8609, 0x004C,
    0x004F, 0x0047, 0x0032, 0x002D, 0x0046, 0x0052, 0x0041, 0x0043,
    0x0004, 0x1000, 0x29A0, 0x0004, 0x0010, 0x065E, 0x0018, 0x3A08,
    0x0014, 0x39FA, 0x0012, 0x0581, 0x3B01, 0x29CC, 0x000B, 0x3B7D,
    0x6404, 0x004C, 0x004F, 0x0047, 0x0032, 0x0018, 0x0004, 0x0000,
    0x29A5, 0x0008, 0x3BA8, 0x0017, 0x0004, 0x0000, 0x0009, 0x3BAE,
    0x3B57, 0x0019, 0x39EC, 0x0019, 0x3B88, 0x29CC, 0x000B, 0x3162,
    0x8609, 0x0045, 0x0058, 0x0050, 0x0032, 0x002D, 0x0046, 0x0052,
    0x0041, 0x0043, 0x0018, 0x0004, 0x0FFF, 0x0019, 0x05CA, 0x0008,
    0x3BC6, 0x0017, 0x0004, 0x2000, 0x0009, 0x3BD1, 0x0004, 0x0010,
    0x065E, 0x0018, 0x3A24, 0x0014, 0x3A16, 0x0012, 0x0581, 0x3B01,
    0x29CC, 0x000B, 0x3BAF, 0x6404, 0x0045, 0x0058, 0x0050, 0x0032,
    0x0004, 0x1000, 0x3A6A, 0x0014, 0x3BBA, 0x0012, 0x39DE, 0x0004,
    0x1000, 0x3A7D, 0x000B, 0x3AC9, 0x6004, 0x0042, 0x0030, 0x0030,
    0x0030, 0x0004, 0x0000, 0x000B, 0x3BE3, 0x6204, 0x0042, 0x0030,
    0x0030, 0x0031, 0x0004, 0x00B6, 0x000B, 0x3BEC, 0x6404, 0x0042,
    0x0030, 0x0030, 0x0032, 0x0004, 0x016C, 0x000B, 0x3BF5, 0x6604,
    0x0042, 0x0030, 0x0030, 0x0033, 0x0004, 0x0222, 0x000B, 0x3BFE,
    0x6A04, 0x0042, 0x0030, 0x0030, 0x0035, 0x0004, 0x038E, 0x000B,
    0x3C07, 0x6004, 0x0042, 0x0030, 0x0031, 0x0030, 0x0004, 0x071C,
    0x000B, 0x3C10, 0x6A04, 0x0042, 0x0030, 0x0031, 0x0035, 0x0004,
    0x0AAB, 0x000B, 0x3C19, 0x6004, 0x0042, 0x0030, 0x0033, 0x0030,
    0x0004, 0x1555, 0x000B, 0x3C22, 0x6A04, 0x0042, 0x0030, 0x0034,
    0x0035, 0x0004, 0x2000, 0x000B, 0x3C2B, 0x6808, 0x0042, 0x0049,
    0x004E, 0x0049, 0x0041, 0x004E, 0x002F, 0x0034, 0x0004, 0x4000,
    0x000B, 0x3C34, 0x6004, 0x0042, 0x0030, 0x0036, 0x0030, 0x0004,
    0x2AAB, 0x000B, 0x3C41, 0x6A04, 0x0042, 0x0030, 0x0037, 0x0035,
    0x0004, 0x3555, 0x000B, 0x3C4A, 0x6004, 0x0042, 0x0030, 0x0039,
    0x0030, 0x3C3E, 0x000B, 0x3C53, 0x6A04, 0x0042, 0x0031, 0x0030,
    0x0035, 0x0004, 0x4AAB, 0x000B, 0x3C5B, 0x6004, 0x0042, 0x0031,
    0x0032, 0x0030, 0x0004, 0x5555, 0x000B, 0x3C64, 0x6A04, 0x0042,
    0x0031, 0x0033, 0x0035, 0x0004, 0x6000, 0x000B, 0x3C6D, 0x6004,
    0x0042, 0x0031, 0x0035, 0x0030, 0x0004, 0x6AAB, 0x000B, 0x3C76,
    0x6A04, 0x0042, 0x0031, 0x0036, 0x0035, 0x0004, 0x7555, 0x000B,
    0x3C7F, 0x6408, 0x0042, 0x0049, 0x004E, 0x0049, 0x0041, 0x004E,
    0x002F, 0x0032, 0x0004, 0x8000, 0x000B, 0x3C88, 0x6004, 0x0042,
    0x0031, 0x0038, 0x0030, 0x3C92, 0x000B, 0x3C95, 0x6A04, 0x0042,
    0x0031, 0x0039, 0x0035, 0x0004, 0x8AAB, 0x000B, 0x3C9D, 0x6004,
    0x0042, 0x0032, 0x0031, 0x0030, 0x0004, 0x9555, 0x000B, 0x3CA6,
    0x6A04, 0x0042, 0x0032, 0x0032, 0x0035, 0x0004, 0xA000, 0x000B,
    0x3CAF, 0x6004, 0x0042, 0x0032, 0x0034, 0x0030, 0x0004, 0xAAAB,
    0x000B, 0x3CB8, 0x6A04, 0x0042, 0x0032, 0x0035, 0x0035, 0x0004,
    0xB555, 0x000B, 0x3CC1, 0x6809, 0x0042, 0x0049, 0x004E, 0x0049,
    0x0041, 0x004E, 0x0033, 0x002F, 0x0034, 0x0004, 0xC000, 0x000B,
    0x3CCA, 0x6004, 0x0042, 0x0032, 0x0037, 0x0030, 0x3CD5, 0x000B,
    0x3CD8, 0x6A04, 0x0042, 0x0032, 0x0038, 0x0035, 0x0004, 0xCAAB,
    0x000B, 0x3CE0, 0x6004, 0x0042, 0x0033, 0x0030, 0x0030, 0x0004,
    0xD555, 0x000B, 0x3CE9, 0x6A04, 0x0042, 0x0033, 0x0031, 0x0035,
    0x0004, 0xE000, 0x000B, 0x3CF2, 0x6004, 0x0042, 0x0033, 0x0033,
    0x0030, 0x0004, 0xEAAB, 0x000B, 0x3CFB, 0x6A04, 0x0042, 0x0033,
    0x0034, 0x0035, 0x0004, 0xF555, 0x000B, 0x3AF9, 0xA204, 0x0053,
    0x0049, 0x004E, 0x0051, 0x0004, 0x0040, 0x2999, 0x39D1, 0x000B,
    0x3D0D, 0x9C03, 0x0053, 0x0049, 0x004E, 0x0018, 0x0004, 0x0000,
    0x29A5, 0x0008, 0x3D28, 0x0017, 0x0004, 0x0000, 0x0009, 0x3D66,
    0x0018, 0x3C3E, 0x29A5, 0x0008, 0x3D32, 0x0017, 0x0004, 0x7FFF,
    0x0009, 0x3D66, 0x0018, 0x3C92, 0x29A5, 0x0008, 0x3D3C, 0x0017,
    0x0004, 0x0000, 0x0009, 0x3D66, 0x0018, 0x3CD5, 0x29A5, 0x0008,
    0x3D46, 0x0017, 0x0004, 0x8000, 0x0009, 0x3D66, 0x0018, 0x001B,
    0x0008, 0x3D5A, 0x0018, 0x3CD5, 0x05CA, 0x0008, 0x3D55, 0x3C92,
    0x29CC, 0x3D13, 0x0037, 0x0009, 0x3D58, 0x0037, 0x3D13, 0x0037,
    0x0009, 0x3D66, 0x0018, 0x3C3E, 0x05CA, 0x0008, 0x3D62, 0x3D13,
    0x0009, 0x3D66, 0x0037, 0x3C92, 0x29CC, 0x3D13, 0x000B, 0x321B,
    0xA603, 0x0043, 0x004F, 0x0053, 0x3C3E, 0x29CC, 0x3D1D, 0x000B,
    0x28FD, 0xA005, 0x0058, 0x0043, 0x004F, 0x004D, 0x0050, 0x3D6C,
    0x3AA5, 0x000B, 0x0000, 0xA005, 0x0059, 0x0043, 0x004F, 0x004D,
    0x0050, 0x3D1D, 0x3AA5, 0x000B, 0x2DF8, 0xA405, 0x0041, 0x0054,
    0x0041, 0x004E, 0x0052, 0x0018, 0x0004, 0x1000, 0x29A5, 0x0008,
    0x3D95, 0x0017, 0x3C31, 0x0009, 0x3DA0, 0x0004, 0x0010, 0x065E,
    0x0018, 0x3A40, 0x0014, 0x3A32, 0x0012, 0x0581, 0x3B01, 0x29CC,
    0x000B, 0x3D84, 0x6405, 0x0041, 0x0054, 0x0041, 0x004E, 0x0032,
    0x2993, 0x001D, 0x0004, 0x0000, 0x29A5, 0x0008, 0x3DB4, 0x058D,
    0x0004, 0x0000, 0x0009, 0x3DE6, 0x2993, 0x2987, 0x0019, 0x2987,
    0x2993, 0x05BA, 0x0008, 0x3DC3, 0x3B46, 0x3D8B, 0x3C59, 0x0019,
    0x29A0, 0x0009, 0x3DC6, 0x0019, 0x3B46, 0x3D8B, 0x0014, 0x0018,
    0x001B, 0x0008, 0x3DDB, 0x0019, 0x001B, 0x0008, 0x3DD5, 0x0017,
    0x3C9B, 0x0012, 0x29CC, 0x0009, 0x3DD9, 0x0017, 0x3C9B, 0x0012,
    0x29A0, 0x0009, 0x3DE6, 0x0019, 0x001B, 0x0008, 0x3DE4, 0x0017,
    0x0012, 0x0037, 0x0009, 0x3DE6, 0x0017, 0x0012, 0x000B, 0x3D18,
    0xA804, 0x0053, 0x0051, 0x0052, 0x0054, 0x0004, 0x0000, 0x0019,
    0x0004, 0x0001, 0x001A, 0x001A, 0x05BA, 0x0004, 0x0000, 0x29A5,
    0x0008, 0x3E0C, 0x001A, 0x001A, 0x29A0, 0x0014, 0x0019, 0x0017,
    0x0004, 0x0002, 0x29CC, 0x0019, 0x0004, 0x0001, 0x29CC, 0x0019,
    0x0012, 0x0019, 0x0009, 0x3DF2, 0x0017, 0x0017, 0x000B, 0x0000,
    0xE404, 0x007E, 0x0065, 0x0072, 0x0072, 0x0004, 0xFFFF, 0x188F,
    0x000C, 0x0062, 0x0061, 0x0064, 0x0020, 0x0066, 0x002D, 0x0073,
    0x0074, 0x0072, 0x0069, 0x006E, 0x0067, 0x000B, 0x0000, 0xC804,
    0x007E, 0x0070, 0x0061, 0x0064, 0x0004, 0x0000, 0x05DA, 0x0018,
    0x0008, 0x3E3A, 0x0004, 0x0001, 0x29A0, 0x3E2C, 0x06CB, 0x0D4F,
    0x0009, 0x3E3B, 0x0017, 0x000B, 0x0000, 0xCA06, 0x007E, 0x0077,
    0x0074, 0x0079, 0x0070, 0x0065, 0x02D2, 0x000D, 0x001A, 0x29A0,
    0x3E2C, 0x0D60, 0x000B, 0x0000, 0xE405, 0x007E, 0x0063, 0x0068,
    0x0061, 0x0072, 0x0018, 0x0004, 0x0100, 0x05BA, 0x0008, 0x3E59,
    0x000B, 0x0004, 0x0100, 0x065E, 0x0019, 0x0017, 0x000B, 0x0000,
    0xE40A, 0x007E, 0x006E, 0x0065, 0x0078, 0x0074, 0x002D, 0x0063,
    0x0068, 0x0061, 0x0072, 0x0019, 0x0004, 0x0001, 0x29CC, 0x0019,
    0x0004, 0x0001, 0x29A0, 0x000B, 0x0000, 0xDC06, 0x007E, 0x006E,
    0x007A, 0x006C, 0x0065, 0x006E, 0x0018, 0x0008, 0x3E91, 0x001A,
    0x000F, 0x3E52, 0x0008, 0x3E88, 0x0004, 0x0001, 0x0009, 0x3E8A,
    0x0004, 0x0000, 0x0014, 0x3E6B, 0x3E7C, 0x0012, 0x29CC, 0x0009,
    0x3E94, 0x058D, 0x0004, 0x0000, 0x000B, 0x0000, 0xF406, 0x007E,
    0x0061, 0x0070, 0x0070, 0x006E, 0x007A, 0x0018, 0x0008, 0x3EAE,
    0x001A, 0x000F, 0x3E52, 0x0576, 0x0008, 0x3EA9, 0x0D4F, 0x0009,
    0x3EAA, 0x0017, 0x3E6B, 0x3E9D, 0x0009, 0x3EAF, 0x058D, 0x000B,
    0x0000, 0xF409, 0x007E, 0x0077, 0x0074, 0x0079, 0x0070, 0x0065,
    0x002D, 0x006E, 0x007A, 0x2993, 0x3E7C, 0x02D2, 0x000D, 0x0019,
    0x29A0, 0x3E2C, 0x3E9D, 0x000B, 0x0000, 0xE405, 0x007E, 0x0078,
    0x0073, 0x0074, 0x0072, 0x0287, 0x000D, 0x0014, 0x08B3, 0x0861,
    0x0881, 0x0899, 0x0012, 0x0287, 0x000C, 0x000B, 0x0000, 0xE608,
    0x007E, 0x0070, 0x0064, 0x0069, 0x0067, 0x0069, 0x0074, 0x0073,
    0x0018, 0x0008, 0x3EEC, 0x0004, 0x0001, 0x29A0, 0x0014, 0x0878,
    0x0012, 0x3EE0, 0x0009, 0x3EED, 0x0017, 0x000B, 0x0000, 0xE405,
    0x007E, 0x0070, 0x0073, 0x0074, 0x0072, 0x0018, 0x0014, 0x2987,
    0x0861, 0x02DE, 0x000D, 0x0018, 0x0008, 0x3F04, 0x3EE0, 0x0004,
    0x002E, 0x086B, 0x0009, 0x3F05, 0x0017, 0x0881, 0x0012, 0x088E,
    0x0899, 0x000B, 0x0000, 0xC805, 0x007E, 0x006F, 0x0075, 0x0074,
    0x0064, 0x02DE, 0x000D, 0x001B, 0x0008, 0x3F1A, 0x08A5, 0x3EBB,
    0x0009, 0x3F1C, 0x3EF5, 0x3EBB, 0x000B, 0x0000, 0xEA05, 0x007E,
    0x006F, 0x0075, 0x0074, 0x0075, 0x02DE, 0x000D, 0x001B, 0x0008,
    0x3F2F, 0x0861, 0x0881, 0x0899, 0x3EBB, 0x0009, 0x3F30, 0x3E15,
    0x000B, 0x0000, 0xF005, 0x007E, 0x006F, 0x0075, 0x0074, 0x0078,
    0x02DE, 0x000D, 0x001B, 0x0008, 0x3F41, 0x3ECB, 0x3EBB, 0x0009,
    0x3F42, 0x3E15, 0x000B, 0x0000, 0xC605, 0x007E, 0x006F, 0x0075,
    0x0074, 0x0063, 0x02DE, 0x000D, 0x001B, 0x0008, 0x3F58, 0x02D2,
    0x000D, 0x0004, 0x0001, 0x29A0, 0x3E2C, 0x0D4F, 0x0009, 0x3F59,
    0x3E15, 0x000B, 0x0000, 0xE605, 0x007E, 0x006F, 0x0075, 0x0074,
    0x0073, 0x02DE, 0x000D, 0x001B, 0x0008, 0x3F69, 0x3E44, 0x0009,
    0x3F6A, 0x3E15, 0x000B, 0x0000, 0x6006, 0x007E, 0x0070, 0x006F,
    0x0077, 0x0031, 0x0030, 0x0018, 0x0008, 0x3F7F, 0x0004, 0x0001,
    0x29A0, 0x3F73, 0x0004, 0x000A, 0x0675, 0x0009, 0x3F82, 0x0017,
    0x0004, 0x0001, 0x000B, 0x0000, 0xC205, 0x007E, 0x006F, 0x0075,
    0x0074, 0x0061, 0x02DE, 0x000D, 0x001B, 0x0008, 0x3F93, 0x0004,
    0x0000, 0x02DE, 0x000C, 0x02DE, 0x000D, 0x0008, 0x3F9D, 0x02DE,
    0x000D, 0x3F73, 0x3AD4, 0x0009, 0x3F9E, 0x3AB1, 0x3F11, 0x000B,
    0x0000, 0x8003, 0x007E, 0x0063, 0x0040, 0x02BA, 0x000D, 0x000F,
    0x000B, 0x0000, 0xE60D, 0x007E, 0x0077, 0x0069, 0x0064, 0x0074,
    0x0068, 0x002D, 0x0064, 0x0069, 0x0067, 0x0069, 0x0074, 0x0073,
    0x02C6, 0x000D, 0x0008, 0x3FD4, 0x3FA5, 0x0004, 0x0030, 0x0004,
    0x003A, 0x05F6, 0x0008, 0x3FD4, 0x3FA5, 0x0004, 0x0030, 0x29A0,
    0x02D2, 0x000D, 0x0004, 0x000A, 0x0675, 0x29CC, 0x02D2, 0x000C,
    0x0004, 0x0001, 0x0D08, 0x3FB8, 0x000B, 0x0000, 0xE60C, 0x007E,
    0x0070, 0x0072, 0x0065, 0x0063, 0x002D, 0x0064, 0x0069, 0x0067,
    0x0069, 0x0074, 0x0073, 0x02C6, 0x000D, 0x0008, 0x4003, 0x3FA5,
    0x0004, 0x0030, 0x0004, 0x003A, 0x05F6, 0x0008, 0x4003, 0x0004,
    0xFFFF, 0x02EA, 0x000C, 0x3FA5, 0x0004, 0x0030, 0x29A0, 0x02DE,
    0x000D, 0x0004, 0x000A, 0x0675, 0x29CC, 0x02DE, 0x000C, 0x0004,
};

static const uint16_t pdr16_xt_forth_rom_chunk_2[8192] PROGMEM = {
    0x0001, 0x0D08, 0x3FE3, 0x000B, 0x0000, 0x7E09, 0x007E, 0x0064,
    0x0065, 0x0066, 0x0061, 0x0075, 0x006C, 0x0074, 0x003F, 0x3FA5,
    0x0004, 0x007D, 0x29A5, 0x000B, 0x0000, 0xC208, 0x007E, 0x0074,
    0x0079, 0x0070, 0x0065, 0x002D, 0x0073, 0x0061, 0x0018, 0x0004,
    0x0073, 0x29A5, 0x0008, 0x4028, 0x0017, 0x3F61, 0x0009, 0x4034,
    0x0018, 0x0004, 0x0061, 0x29A5, 0x0008, 0x4032, 0x0017, 0x3F8A,
    0x0009, 0x4034, 0x0017, 0x3E15, 0x000B, 0x0000, 0xD00E, 0x007E,
    0x0074, 0x0079, 0x0070, 0x0065, 0x002D, 0x0064, 0x0069, 0x0073,
    0x0070, 0x0061, 0x0074, 0x0063, 0x0068, 0x0018, 0x0004, 0x0064,
    0x29A5, 0x0008, 0x404F, 0x0017, 0x3F11, 0x0009, 0x406E, 0x0018,
    0x0004, 0x0075, 0x29A5, 0x0008, 0x4059, 0x0017, 0x3F24, 0x0009,
    0x406E, 0x0018, 0x0004, 0x0078, 0x29A5, 0x0008, 0x4063, 0x0017,
    0x3F38, 0x0009, 0x406E, 0x0018, 0x0004, 0x0063, 0x29A5, 0x0008,
    0x406D, 0x0017, 0x3F4A, 0x0009, 0x406E, 0x401E, 0x000B, 0x0000,
    0xD80B, 0x007E, 0x0066, 0x0069, 0x0065, 0x006C, 0x0064, 0x002D,
    0x0074, 0x0061, 0x0069, 0x006C, 0x0004, 0x0001, 0x0D08, 0x02C6,
    0x000D, 0x0576, 0x0008, 0x4087, 0x0017, 0x0009, 0x4095, 0x188F,
    0x000C, 0x0062, 0x0061, 0x0064, 0x0020, 0x0066, 0x002D, 0x0073,
    0x0074, 0x0072, 0x0069, 0x006E, 0x0067, 0x3FA5, 0x0004, 0x007D,
    0x001E, 0x188F, 0x000C, 0x0062, 0x0061, 0x0064, 0x0020, 0x0066,
    0x002D, 0x0073, 0x0074, 0x0072, 0x0069, 0x006E, 0x0067, 0x0004,
    0x0001, 0x0D08, 0x4045, 0x000B, 0x0000, 0xC806, 0x007E, 0x0066,
    0x0069, 0x0065, 0x006C, 0x0064, 0x0004, 0x0001, 0x0D08, 0x0004,
    0x0000, 0x02D2, 0x000C, 0x0004, 0xFFFF, 0x02DE, 0x000C, 0x02C6,
    0x000D, 0x0576, 0x0008, 0x40C7, 0x0017, 0x0009, 0x40D5, 0x188F,
    0x000C, 0x0062, 0x0061, 0x0064, 0x0020, 0x0066, 0x002D, 0x0073,
    0x0074, 0x0072, 0x0069, 0x006E, 0x0067, 0x400F, 0x0008, 0x40DE,
    0x0004, 0x0001, 0x0D08, 0x3F11, 0x0009, 0x412C, 0x3FB8, 0x02C6,
    0x000D, 0x0576, 0x0008, 0x40E7, 0x0017, 0x0009, 0x40F5, 0x188F,
    0x000C, 0x0062, 0x0061, 0x0064, 0x0020, 0x0066, 0x002D, 0x0073,
    0x0074, 0x0072, 0x0069, 0x006E, 0x0067, 0x3FA5, 0x0004, 0x002E,
    0x29A5, 0x0008, 0x411D, 0x0004, 0x0001, 0x0D08, 0x0004, 0x0000,
    0x02DE, 0x000C, 0x0004, 0x0000, 0x02EA, 0x000C, 0x3FE3, 0x02EA,
    0x000D, 0x0576, 0x0008, 0x410F, 0x0017, 0x0009, 0x411D, 0x188F,
    0x000C, 0x0062, 0x0061, 0x0064, 0x0020, 0x0066, 0x002D, 0x0073,
    0x0074, 0x0072, 0x0069, 0x006E, 0x0067, 0x3FA5, 0x0018, 0x0004,
    0x007D, 0x29A5, 0x0008, 0x412B, 0x0017, 0x0004, 0x0001, 0x0D08,
    0x3F11, 0x0009, 0x412C, 0x407C, 0x000B, 0x0000, 0xCA0C, 0x007E,
    0x0065, 0x0076, 0x0061, 0x006C, 0x002D, 0x006C, 0x0062, 0x0072,
    0x0061, 0x0063, 0x0065, 0x0004, 0x0001, 0x02C6, 0x000D, 0x05BA,
    0x0008, 0x4158, 0x02BA, 0x000D, 0x0004, 0x0001, 0x29CC, 0x000F,
    0x0004, 0x007B, 0x29A5, 0x0008, 0x4155, 0x0004, 0x007B, 0x0D4F,
    0x0004, 0x0002, 0x0D08, 0x0009, 0x4156, 0x40B4, 0x0009, 0x4159,
    0x40B4, 0x000B, 0x0000, 0xCA0C, 0x007E, 0x0065, 0x0076, 0x0061,
    0x006C, 0x002D, 0x0072, 0x0062, 0x0072, 0x0061, 0x0063, 0x0065,
    0x0004, 0x0001, 0x02C6, 0x000D, 0x05BA, 0x0008, 0x4185, 0x02BA,
    0x000D, 0x0004, 0x0001, 0x29CC, 0x000F, 0x0004, 0x007D, 0x29A5,
    0x0008, 0x4182, 0x0004, 0x007D, 0x0D4F, 0x0004, 0x0002, 0x0D08,
    0x0009, 0x4183, 0x3E15, 0x0009, 0x4186, 0x3E15, 0x000B, 0x0000,
    0xD805, 0x007E, 0x0065, 0x0076, 0x0061, 0x006C, 0x2993, 0x0017,
    0x02BA, 0x000C, 0x02C6, 0x000C, 0x0017, 0x0D15, 0x02C6, 0x000D,
    0x0008, 0x41B5, 0x3FA5, 0x0018, 0x0004, 0x007B, 0x29A5, 0x0008,
    0x41A5, 0x0017, 0x413B, 0x0009, 0x41B3, 0x0018, 0x0004, 0x007D,
    0x29A5, 0x0008, 0x41AF, 0x0017, 0x4168, 0x0009, 0x41B3, 0x0D4F,
    0x0004, 0x0001, 0x0D08, 0x0009, 0x4196, 0x0D70, 0x000B, 0x0000,
    0xDC44, 0x007E, 0x0072, 0x0075, 0x006E, 0x0CE0, 0x072D, 0x418E,
    0x000B, 0x41B7, 0xF843, 0x007E, 0x0022, 0x007C, 0x41BD, 0x000B,
    0x2DB3, 0x4482, 0x0046, 0x0022, 0x0331, 0x000D, 0x0008, 0x41D9,
    0x0004, 0x0022, 0x0ED2, 0x0DA4, 0x16AA, 0x41BD, 0x16DE, 0x0009,
    0x41DE, 0x0004, 0x0022, 0x0ED2, 0x0DA4, 0x418E, 0x000B, 0x3BD2,
    0xA00D, 0x0045, 0x0044, 0x0049, 0x0054, 0x002D, 0x004C, 0x0049,
    0x004E, 0x0045, 0x002D, 0x0043, 0x0041, 0x0050, 0x0004, 0x00A0,
    0x000B, 0x41DF, 0x8A0D, 0x0045, 0x0044, 0x0049, 0x0054, 0x002D,
    0x0052, 0x0045, 0x0043, 0x002D, 0x0053, 0x0049, 0x005A, 0x0045,
    0x0004, 0x00A4, 0x000B, 0x41F1, 0x8A0F, 0x0045, 0x0044, 0x0049,
    0x0054, 0x002D, 0x0041, 0x0052, 0x0045, 0x004E, 0x0041, 0x002D,
    0x0053, 0x0049, 0x005A, 0x0045, 0x0004, 0x2000, 0x000B, 0x4203,
    0xAE0B, 0x0045, 0x0044, 0x0049, 0x0054, 0x002D, 0x0054, 0x0045,
    0x0058, 0x0054, 0x002D, 0x0057, 0x0004, 0x0050, 0x000B, 0x4217,
    0x900B, 0x0045, 0x0044, 0x0049, 0x0054, 0x002D, 0x0054, 0x0045,
    0x0058, 0x0054, 0x002D, 0x0048, 0x0004, 0x0017, 0x000B, 0x4227,
    0xAE0F, 0x0045, 0x0044, 0x0049, 0x0054, 0x002D, 0x0053, 0x0054,
    0x0041, 0x0054, 0x0055, 0x0053, 0x002D, 0x0052, 0x004F, 0x0057,
    0x0004, 0x0018, 0x000B, 0x4237, 0xAE0D, 0x0045, 0x0044, 0x0049,
    0x0054, 0x002D, 0x0048, 0x0045, 0x004C, 0x0050, 0x002D, 0x0052,
    0x004F, 0x0057, 0x0004, 0x0019, 0x000B, 0x424B, 0x8A0D, 0x0045,
    0x0044, 0x0049, 0x0054, 0x002D, 0x004D, 0x0053, 0x0047, 0x002D,
    0x004E, 0x004F, 0x004E, 0x0045, 0x0004, 0x0000, 0x000B, 0x425D,
    0x880E, 0x0045, 0x0044, 0x0049, 0x0054, 0x002D, 0x004D, 0x0053,
    0x0047, 0x002D, 0x0053, 0x0041, 0x0056, 0x0045, 0x0044, 0x0004,
    0x0001, 0x000B, 0x426F, 0xA40F, 0x0045, 0x0044, 0x0049, 0x0054,
    0x002D, 0x004D, 0x0053, 0x0047, 0x002D, 0x0042, 0x0055, 0x0046,
    0x0046, 0x0045, 0x0052, 0x0004, 0x0002, 0x000B, 0x4282, 0x8E0D,
    0x0045, 0x0044, 0x0049, 0x0054, 0x002D, 0x004D, 0x0053, 0x0047,
    0x002D, 0x004C, 0x004F, 0x004E, 0x0047, 0x0004, 0x0003, 0x000B,
    0x4296, 0x9C0D, 0x0045, 0x0044, 0x0049, 0x0054, 0x002D, 0x004D,
    0x0053, 0x0047, 0x002D, 0x004F, 0x0050, 0x0045, 0x004E, 0x0004,
    0x0004, 0x000B, 0x42A8, 0x880D, 0x0045, 0x0044, 0x0049, 0x0054,
    0x002D, 0x004D, 0x0053, 0x0047, 0x002D, 0x0052, 0x0045, 0x0041,
    0x0044, 0x0004, 0x0005, 0x000B, 0x42BA, 0x8A0E, 0x0045, 0x0044,
    0x0049, 0x0054, 0x002D, 0x004D, 0x0053, 0x0047, 0x002D, 0x0057,
    0x0052, 0x0049, 0x0054, 0x0045, 0x0004, 0x0006, 0x000B, 0x42CC,
    0xAE0C, 0x0045, 0x0044, 0x0049, 0x0054, 0x002D, 0x004D, 0x0053,
    0x0047, 0x002D, 0x004E, 0x0045, 0x0057, 0x0004, 0x0007, 0x000B,
    0x42DF, 0x8A0D, 0x0045, 0x0044, 0x0049, 0x0054, 0x002D, 0x004D,
    0x0053, 0x0047, 0x002D, 0x004E, 0x0041, 0x004D, 0x0045, 0x0004,
    0x0008, 0x000B, 0x42F0, 0xA00E, 0x0045, 0x0044, 0x0049, 0x0054,
    0x002D, 0x004D, 0x0053, 0x0047, 0x002D, 0x0055, 0x004E, 0x0053,
    0x0055, 0x0050, 0x0004, 0x0009, 0x000B, 0x4302, 0xA810, 0x0045,
    0x0044, 0x0049, 0x0054, 0x002D, 0x0055, 0x0053, 0x0045, 0x0052,
    0x002D, 0x004F, 0x0046, 0x0046, 0x0053, 0x0045, 0x0054, 0x0004,
    0x0100, 0x000B, 0x4315, 0x8A0E, 0x0045, 0x0044, 0x0049, 0x0054,
    0x002D, 0x0050, 0x0041, 0x0054, 0x0048, 0x002D, 0x0053, 0x0049,
    0x005A, 0x0045, 0x0004, 0x0104, 0x000B, 0x432A, 0x9609, 0x0045,
    0x0044, 0x0049, 0x0054, 0x002D, 0x004D, 0x0041, 0x0052, 0x004B,
    0x0004, 0x0100, 0x04A4, 0x000D, 0x29CC, 0x000B, 0x433D, 0x8A09,
    0x0045, 0x0044, 0x0049, 0x0054, 0x002D, 0x0042, 0x0041, 0x0053,
    0x0045, 0x0004, 0x0101, 0x04A4, 0x000D, 0x29CC, 0x000B, 0x434E,
    0x8A09, 0x0045, 0x0044, 0x0049, 0x0054, 0x002D, 0x0048, 0x0045,
    0x0052, 0x0045, 0x0004, 0x0102, 0x04A4, 0x000D, 0x29CC, 0x000B,
    0x435F, 0xA80A, 0x0045, 0x0044, 0x0049, 0x0054, 0x002D, 0x004C,
    0x0049, 0x004D, 0x0049, 0x0054, 0x0004, 0x0103, 0x04A4, 0x000D,
    0x29CC, 0x000B, 0x4370, 0x8A09, 0x0045, 0x0044, 0x0049, 0x0054,
    0x002D, 0x0046, 0x0052, 0x0045, 0x0045, 0x0004, 0x0104, 0x04A4,
    0x000D, 0x29CC, 0x000B, 0x4382, 0x8809, 0x0045, 0x0044, 0x0049,
    0x0054, 0x002D, 0x0048, 0x0045, 0x0041, 0x0044, 0x0004, 0x0105,
    0x04A4, 0x000D, 0x29CC, 0x000B, 0x4393, 0x9809, 0x0045, 0x0044,
    0x0049, 0x0054, 0x002D, 0x0054, 0x0041, 0x0049, 0x004C, 0x0004,
    0x0106, 0x04A4, 0x000D, 0x29CC, 0x000B, 0x43A4, 0xA408, 0x0045,
    0x0044, 0x0049, 0x0054, 0x002D, 0x0043, 0x0055, 0x0052, 0x0004,
    0x0107, 0x04A4, 0x000D, 0x29CC, 0x000B, 0x43B5, 0xA008, 0x0045,
    0x0044, 0x0049, 0x0054, 0x002D, 0x0054, 0x004F, 0x0050, 0x0004,
    0x0108, 0x04A4, 0x000D, 0x29CC, 0x000B, 0x43C5, 0xA60A, 0x0045,
    0x0044, 0x0049, 0x0054, 0x002D, 0x004C, 0x0049, 0x004E, 0x0045,
    0x0053, 0x0004, 0x0109, 0x04A4, 0x000D, 0x29CC, 0x000B, 0x43D5,
    0x4609, 0x0045, 0x0044, 0x0049, 0x0054, 0x002D, 0x0043, 0x0055,
    0x0052, 0x0023, 0x0004, 0x010A, 0x04A4, 0x000D, 0x29CC, 0x000B,
    0x43E7, 0x4609, 0x0045, 0x0044, 0x0049, 0x0054, 0x002D, 0x0054,
    0x004F, 0x0050, 0x0023, 0x0004, 0x010B, 0x04A4, 0x000D, 0x29CC,
    0x000B, 0x43F8, 0x9808, 0x0045, 0x0044, 0x0049, 0x0054, 0x002D,
    0x0043, 0x004F, 0x004C, 0x0004, 0x010C, 0x04A4, 0x000D, 0x29CC,
    0x000B, 0x4409, 0x8C09, 0x0045, 0x0044, 0x0049, 0x0054, 0x002D,
    0x0050, 0x0052, 0x0045, 0x0046, 0x0004, 0x010D, 0x04A4, 0x000D,
    0x29CC, 0x000B, 0x4419, 0x880D, 0x0045, 0x0044, 0x0049, 0x0054,
    0x002D, 0x004D, 0x004F, 0x0044, 0x0049, 0x0046, 0x0049, 0x0045,
    0x0044, 0x0004, 0x010E, 0x04A4, 0x000D, 0x29CC, 0x000B, 0x442A,
    0xA80B, 0x0045, 0x0044, 0x0049, 0x0054, 0x002D, 0x0049, 0x004E,
    0x0053, 0x0045, 0x0052, 0x0054, 0x0004, 0x010F, 0x04A4, 0x000D,
    0x29CC, 0x000B, 0x443F, 0x8E0C, 0x0045, 0x0044, 0x0049, 0x0054,
    0x002D, 0x0052, 0x0055, 0x004E, 0x004E, 0x0049, 0x004E, 0x0047,
    0x0004, 0x0110, 0x04A4, 0x000D, 0x29CC, 0x000B, 0x4452, 0x8E08,
    0x0045, 0x0044, 0x0049, 0x0054, 0x002D, 0x004D, 0x0053, 0x0047,
    0x0004, 0x0111, 0x04A4, 0x000D, 0x29CC, 0x000B, 0x4466, 0x9C0D,
    0x0045, 0x0044, 0x0049, 0x0054, 0x002D, 0x0050, 0x0041, 0x0054,
    0x0048, 0x002D, 0x004C, 0x0045, 0x004E, 0x0004, 0x0112, 0x04A4,
    0x000D, 0x29CC, 0x000B, 0x4476, 0x460E, 0x0045, 0x0044, 0x0049,
    0x0054, 0x002D, 0x0050, 0x0041, 0x0054, 0x0048, 0x002D, 0x0042,
    0x0055, 0x0046, 0x0023, 0x0004, 0x0113, 0x04A4, 0x000D, 0x29CC,
    0x000B, 0x448B, 0x9C0D, 0x0045, 0x0044, 0x0049, 0x0054, 0x002D,
    0x0043, 0x004C, 0x0049, 0x0050, 0x002D, 0x004C, 0x0045, 0x004E,
    0x0004, 0x0114, 0x04A4, 0x000D, 0x29CC, 0x000B, 0x44A1, 0x460E,
    0x0045, 0x0044, 0x0049, 0x0054, 0x002D, 0x0043, 0x004C, 0x0049,
    0x0050, 0x002D, 0x0042, 0x0055, 0x0046, 0x0023, 0x0004, 0x0115,
    0x04A4, 0x000D, 0x29CC, 0x000B, 0x44B6, 0x6203, 0x0045, 0x0054,
    0x0031, 0x0004, 0x0116, 0x04A4, 0x000D, 0x29CC, 0x000B, 0x44CC,
    0x6403, 0x0045, 0x0054, 0x0032, 0x0004, 0x0117, 0x04A4, 0x000D,
    0x29CC, 0x000B, 0x44D7, 0x6603, 0x0045, 0x0054, 0x0033, 0x0004,
    0x0118, 0x04A4, 0x000D, 0x29CC, 0x000B, 0x44E2, 0x6803, 0x0045,
    0x0054, 0x0034, 0x0004, 0x0119, 0x04A4, 0x000D, 0x29CC, 0x000B,
    0x44ED, 0xA80E, 0x0045, 0x0044, 0x0049, 0x0054, 0x002D, 0x004C,
    0x0049, 0x004E, 0x0045, 0x002D, 0x004E, 0x0045, 0x0058, 0x0054,
    0x000B, 0x44F8, 0xAC0E, 0x0045, 0x0044, 0x0049, 0x0054, 0x002D,
    0x004C, 0x0049, 0x004E, 0x0045, 0x002D, 0x0050, 0x0052, 0x0045,
    0x0056, 0x0024, 0x000B, 0x4509, 0x9C0D, 0x0045, 0x0044, 0x0049,
    0x0054, 0x002D, 0x004C, 0x0049, 0x004E, 0x0045, 0x002D, 0x004C,
    0x0045, 0x004E, 0x0004, 0x0002, 0x29CC, 0x000B, 0x451B, 0xA60F,
    0x0045, 0x0044, 0x0049, 0x0054, 0x002D, 0x004C, 0x0049, 0x004E,
    0x0045, 0x002D, 0x0046, 0x004C, 0x0041, 0x0047, 0x0053, 0x0004,
    0x0003, 0x29CC, 0x000B, 0x452E, 0xA80E, 0x0045, 0x0044, 0x0049,
    0x0054, 0x002D, 0x004C, 0x0049, 0x004E, 0x0045, 0x002D, 0x0054,
    0x0045, 0x0058, 0x0054, 0x0004, 0x0004, 0x29CC, 0x000B, 0x4543,
    0x800E, 0x0045, 0x0044, 0x0049, 0x0054, 0x002D, 0x004C, 0x0049,
    0x004E, 0x0045, 0x002D, 0x004C, 0x0045, 0x004E, 0x0040, 0x452A,
    0x000D, 0x000B, 0x4557, 0x420E, 0x0045, 0x0044, 0x0049, 0x0054,
    0x002D, 0x004C, 0x0049, 0x004E, 0x0045, 0x002D, 0x004C, 0x0045,
    0x004E, 0x0021, 0x452A, 0x000C, 0x000B, 0x456A, 0xA40E, 0x0045,
    0x0044, 0x0049, 0x0054, 0x002D, 0x004C, 0x0049, 0x004E, 0x0045,
    0x002D, 0x0041, 0x0044, 0x0044, 0x0052, 0x0019, 0x4553, 0x29CC,
    0x000B, 0x457D, 0x8C0D, 0x0045, 0x0044, 0x0049, 0x0054, 0x002D,
    0x0050, 0x0041, 0x0054, 0x0048, 0x002D, 0x0042, 0x0055, 0x0046,
    0x449B, 0x000D, 0x000B, 0x4591, 0x8C0D, 0x0045, 0x0044, 0x0049,
    0x0054, 0x002D, 0x0043, 0x004C, 0x0049, 0x0050, 0x002D, 0x0042,
    0x0055, 0x0046, 0x44C6, 0x000D, 0x000B, 0x45A3, 0x480A, 0x0045,
    0x0044, 0x0049, 0x0054, 0x002D, 0x0050, 0x0041, 0x0054, 0x0048,
    0x0024, 0x45A0, 0x4485, 0x000D, 0x000B, 0x45B5, 0x420A, 0x0045,
    0x0044, 0x0049, 0x0054, 0x002D, 0x0050, 0x0041, 0x0054, 0x0048,
    0x0021, 0x0018, 0x4485, 0x000C, 0x45A0, 0x0019, 0x07C3, 0x000B,
    0x45C5, 0x4209, 0x0045, 0x0044, 0x0049, 0x0054, 0x002D, 0x004D,
    0x0053, 0x0047, 0x0021, 0x4470, 0x000C, 0x000B, 0x45D8, 0x9C0C,
    0x0045, 0x0044, 0x0049, 0x0054, 0x002D, 0x0043, 0x0055, 0x0052,
    0x002D, 0x004C, 0x0045, 0x004E, 0x43BF, 0x000D, 0x4567, 0x000B,
    0x45E6, 0xA40D, 0x0045, 0x0044, 0x0049, 0x0054, 0x002D, 0x0043,
    0x0055, 0x0052, 0x002D, 0x0041, 0x0044, 0x0044, 0x0052, 0x43BF,
    0x000D, 0x4553, 0x000B, 0x45F8, 0xA80F, 0x0045, 0x0044, 0x0049,
    0x0054, 0x002D, 0x004C, 0x0049, 0x004E, 0x0045, 0x002D, 0x0043,
    0x004F, 0x0055, 0x004E, 0x0054, 0x43E1, 0x000D, 0x000B, 0x460B,
    0x4209, 0x0045, 0x0044, 0x0049, 0x0054, 0x002D, 0x0043, 0x004F,
    0x004C, 0x0021, 0x0018, 0x4413, 0x000C, 0x4424, 0x000C, 0x000B,
    0x461F, 0x8A0F, 0x0045, 0x0044, 0x0049, 0x0054, 0x002D, 0x0043,
    0x004C, 0x0045, 0x0041, 0x0052, 0x002D, 0x004C, 0x0049, 0x004E,
    0x0045, 0x0004, 0x0000, 0x001A, 0x452A, 0x000C, 0x0017, 0x000B,
    0x4630, 0x8608, 0x0045, 0x0044, 0x002D, 0x0041, 0x004C, 0x004C,
    0x004F, 0x0043, 0x438D, 0x000D, 0x0576, 0x0008, 0x465D, 0x0018,
    0x000D, 0x438D, 0x000C, 0x0009, 0x4671, 0x436A, 0x000D, 0x0018,
    0x4200, 0x29CC, 0x437C, 0x000D, 0x0019, 0x05BA, 0x0008, 0x466C,
    0x0017, 0x0004, 0x0000, 0x000B, 0x0018, 0x4200, 0x29CC, 0x436A,
    0x000C, 0x0018, 0x0004, 0x0000, 0x001A, 0x000C, 0x0019, 0x0017,
    0x0018, 0x4519, 0x0004, 0x0000, 0x0019, 0x000C, 0x0018, 0x452A,
    0x0004, 0x0000, 0x0019, 0x000C, 0x0018, 0x453F, 0x0004, 0x0000,
    0x0019, 0x000C, 0x000B, 0x4648, 0x8A0E, 0x0045, 0x0044, 0x0049,
    0x0054, 0x002D, 0x0046, 0x0052, 0x0045, 0x0045, 0x002D, 0x004C,
    0x0049, 0x004E, 0x0045, 0x438D, 0x000D, 0x001A, 0x000C, 0x438D,
    0x000C, 0x000B, 0x468B, 0xA40F, 0x0045, 0x0044, 0x0049, 0x0054,
    0x002D, 0x004C, 0x0049, 0x004E, 0x004B, 0x002D, 0x0041, 0x0046,
    0x0054, 0x0045, 0x0052, 0x44D1, 0x000C, 0x44DC, 0x000C, 0x44D1,
    0x000D, 0x000D, 0x44DC, 0x000D, 0x000C, 0x44D1, 0x000D, 0x44DC,
    0x000D, 0x4519, 0x000C, 0x44DC, 0x000D, 0x000D, 0x0576, 0x0008,
    0x46D0, 0x44DC, 0x000D, 0x0019, 0x4519, 0x000C, 0x0009, 0x46D4,
    0x44D1, 0x000D, 0x43AF, 0x000C, 0x44D1, 0x000D, 0x44DC, 0x000D,
    0x000C, 0x000B, 0x46A2, 0x960B, 0x0045, 0x0044, 0x0049, 0x0054,
    0x002D, 0x0055, 0x004E, 0x004C, 0x0049, 0x004E, 0x004B, 0x0018,
    0x000D, 0x44D1, 0x000C, 0x0018, 0x4519, 0x000D, 0x44DC, 0x000C,
    0x44DC, 0x000D, 0x0008, 0x46FB, 0x44D1, 0x000D, 0x44DC, 0x000D,
    0x000C, 0x0009, 0x46FF, 0x44D1, 0x000D, 0x439E, 0x000C, 0x44D1,
    0x000D, 0x0008, 0x470B, 0x44DC, 0x000D, 0x44D1, 0x000D, 0x4519,
    0x000C, 0x0009, 0x470F, 0x44DC, 0x000D, 0x43AF, 0x000C, 0x000B,
    0x46DA, 0xA411, 0x0045, 0x0044, 0x0049, 0x0054, 0x002D, 0x0052,
    0x0045, 0x0053, 0x0045, 0x0054, 0x002D, 0x0042, 0x0055, 0x0046,
    0x0046, 0x0045, 0x0052, 0x0004, 0x0000, 0x438D, 0x000C, 0x4359,
    0x000D, 0x436A, 0x000C, 0x0004, 0x0000, 0x4439, 0x000C, 0x0004,
    0x0000, 0x4470, 0x000C, 0x0004, 0x0000, 0x4413, 0x000C, 0x0004,
    0x0000, 0x4424, 0x000C, 0x0004, 0x0000, 0x44B0, 0x000C, 0x4652,
    0x0018, 0x0023, 0x0008, 0x4749, 0x0017, 0x4293, 0x4470, 0x000C,
    0x000B, 0x0018, 0x439E, 0x000C, 0x0018, 0x43AF, 0x000C, 0x0018,
    0x43BF, 0x000C, 0x0018, 0x43CF, 0x000C, 0x0017, 0x0004, 0x0001,
    0x43E1, 0x000C, 0x0004, 0x0001, 0x43F2, 0x000C, 0x0004, 0x0001,
    0x4403, 0x000C, 0x000B, 0x4710, 0xA809, 0x0045, 0x0044, 0x0049,
    0x0054, 0x002D, 0x0049, 0x004E, 0x0049, 0x0054, 0x03A5, 0x000D,
    0x4348, 0x000C, 0x03A5, 0x000D, 0x0018, 0x449B, 0x000C, 0x433A,
    0x29CC, 0x0018, 0x44C6, 0x000C, 0x41EE, 0x29CC, 0x0018, 0x4359,
    0x000C, 0x0018, 0x436A, 0x000C, 0x4214, 0x29CC, 0x437C, 0x000C,
    0x437C, 0x000D, 0x03A5, 0x000C, 0x0004, 0x0001, 0x444C, 0x000C,
    0x426C, 0x4470, 0x000C, 0x0004, 0x0000, 0x4485, 0x000C, 0x4723,
    0x000B, 0x4763, 0x8A09, 0x0045, 0x0044, 0x0049, 0x0054, 0x002D,
    0x0044, 0x004F, 0x004E, 0x0045, 0x4348, 0x000D, 0x03A5, 0x000C,
    0x2E9B, 0x2E77, 0x000B, 0x4799, 0x9C0D, 0x0045, 0x0044, 0x0049,
    0x0054, 0x002D, 0x0054, 0x0052, 0x0049, 0x004D, 0x002D, 0x004C,
    0x0045, 0x004E, 0x0018, 0x4567, 0x44D1, 0x000C, 0x44D1, 0x000D,
    0x0008, 0x47DA, 0x0018, 0x4553, 0x44D1, 0x000D, 0x0025, 0x29CC,
    0x000F, 0x06CB, 0x29A5, 0x0008, 0x47D4, 0x44D1, 0x000D, 0x0025,
    0x44D1, 0x000C, 0x0009, 0x47D8, 0x0017, 0x44D1, 0x000D, 0x000B,
    0x0009, 0x47BE, 0x0017, 0x0004, 0x0000, 0x000B, 0x47AB, 0xA40F,
    0x0045, 0x0044, 0x0049, 0x0054, 0x002D, 0x0045, 0x0058, 0x0054,
    0x0045, 0x004E, 0x0044, 0x002D, 0x0043, 0x0055, 0x0052, 0x0018,
    0x41EE, 0x29B8, 0x0008, 0x47FB, 0x0017, 0x42A5, 0x4470, 0x000C,
    0x0004, 0x0000, 0x000B, 0x0018, 0x45F4, 0x29BF, 0x0008, 0x4804,
    0x0017, 0x0004, 0xFFFF, 0x000B, 0x0018, 0x44D1, 0x000C, 0x45F4,
    0x44DC, 0x000C, 0x43BF, 0x000D, 0x4553, 0x44DC, 0x000D, 0x29CC,
    0x44D1, 0x000D, 0x44DC, 0x000D, 0x29A0, 0x06CB, 0x07E4, 0x44D1,
    0x000D, 0x43BF, 0x000D, 0x452A, 0x000C, 0x0017, 0x0004, 0xFFFF,
    0x000B, 0x47DE, 0x8A13, 0x0045, 0x0044, 0x0049, 0x0054, 0x002D,
    0x0045, 0x004E, 0x0053, 0x0055, 0x0052, 0x0045, 0x002D, 0x0056,
    0x0049, 0x0053, 0x0049, 0x0042, 0x004C, 0x0045, 0x43F2, 0x000D,
    0x4403, 0x000D, 0x05CA, 0x0008, 0x484A, 0x43CF, 0x000D, 0x4519,
    0x000D, 0x43CF, 0x000C, 0x4403, 0x000D, 0x0025, 0x4403, 0x000C,
    0x0009, 0x4836, 0x43F2, 0x000D, 0x4403, 0x000D, 0x4234, 0x29CC,
    0x29C6, 0x0008, 0x485F, 0x43CF, 0x000D, 0x000D, 0x43CF, 0x000C,
    0x4403, 0x000D, 0x0024, 0x4403, 0x000C, 0x0009, 0x484A, 0x000B,
    0x4821, 0xA00C, 0x0045, 0x0044, 0x0049, 0x0054, 0x002D, 0x004D,
    0x004F, 0x0056, 0x0045, 0x002D, 0x0055, 0x0050, 0x43BF, 0x000D,
    0x4519, 0x000D, 0x0576, 0x0008, 0x4881, 0x43BF, 0x000C, 0x43F2,
    0x000D, 0x0025, 0x43F2, 0x000C, 0x4424, 0x000D, 0x4413, 0x000C,
    0x4836, 0x000B, 0x4860, 0x9C0E, 0x0045, 0x0044, 0x0049, 0x0054,
    0x002D, 0x004D, 0x004F, 0x0056, 0x0045, 0x002D, 0x0044, 0x004F,
    0x0057, 0x004E, 0x43BF, 0x000D, 0x000D, 0x0576, 0x0008, 0x48A4,
    0x43BF, 0x000C, 0x43F2, 0x000D, 0x0024, 0x43F2, 0x000C, 0x4424,
    0x000D, 0x4413, 0x000C, 0x4836, 0x000B, 0x4882, 0xA80E, 0x0045,
    0x0044, 0x0049, 0x0054, 0x002D, 0x004D, 0x004F, 0x0056, 0x0045,
    0x002D, 0x004C, 0x0045, 0x0046, 0x0054, 0x4413, 0x000D, 0x0008,
    0x48C2, 0x4413, 0x000D, 0x0025, 0x4413, 0x000C, 0x4413, 0x000D,
    0x4424, 0x000C, 0x000B, 0x48A5, 0xA80F, 0x0045, 0x0044, 0x0049,
    0x0054, 0x002D, 0x004D, 0x004F, 0x0056, 0x0045, 0x002D, 0x0052,
    0x0049, 0x0047, 0x0048, 0x0054, 0x4413, 0x000D, 0x0024, 0x0018,
    0x4413, 0x000C, 0x4424, 0x000C, 0x000B, 0x48C3, 0x8A0E, 0x0045,
    0x0044, 0x0049, 0x0054, 0x002D, 0x004D, 0x004F, 0x0056, 0x0045,
    0x002D, 0x0048, 0x004F, 0x004D, 0x0045, 0x0004, 0x0000, 0x462A,
    0x000B, 0x48DD, 0x880D, 0x0045, 0x0044, 0x0049, 0x0054, 0x002D,
    0x004D, 0x004F, 0x0056, 0x0045, 0x002D, 0x0045, 0x004E, 0x0044,
    0x45F4, 0x462A, 0x000B, 0x48F1, 0xA00C, 0x0045, 0x0044, 0x0049,
    0x0054, 0x002D, 0x0050, 0x0041, 0x0047, 0x0045, 0x002D, 0x0055,
    0x0050, 0x0004, 0x0000, 0x44D1, 0x000C, 0x44D1, 0x000D, 0x4234,
    0x05CA, 0x0008, 0x4923, 0x486E, 0x44D1, 0x000D, 0x0024, 0x44D1,
    0x000C, 0x0009, 0x4915, 0x000B, 0x4903, 0x9C0E, 0x0045, 0x0044,
    0x0049, 0x0054, 0x002D, 0x0050, 0x0041, 0x0047, 0x0045, 0x002D,
    0x0044, 0x004F, 0x0057, 0x004E, 0x0004, 0x0000, 0x44D1, 0x000C,
    0x44D1, 0x000D, 0x4234, 0x05CA, 0x0008, 0x4946, 0x4892, 0x44D1,
    0x000D, 0x0024, 0x44D1, 0x000C, 0x0009, 0x4938, 0x000B, 0x4924,
    0x8811, 0x0045, 0x0044, 0x0049, 0x0054, 0x002D, 0x0053, 0x0045,
    0x0054, 0x002D, 0x004D, 0x004F, 0x0044, 0x0049, 0x0046, 0x0049,
    0x0045, 0x0044, 0x0004, 0xFFFF, 0x4439, 0x000C, 0x426C, 0x4470,
    0x000C, 0x000B, 0x4947, 0xA413, 0x0045, 0x0044, 0x0049, 0x0054,
    0x002D, 0x004F, 0x0056, 0x0045, 0x0052, 0x0057, 0x0052, 0x0049,
    0x0054, 0x0045, 0x002D, 0x0043, 0x0048, 0x0041, 0x0052, 0x4413,
    0x000D, 0x0024, 0x47EF, 0x0023, 0x0008, 0x4980, 0x0017, 0x000B,
    0x4413, 0x000D, 0x43BF, 0x000D, 0x458D, 0x000E, 0x4413, 0x000D,
    0x0024, 0x462A, 0x495A, 0x000B, 0x4962, 0xA410, 0x0045, 0x0044,
    0x0049, 0x0054, 0x002D, 0x0049, 0x004E, 0x0053, 0x0045, 0x0052,
    0x0054, 0x002D, 0x0043, 0x0048, 0x0041, 0x0052, 0x4413, 0x000D,
    0x44E7, 0x000C, 0x45F4, 0x44F2, 0x000C, 0x44E7, 0x000D, 0x44F2,
    0x000D, 0x29C6, 0x0008, 0x49BD, 0x44E7, 0x000D, 0x0024, 0x47EF,
    0x0023, 0x0008, 0x49B5, 0x0017, 0x000B, 0x4413, 0x000D, 0x43BF,
    0x000D, 0x458D, 0x000E, 0x0009, 0x49DA, 0x44F2, 0x000D, 0x0024,
    0x47EF, 0x0023, 0x0008, 0x49C6, 0x0017, 0x000B, 0x44E7, 0x000D,
    0x43BF, 0x000D, 0x458D, 0x0018, 0x0024, 0x0019, 0x44F2, 0x000D,
    0x44E7, 0x000D, 0x29A0, 0x281A, 0x4413, 0x000D, 0x43BF, 0x000D,
    0x458D, 0x000E, 0x4413, 0x000D, 0x0024, 0x462A, 0x495A, 0x000B,
    0x498C, 0xA80E, 0x0045, 0x0044, 0x0049, 0x0054, 0x002D, 0x004A,
    0x004F, 0x0049, 0x004E, 0x002D, 0x004E, 0x0045, 0x0058, 0x0054,
    0x43BF, 0x000D, 0x000D, 0x0576, 0x0023, 0x0008, 0x49F9, 0x0017,
    0x000B, 0x0018, 0x44D1, 0x000C, 0x45F4, 0x44DC, 0x000C, 0x44D1,
    0x000D, 0x4567, 0x44E7, 0x000C, 0x44DC, 0x000D, 0x44E7, 0x000D,
    0x29CC, 0x41EE, 0x29B8, 0x0008, 0x4A11, 0x42A5, 0x4470, 0x000C,
    0x000B, 0x44D1, 0x000D, 0x4553, 0x43BF, 0x000D, 0x4553, 0x44DC,
    0x000D, 0x29CC, 0x44E7, 0x000D, 0x07C3, 0x44DC, 0x000D, 0x44E7,
    0x000D, 0x29CC, 0x43BF, 0x000D, 0x452A, 0x000C, 0x44D1, 0x000D,
    0x46E7, 0x44D1, 0x000D, 0x469B, 0x43E1, 0x000D, 0x0025, 0x43E1,
    0x000C, 0x495A, 0x000B, 0x49E0, 0xA410, 0x0045, 0x0044, 0x0049,
    0x0054, 0x002D, 0x0044, 0x0045, 0x004C, 0x0045, 0x0054, 0x0045,
    0x002D, 0x0043, 0x0048, 0x0041, 0x0052, 0x4413, 0x000D, 0x44D1,
    0x000C, 0x45F4, 0x44DC, 0x000C, 0x44D1, 0x000D, 0x44DC, 0x000D,
    0x05CA, 0x0008, 0x4A6E, 0x43BF, 0x000D, 0x44D1, 0x000D, 0x0024,
    0x458D, 0x43BF, 0x000D, 0x44D1, 0x000D, 0x458D, 0x44DC, 0x000D,
    0x44D1, 0x000D, 0x29A0, 0x0025, 0x07C3, 0x44DC, 0x000D, 0x0025,
    0x43BF, 0x000D, 0x452A, 0x000C, 0x495A, 0x000B, 0x44D1, 0x000D,
    0x44DC, 0x000D, 0x29A5, 0x0008, 0x4A76, 0x49F0, 0x000B, 0x4A33,
    0x8A0F, 0x0045, 0x0044, 0x0049, 0x0054, 0x002D, 0x0053, 0x0050,
    0x004C, 0x0049, 0x0054, 0x002D, 0x004C, 0x0049, 0x004E, 0x0045,
    0x4652, 0x0018, 0x0023, 0x0008, 0x4A92, 0x0017, 0x4293, 0x4470,
    0x000C, 0x000B, 0x0018, 0x44D1, 0x000C, 0x43BF, 0x000D, 0x44DC,
    0x000C, 0x4413, 0x000D, 0x44E7, 0x000C, 0x44DC, 0x000D, 0x4567,
    0x44F2, 0x000C, 0x44E7, 0x000D, 0x44F2, 0x000D, 0x05CA, 0x0008,
    0x4AC6, 0x44F2, 0x000D, 0x44E7, 0x000D, 0x29A0, 0x0018, 0x44D1,
    0x000D, 0x452A, 0x000C, 0x44DC, 0x000D, 0x4553, 0x44E7, 0x000D,
    0x29CC, 0x44D1, 0x000D, 0x4553, 0x0581, 0x07C3, 0x44E7, 0x000D,
    0x44DC, 0x000D, 0x452A, 0x000C, 0x0009, 0x4ACC, 0x0004, 0x0000,
    0x44D1, 0x000D, 0x452A, 0x000C, 0x44D1, 0x000D, 0x44DC, 0x000D,
    0x46B3, 0x43E1, 0x000D, 0x0024, 0x43E1, 0x000C, 0x44D1, 0x000D,
    0x43BF, 0x000C, 0x43F2, 0x000D, 0x0024, 0x43F2, 0x000C, 0x0004,
    0x0000, 0x462A, 0x4836, 0x495A, 0x000B, 0x4A77, 0x8A0E, 0x0045,
    0x0044, 0x0049, 0x0054, 0x002D, 0x0042, 0x0041, 0x0043, 0x004B,
    0x0053, 0x0050, 0x0041, 0x0043, 0x0045, 0x4413, 0x000D, 0x0023,
    0x0008, 0x4B12, 0x43BF, 0x000D, 0x4519, 0x000D, 0x0576, 0x0008,
    0x4B11, 0x0018, 0x4567, 0x44D1, 0x000C, 0x43BF, 0x000C, 0x43F2,
    0x000D, 0x0025, 0x43F2, 0x000C, 0x44D1, 0x000D, 0x462A, 0x49F0,
    0x4836, 0x000B, 0x4413, 0x000D, 0x0025, 0x0018, 0x4413, 0x000C,
    0x4424, 0x000C, 0x4413, 0x000D, 0x45F4, 0x29C6, 0x0008, 0x4B21,
    0x000B, 0x4A45, 0x000B, 0x4AE5, 0x8A10, 0x0045, 0x0044, 0x0049,
    0x0054, 0x002D, 0x0044, 0x0045, 0x004C, 0x0045, 0x0054, 0x0045,
    0x002D, 0x004C, 0x0049, 0x004E, 0x0045, 0x43E1, 0x000D, 0x0004,
    0x0001, 0x29A5, 0x0008, 0x4B44, 0x43BF, 0x000D, 0x4641, 0x0004,
    0x0000, 0x462A, 0x495A, 0x000B, 0x43BF, 0x000D, 0x44D1, 0x000C,
    0x44D1, 0x000D, 0x000D, 0x0576, 0x0008, 0x4B53, 0x0018, 0x43BF,
    0x000C, 0x0009, 0x4B5F, 0x44D1, 0x000D, 0x4519, 0x000D, 0x0018,
    0x43BF, 0x000C, 0x43F2, 0x000D, 0x0025, 0x43F2, 0x000C, 0x44D1,
    0x000D, 0x43CF, 0x000D, 0x29A5, 0x0008, 0x4B6E, 0x43BF, 0x000D,
    0x43CF, 0x000C, 0x43F2, 0x000D, 0x4403, 0x000C, 0x44D1, 0x000D,
    0x46E7, 0x44D1, 0x000D, 0x469B, 0x43E1, 0x000D, 0x0025, 0x43E1,
    0x000C, 0x45F4, 0x4413, 0x000D, 0x05E6, 0x462A, 0x4836, 0x495A,
    0x000B, 0x4B23, 0x8A0E, 0x0045, 0x0044, 0x0049, 0x0054, 0x002D,
    0x0043, 0x004F, 0x0050, 0x0059, 0x002D, 0x004C, 0x0049, 0x004E,
    0x0045, 0x43BF, 0x000D, 0x4567, 0x0018, 0x44B0, 0x000C, 0x43BF,
    0x000D, 0x4553, 0x45B2, 0x0581, 0x07C3, 0x426C, 0x4470, 0x000C,
    0x000B, 0x4B81, 0x8A0F, 0x0045, 0x0044, 0x0049, 0x0054, 0x002D,
    0x0050, 0x0041, 0x0053, 0x0054, 0x0045, 0x002D, 0x004C, 0x0049,
    0x004E, 0x0045, 0x4652, 0x0018, 0x0023, 0x0008, 0x4BBC, 0x0017,
    0x4293, 0x4470, 0x000C, 0x000B, 0x0018, 0x44D1, 0x000C, 0x44B0,
    0x000D, 0x0018, 0x44D1, 0x000D, 0x452A, 0x000C, 0x45B2, 0x44D1,
    0x000D, 0x4553, 0x0581, 0x07C3, 0x44D1, 0x000D, 0x43BF, 0x000D,
    0x46B3, 0x44D1, 0x000D, 0x43BF, 0x000C, 0x43E1, 0x000D, 0x0024,
    0x43E1, 0x000C, 0x43F2, 0x000D, 0x0024, 0x43F2, 0x000C, 0x0004,
    0x0000, 0x462A, 0x4836, 0x495A, 0x000B, 0x4BA1, 0xAE08, 0x0045,
    0x0044, 0x0049, 0x0054, 0x002D, 0x004E, 0x0045, 0x0057, 0x4723,
    0x42ED, 0x4470, 0x000C, 0x000B, 0x4BE5, 0x8809, 0x0045, 0x0044,
    0x0049, 0x0054, 0x002D, 0x004C, 0x004F, 0x0041, 0x0044, 0x45D1,
    0x4723, 0x45C1, 0x13BF, 0x13DD, 0x0018, 0x0008, 0x4C0D, 0x0019,
    0x0017, 0x42B7, 0x4470, 0x000C, 0x000B, 0x0017, 0x0014, 0x439E,
    0x000D, 0x44DC, 0x000C, 0x0004, 0xFFFF, 0x44E7, 0x000C, 0x074D,
    0x41EE, 0x0013, 0x1407, 0x0018, 0x0008, 0x4C2A, 0x0017, 0x0017,
    0x0017, 0x0012, 0x13FA, 0x0017, 0x42C9, 0x4470, 0x000C, 0x0004,
    0x0001, 0x000B, 0x0017, 0x0008, 0x4C61, 0x44E7, 0x000D, 0x0023,
    0x0008, 0x4C50, 0x4652, 0x0018, 0x0023, 0x0008, 0x4C41, 0x0017,
    0x0012, 0x13FA, 0x0017, 0x4293, 0x4470, 0x000C, 0x0004, 0x0002,
    0x000B, 0x0018, 0x43AF, 0x000D, 0x46B3, 0x0018, 0x44DC, 0x000C,
    0x43E1, 0x000D, 0x0024, 0x43E1, 0x000C, 0x0017, 0x0009, 0x4C54,
    0x0004, 0x0000, 0x44E7, 0x000C, 0x0018, 0x44DC, 0x000D, 0x452A,
    0x000C, 0x074D, 0x44DC, 0x000D, 0x4553, 0x0581, 0x07C3, 0x0009,
    0x4C17, 0x0017, 0x0012, 0x13FA, 0x0017, 0x439E, 0x000D, 0x43BF,
    0x000C, 0x439E, 0x000D, 0x43CF, 0x000C, 0x0004, 0x0001, 0x43F2,
    0x000C, 0x0004, 0x0001, 0x4403, 0x000C, 0x0004, 0x0000, 0x462A,
    0x0004, 0x0000, 0x4439, 0x000C, 0x426C, 0x4470, 0x000C, 0x0004,
    0x0000, 0x000B, 0x4BF4, 0x8A09, 0x0045, 0x0044, 0x0049, 0x0054,
    0x002D, 0x0053, 0x0041, 0x0056, 0x0045, 0x4485, 0x000D, 0x0023,
    0x0008, 0x4C98, 0x42FF, 0x4470, 0x000C, 0x0004, 0x0001, 0x000B,
    0x45C1, 0x1463, 0x0017, 0x45C1, 0x13CF, 0x13EC, 0x0018, 0x0008,
    0x4CA7, 0x0019, 0x0017, 0x42DC, 0x4470, 0x000C, 0x000B, 0x0017,
    0x44F2, 0x000C, 0x439E, 0x000D, 0x0018, 0x0008, 0x4CCD, 0x0018,
    0x47BA, 0x0018, 0x44DC, 0x000C, 0x001A, 0x4553, 0x44DC, 0x000D,
    0x44F2, 0x000D, 0x1415, 0x0018, 0x0008, 0x4CC9, 0x0017, 0x44F2,
    0x000D, 0x13FA, 0x0017, 0x42DC, 0x4470, 0x000C, 0x0004, 0x0001,
    0x000B, 0x0017, 0x000D, 0x0009, 0x4CAC, 0x0017, 0x44F2, 0x000D,
    0x1454, 0x0017, 0x44F2, 0x000D, 0x13FA, 0x0017, 0x0004, 0x0000,
    0x4439, 0x000C, 0x427F, 0x4470, 0x000C, 0x0004, 0x0000, 0x000B,
    0x4C82, 0x8E09, 0x0045, 0x0044, 0x0049, 0x0054, 0x002D, 0x002E,
    0x004D, 0x0053, 0x0047, 0x4470, 0x000D, 0x0018, 0x427F, 0x29A5,
    0x0008, 0x4CFC, 0x0017, 0x0CFE, 0x0006, 0x0020, 0x0053, 0x0061,
    0x0076, 0x0065, 0x0064, 0x000B, 0x0018, 0x4293, 0x29A5, 0x0008,
    0x4D11, 0x0017, 0x0CFE, 0x000C, 0x0020, 0x0042, 0x0075, 0x0066,
    0x0066, 0x0065, 0x0072, 0x0020, 0x0066, 0x0075, 0x006C, 0x006C,
    0x000B, 0x0018, 0x42A5, 0x29A5, 0x0008, 0x4D28, 0x0017, 0x0CFE,
    0x000E, 0x0020, 0x004C, 0x0069, 0x006E, 0x0065, 0x0020, 0x0074,
    0x006F, 0x006F, 0x0020, 0x006C, 0x006F, 0x006E, 0x0067, 0x000B,
    0x0018, 0x42B7, 0x29A5, 0x0008, 0x4D3D, 0x0017, 0x0CFE, 0x000C,
    0x0020, 0x004F, 0x0070, 0x0065, 0x006E, 0x0020, 0x0066, 0x0061,
    0x0069, 0x006C, 0x0065, 0x0064, 0x000B, 0x0018, 0x42C9, 0x29A5,
    0x0008, 0x4D52, 0x0017, 0x0CFE, 0x000C, 0x0020, 0x0052, 0x0065,
    0x0061, 0x0064, 0x0020, 0x0066, 0x0061, 0x0069, 0x006C, 0x0065,
    0x0064, 0x000B, 0x0018, 0x42DC, 0x29A5, 0x0008, 0x4D68, 0x0017,
    0x0CFE, 0x000D, 0x0020, 0x0057, 0x0072, 0x0069, 0x0074, 0x0065,
    0x0020, 0x0066, 0x0061, 0x0069, 0x006C, 0x0065, 0x0064, 0x000B,
    0x0018, 0x42ED, 0x29A5, 0x0008, 0x4D7C, 0x0017, 0x0CFE, 0x000B,
    0x0020, 0x004E, 0x0065, 0x0077, 0x0020, 0x0062, 0x0075, 0x0066,
    0x0066, 0x0065, 0x0072, 0x000B, 0x0018, 0x42FF, 0x29A5, 0x0008,
    0x4D91, 0x0017, 0x0CFE, 0x000C, 0x0020, 0x004E, 0x006F, 0x0020,
    0x0066, 0x0069, 0x006C, 0x0065, 0x006E, 0x0061, 0x006D, 0x0065,
    0x000B, 0x0018, 0x4312, 0x29A5, 0x0008, 0x4DA5, 0x0017, 0x0CFE,
    0x000B, 0x0020, 0x004E, 0x006F, 0x0074, 0x0020, 0x0069, 0x006E,
    0x0020, 0x004D, 0x0056, 0x0050, 0x000B, 0x0017, 0x000B, 0x4CE0,
    0xAE0D, 0x0045, 0x0044, 0x0049, 0x0054, 0x002D, 0x0044, 0x0052,
    0x0041, 0x0057, 0x002D, 0x0052, 0x004F, 0x0057, 0x44D1, 0x000C,
    0x44DC, 0x000C, 0x0004, 0x0001, 0x44D1, 0x000D, 0x2DFC, 0x2E4C,
    0x44DC, 0x000D, 0x0576, 0x0008, 0x4DE6, 0x44DC, 0x000D, 0x4567,
    0x4224, 0x05E6, 0x44E7, 0x000C, 0x0004, 0x0000, 0x44F2, 0x000C,
    0x44F2, 0x000D, 0x44E7, 0x000D, 0x05CA, 0x0008, 0x4DE6, 0x44DC,
    0x000D, 0x4553, 0x44F2, 0x000D, 0x29CC, 0x000F, 0x0B51, 0x44F2,
    0x000D, 0x0024, 0x44F2, 0x000C, 0x0009, 0x4DD0, 0x000B, 0x4DA7,
    0xA80E, 0x0045, 0x0044, 0x0049, 0x0054, 0x002D, 0x0044, 0x0052,
    0x0041, 0x0057, 0x002D, 0x0054, 0x0045, 0x0058, 0x0054, 0x43CF,
    0x000D, 0x44D1, 0x000C, 0x0004, 0x0001, 0x44DC, 0x000C, 0x44DC,
    0x000D, 0x4234, 0x29BF, 0x0008, 0x4E1A, 0x44D1, 0x000D, 0x44DC,
    0x000D, 0x4DB6, 0x44D1, 0x000D, 0x0008, 0x4E13, 0x44D1, 0x000D,
    0x000D, 0x44D1, 0x000C, 0x44DC, 0x000D, 0x0024, 0x44DC, 0x000C,
    0x0009, 0x4DFF, 0x000B, 0x4DE7, 0xA610, 0x0045, 0x0044, 0x0049,
    0x0054, 0x002D, 0x0044, 0x0052, 0x0041, 0x0057, 0x002D, 0x0053,
    0x0054, 0x0041, 0x0054, 0x0055, 0x0053, 0x2EEB, 0x0004, 0x0001,
    0x4248, 0x2DFC, 0x2E4C, 0x45C1, 0x0BA2, 0x4439, 0x000D, 0x0008,
    0x4E3F, 0x0CFE, 0x0002, 0x0020, 0x002A, 0x0009, 0x4E43, 0x0CFE,
    0x0002, 0x0020, 0x002D, 0x0CFE, 0x0004, 0x0020, 0x004C, 0x006E,
    0x0020, 0x43F2, 0x000D, 0x2DE4, 0x0CFE, 0x0005, 0x0020, 0x0043,
    0x006F, 0x006C, 0x0020, 0x4413, 0x000D, 0x0024, 0x2DE4, 0x444C,
    0x000D, 0x0008, 0x4E63, 0x0CFE, 0x0004, 0x0020, 0x0049, 0x004E,
    0x0053, 0x0009, 0x4E69, 0x0CFE, 0x0004, 0x0020, 0x004F, 0x0056,
    0x0052, 0x4CEB, 0x2E9B, 0x000B, 0x4E1B, 0xA00E, 0x0045, 0x0044,
    0x0049, 0x0054, 0x002D, 0x0044, 0x0052, 0x0041, 0x0057, 0x002D,
    0x0048, 0x0045, 0x004C, 0x0050, 0x0004, 0x0001, 0x425A, 0x2DFC,
    0x2E4C, 0x2E9B, 0x0CFE, 0x0001, 0x0031, 0x3046, 0x2DCD, 0x30D7,
    0x2DB8, 0x0CFE, 0x0006, 0x0020, 0x0020, 0x0020, 0x0020, 0x0020,
    0x0020, 0x2E9B, 0x0CFE, 0x0001, 0x0032, 0x3046, 0x2DCD, 0x30D7,
    0x2DB8, 0x0CFE, 0x0006, 0x0053, 0x0061, 0x0076, 0x0065, 0x0020,
    0x0020, 0x2E9B, 0x0CFE, 0x0001, 0x0033, 0x3046, 0x2DCD, 0x30D7,
    0x2DB8, 0x0CFE, 0x0006, 0x0020, 0x0020, 0x0020, 0x0020, 0x0020,
    0x0020, 0x2E9B, 0x0CFE, 0x0001, 0x0034, 0x3046, 0x2DCD, 0x30D7,
    0x2DB8, 0x0CFE, 0x0006, 0x004E, 0x0065, 0x0077, 0x0020, 0x0020,
    0x0020, 0x2E9B, 0x0CFE, 0x0001, 0x0035, 0x3046, 0x2DCD, 0x30D7,
    0x2DB8, 0x0CFE, 0x0006, 0x0043, 0x006F, 0x0070, 0x0079, 0x0020,
    0x0020, 0x2E9B, 0x0CFE, 0x0001, 0x0036, 0x3046, 0x2DCD, 0x30D7,
    0x2DB8, 0x0CFE, 0x0006, 0x0020, 0x0020, 0x0020, 0x0020, 0x0020,
    0x0020, 0x2E9B, 0x0CFE, 0x0001, 0x0037, 0x3046, 0x2DCD, 0x30D7,
    0x2DB8, 0x0CFE, 0x0006, 0x0050, 0x0061, 0x0073, 0x0074, 0x0065,
    0x0020, 0x2E9B, 0x0CFE, 0x0001, 0x0038, 0x3046, 0x2DCD, 0x30D7,
    0x2DB8, 0x0CFE, 0x0006, 0x0044, 0x0065, 0x006C, 0x004C, 0x006E,
    0x0020, 0x2E9B, 0x0CFE, 0x0001, 0x0039, 0x3046, 0x2DCD, 0x30D7,
    0x2DB8, 0x0CFE, 0x0006, 0x0020, 0x0020, 0x0020, 0x0020, 0x0020,
    0x0020, 0x2E9B, 0x0CFE, 0x0002, 0x0031, 0x0030, 0x3046, 0x2DCD,
    0x30D7, 0x2DB8, 0x0CFE, 0x0006, 0x0045, 0x0078, 0x0069, 0x0074,
    0x0020, 0x0020, 0x2E9B, 0x000B, 0x4E6C, 0xA411, 0x0045, 0x0044,
    0x0049, 0x0054, 0x002D, 0x0050, 0x004C, 0x0041, 0x0043, 0x0045,
    0x002D, 0x0043, 0x0055, 0x0052, 0x0053, 0x004F, 0x0052, 0x43F2,
    0x000D, 0x4403, 0x000D, 0x29A0, 0x0024, 0x0004, 0x0001, 0x05DA,
    0x4234, 0x05E6, 0x44D1, 0x000C, 0x4413, 0x000D, 0x0024, 0x0004,
    0x0001, 0x05DA, 0x4224, 0x05E6, 0x44DC, 0x000C, 0x44DC, 0x000D,
    0x44D1, 0x000D, 0x2DFC, 0x000B, 0x4F24, 0xAE0B, 0x0045, 0x0044,
    0x0049, 0x0054, 0x002D, 0x0052, 0x0045, 0x0044, 0x0052, 0x0041,
    0x0057, 0x2E8B, 0x2E3D, 0x2E0C, 0x4DF7, 0x4E2D, 0x4E7C, 0x4F37,
    0x2E77, 0x000B, 0x4F54, 0x8A15, 0x0045, 0x0044, 0x0049, 0x0054,
    0x002D, 0x0048, 0x0041, 0x004E, 0x0044, 0x004C, 0x0045, 0x002D,
    0x0050, 0x0052, 0x0049, 0x004E, 0x0054, 0x0041, 0x0042, 0x004C,
    0x0045, 0x0018, 0x0004, 0x0020, 0x0004, 0x007F, 0x05F6, 0x0008,
    0x4F92, 0x444C, 0x000D, 0x0008, 0x4F90, 0x499E, 0x0009, 0x4F91,
    0x4977, 0x000B, 0x0017, 0x000B, 0x4F6A, 0xA410, 0x0045, 0x0044,
    0x0049, 0x0054, 0x002D, 0x0048, 0x0041, 0x004E, 0x0044, 0x004C,
    0x0045, 0x002D, 0x0043, 0x0048, 0x0041, 0x0052, 0x0018, 0x0004,
    0x0008, 0x29A5, 0x0008, 0x4FAF, 0x0017, 0x4AF5, 0x000B, 0x0018,
    0x0004, 0x007F, 0x29A5, 0x0008, 0x4FB8, 0x0017, 0x4AF5, 0x000B,
    0x0018, 0x0004, 0x000D, 0x29A5, 0x0008, 0x4FC1, 0x0017, 0x4A88,
    0x000B, 0x0018, 0x0004, 0x000A, 0x29A5, 0x0008, 0x4FCA, 0x0017,
    0x4A88, 0x000B, 0x0018, 0x0004, 0x0009, 0x29A5, 0x0008, 0x4FD6,
    0x0017, 0x06CB, 0x4F81, 0x06CB, 0x4F81, 0x000B, 0x4F81, 0x000B,
    0x4F94, 0xB210, 0x0045, 0x0044, 0x0049, 0x0054, 0x002D, 0x0048,
    0x0041, 0x004E, 0x0044, 0x004C, 0x0045, 0x002D, 0x0045, 0x004B,
    0x0045, 0x0059, 0x0018, 0x0A60, 0x29A5, 0x0008, 0x4FF2, 0x0017,
    0x48B5, 0x000B, 0x0018, 0x0A6E, 0x29A5, 0x0008, 0x4FFA, 0x0017,
    0x48D4, 0x000B, 0x0018, 0x0A46, 0x29A5, 0x0008, 0x5002, 0x0017,
    0x486E, 0x000B, 0x0018, 0x0A53, 0x29A5, 0x0008, 0x500A, 0x0017,
    0x4892, 0x000B, 0x0018, 0x0A7B, 0x29A5, 0x0008, 0x5012, 0x0017,
    0x48ED, 0x000B, 0x0018, 0x0A87, 0x29A5, 0x0008, 0x501A, 0x0017,
    0x4900, 0x000B, 0x0018, 0x0A94, 0x29A5, 0x0008, 0x5022, 0x0017,
    0x4911, 0x000B, 0x0018, 0x0AA1, 0x29A5, 0x0008, 0x502A, 0x0017,
    0x4934, 0x000B, 0x0018, 0x0ACB, 0x29A5, 0x0008, 0x5032, 0x0017,
    0x4AF5, 0x000B, 0x0018, 0x0AB9, 0x29A5, 0x0008, 0x503A, 0x0017,
    0x4A45, 0x000B, 0x0018, 0x0AD9, 0x29A5, 0x0008, 0x5042, 0x0017,
    0x4A88, 0x000B, 0x0018, 0x0AAD, 0x29A5, 0x0008, 0x504E, 0x0017,
    0x444C, 0x000D, 0x0023, 0x444C, 0x000C, 0x000B, 0x0018, 0x0AEF,
    0x29A5, 0x0008, 0x5057, 0x0017, 0x4C8D, 0x0017, 0x000B, 0x0018,
    0x0B05, 0x29A5, 0x0008, 0x505F, 0x0017, 0x4BEF, 0x000B, 0x0018,
    0x0B10, 0x29A5, 0x0008, 0x5067, 0x0017, 0x4B91, 0x000B, 0x0018,
    0x0B26, 0x29A5, 0x0008, 0x506F, 0x0017, 0x4BB2, 0x000B, 0x0018,
    0x0B31, 0x29A5, 0x0008, 0x5077, 0x0017, 0x4B35, 0x000B, 0x0018,
    0x0B48, 0x29A5, 0x0008, 0x5082, 0x0017, 0x0004, 0x0000, 0x4460,
    0x000C, 0x000B, 0x0017, 0x4312, 0x4470, 0x000C, 0x000B, 0x4FD8,
    0xA80F, 0x0045, 0x0044, 0x0049, 0x0054, 0x002D, 0x0057, 0x0041,
    0x0049, 0x0054, 0x002D, 0x0049, 0x004E, 0x0050, 0x0055, 0x0054,
    0x0A19, 0x0008, 0x509D, 0x4FEA, 0x000B, 0x09F6, 0x0008, 0x50A2,
    0x4FA6, 0x000B, 0x0009, 0x5098, 0x000B, 0x5087, 0x9C08, 0x0045,
    0x0044, 0x0049, 0x0054, 0x002D, 0x0052, 0x0055, 0x004E, 0x0004,
    0xFFFF, 0x4460, 0x000C, 0x4460, 0x000D, 0x0008, 0x50BB, 0x4F61,
    0x5098, 0x0009, 0x50B3, 0x2E9B, 0x2E77, 0x2E3D, 0x2E0C, 0x000B,
    0x50A5, 0xA804, 0x0045, 0x0044, 0x0049, 0x0054, 0x476E, 0x2993,
    0x4BFF, 0x0018, 0x0008, 0x50CE, 0x47A4, 0x000B, 0x0017, 0x50AF,
    0x47A4, 0x0004, 0x0000, 0x000B, 0x2F62, 0xA808, 0x004E, 0x0045,
    0x0057, 0x002D, 0x0045, 0x0044, 0x0049, 0x0054, 0x476E, 0x45D1,
    0x4BEF, 0x50AF, 0x47A4, 0x000B, 0x0000, 0x0000, 0x0000, 0x0000,
    0x0000, 0x0000, 0x0000, 0x0000, 0x0000, 0x0000, 0x0000, 0x0000,
    0x0000, 0x0000, 0x0000, 0x0000, 0x0000, 0x0000, 0x0000, 0x0000,
    0x0000, 0x0000, 0x0000, 0x0000, 0x0000, 0x0000, 0x0000, 0x0000,
    0x0000, 0x0000, 0x0000, 0x0000, 0x0000, 0x0000, 0x0000, 0x0000,
    0x0000, 0x0000, 0x0000, 0x0000, 0x0000, 0x0000, 0x0000, 0x0000,
    0x0000, 0x0000, 0x0000, 0x0000, 0x0000, 0x0000, 0x0000, 0x0000,
    0x0000, 0x0000, 0x0000, 0x0000, 0x0000, 0x0000, 0x0000, 0x0000,
    0x0000, 0x0000, 0x0000, 0x0000, 0x0000, 0x0000, 0x0000, 0x0000,
    0x0000, 0x0000, 0x0000, 0x0000, 0x0000, 0x0000, 0x0000, 0x0000,
    0x0000, 0x0000, 0x0000, 0x0000, 0x0000, 0x0000, 0x0000, 0x0000,
    0x0000, 0x0000, 0x0000, 0x0000, 0x0000, 0x0000, 0x0000, 0x0000,
    0x0000, 0x0000, 0x0000, 0x0000, 0x0000, 0x0000, 0x0000, 0x0000,
    0x0000, 0x0000, 0x0000, 0x0000, 0x0000, 0x0000, 0x0000, 0x0000,
    0x0000, 0x0000, 0x0000, 0x0000, 0x0000, 0x0000, 0x0000, 0x0000,
    0x0000, 0x0000, 0x0000, 0x0000, 0x0000, 0x0000, 0x0000, 0x0000,
    0x0000, 0x0000, 0x0000, 0x0000, 0x0000, 0x0000, 0x0000, 0x0000,
    0x0000, 0x0000, 0x0000, 0x0000, 0x0000, 0x0000, 0x0000, 0x0000,
    0x0000, 0x0000, 0x0000, 0x0000, 0x0000, 0x0000, 0x0000, 0x0000,
    0x0000, 0x0000, 0x0000, 0x0000, 0x0000, 0x0000, 0x0000, 0x0000,
    0x0000, 0x0000, 0x0000, 0x0000, 0x0000, 0x0000, 0x0000, 0x0000,
    0x0000, 0x0000, 0x0000, 0x0000, 0x0000, 0x0000, 0x0000, 0x0000,
    0x0000, 0x0000, 0x0000, 0x0000, 0x0000, 0x0000, 0x0000, 0x0000,
    0x0000, 0x0000, 0x0000, 0x0000, 0x0000, 0x0000, 0x0000, 0x0000,
    0x0000, 0x0000, 0x0000, 0x0000, 0x0000, 0x0000, 0x0000, 0x0000,
    0x0000, 0x0000, 0x0000, 0x0000, 0x0000, 0x0000, 0x0000, 0x0000,
    0x0000, 0x0000, 0x0000, 0x0000, 0x0000, 0x0000, 0x0000, 0x0000,
    0x0000, 0x0000, 0x0000, 0x0000, 0x0000, 0x0000, 0x0000, 0x0000,
    0x0000, 0x0000, 0x0000, 0x0000, 0x0000, 0x0000, 0x0000, 0x0000,
    0x0000, 0x0000, 0x0000, 0x0000, 0x0000, 0x0000, 0x0000, 0x0000,
    0x0000, 0x0000, 0x0000, 0x0000, 0x0000, 0x0000, 0x0000, 0x0000,
    0x0000, 0x0000, 0x0000, 0x0000, 0x0000, 0x0000, 0x0000, 0x0000,
    0x0000, 0x0000, 0x0000, 0x0000, 0x0000, 0x0000, 0x0000, 0x0000,
    0x0000, 0x0000, 0x0000, 0x0000, 0x0000, 0x0000, 0x0000, 0x0000,
    0x0000, 0x0000, 0x0000, 0x0000, 0x0000, 0x0000, 0x0000, 0x0000,
    0x0000, 0x0000, 0x0000, 0x0000, 0x0000, 0x0000, 0x0000, 0x0000,
    0x0000, 0x0000, 0x0000, 0x0000, 0x0000, 0x0000, 0x0000, 0x0000,
    0x0000, 0x0000, 0x0000, 0x0000, 0x0000, 0x0000, 0x0000, 0x0000,
    0x0000, 0x0000, 0x0000, 0x0000, 0x0000, 0x0000, 0x0000, 0x0000,
    0x0000, 0x0000, 0x0000, 0x0000, 0x0000, 0x0000, 0x0000, 0x0000,
    0x0000, 0x0000, 0x0000, 0x0000, 0x0000, 0x0000, 0x0000, 0x0000,
    0x0000, 0x0000, 0x0000, 0x0000, 0x0000, 0x0000, 0x0000, 0x0000,
    0x0000, 0x0000, 0x0000, 0x0000, 0x0000, 0x0000, 0x0000, 0x0000,
    0x0000, 0x0000, 0x0000, 0x0000, 0x0000, 0x0000, 0x0000, 0x0000,
    0x0000, 0x0000, 0x0000, 0x0000, 0x0000, 0x0000, 0x0000, 0x0000,
    0x0000, 0x0000, 0x0000, 0x0000, 0x0000, 0x0000, 0x0000, 0x0000,
    0x0000, 0x0000, 0x0000, 0x0000, 0x0000, 0x0000, 0x0000, 0x0000,
    0x0000, 0x0000, 0x0000, 0x0000, 0x0000, 0x0000, 0x0000, 0x0000,
    0x0000, 0x0000, 0x0000, 0x0000, 0x0000, 0x0000, 0x0000, 0x0000,
    0x0000, 0x0000, 0x0000, 0x0000, 0x0000, 0x0000, 0x0000, 0x0000,
    0x0000, 0x0000, 0x0000, 0x0000, 0x0000, 0x0000, 0x0000, 0x0000,
    0x0000, 0x0000, 0x0000, 0x0000, 0x0000, 0x0000, 0x0000, 0x0000,
    0x0000, 0x0000, 0x0000, 0x0000, 0x0000, 0x0000, 0x0000, 0x0000,
    0x0000, 0x0000, 0x0000, 0x0000, 0x0000, 0x0000, 0x0000, 0x0000,
    0x0000, 0x0000, 0x0000, 0x0000, 0x0000, 0x0000, 0x0000, 0x0000,
    0x0000, 0x0000, 0x0000, 0x0000, 0x0000, 0x0000, 0x0000, 0x0000,
    0x0000, 0x0000, 0x0000, 0x0000, 0x0000, 0x0000, 0x0000, 0x0000,
    0x0000, 0x0000, 0x0000, 0x0000, 0x0000, 0x0000, 0x0000, 0x0000,
    0x0000, 0x0000, 0x0000, 0x0000, 0x0000, 0x0000, 0x0000, 0x0000,
    0x0000, 0x0000, 0x0000, 0x0000, 0x0000, 0x0000, 0x0000, 0x0000,
    0x0000, 0x0000, 0x0000, 0x0000, 0x0000, 0x0000, 0x0000, 0x0000,
    0x0000, 0x0000, 0x0000, 0x0000, 0x0000, 0x0000, 0x0000, 0x0000,
    0x0000, 0x0000, 0x0000, 0x0000, 0x0000, 0x0000, 0x0000, 0x0000,
    0x0000, 0x0000, 0x0000, 0x0000, 0x0000, 0x0000, 0x0000, 0x0000,
    0x0000, 0x0000, 0x0000, 0x0000, 0x0000, 0x0000, 0x0000, 0x0000,
    0x0000, 0x0000, 0x0000, 0x0000, 0x0000, 0x0000, 0x0000, 0x0000,
    0x0000, 0x0000, 0x0000, 0x0000, 0x0000, 0x0000, 0x0000, 0x0000,
    0x0000, 0x0000, 0x0000, 0x0000, 0x0000, 0x0000, 0x0000, 0x0000,
    0x0000, 0x0000, 0x0000, 0x0000, 0x0000, 0x0000, 0x0000, 0x0000,
    0x0000, 0x0000, 0x0000, 0x0000, 0x0000, 0x0000, 0x0000, 0x0000,
    0x0000, 0x0000, 0x0000, 0x0000, 0x0000, 0x0000, 0x0000, 0x0000,
    0x0000, 0x0000, 0x0000, 0x0000, 0x0000, 0x0000, 0x0000, 0x0000,
    0x0000, 0x0000, 0x0000, 0x0000, 0x0000, 0x0000, 0x0000, 0x0000,
    0x0000, 0x0000, 0x0000, 0x0000, 0x0000, 0x0000, 0x0000, 0x0000,
    0x0000, 0x0000, 0x0000, 0x0000, 0x0000, 0x0000, 0x0000, 0x0000,
    0x0000, 0x0000, 0x0000, 0x0000, 0x0000, 0x0000, 0x0000, 0x0000,
    0x0000, 0x0000, 0x0000, 0x0000, 0x0000, 0x0000, 0x0000, 0x0000,
    0x0000, 0x0000, 0x0000, 0x0000, 0x0000, 0x0000, 0x0000, 0x0000,
    0x0000, 0x0000, 0x0000, 0x0000, 0x0000, 0x0000, 0x0000, 0x0000,
    0x0000, 0x0000, 0x0000, 0x0000, 0x0000, 0x0000, 0x0000, 0x0000,
    0x0000, 0x0000, 0x0000, 0x0000, 0x0000, 0x0000, 0x0000, 0x0000,
    0x0000, 0x0000, 0x0000, 0x0000, 0x0000, 0x0000, 0x0000, 0x0000,
    0x0000, 0x0000, 0x0000, 0x0000, 0x0000, 0x0000, 0x0000, 0x0000,
    0x0000, 0x0000, 0x0000, 0x0000, 0x0000, 0x0000, 0x0000, 0x0000,
    0x0000, 0x0000, 0x0000, 0x0000, 0x0000, 0x0000, 0x0000, 0x0000,
    0x0000, 0x0000, 0x0000, 0x0000, 0x0000, 0x0000, 0x0000, 0x0000,
    0x0000, 0x0000, 0x0000, 0x0000, 0x0000, 0x0000, 0x0000, 0x0000,
    0x0000, 0x0000, 0x0000, 0x0000, 0x0000, 0x0000, 0x0000, 0x0000,
    0x0000, 0x0000, 0x0000, 0x0000, 0x0000, 0x0000, 0x0000, 0x0000,
    0x0000, 0x0000, 0x0000, 0x0000, 0x0000, 0x0000, 0x0000, 0x0000,
    0x0000, 0x0000, 0x0000, 0x0000, 0x0000, 0x0000, 0x0000, 0x0000,
    0x0000, 0x0000, 0x0000, 0x0000, 0x0000, 0x0000, 0x0000, 0x0000,
    0x0000, 0x0000, 0x0000, 0x0000, 0x0000, 0x0000, 0x0000, 0x0000,
    0x0000, 0x0000, 0x0000, 0x0000, 0x0000, 0x0000, 0x0000, 0x0000,
    0x0000, 0x0000, 0x0000, 0x0000, 0x0000, 0x0000, 0x0000, 0x0000,
    0x0000, 0x0000, 0x0000, 0x0000, 0x0000, 0x0000, 0x0000, 0x0000,
    0x0000, 0x0000, 0x0000, 0x0000, 0x0000, 0x0000, 0x0000, 0x0000,
    0x0000, 0x0000, 0x0000, 0x0000, 0x0000, 0x0000, 0x0000, 0x0000,
    0x0000, 0x0000, 0x0000, 0x0000, 0x0000, 0x0000, 0x0000, 0x0000,
    0x0000, 0x0000, 0x0000, 0x0000, 0x0000, 0x0000, 0x0000, 0x0000,
    0x0000, 0x0000, 0x0000, 0x0000, 0x0000, 0x0000, 0x0000, 0x0000,
    0x0000, 0x0000, 0x0000, 0x0000, 0x0000, 0x0000, 0x0000, 0x0000,
    0x0000, 0x0000, 0x0000, 0x0000, 0x0000, 0x0000, 0x0000, 0x0000,
    0x0000, 0x0000, 0x0000, 0x0000, 0x0000, 0x0000, 0x0000, 0x0000,
    0x0000, 0x0000, 0x0000, 0x0000, 0x0000, 0x0000, 0x0000, 0x0000,
    0x0000, 0x0000, 0x0000, 0x0000, 0x0000, 0x0000, 0x0000, 0x0000,
    0x0000, 0x0000, 0x0000, 0x0000, 0x0000, 0x0000, 0x0000, 0x0000,
    0x0000, 0x0000, 0x0000, 0x0000, 0x0000, 0x0000, 0x0000, 0x0000,
    0x0000, 0x0000, 0x0000, 0x0000, 0x0000, 0x0000, 0x0000, 0x0000,
    0x0000, 0x0000, 0x0000, 0x0000, 0x0000, 0x0000, 0x0000, 0x0000,
    0x0000, 0x0000, 0x0000, 0x0000, 0x0000, 0x0000, 0x0000, 0x0000,
    0x0000, 0x0000, 0x0000, 0x0000, 0x0000, 0x0000, 0x0000, 0x0000,
    0x0000, 0x0000, 0x0000, 0x0000, 0x0000, 0x0000, 0x0000, 0x0000,
    0x0000, 0x0000, 0x0000, 0x0000, 0x0000, 0x0000, 0x0000, 0x0000,
    0x0000, 0x0000, 0x0000, 0x0000, 0x0000, 0x0000, 0x0000, 0x0000,
    0x0000, 0x0000, 0x0000, 0x0000, 0x0000, 0x0000, 0x0000, 0x0000,
    0x0000, 0x0000, 0x0000, 0x0000, 0x0000, 0x0000, 0x0000, 0x0000,
    0x0000, 0x0000, 0x0000, 0x0000, 0x0000, 0x0000, 0x0000, 0x0000,
    0x0000, 0x0000, 0x0000, 0x0000, 0x0000, 0x0000, 0x0000, 0x0000,
    0x0000, 0x0000, 0x0000, 0x0000, 0x0000, 0x0000, 0x0000, 0x0000,
    0x0000, 0x0000, 0x0000, 0x0000, 0x0000, 0x0000, 0x0000, 0x0000,
    0x0000, 0x0000, 0x0000, 0x0000, 0x0000, 0x0000, 0x0000, 0x0000,
    0x0000, 0x0000, 0x0000, 0x0000, 0x0000, 0x0000, 0x0000, 0x0000,
    0x0000, 0x0000, 0x0000, 0x0000, 0x0000, 0x0000, 0x0000, 0x0000,
    0x0000, 0x0000, 0x0000, 0x0000, 0x0000, 0x0000, 0x0000, 0x0000,
    0x0000, 0x0000, 0x0000, 0x0000, 0x0000, 0x0000, 0x0000, 0x0000,
    0x0000, 0x0000, 0x0000, 0x0000, 0x0000, 0x0000, 0x0000, 0x0000,
    0x0000, 0x0000, 0x0000, 0x0000, 0x0000, 0x0000, 0x0000, 0x0000,
    0x0000, 0x0000, 0x0000, 0x0000, 0x0000, 0x0000, 0x0000, 0x0000,
    0x0000, 0x0000, 0x0000, 0x0000, 0x0000, 0x0000, 0x0000, 0x0000,
    0x0000, 0x0000, 0x0000, 0x0000, 0x0000, 0x0000, 0x0000, 0x0000,
    0x0000, 0x0000, 0x0000, 0x0000, 0x0000, 0x0000, 0x0000, 0x0000,
    0x0000, 0x0000, 0x0000, 0x0000, 0x0000, 0x0000, 0x0000, 0x0000,
    0x0000, 0x0000, 0x0000, 0x0000, 0x0000, 0x0000, 0x0000, 0x0000,
    0x0000, 0x0000, 0x0000, 0x0000, 0x0000, 0x0000, 0x0000, 0x0000,
    0x0000, 0x0000, 0x0000, 0x0000, 0x0000, 0x0000, 0x0000, 0x0000,
    0x0000, 0x0000, 0x0000, 0x0000, 0x0000, 0x0000, 0x0000, 0x0000,
    0x0000, 0x0000, 0x0000, 0x0000, 0x0000, 0x0000, 0x0000, 0x0000,
    0x0000, 0x0000, 0x0000, 0x0000, 0x0000, 0x0000, 0x0000, 0x0000,
    0x0000, 0x0000, 0x0000, 0x0000, 0x0000, 0x0000, 0x0000, 0x0000,
    0x0000, 0x0000, 0x0000, 0x0000, 0x0000, 0x0000, 0x0000, 0x0000,
    0x0000, 0x0000, 0x0000, 0x0000, 0x0000, 0x0000, 0x0000, 0x0000,
    0x0000, 0x0000, 0x0000, 0x0000, 0x0000, 0x0000, 0x0000, 0x0000,
    0x0000, 0x0000, 0x0000, 0x0000, 0x0000, 0x0000, 0x0000, 0x0000,
    0x0000, 0x0000, 0x0000, 0x0000, 0x0000, 0x0000, 0x0000, 0x0000,
    0x0000, 0x0000, 0x0000, 0x0000, 0x0000, 0x0000, 0x0000, 0x0000,
    0x0000, 0x0000, 0x0000, 0x0000, 0x0000, 0x0000, 0x0000, 0x0000,
    0x0000, 0x0000, 0x0000, 0x0000, 0x0000, 0x0000, 0x0000, 0x0000,
    0x0000, 0x0000, 0x0000, 0x0000, 0x0000, 0x0000, 0x0000, 0x0000,
    0x0000, 0x0000, 0x0000, 0x0000, 0x0000, 0x0000, 0x0000, 0x0000,
    0x0000, 0x0000, 0x0000, 0x0000, 0x0000, 0x0000, 0x0000, 0x0000,
    0x0000, 0x0000, 0x0000, 0x0000, 0x0000, 0x0000, 0x0000, 0x0000,
    0x0000, 0x0000, 0x0000, 0x0000, 0x0000, 0x0000, 0x0000, 0x0000,
    0x0000, 0x0000, 0x0000, 0x0000, 0x0000, 0x0000, 0x0000, 0x0000,
    0x0000, 0x0000, 0x0000, 0x0000, 0x0000, 0x0000, 0x0000, 0x0000,
    0x0000, 0x0000, 0x0000, 0x0000, 0x0000, 0x0000, 0x0000, 0x0000,
    0x0000, 0x0000, 0x0000, 0x0000, 0x0000, 0x0000, 0x0000, 0x0000,
    0x0000, 0x0000, 0x0000, 0x0000, 0x0000, 0x0000, 0x0000, 0x0000,
    0x0000, 0x0000, 0x0000, 0x0000, 0x0000, 0x0000, 0x0000, 0x0000,
    0x0000, 0x0000, 0x0000, 0x0000, 0x0000, 0x0000, 0x0000, 0x0000,
    0x0000, 0x0000, 0x0000, 0x0000, 0x0000, 0x0000, 0x0000, 0x0000,
    0x0000, 0x0000, 0x0000, 0x0000, 0x0000, 0x0000, 0x0000, 0x0000,
    0x0000, 0x0000, 0x0000, 0x0000, 0x0000, 0x0000, 0x0000, 0x0000,
    0x0000, 0x0000, 0x0000, 0x0000, 0x0000, 0x0000, 0x0000, 0x0000,
    0x0000, 0x0000, 0x0000, 0x0000, 0x0000, 0x0000, 0x0000, 0x0000,
    0x0000, 0x0000, 0x0000, 0x0000, 0x0000, 0x0000, 0x0000, 0x0000,
    0x0000, 0x0000, 0x0000, 0x0000, 0x0000, 0x0000, 0x0000, 0x0000,
    0x0000, 0x0000, 0x0000, 0x0000, 0x0000, 0x0000, 0x0000, 0x0000,
    0x0000, 0x0000, 0x0000, 0x0000, 0x0000, 0x0000, 0x0000, 0x0000,
    0x0000, 0x0000, 0x0000, 0x0000, 0x0000, 0x0000, 0x0000, 0x0000,
    0x0000, 0x0000, 0x0000, 0x0000, 0x0000, 0x0000, 0x0000, 0x0000,
    0x0000, 0x0000, 0x0000, 0x0000, 0x0000, 0x0000, 0x0000, 0x0000,
    0x0000, 0x0000, 0x0000, 0x0000, 0x0000, 0x0000, 0x0000, 0x0000,
    0x0000, 0x0000, 0x0000, 0x0000, 0x0000, 0x0000, 0x0000, 0x0000,
    0x0000, 0x0000, 0x0000, 0x0000, 0x0000, 0x0000, 0x0000, 0x0000,
    0x0000, 0x0000, 0x0000, 0x0000, 0x0000, 0x0000, 0x0000, 0x0000,
    0x0000, 0x0000, 0x0000, 0x0000, 0x0000, 0x0000, 0x0000, 0x0000,
    0x0000, 0x0000, 0x0000, 0x0000, 0x0000, 0x0000, 0x0000, 0x0000,
    0x0000, 0x0000, 0x0000, 0x0000, 0x0000, 0x0000, 0x0000, 0x0000,
    0x0000, 0x0000, 0x0000, 0x0000, 0x0000, 0x0000, 0x0000, 0x0000,
    0x0000, 0x0000, 0x0000, 0x0000, 0x0000, 0x0000, 0x0000, 0x0000,
    0x0000, 0x0000, 0x0000, 0x0000, 0x0000, 0x0000, 0x0000, 0x0000,
    0x0000, 0x0000, 0x0000, 0x0000, 0x0000, 0x0000, 0x0000, 0x0000,
    0x0000, 0x0000, 0x0000, 0x0000, 0x0000, 0x0000, 0x0000, 0x0000,
    0x0000, 0x0000, 0x0000, 0x0000, 0x0000, 0x0000, 0x0000, 0x0000,
    0x0000, 0x0000, 0x0000, 0x0000, 0x0000, 0x0000, 0x0000, 0x0000,
    0x0000, 0x0000, 0x0000, 0x0000, 0x0000, 0x0000, 0x0000, 0x0000,
    0x0000, 0x0000, 0x0000, 0x0000, 0x0000, 0x0000, 0x0000, 0x0000,
    0x0000, 0x0000, 0x0000, 0x0000, 0x0000, 0x0000, 0x0000, 0x0000,
    0x0000, 0x0000, 0x0000, 0x0000, 0x0000, 0x0000, 0x0000, 0x0000,
    0x0000, 0x0000, 0x0000, 0x0000, 0x0000, 0x0000, 0x0000, 0x0000,
    0x0000, 0x0000, 0x0000, 0x0000, 0x0000, 0x0000, 0x0000, 0x0000,
    0x0000, 0x0000, 0x0000, 0x0000, 0x0000, 0x0000, 0x0000, 0x0000,
    0x0000, 0x0000, 0x0000, 0x0000, 0x0000, 0x0000, 0x0000, 0x0000,
    0x0000, 0x0000, 0x0000, 0x0000, 0x0000, 0x0000, 0x0000, 0x0000,
    0x0000, 0x0000, 0x0000, 0x0000, 0x0000, 0x0000, 0x0000, 0x0000,
    0x0000, 0x0000, 0x0000, 0x0000, 0x0000, 0x0000, 0x0000, 0x0000,
    0x0000, 0x0000, 0x0000, 0x0000, 0x0000, 0x0000, 0x0000, 0x0000,
    0x0000, 0x0000, 0x0000, 0x0000, 0x0000, 0x0000, 0x0000, 0x0000,
    0x0000, 0x0000, 0x0000, 0x0000, 0x0000, 0x0000, 0x0000, 0x0000,
    0x0000, 0x0000, 0x0000, 0x0000, 0x0000, 0x0000, 0x0000, 0x0000,
    0x0000, 0x0000, 0x0000, 0x0000, 0x0000, 0x0000, 0x0000, 0x0000,
    0x0000, 0x0000, 0x0000, 0x0000, 0x0000, 0x0000, 0x0000, 0x0000,
    0x0000, 0x0000, 0x0000, 0x0000, 0x0000, 0x0000, 0x0000, 0x0000,
    0x0000, 0x0000, 0x0000, 0x0000, 0x0000, 0x0000, 0x0000, 0x0000,
    0x0000, 0x0000, 0x0000, 0x0000, 0x0000, 0x0000, 0x0000, 0x0000,
    0x0000, 0x0000, 0x0000, 0x0000, 0x0000, 0x0000, 0x0000, 0x0000,
    0x0000, 0x0000, 0x0000, 0x0000, 0x0000, 0x0000, 0x0000, 0x0000,
    0x0000, 0x0000, 0x0000, 0x0000, 0x0000, 0x0000, 0x0000, 0x0000,
    0x0000, 0x0000, 0x0000, 0x0000, 0x0000, 0x0000, 0x0000, 0x0000,
    0x0000, 0x0000, 0x0000, 0x0000, 0x0000, 0x0000, 0x0000, 0x0000,
    0x0000, 0x0000, 0x0000, 0x0000, 0x0000, 0x0000, 0x0000, 0x0000,
    0x0000, 0x0000, 0x0000, 0x0000, 0x0000, 0x0000, 0x0000, 0x0000,
    0x0000, 0x0000, 0x0000, 0x0000, 0x0000, 0x0000, 0x0000, 0x0000,
    0x0000, 0x0000, 0x0000, 0x0000, 0x0000, 0x0000, 0x0000, 0x0000,
    0x0000, 0x0000, 0x0000, 0x0000, 0x0000, 0x0000, 0x0000, 0x0000,
    0x0000, 0x0000, 0x0000, 0x0000, 0x0000, 0x0000, 0x0000, 0x0000,
    0x0000, 0x0000, 0x0000, 0x0000, 0x0000, 0x0000, 0x0000, 0x0000,
    0x0000, 0x0000, 0x0000, 0x0000, 0x0000, 0x0000, 0x0000, 0x0000,
    0x0000, 0x0000, 0x0000, 0x0000, 0x0000, 0x0000, 0x0000, 0x0000,
    0x0000, 0x0000, 0x0000, 0x0000, 0x0000, 0x0000, 0x0000, 0x0000,
    0x0000, 0x0000, 0x0000, 0x0000, 0x0000, 0x0000, 0x0000, 0x0000,
    0x0000, 0x0000, 0x0000, 0x0000, 0x0000, 0x0000, 0x0000, 0x0000,
    0x0000, 0x0000, 0x0000, 0x0000, 0x0000, 0x0000, 0x0000, 0x0000,
    0x0000, 0x0000, 0x0000, 0x0000, 0x0000, 0x0000, 0x0000, 0x0000,
    0x0000, 0x0000, 0x0000, 0x0000, 0x0000, 0x0000, 0x0000, 0x0000,
    0x0000, 0x0000, 0x0000, 0x0000, 0x0000, 0x0000, 0x0000, 0x0000,
    0x0000, 0x0000, 0x0000, 0x0000, 0x0000, 0x0000, 0x0000, 0x0000,
    0x0000, 0x0000, 0x0000, 0x0000, 0x0000, 0x0000, 0x0000, 0x0000,
    0x0000, 0x0000, 0x0000, 0x0000, 0x0000, 0x0000, 0x0000, 0x0000,
    0x0000, 0x0000, 0x0000, 0x0000, 0x0000, 0x0000, 0x0000, 0x0000,
    0x0000, 0x0000, 0x0000, 0x0000, 0x0000, 0x0000, 0x0000, 0x0000,
    0x0000, 0x0000, 0x0000, 0x0000, 0x0000, 0x0000, 0x0000, 0x0000,
    0x0000, 0x0000, 0x0000, 0x0000, 0x0000, 0x0000, 0x0000, 0x0000,
    0x0000, 0x0000, 0x0000, 0x0000, 0x0000, 0x0000, 0x0000, 0x0000,
    0x0000, 0x0000, 0x0000, 0x0000, 0x0000, 0x0000, 0x0000, 0x0000,
    0x0000, 0x0000, 0x0000, 0x0000, 0x0000, 0x0000, 0x0000, 0x0000,
    0x0000, 0x0000, 0x0000, 0x0000, 0x0000, 0x0000, 0x0000, 0x0000,
    0x0000, 0x0000, 0x0000, 0x0000, 0x0000, 0x0000, 0x0000, 0x0000,
    0x0000, 0x0000, 0x0000, 0x0000, 0x0000, 0x0000, 0x0000, 0x0000,
    0x0000, 0x0000, 0x0000, 0x0000, 0x0000, 0x0000, 0x0000, 0x0000,
    0x0000, 0x0000, 0x0000, 0x0000, 0x0000, 0x0000, 0x0000, 0x0000,
    0x0000, 0x0000, 0x0000, 0x0000, 0x0000, 0x0000, 0x0000, 0x0000,
    0x0000, 0x0000, 0x0000, 0x0000, 0x0000, 0x0000, 0x0000, 0x0000,
    0x0000, 0x0000, 0x0000, 0x0000, 0x0000, 0x0000, 0x0000, 0x0000,
    0x0000, 0x0000, 0x0000, 0x0000, 0x0000, 0x0000, 0x0000, 0x0000,
    0x0000, 0x0000, 0x0000, 0x0000, 0x0000, 0x0000, 0x0000, 0x0000,
    0x0000, 0x0000, 0x0000, 0x0000, 0x0000, 0x0000, 0x0000, 0x0000,
    0x0000, 0x0000, 0x0000, 0x0000, 0x0000, 0x0000, 0x0000, 0x0000,
    0x0000, 0x0000, 0x0000, 0x0000, 0x0000, 0x0000, 0x0000, 0x0000,
    0x0000, 0x0000, 0x0000, 0x0000, 0x0000, 0x0000, 0x0000, 0x0000,
    0x0000, 0x0000, 0x0000, 0x0000, 0x0000, 0x0000, 0x0000, 0x0000,
    0x0000, 0x0000, 0x0000, 0x0000, 0x0000, 0x0000, 0x0000, 0x0000,
    0x0000, 0x0000, 0x0000, 0x0000, 0x0000, 0x0000, 0x0000, 0x0000,
    0x0000, 0x0000, 0x0000, 0x0000, 0x0000, 0x0000, 0x0000, 0x0000,
    0x0000, 0x0000, 0x0000, 0x0000, 0x0000, 0x0000, 0x0000, 0x0000,
    0x0000, 0x0000, 0x0000, 0x0000, 0x0000, 0x0000, 0x0000, 0x0000,
    0x0000, 0x0000, 0x0000, 0x0000, 0x0000, 0x0000, 0x0000, 0x0000,
    0x0000, 0x0000, 0x0000, 0x0000, 0x0000, 0x0000, 0x0000, 0x0000,
    0x0000, 0x0000, 0x0000, 0x0000, 0x0000, 0x0000, 0x0000, 0x0000,
    0x0000, 0x0000, 0x0000, 0x0000, 0x0000, 0x0000, 0x0000, 0x0000,
    0x0000, 0x0000, 0x0000, 0x0000, 0x0000, 0x0000, 0x0000, 0x0000,
    0x0000, 0x0000, 0x0000, 0x0000, 0x0000, 0x0000, 0x0000, 0x0000,
    0x0000, 0x0000, 0x0000, 0x0000, 0x0000, 0x0000, 0x0000, 0x0000,
    0x0000, 0x0000, 0x0000, 0x0000, 0x0000, 0x0000, 0x0000, 0x0000,
    0x0000, 0x0000, 0x0000, 0x0000, 0x0000, 0x0000, 0x0000, 0x0000,
    0x0000, 0x0000, 0x0000, 0x0000, 0x0000, 0x0000, 0x0000, 0x0000,
    0x0000, 0x0000, 0x0000, 0x0000, 0x0000, 0x0000, 0x0000, 0x0000,
    0x0000, 0x0000, 0x0000, 0x0000, 0x0000, 0x0000, 0x0000, 0x0000,
    0x0000, 0x0000, 0x0000, 0x0000, 0x0000, 0x0000, 0x0000, 0x0000,
    0x0000, 0x0000, 0x0000, 0x0000, 0x0000, 0x0000, 0x0000, 0x0000,
    0x0000, 0x0000, 0x0000, 0x0000, 0x0000, 0x0000, 0x0000, 0x0000,
    0x0000, 0x0000, 0x0000, 0x0000, 0x0000, 0x0000, 0x0000, 0x0000,
    0x0000, 0x0000, 0x0000, 0x0000, 0x0000, 0x0000, 0x0000, 0x0000,
    0x0000, 0x0000, 0x0000, 0x0000, 0x0000, 0x0000, 0x0000, 0x0000,
    0x0000, 0x0000, 0x0000, 0x0000, 0x0000, 0x0000, 0x0000, 0x0000,
    0x0000, 0x0000, 0x0000, 0x0000, 0x0000, 0x0000, 0x0000, 0x0000,
    0x0000, 0x0000, 0x0000, 0x0000, 0x0000, 0x0000, 0x0000, 0x0000,
    0x0000, 0x0000, 0x0000, 0x0000, 0x0000, 0x0000, 0x0000, 0x0000,
    0x0000, 0x0000, 0x0000, 0x0000, 0x0000, 0x0000, 0x0000, 0x0000,
    0x0000, 0x0000, 0x0000, 0x0000, 0x0000, 0x0000, 0x0000, 0x0000,
    0x0000, 0x0000, 0x0000, 0x0000, 0x0000, 0x0000, 0x0000, 0x0000,
    0x0000, 0x0000, 0x0000, 0x0000, 0x0000, 0x0000, 0x0000, 0x0000,
    0x0000, 0x0000, 0x0000, 0x0000, 0x0000, 0x0000, 0x0000, 0x0000,
    0x0000, 0x0000, 0x0000, 0x0000, 0x0000, 0x0000, 0x0000, 0x0000,
    0x0000, 0x0000, 0x0000, 0x0000, 0x0000, 0x0000, 0x0000, 0x0000,
    0x0000, 0x0000, 0x0000, 0x0000, 0x0000, 0x0000, 0x0000, 0x0000,
    0x0000, 0x0000, 0x0000, 0x0000, 0x0000, 0x0000, 0x0000, 0x0000,
    0x0000, 0x0000, 0x0000, 0x0000, 0x0000, 0x0000, 0x0000, 0x0000,
    0x0000, 0x0000, 0x0000, 0x0000, 0x0000, 0x0000, 0x0000, 0x0000,
    0x0000, 0x0000, 0x0000, 0x0000, 0x0000, 0x0000, 0x0000, 0x0000,
    0x0000, 0x0000, 0x0000, 0x0000, 0x0000, 0x0000, 0x0000, 0x0000,
    0x0000, 0x0000, 0x0000, 0x0000, 0x0000, 0x0000, 0x0000, 0x0000,
    0x0000, 0x0000, 0x0000, 0x0000, 0x0000, 0x0000, 0x0000, 0x0000,
    0x0000, 0x0000, 0x0000, 0x0000, 0x0000, 0x0000, 0x0000, 0x0000,
    0x0000, 0x0000, 0x0000, 0x0000, 0x0000, 0x0000, 0x0000, 0x0000,
    0x0000, 0x0000, 0x0000, 0x0000, 0x0000, 0x0000, 0x0000, 0x0000,
    0x0000, 0x0000, 0x0000, 0x0000, 0x0000, 0x0000, 0x0000, 0x0000,
    0x0000, 0x0000, 0x0000, 0x0000, 0x0000, 0x0000, 0x0000, 0x0000,
    0x0000, 0x0000, 0x0000, 0x0000, 0x0000, 0x0000, 0x0000, 0x0000,
    0x0000, 0x0000, 0x0000, 0x0000, 0x0000, 0x0000, 0x0000, 0x0000,
    0x0000, 0x0000, 0x0000, 0x0000, 0x0000, 0x0000, 0x0000, 0x0000,
    0x0000, 0x0000, 0x0000, 0x0000, 0x0000, 0x0000, 0x0000, 0x0000,
    0x0000, 0x0000, 0x0000, 0x0000, 0x0000, 0x0000, 0x0000, 0x0000,
    0x0000, 0x0000, 0x0000, 0x0000, 0x0000, 0x0000, 0x0000, 0x0000,
    0x0000, 0x0000, 0x0000, 0x0000, 0x0000, 0x0000, 0x0000, 0x0000,
    0x0000, 0x0000, 0x0000, 0x0000, 0x0000, 0x0000, 0x0000, 0x0000,
    0x0000, 0x0000, 0x0000, 0x0000, 0x0000, 0x0000, 0x0000, 0x0000,
    0x0000, 0x0000, 0x0000, 0x0000, 0x0000, 0x0000, 0x0000, 0x0000,
    0x0000, 0x0000, 0x0000, 0x0000, 0x0000, 0x0000, 0x0000, 0x0000,
    0x0000, 0x0000, 0x0000, 0x0000, 0x0000, 0x0000, 0x0000, 0x0000,
    0x0000, 0x0000, 0x0000, 0x0000, 0x0000, 0x0000, 0x0000, 0x0000,
    0x0000, 0x0000, 0x0000, 0x0000, 0x0000, 0x0000, 0x0000, 0x0000,
    0x0000, 0x0000, 0x0000, 0x0000, 0x0000, 0x0000, 0x0000, 0x0000,
    0x0000, 0x0000, 0x0000, 0x0000, 0x0000, 0x0000, 0x0000, 0x0000,
    0x0000, 0x0000, 0x0000, 0x0000, 0x0000, 0x0000, 0x0000, 0x0000,
    0x0000, 0x0000, 0x0000, 0x0000, 0x0000, 0x0000, 0x0000, 0x0000,
    0x0000, 0x0000, 0x0000, 0x0000, 0x0000, 0x0000, 0x0000, 0x0000,
    0x0000, 0x0000, 0x0000, 0x0000, 0x0000, 0x0000, 0x0000, 0x0000,
    0x0000, 0x0000, 0x0000, 0x0000, 0x0000, 0x0000, 0x0000, 0x0000,
    0x0000, 0x0000, 0x0000, 0x0000, 0x0000, 0x0000, 0x0000, 0x0000,
    0x0000, 0x0000, 0x0000, 0x0000, 0x0000, 0x0000, 0x0000, 0x0000,
    0x0000, 0x0000, 0x0000, 0x0000, 0x0000, 0x0000, 0x0000, 0x0000,
    0x0000, 0x0000, 0x0000, 0x0000, 0x0000, 0x0000, 0x0000, 0x0000,
    0x0000, 0x0000, 0x0000, 0x0000, 0x0000, 0x0000, 0x0000, 0x0000,
    0x0000, 0x0000, 0x0000, 0x0000, 0x0000, 0x0000, 0x0000, 0x0000,
    0x0000, 0x0000, 0x0000, 0x0000, 0x0000, 0x0000, 0x0000, 0x0000,
    0x0000, 0x0000, 0x0000, 0x0000, 0x0000, 0x0000, 0x0000, 0x0000,
    0x0000, 0x0000, 0x0000, 0x0000, 0x0000, 0x0000, 0x0000, 0x0000,
    0x0000, 0x0000, 0x0000, 0x0000, 0x0000, 0x0000, 0x0000, 0x0000,
    0x0000, 0x0000, 0x0000, 0x0000, 0x0000, 0x0000, 0x0000, 0x0000,
    0x0000, 0x0000, 0x0000, 0x0000, 0x0000, 0x0000, 0x0000, 0x0000,
    0x0000, 0x0000, 0x0000, 0x0000, 0x0000, 0x0000, 0x0000, 0x0000,
    0x0000, 0x0000, 0x0000, 0x0000, 0x0000, 0x0000, 0x0000, 0x0000,
    0x0000, 0x0000, 0x0000, 0x0000, 0x0000, 0x0000, 0x0000, 0x0000,
    0x0000, 0x0000, 0x0000, 0x0000, 0x0000, 0x0000, 0x0000, 0x0000,
    0x0000, 0x0000, 0x0000, 0x0000, 0x0000, 0x0000, 0x0000, 0x0000,
    0x0000, 0x0000, 0x0000, 0x0000, 0x0000, 0x0000, 0x0000, 0x0000,
    0x0000, 0x0000, 0x0000, 0x0000, 0x0000, 0x0000, 0x0000, 0x0000,
    0x0000, 0x0000, 0x0000, 0x0000, 0x0000, 0x0000, 0x0000, 0x0000,
    0x0000, 0x0000, 0x0000, 0x0000, 0x0000, 0x0000, 0x0000, 0x0000,
    0x0000, 0x0000, 0x0000, 0x0000, 0x0000, 0x0000, 0x0000, 0x0000,
    0x0000, 0x0000, 0x0000, 0x0000, 0x0000, 0x0000, 0x0000, 0x0000,
    0x0000, 0x0000, 0x0000, 0x0000, 0x0000, 0x0000, 0x0000, 0x0000,
    0x0000, 0x0000, 0x0000, 0x0000, 0x0000, 0x0000, 0x0000, 0x0000,
    0x0000, 0x0000, 0x0000, 0x0000, 0x0000, 0x0000, 0x0000, 0x0000,
    0x0000, 0x0000, 0x0000, 0x0000, 0x0000, 0x0000, 0x0000, 0x0000,
    0x0000, 0x0000, 0x0000, 0x0000, 0x0000, 0x0000, 0x0000, 0x0000,
    0x0000, 0x0000, 0x0000, 0x0000, 0x0000, 0x0000, 0x0000, 0x0000,
    0x0000, 0x0000, 0x0000, 0x0000, 0x0000, 0x0000, 0x0000, 0x0000,
    0x0000, 0x0000, 0x0000, 0x0000, 0x0000, 0x0000, 0x0000, 0x0000,
    0x0000, 0x0000, 0x0000, 0x0000, 0x0000, 0x0000, 0x0000, 0x0000,
    0x0000, 0x0000, 0x0000, 0x0000, 0x0000, 0x0000, 0x0000, 0x0000,
    0x0000, 0x0000, 0x0000, 0x0000, 0x0000, 0x0000, 0x0000, 0x0000,
    0x0000, 0x0000, 0x0000, 0x0000, 0x0000, 0x0000, 0x0000, 0x0000,
    0x0000, 0x0000, 0x0000, 0x0000, 0x0000, 0x0000, 0x0000, 0x0000,
    0x0000, 0x0000, 0x0000, 0x0000, 0x0000, 0x0000, 0x0000, 0x0000,
    0x0000, 0x0000, 0x0000, 0x0000, 0x0000, 0x0000, 0x0000, 0x0000,
    0x0000, 0x0000, 0x0000, 0x0000, 0x0000, 0x0000, 0x0000, 0x0000,
    0x0000, 0x0000, 0x0000, 0x0000, 0x0000, 0x0000, 0x0000, 0x0000,
    0x0000, 0x0000, 0x0000, 0x0000, 0x0000, 0x0000, 0x0000, 0x0000,
    0x0000, 0x0000, 0x0000, 0x0000, 0x0000, 0x0000, 0x0000, 0x0000,
    0x0000, 0x0000, 0x0000, 0x0000, 0x0000, 0x0000, 0x0000, 0x0000,
    0x0000, 0x0000, 0x0000, 0x0000, 0x0000, 0x0000, 0x0000, 0x0000,
    0x0000, 0x0000, 0x0000, 0x0000, 0x0000, 0x0000, 0x0000, 0x0000,
    0x0000, 0x0000, 0x0000, 0x0000, 0x0000, 0x0000, 0x0000, 0x0000,
    0x0000, 0x0000, 0x0000, 0x0000, 0x0000, 0x0000, 0x0000, 0x0000,
    0x0000, 0x0000, 0x0000, 0x0000, 0x0000, 0x0000, 0x0000, 0x0000,
    0x0000, 0x0000, 0x0000, 0x0000, 0x0000, 0x0000, 0x0000, 0x0000,
    0x0000, 0x0000, 0x0000, 0x0000, 0x0000, 0x0000, 0x0000, 0x0000,
    0x0000, 0x0000, 0x0000, 0x0000, 0x0000, 0x0000, 0x0000, 0x0000,
    0x0000, 0x0000, 0x0000, 0x0000, 0x0000, 0x0000, 0x0000, 0x0000,
    0x0000, 0x0000, 0x0000, 0x0000, 0x0000, 0x0000, 0x0000, 0x0000,
    0x0000, 0x0000, 0x0000, 0x0000, 0x0000, 0x0000, 0x0000, 0x0000,
    0x0000, 0x0000, 0x0000, 0x0000, 0x0000, 0x0000, 0x0000, 0x0000,
    0x0000, 0x0000, 0x0000, 0x0000, 0x0000, 0x0000, 0x0000, 0x0000,
    0x0000, 0x0000, 0x0000, 0x0000, 0x0000, 0x0000, 0x0000, 0x0000,
    0x0000, 0x0000, 0x0000, 0x0000, 0x0000, 0x0000, 0x0000, 0x0000,
    0x0000, 0x0000, 0x0000, 0x0000, 0x0000, 0x0000, 0x0000, 0x0000,
    0x0000, 0x0000, 0x0000, 0x0000, 0x0000, 0x0000, 0x0000, 0x0000,
    0x0000, 0x0000, 0x0000, 0x0000, 0x0000, 0x0000, 0x0000, 0x0000,
    0x0000, 0x0000, 0x0000, 0x0000, 0x0000, 0x0000, 0x0000, 0x0000,
    0x0000, 0x0000, 0x0000, 0x0000, 0x0000, 0x0000, 0x0000, 0x0000,
    0x0000, 0x0000, 0x0000, 0x0000, 0x0000, 0x0000, 0x0000, 0x0000,
    0x0000, 0x0000, 0x0000, 0x0000, 0x0000, 0x0000, 0x0000, 0x0000,
    0x0000, 0x0000, 0x0000, 0x0000, 0x0000, 0x0000, 0x0000, 0x0000,
    0x0000, 0x0000, 0x0000, 0x0000, 0x0000, 0x0000, 0x0000, 0x0000,
    0x0000, 0x0000, 0x0000, 0x0000, 0x0000, 0x0000, 0x0000, 0x0000,
    0x0000, 0x0000, 0x0000, 0x0000, 0x0000, 0x0000, 0x0000, 0x0000,
    0x0000, 0x0000, 0x0000, 0x0000, 0x0000, 0x0000, 0x0000, 0x0000,
    0x0000, 0x0000, 0x0000, 0x0000, 0x0000, 0x0000, 0x0000, 0x0000,
    0x0000, 0x0000, 0x0000, 0x0000, 0x0000, 0x0000, 0x0000, 0x0000,
    0x0000, 0x0000, 0x0000, 0x0000, 0x0000, 0x0000, 0x0000, 0x0000,
    0x0000, 0x0000, 0x0000, 0x0000, 0x0000, 0x0000, 0x0000, 0x0000,
    0x0000, 0x0000, 0x0000, 0x0000, 0x0000, 0x0000, 0x0000, 0x0000,
    0x0000, 0x0000, 0x0000, 0x0000, 0x0000, 0x0000, 0x0000, 0x0000,
    0x0000, 0x0000, 0x0000, 0x0000, 0x0000, 0x0000, 0x0000, 0x0000,
    0x0000, 0x0000, 0x0000, 0x0000, 0x0000, 0x0000, 0x0000, 0x0000,
    0x0000, 0x0000, 0x0000, 0x0000, 0x0000, 0x0000, 0x0000, 0x0000,
    0x0000, 0x0000, 0x0000, 0x0000, 0x0000, 0x0000, 0x0000, 0x0000,
    0x0000, 0x0000, 0x0000, 0x0000, 0x0000, 0x0000, 0x0000, 0x0000,
    0x0000, 0x0000, 0x0000, 0x0000, 0x0000, 0x0000, 0x0000, 0x0000,
    0x0000, 0x0000, 0x0000, 0x0000, 0x0000, 0x0000, 0x0000, 0x0000,
    0x0000, 0x0000, 0x0000, 0x0000, 0x0000, 0x0000, 0x0000, 0x0000,
    0x0000, 0x0000, 0x0000, 0x0000, 0x0000, 0x0000, 0x0000, 0x0000,
    0x0000, 0x0000, 0x0000, 0x0000, 0x0000, 0x0000, 0x0000, 0x0000,
    0x0000, 0x0000, 0x0000, 0x0000, 0x0000, 0x0000, 0x0000, 0x0000,
    0x0000, 0x0000, 0x0000, 0x0000, 0x0000, 0x0000, 0x0000, 0x0000,
    0x0000, 0x0000, 0x0000, 0x0000, 0x0000, 0x0000, 0x0000, 0x0000,
    0x0000, 0x0000, 0x0000, 0x0000, 0x0000, 0x0000, 0x0000, 0x0000,
    0x0000, 0x0000, 0x0000, 0x0000, 0x0000, 0x0000, 0x0000, 0x0000,
    0x0000, 0x0000, 0x0000, 0x0000, 0x0000, 0x0000, 0x0000, 0x0000,
    0x0000, 0x0000, 0x0000, 0x0000, 0x0000, 0x0000, 0x0000, 0x0000,
    0x0000, 0x0000, 0x0000, 0x0000, 0x0000, 0x0000, 0x0000, 0x0000,
    0x0000, 0x0000, 0x0000, 0x0000, 0x0000, 0x0000, 0x0000, 0x0000,
    0x0000, 0x0000, 0x0000, 0x0000, 0x0000, 0x0000, 0x0000, 0x0000,
    0x0000, 0x0000, 0x0000, 0x0000, 0x0000, 0x0000, 0x0000, 0x0000,
    0x0000, 0x0000, 0x0000, 0x0000, 0x0000, 0x0000, 0x0000, 0x0000,
    0x0000, 0x0000, 0x0000, 0x0000, 0x0000, 0x0000, 0x0000, 0x0000,
    0x0000, 0x0000, 0x0000, 0x0000, 0x0000, 0x0000, 0x0000, 0x0000,
    0x0000, 0x0000, 0x0000, 0x0000, 0x0000, 0x0000, 0x0000, 0x0000,
    0x0000, 0x0000, 0x0000, 0x0000, 0x0000, 0x0000, 0x0000, 0x0000,
    0x0000, 0x0000, 0x0000, 0x0000, 0x0000, 0x0000, 0x0000, 0x0000,
    0x0000, 0x0000, 0x0000, 0x0000, 0x0000, 0x0000, 0x0000, 0x0000,
    0x0000, 0x0000, 0x0000, 0x0000, 0x0000, 0x0000, 0x0000, 0x0000,
    0x0000, 0x0000, 0x0000, 0x0000, 0x0000, 0x0000, 0x0000, 0x0000,
    0x0000, 0x0000, 0x0000, 0x0000, 0x0000, 0x0000, 0x0000, 0x0000,
    0x0000, 0x0000, 0x0000, 0x0000, 0x0000, 0x0000, 0x0000, 0x0000,
    0x0000, 0x0000, 0x0000, 0x0000, 0x0000, 0x0000, 0x0000, 0x0000,
    0x0000, 0x0000, 0x0000, 0x0000, 0x0000, 0x0000, 0x0000, 0x0000,
    0x0000, 0x0000, 0x0000, 0x0000, 0x0000, 0x0000, 0x0000, 0x0000,
    0x0000, 0x0000, 0x0000, 0x0000, 0x0000, 0x0000, 0x0000, 0x0000,
    0x0000, 0x0000, 0x0000, 0x0000, 0x0000, 0x0000, 0x0000, 0x0000,
    0x0000, 0x0000, 0x0000, 0x0000, 0x0000, 0x0000, 0x0000, 0x0000,
    0x0000, 0x0000, 0x0000, 0x0000, 0x0000, 0x0000, 0x0000, 0x0000,
    0x0000, 0x0000, 0x0000, 0x0000, 0x0000, 0x0000, 0x0000, 0x0000,
    0x0000, 0x0000, 0x0000, 0x0000, 0x0000, 0x0000, 0x0000, 0x0000,
    0x0000, 0x0000, 0x0000, 0x0000, 0x0000, 0x0000, 0x0000, 0x0000,
    0x0000, 0x0000, 0x0000, 0x0000, 0x0000, 0x0000, 0x0000, 0x0000,
    0x0000, 0x0000, 0x0000, 0x0000, 0x0000, 0x0000, 0x0000, 0x0000,
    0x0000, 0x0000, 0x0000, 0x0000, 0x0000, 0x0000, 0x0000, 0x0000,
    0x0000, 0x0000, 0x0000, 0x0000, 0x0000, 0x0000, 0x0000, 0x0000,
    0x0000, 0x0000, 0x0000, 0x0000, 0x0000, 0x0000, 0x0000, 0x0000,
    0x0000, 0x0000, 0x0000, 0x0000, 0x0000, 0x0000, 0x0000, 0x0000,
    0x0000, 0x0000, 0x0000, 0x0000, 0x0000, 0x0000, 0x0000, 0x0000,
    0x0000, 0x0000, 0x0000, 0x0000, 0x0000, 0x0000, 0x0000, 0x0000,
    0x0000, 0x0000, 0x0000, 0x0000, 0x0000, 0x0000, 0x0000, 0x0000,
    0x0000, 0x0000, 0x0000, 0x0000, 0x0000, 0x0000, 0x0000, 0x0000,
    0x0000, 0x0000, 0x0000, 0x0000, 0x0000, 0x0000, 0x0000, 0x0000,
    0x0000, 0x0000, 0x0000, 0x0000, 0x0000, 0x0000, 0x0000, 0x0000,
    0x0000, 0x0000, 0x0000, 0x0000, 0x0000, 0x0000, 0x0000, 0x0000,
    0x0000, 0x0000, 0x0000, 0x0000, 0x0000, 0x0000, 0x0000, 0x0000,
    0x0000, 0x0000, 0x0000, 0x0000, 0x0000, 0x0000, 0x0000, 0x0000,
    0x0000, 0x0000, 0x0000, 0x0000, 0x0000, 0x0000, 0x0000, 0x0000,
    0x0000, 0x0000, 0x0000, 0x0000, 0x0000, 0x0000, 0x0000, 0x0000,
    0x0000, 0x0000, 0x0000, 0x0000, 0x0000, 0x0000, 0x0000, 0x0000,
    0x0000, 0x0000, 0x0000, 0x0000, 0x0000, 0x0000, 0x0000, 0x0000,
    0x0000, 0x0000, 0x0000, 0x0000, 0x0000, 0x0000, 0x0000, 0x0000,
    0x0000, 0x0000, 0x0000, 0x0000, 0x0000, 0x0000, 0x0000, 0x0000,
    0x0000, 0x0000, 0x0000, 0x0000, 0x0000, 0x0000, 0x0000, 0x0000,
    0x0000, 0x0000, 0x0000, 0x0000, 0x0000, 0x0000, 0x0000, 0x0000,
    0x0000, 0x0000, 0x0000, 0x0000, 0x0000, 0x0000, 0x0000, 0x0000,
    0x0000, 0x0000, 0x0000, 0x0000, 0x0000, 0x0000, 0x0000, 0x0000,
    0x0000, 0x0000, 0x0000, 0x0000, 0x0000, 0x0000, 0x0000, 0x0000,
    0x0000, 0x0000, 0x0000, 0x0000, 0x0000, 0x0000, 0x0000, 0x0000,
    0x0000, 0x0000, 0x0000, 0x0000, 0x0000, 0x0000, 0x0000, 0x0000,
    0x0000, 0x0000, 0x0000, 0x0000, 0x0000, 0x0000, 0x0000, 0x0000,
    0x0000, 0x0000, 0x0000, 0x0000, 0x0000, 0x0000, 0x0000, 0x0000,
    0x0000, 0x0000, 0x0000, 0x0000, 0x0000, 0x0000, 0x0000, 0x0000,
    0x0000, 0x0000, 0x0000, 0x0000, 0x0000, 0x0000, 0x0000, 0x0000,
    0x0000, 0x0000, 0x0000, 0x0000, 0x0000, 0x0000, 0x0000, 0x0000,
    0x0000, 0x0000, 0x0000, 0x0000, 0x0000, 0x0000, 0x0000, 0x0000,
    0x0000, 0x0000, 0x0000, 0x0000, 0x0000, 0x0000, 0x0000, 0x0000,
    0x0000, 0x0000, 0x0000, 0x0000, 0x0000, 0x0000, 0x0000, 0x0000,
    0x0000, 0x0000, 0x0000, 0x0000, 0x0000, 0x0000, 0x0000, 0x0000,
    0x0000, 0x0000, 0x0000, 0x0000, 0x0000, 0x0000, 0x0000, 0x0000,
    0x0000, 0x0000, 0x0000, 0x0000, 0x0000, 0x0000, 0x0000, 0x0000,
    0x0000, 0x0000, 0x0000, 0x0000, 0x0000, 0x0000, 0x0000, 0x0000,
    0x0000, 0x0000, 0x0000, 0x0000, 0x0000, 0x0000, 0x0000, 0x0000,
    0x0000, 0x0000, 0x0000, 0x0000, 0x0000, 0x0000, 0x0000, 0x0000,
    0x0000, 0x0000, 0x0000, 0x0000, 0x0000, 0x0000, 0x0000, 0x0000,
    0x0000, 0x0000, 0x0000, 0x0000, 0x0000, 0x0000, 0x0000, 0x0000,
    0x0000, 0x0000, 0x0000, 0x0000, 0x0000, 0x0000, 0x0000, 0x0000,
    0x0000, 0x0000, 0x0000, 0x0000, 0x0000, 0x0000, 0x0000, 0x0000,
};

static const uint16_t pdr16_xt_forth_rom_chunk_3[8192] PROGMEM = {
    0x0000, 0x0000, 0x0000, 0x0000, 0x0000, 0x0000, 0x0000, 0x0000,
    0x0000, 0x0000, 0x0000, 0x0000, 0x0000, 0x0000, 0x0000, 0x0000,
    0x0000, 0x0000, 0x0000, 0x0000, 0x0000, 0x0000, 0x0000, 0x0000,
    0x0000, 0x0000, 0x0000, 0x0000, 0x0000, 0x0000, 0x0000, 0x0000,
    0x0000, 0x0000, 0x0000, 0x0000, 0x0000, 0x0000, 0x0000, 0x0000,
    0x0000, 0x0000, 0x0000, 0x0000, 0x0000, 0x0000, 0x0000, 0x0000,
    0x0000, 0x0000, 0x0000, 0x0000, 0x0000, 0x0000, 0x0000, 0x0000,
    0x0000, 0x0000, 0x0000, 0x0000, 0x0000, 0x0000, 0x0000, 0x0000,
    0x0000, 0x0000, 0x0000, 0x0000, 0x0000, 0x0000, 0x0000, 0x0000,
    0x0000, 0x0000, 0x0000, 0x0000, 0x0000, 0x0000, 0x0000, 0x0000,
    0x0000, 0x0000, 0x0000, 0x0000, 0x0000, 0x0000, 0x0000, 0x0000,
    0x0000, 0x0000, 0x0000, 0x0000, 0x0000, 0x0000, 0x0000, 0x0000,
    0x0000, 0x0000, 0x0000, 0x0000, 0x0000, 0x0000, 0x0000, 0x0000,
    0x0000, 0x0000, 0x0000, 0x0000, 0x0000, 0x0000, 0x0000, 0x0000,
    0x0000, 0x0000, 0x0000, 0x0000, 0x0000, 0x0000, 0x0000, 0x0000,
    0x0000, 0x0000, 0x0000, 0x0000, 0x0000, 0x0000, 0x0000, 0x0000,
    0x0000, 0x0000, 0x0000, 0x0000, 0x0000, 0x0000, 0x0000, 0x0000,
    0x0000, 0x0000, 0x0000, 0x0000, 0x0000, 0x0000, 0x0000, 0x0000,
    0x0000, 0x0000, 0x0000, 0x0000, 0x0000, 0x0000, 0x0000, 0x0000,
    0x0000, 0x0000, 0x0000, 0x0000, 0x0000, 0x0000, 0x0000, 0x0000,
    0x0000, 0x0000, 0x0000, 0x0000, 0x0000, 0x0000, 0x0000, 0x0000,
    0x0000, 0x0000, 0x0000, 0x0000, 0x0000, 0x0000, 0x0000, 0x0000,
    0x0000, 0x0000, 0x0000, 0x0000, 0x0000, 0x0000, 0x0000, 0x0000,
    0x0000, 0x0000, 0x0000, 0x0000, 0x0000, 0x0000, 0x0000, 0x0000,
    0x0000, 0x0000, 0x0000, 0x0000, 0x0000, 0x0000, 0x0000, 0x0000,
    0x0000, 0x0000, 0x0000, 0x0000, 0x0000, 0x0000, 0x0000, 0x0000,
    0x0000, 0x0000, 0x0000, 0x0000, 0x0000, 0x0000, 0x0000, 0x0000,
    0x0000, 0x0000, 0x0000, 0x0000, 0x0000, 0x0000, 0x0000, 0x0000,
    0x0000, 0x0000, 0x0000, 0x0000, 0x0000, 0x0000, 0x0000, 0x0000,
    0x0000, 0x0000, 0x0000, 0x0000, 0x0000, 0x0000, 0x0000, 0x0000,
    0x0000, 0x0000, 0x0000, 0x0000, 0x0000, 0x0000, 0x0000, 0x0000,
    0x0000, 0x0000, 0x0000, 0x0000, 0x0000, 0x0000, 0x0000, 0x0000,
    0x0000, 0x0000, 0x0000, 0x0000, 0x0000, 0x0000, 0x0000, 0x0000,
    0x0000, 0x0000, 0x0000, 0x0000, 0x0000, 0x0000, 0x0000, 0x0000,
    0x0000, 0x0000, 0x0000, 0x0000, 0x0000, 0x0000, 0x0000, 0x0000,
    0x0000, 0x0000, 0x0000, 0x0000, 0x0000, 0x0000, 0x0000, 0x0000,
    0x0000, 0x0000, 0x0000, 0x0000, 0x0000, 0x0000, 0x0000, 0x0000,
    0x0000, 0x0000, 0x0000, 0x0000, 0x0000, 0x0000, 0x0000, 0x0000,
    0x0000, 0x0000, 0x0000, 0x0000, 0x0000, 0x0000, 0x0000, 0x0000,
    0x0000, 0x0000, 0x0000, 0x0000, 0x0000, 0x0000, 0x0000, 0x0000,
    0x0000, 0x0000, 0x0000, 0x0000, 0x0000, 0x0000, 0x0000, 0x0000,
    0x0000, 0x0000, 0x0000, 0x0000, 0x0000, 0x0000, 0x0000, 0x0000,
    0x0000, 0x0000, 0x0000, 0x0000, 0x0000, 0x0000, 0x0000, 0x0000,
    0x0000, 0x0000, 0x0000, 0x0000, 0x0000, 0x0000, 0x0000, 0x0000,
    0x0000, 0x0000, 0x0000, 0x0000, 0x0000, 0x0000, 0x0000, 0x0000,
    0x0000, 0x0000, 0x0000, 0x0000, 0x0000, 0x0000, 0x0000, 0x0000,
    0x0000, 0x0000, 0x0000, 0x0000, 0x0000, 0x0000, 0x0000, 0x0000,
    0x0000, 0x0000, 0x0000, 0x0000, 0x0000, 0x0000, 0x0000, 0x0000,
    0x0000, 0x0000, 0x0000, 0x0000, 0x0000, 0x0000, 0x0000, 0x0000,
    0x0000, 0x0000, 0x0000, 0x0000, 0x0000, 0x0000, 0x0000, 0x0000,
    0x0000, 0x0000, 0x0000, 0x0000, 0x0000, 0x0000, 0x0000, 0x0000,
    0x0000, 0x0000, 0x0000, 0x0000, 0x0000, 0x0000, 0x0000, 0x0000,
    0x0000, 0x0000, 0x0000, 0x0000, 0x0000, 0x0000, 0x0000, 0x0000,
    0x0000, 0x0000, 0x0000, 0x0000, 0x0000, 0x0000, 0x0000, 0x0000,
    0x0000, 0x0000, 0x0000, 0x0000, 0x0000, 0x0000, 0x0000, 0x0000,
    0x0000, 0x0000, 0x0000, 0x0000, 0x0000, 0x0000, 0x0000, 0x0000,
    0x0000, 0x0000, 0x0000, 0x0000, 0x0000, 0x0000, 0x0000, 0x0000,
    0x0000, 0x0000, 0x0000, 0x0000, 0x0000, 0x0000, 0x0000, 0x0000,
    0x0000, 0x0000, 0x0000, 0x0000, 0x0000, 0x0000, 0x0000, 0x0000,
    0x0000, 0x0000, 0x0000, 0x0000, 0x0000, 0x0000, 0x0000, 0x0000,
    0x0000, 0x0000, 0x0000, 0x0000, 0x0000, 0x0000, 0x0000, 0x0000,
    0x0000, 0x0000, 0x0000, 0x0000, 0x0000, 0x0000, 0x0000, 0x0000,
    0x0000, 0x0000, 0x0000, 0x0000, 0x0000, 0x0000, 0x0000, 0x0000,
    0x0000, 0x0000, 0x0000, 0x0000, 0x0000, 0x0000, 0x0000, 0x0000,
    0x0000, 0x0000, 0x0000, 0x0000, 0x0000, 0x0000, 0x0000, 0x0000,
    0x0000, 0x0000, 0x0000, 0x0000, 0x0000, 0x0000, 0x0000, 0x0000,
    0x0000, 0x0000, 0x0000, 0x0000, 0x0000, 0x0000, 0x0000, 0x0000,
    0x0000, 0x0000, 0x0000, 0x0000, 0x0000, 0x0000, 0x0000, 0x0000,
    0x0000, 0x0000, 0x0000, 0x0000, 0x0000, 0x0000, 0x0000, 0x0000,
    0x0000, 0x0000, 0x0000, 0x0000, 0x0000, 0x0000, 0x0000, 0x0000,
    0x0000, 0x0000, 0x0000, 0x0000, 0x0000, 0x0000, 0x0000, 0x0000,
    0x0000, 0x0000, 0x0000, 0x0000, 0x0000, 0x0000, 0x0000, 0x0000,
    0x0000, 0x0000, 0x0000, 0x0000, 0x0000, 0x0000, 0x0000, 0x0000,
    0x0000, 0x0000, 0x0000, 0x0000, 0x0000, 0x0000, 0x0000, 0x0000,
    0x0000, 0x0000, 0x0000, 0x0000, 0x0000, 0x0000, 0x0000, 0x0000,
    0x0000, 0x0000, 0x0000, 0x0000, 0x0000, 0x0000, 0x0000, 0x0000,
    0x0000, 0x0000, 0x0000, 0x0000, 0x0000, 0x0000, 0x0000, 0x0000,
    0x0000, 0x0000, 0x0000, 0x0000, 0x0000, 0x0000, 0x0000, 0x0000,
    0x0000, 0x0000, 0x0000, 0x0000, 0x0000, 0x0000, 0x0000, 0x0000,
    0x0000, 0x0000, 0x0000, 0x0000, 0x0000, 0x0000, 0x0000, 0x0000,
    0x0000, 0x0000, 0x0000, 0x0000, 0x0000, 0x0000, 0x0000, 0x0000,
    0x0000, 0x0000, 0x0000, 0x0000, 0x0000, 0x0000, 0x0000, 0x0000,
    0x0000, 0x0000, 0x0000, 0x0000, 0x0000, 0x0000, 0x0000, 0x0000,
    0x0000, 0x0000, 0x0000, 0x0000, 0x0000, 0x0000, 0x0000, 0x0000,
    0x0000, 0x0000, 0x0000, 0x0000, 0x0000, 0x0000, 0x0000, 0x0000,
    0x0000, 0x0000, 0x0000, 0x0000, 0x0000, 0x0000, 0x0000, 0x0000,
    0x0000, 0x0000, 0x0000, 0x0000, 0x0000, 0x0000, 0x0000, 0x0000,
    0x0000, 0x0000, 0x0000, 0x0000, 0x0000, 0x0000, 0x0000, 0x0000,
    0x0000, 0x0000, 0x0000, 0x0000, 0x0000, 0x0000, 0x0000, 0x0000,
    0x0000, 0x0000, 0x0000, 0x0000, 0x0000, 0x0000, 0x0000, 0x0000,
    0x0000, 0x0000, 0x0000, 0x0000, 0x0000, 0x0000, 0x0000, 0x0000,
    0x0000, 0x0000, 0x0000, 0x0000, 0x0000, 0x0000, 0x0000, 0x0000,
    0x0000, 0x0000, 0x0000, 0x0000, 0x0000, 0x0000, 0x0000, 0x0000,
    0x0000, 0x0000, 0x0000, 0x0000, 0x0000, 0x0000, 0x0000, 0x0000,
    0x0000, 0x0000, 0x0000, 0x0000, 0x0000, 0x0000, 0x0000, 0x0000,
    0x0000, 0x0000, 0x0000, 0x0000, 0x0000, 0x0000, 0x0000, 0x0000,
    0x0000, 0x0000, 0x0000, 0x0000, 0x0000, 0x0000, 0x0000, 0x0000,
    0x0000, 0x0000, 0x0000, 0x0000, 0x0000, 0x0000, 0x0000, 0x0000,
    0x0000, 0x0000, 0x0000, 0x0000, 0x0000, 0x0000, 0x0000, 0x0000,
    0x0000, 0x0000, 0x0000, 0x0000, 0x0000, 0x0000, 0x0000, 0x0000,
    0x0000, 0x0000, 0x0000, 0x0000, 0x0000, 0x0000, 0x0000, 0x0000,
    0x0000, 0x0000, 0x0000, 0x0000, 0x0000, 0x0000, 0x0000, 0x0000,
    0x0000, 0x0000, 0x0000, 0x0000, 0x0000, 0x0000, 0x0000, 0x0000,
    0x0000, 0x0000, 0x0000, 0x0000, 0x0000, 0x0000, 0x0000, 0x0000,
    0x0000, 0x0000, 0x0000, 0x0000, 0x0000, 0x0000, 0x0000, 0x0000,
    0x0000, 0x0000, 0x0000, 0x0000, 0x0000, 0x0000, 0x0000, 0x0000,
    0x0000, 0x0000, 0x0000, 0x0000, 0x0000, 0x0000, 0x0000, 0x0000,
    0x0000, 0x0000, 0x0000, 0x0000, 0x0000, 0x0000, 0x0000, 0x0000,
    0x0000, 0x0000, 0x0000, 0x0000, 0x0000, 0x0000, 0x0000, 0x0000,
    0x0000, 0x0000, 0x0000, 0x0000, 0x0000, 0x0000, 0x0000, 0x0000,
    0x0000, 0x0000, 0x0000, 0x0000, 0x0000, 0x0000, 0x0000, 0x0000,
    0x0000, 0x0000, 0x0000, 0x0000, 0x0000, 0x0000, 0x0000, 0x0000,
    0x0000, 0x0000, 0x0000, 0x0000, 0x0000, 0x0000, 0x0000, 0x0000,
    0x0000, 0x0000, 0x0000, 0x0000, 0x0000, 0x0000, 0x0000, 0x0000,
    0x0000, 0x0000, 0x0000, 0x0000, 0x0000, 0x0000, 0x0000, 0x0000,
    0x0000, 0x0000, 0x0000, 0x0000, 0x0000, 0x0000, 0x0000, 0x0000,
    0x0000, 0x0000, 0x0000, 0x0000, 0x0000, 0x0000, 0x0000, 0x0000,
    0x0000, 0x0000, 0x0000, 0x0000, 0x0000, 0x0000, 0x0000, 0x0000,
    0x0000, 0x0000, 0x0000, 0x0000, 0x0000, 0x0000, 0x0000, 0x0000,
    0x0000, 0x0000, 0x0000, 0x0000, 0x0000, 0x0000, 0x0000, 0x0000,
    0x0000, 0x0000, 0x0000, 0x0000, 0x0000, 0x0000, 0x0000, 0x0000,
    0x0000, 0x0000, 0x0000, 0x0000, 0x0000, 0x0000, 0x0000, 0x0000,
    0x0000, 0x0000, 0x0000, 0x0000, 0x0000, 0x0000, 0x0000, 0x0000,
    0x0000, 0x0000, 0x0000, 0x0000, 0x0000, 0x0000, 0x0000, 0x0000,
    0x0000, 0x0000, 0x0000, 0x0000, 0x0000, 0x0000, 0x0000, 0x0000,
    0x0000, 0x0000, 0x0000, 0x0000, 0x0000, 0x0000, 0x0000, 0x0000,
    0x0000, 0x0000, 0x0000, 0x0000, 0x0000, 0x0000, 0x0000, 0x0000,
    0x0000, 0x0000, 0x0000, 0x0000, 0x0000, 0x0000, 0x0000, 0x0000,
    0x0000, 0x0000, 0x0000, 0x0000, 0x0000, 0x0000, 0x0000, 0x0000,
    0x0000, 0x0000, 0x0000, 0x0000, 0x0000, 0x0000, 0x0000, 0x0000,
    0x0000, 0x0000, 0x0000, 0x0000, 0x0000, 0x0000, 0x0000, 0x0000,
    0x0000, 0x0000, 0x0000, 0x0000, 0x0000, 0x0000, 0x0000, 0x0000,
    0x0000, 0x0000, 0x0000, 0x0000, 0x0000, 0x0000, 0x0000, 0x0000,
    0x0000, 0x0000, 0x0000, 0x0000, 0x0000, 0x0000, 0x0000, 0x0000,
    0x0000, 0x0000, 0x0000, 0x0000, 0x0000, 0x0000, 0x0000, 0x0000,
    0x0000, 0x0000, 0x0000, 0x0000, 0x0000, 0x0000, 0x0000, 0x0000,
    0x0000, 0x0000, 0x0000, 0x0000, 0x0000, 0x0000, 0x0000, 0x0000,
    0x0000, 0x0000, 0x0000, 0x0000, 0x0000, 0x0000, 0x0000, 0x0000,
    0x0000, 0x0000, 0x0000, 0x0000, 0x0000, 0x0000, 0x0000, 0x0000,
    0x0000, 0x0000, 0x0000, 0x0000, 0x0000, 0x0000, 0x0000, 0x0000,
    0x0000, 0x0000, 0x0000, 0x0000, 0x0000, 0x0000, 0x0000, 0x0000,
    0x0000, 0x0000, 0x0000, 0x0000, 0x0000, 0x0000, 0x0000, 0x0000,
    0x0000, 0x0000, 0x0000, 0x0000, 0x0000, 0x0000, 0x0000, 0x0000,
    0x0000, 0x0000, 0x0000, 0x0000, 0x0000, 0x0000, 0x0000, 0x0000,
    0x0000, 0x0000, 0x0000, 0x0000, 0x0000, 0x0000, 0x0000, 0x0000,
    0x0000, 0x0000, 0x0000, 0x0000, 0x0000, 0x0000, 0x0000, 0x0000,
    0x0000, 0x0000, 0x0000, 0x0000, 0x0000, 0x0000, 0x0000, 0x0000,
    0x0000, 0x0000, 0x0000, 0x0000, 0x0000, 0x0000, 0x0000, 0x0000,
    0x0000, 0x0000, 0x0000, 0x0000, 0x0000, 0x0000, 0x0000, 0x0000,
    0x0000, 0x0000, 0x0000, 0x0000, 0x0000, 0x0000, 0x0000, 0x0000,
    0x0000, 0x0000, 0x0000, 0x0000, 0x0000, 0x0000, 0x0000, 0x0000,
    0x0000, 0x0000, 0x0000, 0x0000, 0x0000, 0x0000, 0x0000, 0x0000,
    0x0000, 0x0000, 0x0000, 0x0000, 0x0000, 0x0000, 0x0000, 0x0000,
    0x0000, 0x0000, 0x0000, 0x0000, 0x0000, 0x0000, 0x0000, 0x0000,
    0x0000, 0x0000, 0x0000, 0x0000, 0x0000, 0x0000, 0x0000, 0x0000,
    0x0000, 0x0000, 0x0000, 0x0000, 0x0000, 0x0000, 0x0000, 0x0000,
    0x0000, 0x0000, 0x0000, 0x0000, 0x0000, 0x0000, 0x0000, 0x0000,
    0x0000, 0x0000, 0x0000, 0x0000, 0x0000, 0x0000, 0x0000, 0x0000,
    0x0000, 0x0000, 0x0000, 0x0000, 0x0000, 0x0000, 0x0000, 0x0000,
    0x0000, 0x0000, 0x0000, 0x0000, 0x0000, 0x0000, 0x0000, 0x0000,
    0x0000, 0x0000, 0x0000, 0x0000, 0x0000, 0x0000, 0x0000, 0x0000,
    0x0000, 0x0000, 0x0000, 0x0000, 0x0000, 0x0000, 0x0000, 0x0000,
    0x0000, 0x0000, 0x0000, 0x0000, 0x0000, 0x0000, 0x0000, 0x0000,
    0x0000, 0x0000, 0x0000, 0x0000, 0x0000, 0x0000, 0x0000, 0x0000,
    0x0000, 0x0000, 0x0000, 0x0000, 0x0000, 0x0000, 0x0000, 0x0000,
    0x0000, 0x0000, 0x0000, 0x0000, 0x0000, 0x0000, 0x0000, 0x0000,
    0x0000, 0x0000, 0x0000, 0x0000, 0x0000, 0x0000, 0x0000, 0x0000,
    0x0000, 0x0000, 0x0000, 0x0000, 0x0000, 0x0000, 0x0000, 0x0000,
    0x0000, 0x0000, 0x0000, 0x0000, 0x0000, 0x0000, 0x0000, 0x0000,
    0x0000, 0x0000, 0x0000, 0x0000, 0x0000, 0x0000, 0x0000, 0x0000,
    0x0000, 0x0000, 0x0000, 0x0000, 0x0000, 0x0000, 0x0000, 0x0000,
    0x0000, 0x0000, 0x0000, 0x0000, 0x0000, 0x0000, 0x0000, 0x0000,
    0x0000, 0x0000, 0x0000, 0x0000, 0x0000, 0x0000, 0x0000, 0x0000,
    0x0000, 0x0000, 0x0000, 0x0000, 0x0000, 0x0000, 0x0000, 0x0000,
    0x0000, 0x0000, 0x0000, 0x0000, 0x0000, 0x0000, 0x0000, 0x0000,
    0x0000, 0x0000, 0x0000, 0x0000, 0x0000, 0x0000, 0x0000, 0x0000,
    0x0000, 0x0000, 0x0000, 0x0000, 0x0000, 0x0000, 0x0000, 0x0000,
    0x0000, 0x0000, 0x0000, 0x0000, 0x0000, 0x0000, 0x0000, 0x0000,
    0x0000, 0x0000, 0x0000, 0x0000, 0x0000, 0x0000, 0x0000, 0x0000,
    0x0000, 0x0000, 0x0000, 0x0000, 0x0000, 0x0000, 0x0000, 0x0000,
    0x0000, 0x0000, 0x0000, 0x0000, 0x0000, 0x0000, 0x0000, 0x0000,
    0x0000, 0x0000, 0x0000, 0x0000, 0x0000, 0x0000, 0x0000, 0x0000,
    0x0000, 0x0000, 0x0000, 0x0000, 0x0000, 0x0000, 0x0000, 0x0000,
    0x0000, 0x0000, 0x0000, 0x0000, 0x0000, 0x0000, 0x0000, 0x0000,
    0x0000, 0x0000, 0x0000, 0x0000, 0x0000, 0x0000, 0x0000, 0x0000,
    0x0000, 0x0000, 0x0000, 0x0000, 0x0000, 0x0000, 0x0000, 0x0000,
    0x0000, 0x0000, 0x0000, 0x0000, 0x0000, 0x0000, 0x0000, 0x0000,
    0x0000, 0x0000, 0x0000, 0x0000, 0x0000, 0x0000, 0x0000, 0x0000,
    0x0000, 0x0000, 0x0000, 0x0000, 0x0000, 0x0000, 0x0000, 0x0000,
    0x0000, 0x0000, 0x0000, 0x0000, 0x0000, 0x0000, 0x0000, 0x0000,
    0x0000, 0x0000, 0x0000, 0x0000, 0x0000, 0x0000, 0x0000, 0x0000,
    0x0000, 0x0000, 0x0000, 0x0000, 0x0000, 0x0000, 0x0000, 0x0000,
    0x0000, 0x0000, 0x0000, 0x0000, 0x0000, 0x0000, 0x0000, 0x0000,
    0x0000, 0x0000, 0x0000, 0x0000, 0x0000, 0x0000, 0x0000, 0x0000,
    0x0000, 0x0000, 0x0000, 0x0000, 0x0000, 0x0000, 0x0000, 0x0000,
    0x0000, 0x0000, 0x0000, 0x0000, 0x0000, 0x0000, 0x0000, 0x0000,
    0x0000, 0x0000, 0x0000, 0x0000, 0x0000, 0x0000, 0x0000, 0x0000,
    0x0000, 0x0000, 0x0000, 0x0000, 0x0000, 0x0000, 0x0000, 0x0000,
    0x0000, 0x0000, 0x0000, 0x0000, 0x0000, 0x0000, 0x0000, 0x0000,
    0x0000, 0x0000, 0x0000, 0x0000, 0x0000, 0x0000, 0x0000, 0x0000,
    0x0000, 0x0000, 0x0000, 0x0000, 0x0000, 0x0000, 0x0000, 0x0000,
    0x0000, 0x0000, 0x0000, 0x0000, 0x0000, 0x0000, 0x0000, 0x0000,
    0x0000, 0x0000, 0x0000, 0x0000, 0x0000, 0x0000, 0x0000, 0x0000,
    0x0000, 0x0000, 0x0000, 0x0000, 0x0000, 0x0000, 0x0000, 0x0000,
    0x0000, 0x0000, 0x0000, 0x0000, 0x0000, 0x0000, 0x0000, 0x0000,
    0x0000, 0x0000, 0x0000, 0x0000, 0x0000, 0x0000, 0x0000, 0x0000,
    0x0000, 0x0000, 0x0000, 0x0000, 0x0000, 0x0000, 0x0000, 0x0000,
    0x0000, 0x0000, 0x0000, 0x0000, 0x0000, 0x0000, 0x0000, 0x0000,
    0x0000, 0x0000, 0x0000, 0x0000, 0x0000, 0x0000, 0x0000, 0x0000,
    0x0000, 0x0000, 0x0000, 0x0000, 0x0000, 0x0000, 0x0000, 0x0000,
    0x0000, 0x0000, 0x0000, 0x0000, 0x0000, 0x0000, 0x0000, 0x0000,
    0x0000, 0x0000, 0x0000, 0x0000, 0x0000, 0x0000, 0x0000, 0x0000,
    0x0000, 0x0000, 0x0000, 0x0000, 0x0000, 0x0000, 0x0000, 0x0000,
    0x0000, 0x0000, 0x0000, 0x0000, 0x0000, 0x0000, 0x0000, 0x0000,
    0x0000, 0x0000, 0x0000, 0x0000, 0x0000, 0x0000, 0x0000, 0x0000,
    0x0000, 0x0000, 0x0000, 0x0000, 0x0000, 0x0000, 0x0000, 0x0000,
    0x0000, 0x0000, 0x0000, 0x0000, 0x0000, 0x0000, 0x0000, 0x0000,
    0x0000, 0x0000, 0x0000, 0x0000, 0x0000, 0x0000, 0x0000, 0x0000,
    0x0000, 0x0000, 0x0000, 0x0000, 0x0000, 0x0000, 0x0000, 0x0000,
    0x0000, 0x0000, 0x0000, 0x0000, 0x0000, 0x0000, 0x0000, 0x0000,
    0x0000, 0x0000, 0x0000, 0x0000, 0x0000, 0x0000, 0x0000, 0x0000,
    0x0000, 0x0000, 0x0000, 0x0000, 0x0000, 0x0000, 0x0000, 0x0000,
    0x0000, 0x0000, 0x0000, 0x0000, 0x0000, 0x0000, 0x0000, 0x0000,
    0x0000, 0x0000, 0x0000, 0x0000, 0x0000, 0x0000, 0x0000, 0x0000,
    0x0000, 0x0000, 0x0000, 0x0000, 0x0000, 0x0000, 0x0000, 0x0000,
    0x0000, 0x0000, 0x0000, 0x0000, 0x0000, 0x0000, 0x0000, 0x0000,
    0x0000, 0x0000, 0x0000, 0x0000, 0x0000, 0x0000, 0x0000, 0x0000,
    0x0000, 0x0000, 0x0000, 0x0000, 0x0000, 0x0000, 0x0000, 0x0000,
    0x0000, 0x0000, 0x0000, 0x0000, 0x0000, 0x0000, 0x0000, 0x0000,
    0x0000, 0x0000, 0x0000, 0x0000, 0x0000, 0x0000, 0x0000, 0x0000,
    0x0000, 0x0000, 0x0000, 0x0000, 0x0000, 0x0000, 0x0000, 0x0000,
    0x0000, 0x0000, 0x0000, 0x0000, 0x0000, 0x0000, 0x0000, 0x0000,
    0x0000, 0x0000, 0x0000, 0x0000, 0x0000, 0x0000, 0x0000, 0x0000,
    0x0000, 0x0000, 0x0000, 0x0000, 0x0000, 0x0000, 0x0000, 0x0000,
    0x0000, 0x0000, 0x0000, 0x0000, 0x0000, 0x0000, 0x0000, 0x0000,
    0x0000, 0x0000, 0x0000, 0x0000, 0x0000, 0x0000, 0x0000, 0x0000,
    0x0000, 0x0000, 0x0000, 0x0000, 0x0000, 0x0000, 0x0000, 0x0000,
    0x0000, 0x0000, 0x0000, 0x0000, 0x0000, 0x0000, 0x0000, 0x0000,
    0x0000, 0x0000, 0x0000, 0x0000, 0x0000, 0x0000, 0x0000, 0x0000,
    0x0000, 0x0000, 0x0000, 0x0000, 0x0000, 0x0000, 0x0000, 0x0000,
    0x0000, 0x0000, 0x0000, 0x0000, 0x0000, 0x0000, 0x0000, 0x0000,
    0x0000, 0x0000, 0x0000, 0x0000, 0x0000, 0x0000, 0x0000, 0x0000,
    0x0000, 0x0000, 0x0000, 0x0000, 0x0000, 0x0000, 0x0000, 0x0000,
    0x0000, 0x0000, 0x0000, 0x0000, 0x0000, 0x0000, 0x0000, 0x0000,
    0x0000, 0x0000, 0x0000, 0x0000, 0x0000, 0x0000, 0x0000, 0x0000,
    0x0000, 0x0000, 0x0000, 0x0000, 0x0000, 0x0000, 0x0000, 0x0000,
    0x0000, 0x0000, 0x0000, 0x0000, 0x0000, 0x0000, 0x0000, 0x0000,
    0x0000, 0x0000, 0x0000, 0x0000, 0x0000, 0x0000, 0x0000, 0x0000,
    0x0000, 0x0000, 0x0000, 0x0000, 0x0000, 0x0000, 0x0000, 0x0000,
    0x0000, 0x0000, 0x0000, 0x0000, 0x0000, 0x0000, 0x0000, 0x0000,
    0x0000, 0x0000, 0x0000, 0x0000, 0x0000, 0x0000, 0x0000, 0x0000,
    0x0000, 0x0000, 0x0000, 0x0000, 0x0000, 0x0000, 0x0000, 0x0000,
    0x0000, 0x0000, 0x0000, 0x0000, 0x0000, 0x0000, 0x0000, 0x0000,
    0x0000, 0x0000, 0x0000, 0x0000, 0x0000, 0x0000, 0x0000, 0x0000,
    0x0000, 0x0000, 0x0000, 0x0000, 0x0000, 0x0000, 0x0000, 0x0000,
    0x0000, 0x0000, 0x0000, 0x0000, 0x0000, 0x0000, 0x0000, 0x0000,
    0x0000, 0x0000, 0x0000, 0x0000, 0x0000, 0x0000, 0x0000, 0x0000,
    0x0000, 0x0000, 0x0000, 0x0000, 0x0000, 0x0000, 0x0000, 0x0000,
    0x0000, 0x0000, 0x0000, 0x0000, 0x0000, 0x0000, 0x0000, 0x0000,
    0x0000, 0x0000, 0x0000, 0x0000, 0x0000, 0x0000, 0x0000, 0x0000,
    0x0000, 0x0000, 0x0000, 0x0000, 0x0000, 0x0000, 0x0000, 0x0000,
    0x0000, 0x0000, 0x0000, 0x0000, 0x0000, 0x0000, 0x0000, 0x0000,
    0x0000, 0x0000, 0x0000, 0x0000, 0x0000, 0x0000, 0x0000, 0x0000,
    0x0000, 0x0000, 0x0000, 0x0000, 0x0000, 0x0000, 0x0000, 0x0000,
    0x0000, 0x0000, 0x0000, 0x0000, 0x0000, 0x0000, 0x0000, 0x0000,
    0x0000, 0x0000, 0x0000, 0x0000, 0x0000, 0x0000, 0x0000, 0x0000,
    0x0000, 0x0000, 0x0000, 0x0000, 0x0000, 0x0000, 0x0000, 0x0000,
    0x0000, 0x0000, 0x0000, 0x0000, 0x0000, 0x0000, 0x0000, 0x0000,
    0x0000, 0x0000, 0x0000, 0x0000, 0x0000, 0x0000, 0x0000, 0x0000,
    0x0000, 0x0000, 0x0000, 0x0000, 0x0000, 0x0000, 0x0000, 0x0000,
    0x0000, 0x0000, 0x0000, 0x0000, 0x0000, 0x0000, 0x0000, 0x0000,
    0x0000, 0x0000, 0x0000, 0x0000, 0x0000, 0x0000, 0x0000, 0x0000,
    0x0000, 0x0000, 0x0000, 0x0000, 0x0000, 0x0000, 0x0000, 0x0000,
    0x0000, 0x0000, 0x0000, 0x0000, 0x0000, 0x0000, 0x0000, 0x0000,
    0x0000, 0x0000, 0x0000, 0x0000, 0x0000, 0x0000, 0x0000, 0x0000,
    0x0000, 0x0000, 0x0000, 0x0000, 0x0000, 0x0000, 0x0000, 0x0000,
    0x0000, 0x0000, 0x0000, 0x0000, 0x0000, 0x0000, 0x0000, 0x0000,
    0x0000, 0x0000, 0x0000, 0x0000, 0x0000, 0x0000, 0x0000, 0x0000,
    0x0000, 0x0000, 0x0000, 0x0000, 0x0000, 0x0000, 0x0000, 0x0000,
    0x0000, 0x0000, 0x0000, 0x0000, 0x0000, 0x0000, 0x0000, 0x0000,
    0x0000, 0x0000, 0x0000, 0x0000, 0x0000, 0x0000, 0x0000, 0x0000,
    0x0000, 0x0000, 0x0000, 0x0000, 0x0000, 0x0000, 0x0000, 0x0000,
    0x0000, 0x0000, 0x0000, 0x0000, 0x0000, 0x0000, 0x0000, 0x0000,
    0x0000, 0x0000, 0x0000, 0x0000, 0x0000, 0x0000, 0x0000, 0x0000,
    0x0000, 0x0000, 0x0000, 0x0000, 0x0000, 0x0000, 0x0000, 0x0000,
    0x0000, 0x0000, 0x0000, 0x0000, 0x0000, 0x0000, 0x0000, 0x0000,
    0x0000, 0x0000, 0x0000, 0x0000, 0x0000, 0x0000, 0x0000, 0x0000,
    0x0000, 0x0000, 0x0000, 0x0000, 0x0000, 0x0000, 0x0000, 0x0000,
    0x0000, 0x0000, 0x0000, 0x0000, 0x0000, 0x0000, 0x0000, 0x0000,
    0x0000, 0x0000, 0x0000, 0x0000, 0x0000, 0x0000, 0x0000, 0x0000,
    0x0000, 0x0000, 0x0000, 0x0000, 0x0000, 0x0000, 0x0000, 0x0000,
    0x0000, 0x0000, 0x0000, 0x0000, 0x0000, 0x0000, 0x0000, 0x0000,
    0x0000, 0x0000, 0x0000, 0x0000, 0x0000, 0x0000, 0x0000, 0x0000,
    0x0000, 0x0000, 0x0000, 0x0000, 0x0000, 0x0000, 0x0000, 0x0000,
    0x0000, 0x0000, 0x0000, 0x0000, 0x0000, 0x0000, 0x0000, 0x0000,
    0x0000, 0x0000, 0x0000, 0x0000, 0x0000, 0x0000, 0x0000, 0x0000,
    0x0000, 0x0000, 0x0000, 0x0000, 0x0000, 0x0000, 0x0000, 0x0000,
    0x0000, 0x0000, 0x0000, 0x0000, 0x0000, 0x0000, 0x0000, 0x0000,
    0x0000, 0x0000, 0x0000, 0x0000, 0x0000, 0x0000, 0x0000, 0x0000,
    0x0000, 0x0000, 0x0000, 0x0000, 0x0000, 0x0000, 0x0000, 0x0000,
    0x0000, 0x0000, 0x0000, 0x0000, 0x0000, 0x0000, 0x0000, 0x0000,
    0x0000, 0x0000, 0x0000, 0x0000, 0x0000, 0x0000, 0x0000, 0x0000,
    0x0000, 0x0000, 0x0000, 0x0000, 0x0000, 0x0000, 0x0000, 0x0000,
    0x0000, 0x0000, 0x0000, 0x0000, 0x0000, 0x0000, 0x0000, 0x0000,
    0x0000, 0x0000, 0x0000, 0x0000, 0x0000, 0x0000, 0x0000, 0x0000,
    0x0000, 0x0000, 0x0000, 0x0000, 0x0000, 0x0000, 0x0000, 0x0000,
    0x0000, 0x0000, 0x0000, 0x0000, 0x0000, 0x0000, 0x0000, 0x0000,
    0x0000, 0x0000, 0x0000, 0x0000, 0x0000, 0x0000, 0x0000, 0x0000,
    0x0000, 0x0000, 0x0000, 0x0000, 0x0000, 0x0000, 0x0000, 0x0000,
    0x0000, 0x0000, 0x0000, 0x0000, 0x0000, 0x0000, 0x0000, 0x0000,
    0x0000, 0x0000, 0x0000, 0x0000, 0x0000, 0x0000, 0x0000, 0x0000,
    0x0000, 0x0000, 0x0000, 0x0000, 0x0000, 0x0000, 0x0000, 0x0000,
    0x0000, 0x0000, 0x0000, 0x0000, 0x0000, 0x0000, 0x0000, 0x0000,
    0x0000, 0x0000, 0x0000, 0x0000, 0x0000, 0x0000, 0x0000, 0x0000,
    0x0000, 0x0000, 0x0000, 0x0000, 0x0000, 0x0000, 0x0000, 0x0000,
    0x0000, 0x0000, 0x0000, 0x0000, 0x0000, 0x0000, 0x0000, 0x0000,
    0x0000, 0x0000, 0x0000, 0x0000, 0x0000, 0x0000, 0x0000, 0x0000,
    0x0000, 0x0000, 0x0000, 0x0000, 0x0000, 0x0000, 0x0000, 0x0000,
    0x0000, 0x0000, 0x0000, 0x0000, 0x0000, 0x0000, 0x0000, 0x0000,
    0x0000, 0x0000, 0x0000, 0x0000, 0x0000, 0x0000, 0x0000, 0x0000,
    0x0000, 0x0000, 0x0000, 0x0000, 0x0000, 0x0000, 0x0000, 0x0000,
    0x0000, 0x0000, 0x0000, 0x0000, 0x0000, 0x0000, 0x0000, 0x0000,
    0x0000, 0x0000, 0x0000, 0x0000, 0x0000, 0x0000, 0x0000, 0x0000,
    0x0000, 0x0000, 0x0000, 0x0000, 0x0000, 0x0000, 0x0000, 0x0000,
    0x0000, 0x0000, 0x0000, 0x0000, 0x0000, 0x0000, 0x0000, 0x0000,
    0x0000, 0x0000, 0x0000, 0x0000, 0x0000, 0x0000, 0x0000, 0x0000,
    0x0000, 0x0000, 0x0000, 0x0000, 0x0000, 0x0000, 0x0000, 0x0000,
    0x0000, 0x0000, 0x0000, 0x0000, 0x0000, 0x0000, 0x0000, 0x0000,
    0x0000, 0x0000, 0x0000, 0x0000, 0x0000, 0x0000, 0x0000, 0x0000,
    0x0000, 0x0000, 0x0000, 0x0000, 0x0000, 0x0000, 0x0000, 0x0000,
    0x0000, 0x0000, 0x0000, 0x0000, 0x0000, 0x0000, 0x0000, 0x0000,
    0x0000, 0x0000, 0x0000, 0x0000, 0x0000, 0x0000, 0x0000, 0x0000,
    0x0000, 0x0000, 0x0000, 0x0000, 0x0000, 0x0000, 0x0000, 0x0000,
    0x0000, 0x0000, 0x0000, 0x0000, 0x0000, 0x0000, 0x0000, 0x0000,
    0x0000, 0x0000, 0x0000, 0x0000, 0x0000, 0x0000, 0x0000, 0x0000,
    0x0000, 0x0000, 0x0000, 0x0000, 0x0000, 0x0000, 0x0000, 0x0000,
    0x0000, 0x0000, 0x0000, 0x0000, 0x0000, 0x0000, 0x0000, 0x0000,
    0x0000, 0x0000, 0x0000, 0x0000, 0x0000, 0x0000, 0x0000, 0x0000,
    0x0000, 0x0000, 0x0000, 0x0000, 0x0000, 0x0000, 0x0000, 0x0000,
    0x0000, 0x0000, 0x0000, 0x0000, 0x0000, 0x0000, 0x0000, 0x0000,
    0x0000, 0x0000, 0x0000, 0x0000, 0x0000, 0x0000, 0x0000, 0x0000,
    0x0000, 0x0000, 0x0000, 0x0000, 0x0000, 0x0000, 0x0000, 0x0000,
    0x0000, 0x0000, 0x0000, 0x0000, 0x0000, 0x0000, 0x0000, 0x0000,
    0x0000, 0x0000, 0x0000, 0x0000, 0x0000, 0x0000, 0x0000, 0x0000,
    0x0000, 0x0000, 0x0000, 0x0000, 0x0000, 0x0000, 0x0000, 0x0000,
    0x0000, 0x0000, 0x0000, 0x0000, 0x0000, 0x0000, 0x0000, 0x0000,
    0x0000, 0x0000, 0x0000, 0x0000, 0x0000, 0x0000, 0x0000, 0x0000,
    0x0000, 0x0000, 0x0000, 0x0000, 0x0000, 0x0000, 0x0000, 0x0000,
    0x0000, 0x0000, 0x0000, 0x0000, 0x0000, 0x0000, 0x0000, 0x0000,
    0x0000, 0x0000, 0x0000, 0x0000, 0x0000, 0x0000, 0x0000, 0x0000,
    0x0000, 0x0000, 0x0000, 0x0000, 0x0000, 0x0000, 0x0000, 0x0000,
    0x0000, 0x0000, 0x0000, 0x0000, 0x0000, 0x0000, 0x0000, 0x0000,
    0x0000, 0x0000, 0x0000, 0x0000, 0x0000, 0x0000, 0x0000, 0x0000,
    0x0000, 0x0000, 0x0000, 0x0000, 0x0000, 0x0000, 0x0000, 0x0000,
    0x0000, 0x0000, 0x0000, 0x0000, 0x0000, 0x0000, 0x0000, 0x0000,
    0x0000, 0x0000, 0x0000, 0x0000, 0x0000, 0x0000, 0x0000, 0x0000,
    0x0000, 0x0000, 0x0000, 0x0000, 0x0000, 0x0000, 0x0000, 0x0000,
    0x0000, 0x0000, 0x0000, 0x0000, 0x0000, 0x0000, 0x0000, 0x0000,
    0x0000, 0x0000, 0x0000, 0x0000, 0x0000, 0x0000, 0x0000, 0x0000,
    0x0000, 0x0000, 0x0000, 0x0000, 0x0000, 0x0000, 0x0000, 0x0000,
    0x0000, 0x0000, 0x0000, 0x0000, 0x0000, 0x0000, 0x0000, 0x0000,
    0x0000, 0x0000, 0x0000, 0x0000, 0x0000, 0x0000, 0x0000, 0x0000,
    0x0000, 0x0000, 0x0000, 0x0000, 0x0000, 0x0000, 0x0000, 0x0000,
    0x0000, 0x0000, 0x0000, 0x0000, 0x0000, 0x0000, 0x0000, 0x0000,
    0x0000, 0x0000, 0x0000, 0x0000, 0x0000, 0x0000, 0x0000, 0x0000,
    0x0000, 0x0000, 0x0000, 0x0000, 0x0000, 0x0000, 0x0000, 0x0000,
    0x0000, 0x0000, 0x0000, 0x0000, 0x0000, 0x0000, 0x0000, 0x0000,
    0x0000, 0x0000, 0x0000, 0x0000, 0x0000, 0x0000, 0x0000, 0x0000,
    0x0000, 0x0000, 0x0000, 0x0000, 0x0000, 0x0000, 0x0000, 0x0000,
    0x0000, 0x0000, 0x0000, 0x0000, 0x0000, 0x0000, 0x0000, 0x0000,
    0x0000, 0x0000, 0x0000, 0x0000, 0x0000, 0x0000, 0x0000, 0x0000,
    0x0000, 0x0000, 0x0000, 0x0000, 0x0000, 0x0000, 0x0000, 0x0000,
    0x0000, 0x0000, 0x0000, 0x0000, 0x0000, 0x0000, 0x0000, 0x0000,
    0x0000, 0x0000, 0x0000, 0x0000, 0x0000, 0x0000, 0x0000, 0x0000,
    0x0000, 0x0000, 0x0000, 0x0000, 0x0000, 0x0000, 0x0000, 0x0000,
    0x0000, 0x0000, 0x0000, 0x0000, 0x0000, 0x0000, 0x0000, 0x0000,
    0x0000, 0x0000, 0x0000, 0x0000, 0x0000, 0x0000, 0x0000, 0x0000,
    0x0000, 0x0000, 0x0000, 0x0000, 0x0000, 0x0000, 0x0000, 0x0000,
    0x0000, 0x0000, 0x0000, 0x0000, 0x0000, 0x0000, 0x0000, 0x0000,
    0x0000, 0x0000, 0x0000, 0x0000, 0x0000, 0x0000, 0x0000, 0x0000,
    0x0000, 0x0000, 0x0000, 0x0000, 0x0000, 0x0000, 0x0000, 0x0000,
    0x0000, 0x0000, 0x0000, 0x0000, 0x0000, 0x0000, 0x0000, 0x0000,
    0x0000, 0x0000, 0x0000, 0x0000, 0x0000, 0x0000, 0x0000, 0x0000,
    0x0000, 0x0000, 0x0000, 0x0000, 0x0000, 0x0000, 0x0000, 0x0000,
    0x0000, 0x0000, 0x0000, 0x0000, 0x0000, 0x0000, 0x0000, 0x0000,
    0x0000, 0x0000, 0x0000, 0x0000, 0x0000, 0x0000, 0x0000, 0x0000,
    0x0000, 0x0000, 0x0000, 0x0000, 0x0000, 0x0000, 0x0000, 0x0000,
    0x0000, 0x0000, 0x0000, 0x0000, 0x0000, 0x0000, 0x0000, 0x0000,
    0x0000, 0x0000, 0x0000, 0x0000, 0x0000, 0x0000, 0x0000, 0x0000,
    0x0000, 0x0000, 0x0000, 0x0000, 0x0000, 0x0000, 0x0000, 0x0000,
    0x0000, 0x0000, 0x0000, 0x0000, 0x0000, 0x0000, 0x0000, 0x0000,
    0x0000, 0x0000, 0x0000, 0x0000, 0x0000, 0x0000, 0x0000, 0x0000,
    0x0000, 0x0000, 0x0000, 0x0000, 0x0000, 0x0000, 0x0000, 0x0000,
    0x0000, 0x0000, 0x0000, 0x0000, 0x0000, 0x0000, 0x0000, 0x0000,
    0x0000, 0x0000, 0x0000, 0x0000, 0x0000, 0x0000, 0x0000, 0x0000,
    0x0000, 0x0000, 0x0000, 0x0000, 0x0000, 0x0000, 0x0000, 0x0000,
    0x0000, 0x0000, 0x0000, 0x0000, 0x0000, 0x0000, 0x0000, 0x0000,
    0x0000, 0x0000, 0x0000, 0x0000, 0x0000, 0x0000, 0x0000, 0x0000,
    0x0000, 0x0000, 0x0000, 0x0000, 0x0000, 0x0000, 0x0000, 0x0000,
    0x0000, 0x0000, 0x0000, 0x0000, 0x0000, 0x0000, 0x0000, 0x0000,
    0x0000, 0x0000, 0x0000, 0x0000, 0x0000, 0x0000, 0x0000, 0x0000,
    0x0000, 0x0000, 0x0000, 0x0000, 0x0000, 0x0000, 0x0000, 0x0000,
    0x0000, 0x0000, 0x0000, 0x0000, 0x0000, 0x0000, 0x0000, 0x0000,
    0x0000, 0x0000, 0x0000, 0x0000, 0x0000, 0x0000, 0x0000, 0x0000,
    0x0000, 0x0000, 0x0000, 0x0000, 0x0000, 0x0000, 0x0000, 0x0000,
    0x0000, 0x0000, 0x0000, 0x0000, 0x0000, 0x0000, 0x0000, 0x0000,
    0x0000, 0x0000, 0x0000, 0x0000, 0x0000, 0x0000, 0x0000, 0x0000,
    0x0000, 0x0000, 0x0000, 0x0000, 0x0000, 0x0000, 0x0000, 0x0000,
    0x0000, 0x0000, 0x0000, 0x0000, 0x0000, 0x0000, 0x0000, 0x0000,
    0x0000, 0x0000, 0x0000, 0x0000, 0x0000, 0x0000, 0x0000, 0x0000,
    0x0000, 0x0000, 0x0000, 0x0000, 0x0000, 0x0000, 0x0000, 0x0000,
    0x0000, 0x0000, 0x0000, 0x0000, 0x0000, 0x0000, 0x0000, 0x0000,
    0x0000, 0x0000, 0x0000, 0x0000, 0x0000, 0x0000, 0x0000, 0x0000,
    0x0000, 0x0000, 0x0000, 0x0000, 0x0000, 0x0000, 0x0000, 0x0000,
    0x0000, 0x0000, 0x0000, 0x0000, 0x0000, 0x0000, 0x0000, 0x0000,
    0x0000, 0x0000, 0x0000, 0x0000, 0x0000, 0x0000, 0x0000, 0x0000,
    0x0000, 0x0000, 0x0000, 0x0000, 0x0000, 0x0000, 0x0000, 0x0000,
    0x0000, 0x0000, 0x0000, 0x0000, 0x0000, 0x0000, 0x0000, 0x0000,
    0x0000, 0x0000, 0x0000, 0x0000, 0x0000, 0x0000, 0x0000, 0x0000,
    0x0000, 0x0000, 0x0000, 0x0000, 0x0000, 0x0000, 0x0000, 0x0000,
    0x0000, 0x0000, 0x0000, 0x0000, 0x0000, 0x0000, 0x0000, 0x0000,
    0x0000, 0x0000, 0x0000, 0x0000, 0x0000, 0x0000, 0x0000, 0x0000,
    0x0000, 0x0000, 0x0000, 0x0000, 0x0000, 0x0000, 0x0000, 0x0000,
    0x0000, 0x0000, 0x0000, 0x0000, 0x0000, 0x0000, 0x0000, 0x0000,
    0x0000, 0x0000, 0x0000, 0x0000, 0x0000, 0x0000, 0x0000, 0x0000,
    0x0000, 0x0000, 0x0000, 0x0000, 0x0000, 0x0000, 0x0000, 0x0000,
    0x0000, 0x0000, 0x0000, 0x0000, 0x0000, 0x0000, 0x0000, 0x0000,
    0x0000, 0x0000, 0x0000, 0x0000, 0x0000, 0x0000, 0x0000, 0x0000,
    0x0000, 0x0000, 0x0000, 0x0000, 0x0000, 0x0000, 0x0000, 0x0000,
    0x0000, 0x0000, 0x0000, 0x0000, 0x0000, 0x0000, 0x0000, 0x0000,
    0x0000, 0x0000, 0x0000, 0x0000, 0x0000, 0x0000, 0x0000, 0x0000,
    0x0000, 0x0000, 0x0000, 0x0000, 0x0000, 0x0000, 0x0000, 0x0000,
    0x0000, 0x0000, 0x0000, 0x0000, 0x0000, 0x0000, 0x0000, 0x0000,
    0x0000, 0x0000, 0x0000, 0x0000, 0x0000, 0x0000, 0x0000, 0x0000,
    0x0000, 0x0000, 0x0000, 0x0000, 0x0000, 0x0000, 0x0000, 0x0000,
    0x0000, 0x0000, 0x0000, 0x0000, 0x0000, 0x0000, 0x0000, 0x0000,
    0x0000, 0x0000, 0x0000, 0x0000, 0x0000, 0x0000, 0x0000, 0x0000,
    0x0000, 0x0000, 0x0000, 0x0000, 0x0000, 0x0000, 0x0000, 0x0000,
    0x0000, 0x0000, 0x0000, 0x0000, 0x0000, 0x0000, 0x0000, 0x0000,
    0x0000, 0x0000, 0x0000, 0x0000, 0x0000, 0x0000, 0x0000, 0x0000,
    0x0000, 0x0000, 0x0000, 0x0000, 0x0000, 0x0000, 0x0000, 0x0000,
    0x0000, 0x0000, 0x0000, 0x0000, 0x0000, 0x0000, 0x0000, 0x0000,
    0x0000, 0x0000, 0x0000, 0x0000, 0x0000, 0x0000, 0x0000, 0x0000,
    0x0000, 0x0000, 0x0000, 0x0000, 0x0000, 0x0000, 0x0000, 0x0000,
    0x0000, 0x0000, 0x0000, 0x0000, 0x0000, 0x0000, 0x0000, 0x0000,
    0x0000, 0x0000, 0x0000, 0x0000, 0x0000, 0x0000, 0x0000, 0x0000,
    0x0000, 0x0000, 0x0000, 0x0000, 0x0000, 0x0000, 0x0000, 0x0000,
    0x0000, 0x0000, 0x0000, 0x0000, 0x0000, 0x0000, 0x0000, 0x0000,
    0x0000, 0x0000, 0x0000, 0x0000, 0x0000, 0x0000, 0x0000, 0x0000,
    0x0000, 0x0000, 0x0000, 0x0000, 0x0000, 0x0000, 0x0000, 0x0000,
    0x0000, 0x0000, 0x0000, 0x0000, 0x0000, 0x0000, 0x0000, 0x0000,
    0x0000, 0x0000, 0x0000, 0x0000, 0x0000, 0x0000, 0x0000, 0x0000,
    0x0000, 0x0000, 0x0000, 0x0000, 0x0000, 0x0000, 0x0000, 0x0000,
    0x0000, 0x0000, 0x0000, 0x0000, 0x0000, 0x0000, 0x0000, 0x0000,
    0x0000, 0x0000, 0x0000, 0x0000, 0x0000, 0x0000, 0x0000, 0x0000,
    0x0000, 0x0000, 0x0000, 0x0000, 0x0000, 0x0000, 0x0000, 0x0000,
    0x0000, 0x0000, 0x0000, 0x0000, 0x0000, 0x0000, 0x0000, 0x0000,
    0x0000, 0x0000, 0x0000, 0x0000, 0x0000, 0x0000, 0x0000, 0x0000,
    0x0000, 0x0000, 0x0000, 0x0000, 0x0000, 0x0000, 0x0000, 0x0000,
    0x0000, 0x0000, 0x0000, 0x0000, 0x0000, 0x0000, 0x0000, 0x0000,
    0x0000, 0x0000, 0x0000, 0x0000, 0x0000, 0x0000, 0x0000, 0x0000,
    0x0000, 0x0000, 0x0000, 0x0000, 0x0000, 0x0000, 0x0000, 0x0000,
    0x0000, 0x0000, 0x0000, 0x0000, 0x0000, 0x0000, 0x0000, 0x0000,
    0x0000, 0x0000, 0x0000, 0x0000, 0x0000, 0x0000, 0x0000, 0x0000,
    0x0000, 0x0000, 0x0000, 0x0000, 0x0000, 0x0000, 0x0000, 0x0000,
    0x0000, 0x0000, 0x0000, 0x0000, 0x0000, 0x0000, 0x0000, 0x0000,
    0x0000, 0x0000, 0x0000, 0x0000, 0x0000, 0x0000, 0x0000, 0x0000,
    0x0000, 0x0000, 0x0000, 0x0000, 0x0000, 0x0000, 0x0000, 0x0000,
    0x0000, 0x0000, 0x0000, 0x0000, 0x0000, 0x0000, 0x0000, 0x0000,
    0x0000, 0x0000, 0x0000, 0x0000, 0x0000, 0x0000, 0x0000, 0x0000,
    0x0000, 0x0000, 0x0000, 0x0000, 0x0000, 0x0000, 0x0000, 0x0000,
    0x0000, 0x0000, 0x0000, 0x0000, 0x0000, 0x0000, 0x0000, 0x0000,
    0x0000, 0x0000, 0x0000, 0x0000, 0x0000, 0x0000, 0x0000, 0x0000,
    0x0000, 0x0000, 0x0000, 0x0000, 0x0000, 0x0000, 0x0000, 0x0000,
    0x0000, 0x0000, 0x0000, 0x0000, 0x0000, 0x0000, 0x0000, 0x0000,
    0x0000, 0x0000, 0x0000, 0x0000, 0x0000, 0x0000, 0x0000, 0x0000,
    0x0000, 0x0000, 0x0000, 0x0000, 0x0000, 0x0000, 0x0000, 0x0000,
    0x0000, 0x0000, 0x0000, 0x0000, 0x0000, 0x0000, 0x0000, 0x0000,
    0x0000, 0x0000, 0x0000, 0x0000, 0x0000, 0x0000, 0x0000, 0x0000,
    0x0000, 0x0000, 0x0000, 0x0000, 0x0000, 0x0000, 0x0000, 0x0000,
    0x0000, 0x0000, 0x0000, 0x0000, 0x0000, 0x0000, 0x0000, 0x0000,
    0x0000, 0x0000, 0x0000, 0x0000, 0x0000, 0x0000, 0x0000, 0x0000,
    0x0000, 0x0000, 0x0000, 0x0000, 0x0000, 0x0000, 0x0000, 0x0000,
    0x0000, 0x0000, 0x0000, 0x0000, 0x0000, 0x0000, 0x0000, 0x0000,
    0x0000, 0x0000, 0x0000, 0x0000, 0x0000, 0x0000, 0x0000, 0x0000,
    0x0000, 0x0000, 0x0000, 0x0000, 0x0000, 0x0000, 0x0000, 0x0000,
    0x0000, 0x0000, 0x0000, 0x0000, 0x0000, 0x0000, 0x0000, 0x0000,
    0x0000, 0x0000, 0x0000, 0x0000, 0x0000, 0x0000, 0x0000, 0x0000,
    0x0000, 0x0000, 0x0000, 0x0000, 0x0000, 0x0000, 0x0000, 0x0000,
    0x0000, 0x0000, 0x0000, 0x0000, 0x0000, 0x0000, 0x0000, 0x0000,
    0x0000, 0x0000, 0x0000, 0x0000, 0x0000, 0x0000, 0x0000, 0x0000,
    0x0000, 0x0000, 0x0000, 0x0000, 0x0000, 0x0000, 0x0000, 0x0000,
    0x0000, 0x0000, 0x0000, 0x0000, 0x0000, 0x0000, 0x0000, 0x0000,
    0x0000, 0x0000, 0x0000, 0x0000, 0x0000, 0x0000, 0x0000, 0x0000,
    0x0000, 0x0000, 0x0000, 0x0000, 0x0000, 0x0000, 0x0000, 0x0000,
    0x0000, 0x0000, 0x0000, 0x0000, 0x0000, 0x0000, 0x0000, 0x0000,
    0x0000, 0x0000, 0x0000, 0x0000, 0x0000, 0x0000, 0x0000, 0x0000,
    0x0000, 0x0000, 0x0000, 0x0000, 0x0000, 0x0000, 0x0000, 0x0000,
    0x0000, 0x0000, 0x0000, 0x0000, 0x0000, 0x0000, 0x0000, 0x0000,
    0x0000, 0x0000, 0x0000, 0x0000, 0x0000, 0x0000, 0x0000, 0x0000,
    0x0000, 0x0000, 0x0000, 0x0000, 0x0000, 0x0000, 0x0000, 0x0000,
    0x0000, 0x0000, 0x0000, 0x0000, 0x0000, 0x0000, 0x0000, 0x0000,
    0x0000, 0x0000, 0x0000, 0x0000, 0x0000, 0x0000, 0x0000, 0x0000,
    0x0000, 0x0000, 0x0000, 0x0000, 0x0000, 0x0000, 0x0000, 0x0000,
    0x0000, 0x0000, 0x0000, 0x0000, 0x0000, 0x0000, 0x0000, 0x0000,
    0x0000, 0x0000, 0x0000, 0x0000, 0x0000, 0x0000, 0x0000, 0x0000,
    0x0000, 0x0000, 0x0000, 0x0000, 0x0000, 0x0000, 0x0000, 0x0000,
    0x0000, 0x0000, 0x0000, 0x0000, 0x0000, 0x0000, 0x0000, 0x0000,
    0x0000, 0x0000, 0x0000, 0x0000, 0x0000, 0x0000, 0x0000, 0x0000,
    0x0000, 0x0000, 0x0000, 0x0000, 0x0000, 0x0000, 0x0000, 0x0000,
    0x0000, 0x0000, 0x0000, 0x0000, 0x0000, 0x0000, 0x0000, 0x0000,
    0x0000, 0x0000, 0x0000, 0x0000, 0x0000, 0x0000, 0x0000, 0x0000,
    0x0000, 0x0000, 0x0000, 0x0000, 0x0000, 0x0000, 0x0000, 0x0000,
    0x0000, 0x0000, 0x0000, 0x0000, 0x0000, 0x0000, 0x0000, 0x0000,
    0x0000, 0x0000, 0x0000, 0x0000, 0x0000, 0x0000, 0x0000, 0x0000,
    0x0000, 0x0000, 0x0000, 0x0000, 0x0000, 0x0000, 0x0000, 0x0000,
    0x0000, 0x0000, 0x0000, 0x0000, 0x0000, 0x0000, 0x0000, 0x0000,
    0x0000, 0x0000, 0x0000, 0x0000, 0x0000, 0x0000, 0x0000, 0x0000,
    0x0000, 0x0000, 0x0000, 0x0000, 0x0000, 0x0000, 0x0000, 0x0000,
    0x0000, 0x0000, 0x0000, 0x0000, 0x0000, 0x0000, 0x0000, 0x0000,
    0x0000, 0x0000, 0x0000, 0x0000, 0x0000, 0x0000, 0x0000, 0x0000,
    0x0000, 0x0000, 0x0000, 0x0000, 0x0000, 0x0000, 0x0000, 0x0000,
    0x0000, 0x0000, 0x0000, 0x0000, 0x0000, 0x0000, 0x0000, 0x0000,
    0x0000, 0x0000, 0x0000, 0x0000, 0x0000, 0x0000, 0x0000, 0x0000,
    0x0000, 0x0000, 0x0000, 0x0000, 0x0000, 0x0000, 0x0000, 0x0000,
    0x0000, 0x0000, 0x0000, 0x0000, 0x0000, 0x0000, 0x0000, 0x0000,
    0x0000, 0x0000, 0x0000, 0x0000, 0x0000, 0x0000, 0x0000, 0x0000,
    0x0000, 0x0000, 0x0000, 0x0000, 0x0000, 0x0000, 0x0000, 0x0000,
    0x0000, 0x0000, 0x0000, 0x0000, 0x0000, 0x0000, 0x0000, 0x0000,
    0x0000, 0x0000, 0x0000, 0x0000, 0x0000, 0x0000, 0x0000, 0x0000,
    0x0000, 0x0000, 0x0000, 0x0000, 0x0000, 0x0000, 0x0000, 0x0000,
    0x0000, 0x0000, 0x0000, 0x0000, 0x0000, 0x0000, 0x0000, 0x0000,
    0x0000, 0x0000, 0x0000, 0x0000, 0x0000, 0x0000, 0x0000, 0x0000,
    0x0000, 0x0000, 0x0000, 0x0000, 0x0000, 0x0000, 0x0000, 0x0000,
    0x0000, 0x0000, 0x0000, 0x0000, 0x0000, 0x0000, 0x0000, 0x0000,
    0x0000, 0x0000, 0x0000, 0x0000, 0x0000, 0x0000, 0x0000, 0x0000,
    0x0000, 0x0000, 0x0000, 0x0000, 0x0000, 0x0000, 0x0000, 0x0000,
    0x0000, 0x0000, 0x0000, 0x0000, 0x0000, 0x0000, 0x0000, 0x0000,
    0x0000, 0x0000, 0x0000, 0x0000, 0x0000, 0x0000, 0x0000, 0x0000,
    0x0000, 0x0000, 0x0000, 0x0000, 0x0000, 0x0000, 0x0000, 0x0000,
    0x0000, 0x0000, 0x0000, 0x0000, 0x0000, 0x0000, 0x0000, 0x0000,
    0x0000, 0x0000, 0x0000, 0x0000, 0x0000, 0x0000, 0x0000, 0x0000,
    0x0000, 0x0000, 0x0000, 0x0000, 0x0000, 0x0000, 0x0000, 0x0000,
    0x0000, 0x0000, 0x0000, 0x0000, 0x0000, 0x0000, 0x0000, 0x0000,
    0x0000, 0x0000, 0x0000, 0x0000, 0x0000, 0x0000, 0x0000, 0x0000,
    0x0000, 0x0000, 0x0000, 0x0000, 0x0000, 0x0000, 0x0000, 0x0000,
    0x0000, 0x0000, 0x0000, 0x0000, 0x0000, 0x0000, 0x0000, 0x0000,
    0x0000, 0x0000, 0x0000, 0x0000, 0x0000, 0x0000, 0x0000, 0x0000,
    0x0000, 0x0000, 0x0000, 0x0000, 0x0000, 0x0000, 0x0000, 0x0000,
    0x0000, 0x0000, 0x0000, 0x0000, 0x0000, 0x0000, 0x0000, 0x0000,
    0x0000, 0x0000, 0x0000, 0x0000, 0x0000, 0x0000, 0x0000, 0x0000,
    0x0000, 0x0000, 0x0000, 0x0000, 0x0000, 0x0000, 0x0000, 0x0000,
    0x0000, 0x0000, 0x0000, 0x0000, 0x0000, 0x0000, 0x0000, 0x0000,
    0x0000, 0x0000, 0x0000, 0x0000, 0x0000, 0x0000, 0x0000, 0x0000,
    0x0000, 0x0000, 0x0000, 0x0000, 0x0000, 0x0000, 0x0000, 0x0000,
    0x0000, 0x0000, 0x0000, 0x0000, 0x0000, 0x0000, 0x0000, 0x0000,
    0x0000, 0x0000, 0x0000, 0x0000, 0x0000, 0x0000, 0x0000, 0x0000,
    0x0000, 0x0000, 0x0000, 0x0000, 0x0000, 0x0000, 0x0000, 0x0000,
    0x0000, 0x0000, 0x0000, 0x0000, 0x0000, 0x0000, 0x0000, 0x0000,
    0x0000, 0x0000, 0x0000, 0x0000, 0x0000, 0x0000, 0x0000, 0x0000,
    0x0000, 0x0000, 0x0000, 0x0000, 0x0000, 0x0000, 0x0000, 0x0000,
    0x0000, 0x0000, 0x0000, 0x0000, 0x0000, 0x0000, 0x0000, 0x0000,
    0x0000, 0x0000, 0x0000, 0x0000, 0x0000, 0x0000, 0x0000, 0x0000,
    0x0000, 0x0000, 0x0000, 0x0000, 0x0000, 0x0000, 0x0000, 0x0000,
    0x0000, 0x0000, 0x0000, 0x0000, 0x0000, 0x0000, 0x0000, 0x0000,
    0x0000, 0x0000, 0x0000, 0x0000, 0x0000, 0x0000, 0x0000, 0x0000,
    0x0000, 0x0000, 0x0000, 0x0000, 0x0000, 0x0000, 0x0000, 0x0000,
    0x0000, 0x0000, 0x0000, 0x0000, 0x0000, 0x0000, 0x0000, 0x0000,
    0x0000, 0x0000, 0x0000, 0x0000, 0x0000, 0x0000, 0x0000, 0x0000,
    0x0000, 0x0000, 0x0000, 0x0000, 0x0000, 0x0000, 0x0000, 0x0000,
    0x0000, 0x0000, 0x0000, 0x0000, 0x0000, 0x0000, 0x0000, 0x0000,
    0x0000, 0x0000, 0x0000, 0x0000, 0x0000, 0x0000, 0x0000, 0x0000,
    0x0000, 0x0000, 0x0000, 0x0000, 0x0000, 0x0000, 0x0000, 0x0000,
    0x0000, 0x0000, 0x0000, 0x0000, 0x0000, 0x0000, 0x0000, 0x0000,
    0x0000, 0x0000, 0x0000, 0x0000, 0x0000, 0x0000, 0x0000, 0x0000,
    0x0000, 0x0000, 0x0000, 0x0000, 0x0000, 0x0000, 0x0000, 0x0000,
    0x0000, 0x0000, 0x0000, 0x0000, 0x0000, 0x0000, 0x0000, 0x0000,
    0x0000, 0x0000, 0x0000, 0x0000, 0x0000, 0x0000, 0x0000, 0x0000,
    0x0000, 0x0000, 0x0000, 0x0000, 0x0000, 0x0000, 0x0000, 0x0000,
    0x0000, 0x0000, 0x0000, 0x0000, 0x0000, 0x0000, 0x0000, 0x0000,
    0x0000, 0x0000, 0x0000, 0x0000, 0x0000, 0x0000, 0x0000, 0x0000,
    0x0000, 0x0000, 0x0000, 0x0000, 0x0000, 0x0000, 0x0000, 0x0000,
    0x0000, 0x0000, 0x0000, 0x0000, 0x0000, 0x0000, 0x0000, 0x0000,
    0x0000, 0x0000, 0x0000, 0x0000, 0x0000, 0x0000, 0x0000, 0x0000,
    0x0000, 0x0000, 0x0000, 0x0000, 0x0000, 0x0000, 0x0000, 0x0000,
    0x0000, 0x0000, 0x0000, 0x0000, 0x0000, 0x0000, 0x0000, 0x0000,
    0x0000, 0x0000, 0x0000, 0x0000, 0x0000, 0x0000, 0x0000, 0x0000,
    0x0000, 0x0000, 0x0000, 0x0000, 0x0000, 0x0000, 0x0000, 0x0000,
    0x0000, 0x0000, 0x0000, 0x0000, 0x0000, 0x0000, 0x0000, 0x0000,
    0x0000, 0x0000, 0x0000, 0x0000, 0x0000, 0x0000, 0x0000, 0x0000,
    0x0000, 0x0000, 0x0000, 0x0000, 0x0000, 0x0000, 0x0000, 0x0000,
    0x0000, 0x0000, 0x0000, 0x0000, 0x0000, 0x0000, 0x0000, 0x0000,
    0x0000, 0x0000, 0x0000, 0x0000, 0x0000, 0x0000, 0x0000, 0x0000,
    0x0000, 0x0000, 0x0000, 0x0000, 0x0000, 0x0000, 0x0000, 0x0000,
    0x0000, 0x0000, 0x0000, 0x0000, 0x0000, 0x0000, 0x0000, 0x0000,
    0x0000, 0x0000, 0x0000, 0x0000, 0x0000, 0x0000, 0x0000, 0x0000,
    0x0000, 0x0000, 0x0000, 0x0000, 0x0000, 0x0000, 0x0000, 0x0000,
    0x0000, 0x0000, 0x0000, 0x0000, 0x0000, 0x0000, 0x0000, 0x0000,
    0x0000, 0x0000, 0x0000, 0x0000, 0x0000, 0x0000, 0x0000, 0x0000,
    0x0000, 0x0000, 0x0000, 0x0000, 0x0000, 0x0000, 0x0000, 0x0000,
    0x0000, 0x0000, 0x0000, 0x0000, 0x0000, 0x0000, 0x0000, 0x0000,
    0x0000, 0x0000, 0x0000, 0x0000, 0x0000, 0x0000, 0x0000, 0x0000,
    0x0000, 0x0000, 0x0000, 0x0000, 0x0000, 0x0000, 0x0000, 0x0000,
    0x0000, 0x0000, 0x0000, 0x0000, 0x0000, 0x0000, 0x0000, 0x0000,
    0x0000, 0x0000, 0x0000, 0x0000, 0x0000, 0x0000, 0x0000, 0x0000,
    0x0000, 0x0000, 0x0000, 0x0000, 0x0000, 0x0000, 0x0000, 0x0000,
    0x0000, 0x0000, 0x0000, 0x0000, 0x0000, 0x0000, 0x0000, 0x0000,
    0x0000, 0x0000, 0x0000, 0x0000, 0x0000, 0x0000, 0x0000, 0x0000,
    0x0000, 0x0000, 0x0000, 0x0000, 0x0000, 0x0000, 0x0000, 0x0000,
    0x0000, 0x0000, 0x0000, 0x0000, 0x0000, 0x0000, 0x0000, 0x0000,
    0x0000, 0x0000, 0x0000, 0x0000, 0x0000, 0x0000, 0x0000, 0x0000,
    0x0000, 0x0000, 0x0000, 0x0000, 0x0000, 0x0000, 0x0000, 0x0000,
    0x0000, 0x0000, 0x0000, 0x0000, 0x0000, 0x0000, 0x0000, 0x0000,
    0x0000, 0x0000, 0x0000, 0x0000, 0x0000, 0x0000, 0x0000, 0x0000,
    0x0000, 0x0000, 0x0000, 0x0000, 0x0000, 0x0000, 0x0000, 0x0000,
    0x0000, 0x0000, 0x0000, 0x0000, 0x0000, 0x0000, 0x0000, 0x0000,
    0x0000, 0x0000, 0x0000, 0x0000, 0x0000, 0x0000, 0x0000, 0x0000,
    0x0000, 0x0000, 0x0000, 0x0000, 0x0000, 0x0000, 0x0000, 0x0000,
    0x0000, 0x0000, 0x0000, 0x0000, 0x0000, 0x0000, 0x0000, 0x0000,
    0x0000, 0x0000, 0x0000, 0x0000, 0x0000, 0x0000, 0x0000, 0x0000,
    0x0000, 0x0000, 0x0000, 0x0000, 0x0000, 0x0000, 0x0000, 0x0000,
    0x0000, 0x0000, 0x0000, 0x0000, 0x0000, 0x0000, 0x0000, 0x0000,
    0x0000, 0x0000, 0x0000, 0x0000, 0x0000, 0x0000, 0x0000, 0x0000,
    0x0000, 0x0000, 0x0000, 0x0000, 0x0000, 0x0000, 0x0000, 0x0000,
    0x0000, 0x0000, 0x0000, 0x0000, 0x0000, 0x0000, 0x0000, 0x0000,
    0x0000, 0x0000, 0x0000, 0x0000, 0x0000, 0x0000, 0x0000, 0x0000,
    0x0000, 0x0000, 0x0000, 0x0000, 0x0000, 0x0000, 0x0000, 0x0000,
    0x0000, 0x0000, 0x0000, 0x0000, 0x0000, 0x0000, 0x0000, 0x0000,
    0x0000, 0x0000, 0x0000, 0x0000, 0x0000, 0x0000, 0x0000, 0x0000,
    0x0000, 0x0000, 0x0000, 0x0000, 0x0000, 0x0000, 0x0000, 0x0000,
    0x0000, 0x0000, 0x0000, 0x0000, 0x0000, 0x0000, 0x0000, 0x0000,
    0x0000, 0x0000, 0x0000, 0x0000, 0x0000, 0x0000, 0x0000, 0x0000,
    0x0000, 0x0000, 0x0000, 0x0000, 0x0000, 0x0000, 0x0000, 0x0000,
    0x0000, 0x0000, 0x0000, 0x0000, 0x0000, 0x0000, 0x0000, 0x0000,
    0x0000, 0x0000, 0x0000, 0x0000, 0x0000, 0x0000, 0x0000, 0x0000,
    0x0000, 0x0000, 0x0000, 0x0000, 0x0000, 0x0000, 0x0000, 0x0000,
    0x0000, 0x0000, 0x0000, 0x0000, 0x0000, 0x0000, 0x0000, 0x0000,
    0x0000, 0x0000, 0x0000, 0x0000, 0x0000, 0x0000, 0x0000, 0x0000,
    0x0000, 0x0000, 0x0000, 0x0000, 0x0000, 0x0000, 0x0000, 0x0000,
    0x0000, 0x0000, 0x0000, 0x0000, 0x0000, 0x0000, 0x0000, 0x0000,
    0x0000, 0x0000, 0x0000, 0x0000, 0x0000, 0x0000, 0x0000, 0x0000,
    0x0000, 0x0000, 0x0000, 0x0000, 0x0000, 0x0000, 0x0000, 0x0000,
    0x0000, 0x0000, 0x0000, 0x0000, 0x0000, 0x0000, 0x0000, 0x0000,
    0x0000, 0x0000, 0x0000, 0x0000, 0x0000, 0x0000, 0x0000, 0x0000,
    0x0000, 0x0000, 0x0000, 0x0000, 0x0000, 0x0000, 0x0000, 0x0000,
    0x0000, 0x0000, 0x0000, 0x0000, 0x0000, 0x0000, 0x0000, 0x0000,
    0x0000, 0x0000, 0x0000, 0x0000, 0x0000, 0x0000, 0x0000, 0x0000,
    0x0000, 0x0000, 0x0000, 0x0000, 0x0000, 0x0000, 0x0000, 0x0000,
    0x0000, 0x0000, 0x0000, 0x0000, 0x0000, 0x0000, 0x0000, 0x0000,
    0x0000, 0x0000, 0x0000, 0x0000, 0x0000, 0x0000, 0x0000, 0x0000,
    0x0000, 0x0000, 0x0000, 0x0000, 0x0000, 0x0000, 0x0000, 0x0000,
    0x0000, 0x0000, 0x0000, 0x0000, 0x0000, 0x0000, 0x0000, 0x0000,
    0x0000, 0x0000, 0x0000, 0x0000, 0x0000, 0x0000, 0x0000, 0x0000,
    0x0000, 0x0000, 0x0000, 0x0000, 0x0000, 0x0000, 0x0000, 0x0000,
    0x0000, 0x0000, 0x0000, 0x0000, 0x0000, 0x0000, 0x0000, 0x0000,
    0x0000, 0x0000, 0x0000, 0x0000, 0x0000, 0x0000, 0x0000, 0x0000,
    0x0000, 0x0000, 0x0000, 0x0000, 0x0000, 0x0000, 0x0000, 0x0000,
    0x0000, 0x0000, 0x0000, 0x0000, 0x0000, 0x0000, 0x0000, 0x0000,
    0x0000, 0x0000, 0x0000, 0x0000, 0x0000, 0x0000, 0x0000, 0x0000,
    0x0000, 0x0000, 0x0000, 0x0000, 0x0000, 0x0000, 0x0000, 0x0000,
    0x0000, 0x0000, 0x0000, 0x0000, 0x0000, 0x0000, 0x0000, 0x0000,
    0x0000, 0x0000, 0x0000, 0x0000, 0x0000, 0x0000, 0x0000, 0x0000,
    0x0000, 0x0000, 0x0000, 0x0000, 0x0000, 0x0000, 0x0000, 0x0000,
    0x0000, 0x0000, 0x0000, 0x0000, 0x0000, 0x0000, 0x0000, 0x0000,
    0x0000, 0x0000, 0x0000, 0x0000, 0x0000, 0x0000, 0x0000, 0x0000,
    0x0000, 0x0000, 0x0000, 0x0000, 0x0000, 0x0000, 0x0000, 0x0000,
    0x0000, 0x0000, 0x0000, 0x0000, 0x0000, 0x0000, 0x0000, 0x0000,
    0x0000, 0x0000, 0x0000, 0x0000, 0x0000, 0x0000, 0x0000, 0x0000,
    0x0000, 0x0000, 0x0000, 0x0000, 0x0000, 0x0000, 0x0000, 0x0000,
    0x0000, 0x0000, 0x0000, 0x0000, 0x0000, 0x0000, 0x0000, 0x0000,
    0x0000, 0x0000, 0x0000, 0x0000, 0x0000, 0x0000, 0x0000, 0x0000,
    0x0000, 0x0000, 0x0000, 0x0000, 0x0000, 0x0000, 0x0000, 0x0000,
    0x0000, 0x0000, 0x0000, 0x0000, 0x0000, 0x0000, 0x0000, 0x0000,
    0x0000, 0x0000, 0x0000, 0x0000, 0x0000, 0x0000, 0x0000, 0x0000,
    0x0000, 0x0000, 0x0000, 0x0000, 0x0000, 0x0000, 0x0000, 0x0000,
    0x0000, 0x0000, 0x0000, 0x0000, 0x0000, 0x0000, 0x0000, 0x0000,
    0x0000, 0x0000, 0x0000, 0x0000, 0x0000, 0x0000, 0x0000, 0x0000,
    0x0000, 0x0000, 0x0000, 0x0000, 0x0000, 0x0000, 0x0000, 0x0000,
    0x0000, 0x0000, 0x0000, 0x0000, 0x0000, 0x0000, 0x0000, 0x0000,
    0x0000, 0x0000, 0x0000, 0x0000, 0x0000, 0x0000, 0x0000, 0x0000,
    0x0000, 0x0000, 0x0000, 0x0000, 0x0000, 0x0000, 0x0000, 0x0000,
    0x0000, 0x0000, 0x0000, 0x0000, 0x0000, 0x0000, 0x0000, 0x0000,
    0x0000, 0x0000, 0x0000, 0x0000, 0x0000, 0x0000, 0x0000, 0x0000,
    0x0000, 0x0000, 0x0000, 0x0000, 0x0000, 0x0000, 0x0000, 0x0000,
    0x0000, 0x0000, 0x0000, 0x0000, 0x0000, 0x0000, 0x0000, 0x0000,
    0x0000, 0x0000, 0x0000, 0x0000, 0x0000, 0x0000, 0x0000, 0x0000,
    0x0000, 0x0000, 0x0000, 0x0000, 0x0000, 0x0000, 0x0000, 0x0000,
    0x0000, 0x0000, 0x0000, 0x0000, 0x0000, 0x0000, 0x0000, 0x0000,
    0x0000, 0x0000, 0x0000, 0x0000, 0x0000, 0x0000, 0x0000, 0x0000,
    0x0000, 0x0000, 0x0000, 0x0000, 0x0000, 0x0000, 0x0000, 0x0000,
    0x0000, 0x0000, 0x0000, 0x0000, 0x0000, 0x0000, 0x0000, 0x0000,
    0x0000, 0x0000, 0x0000, 0x0000, 0x0000, 0x0000, 0x0000, 0x0000,
    0x0000, 0x0000, 0x0000, 0x0000, 0x0000, 0x0000, 0x0000, 0x0000,
    0x0000, 0x0000, 0x0000, 0x0000, 0x0000, 0x0000, 0x0000, 0x0000,
    0x0000, 0x0000, 0x0000, 0x0000, 0x0000, 0x0000, 0x0000, 0x0000,
    0x0000, 0x0000, 0x0000, 0x0000, 0x0000, 0x0000, 0x0000, 0x0000,
    0x0000, 0x0000, 0x0000, 0x0000, 0x0000, 0x0000, 0x0000, 0x0000,
    0x0000, 0x0000, 0x0000, 0x0000, 0x0000, 0x0000, 0x0000, 0x0000,
    0x0000, 0x0000, 0x0000, 0x0000, 0x0000, 0x0000, 0x0000, 0x0000,
    0x0000, 0x0000, 0x0000, 0x0000, 0x0000, 0x0000, 0x0000, 0x0000,
    0x0000, 0x0000, 0x0000, 0x0000, 0x0000, 0x0000, 0x0000, 0x0000,
    0x0000, 0x0000, 0x0000, 0x0000, 0x0000, 0x0000, 0x0000, 0x0000,
    0x0000, 0x0000, 0x0000, 0x0000, 0x0000, 0x0000, 0x0000, 0x0000,
    0x0000, 0x0000, 0x0000, 0x0000, 0x0000, 0x0000, 0x0000, 0x0000,
    0x0000, 0x0000, 0x0000, 0x0000, 0x0000, 0x0000, 0x0000, 0x0000,
    0x0000, 0x0000, 0x0000, 0x0000, 0x0000, 0x0000, 0x0000, 0x0000,
    0x0000, 0x0000, 0x0000, 0x0000, 0x0000, 0x0000, 0x0000, 0x0000,
    0x0000, 0x0000, 0x0000, 0x0000, 0x0000, 0x0000, 0x0000, 0x0000,
    0x0000, 0x0000, 0x0000, 0x0000, 0x0000, 0x0000, 0x0000, 0x0000,
    0x0000, 0x0000, 0x0000, 0x0000, 0x0000, 0x0000, 0x0000, 0x0000,
    0x0000, 0x0000, 0x0000, 0x0000, 0x0000, 0x0000, 0x0000, 0x0000,
    0x0000, 0x0000, 0x0000, 0x0000, 0x0000, 0x0000, 0x0000, 0x0000,
    0x0000, 0x0000, 0x0000, 0x0000, 0x0000, 0x0000, 0x0000, 0x0000,
    0x0000, 0x0000, 0x0000, 0x0000, 0x0000, 0x0000, 0x0000, 0x0000,
    0x0000, 0x0000, 0x0000, 0x0000, 0x0000, 0x0000, 0x0000, 0x0000,
    0x0000, 0x0000, 0x0000, 0x0000, 0x0000, 0x0000, 0x0000, 0x0000,
    0x0000, 0x0000, 0x0000, 0x0000, 0x0000, 0x0000, 0x0000, 0x0000,
    0x0000, 0x0000, 0x0000, 0x0000, 0x0000, 0x0000, 0x0000, 0x0000,
    0x0000, 0x0000, 0x0000, 0x0000, 0x0000, 0x0000, 0x0000, 0x0000,
    0x0000, 0x0000, 0x0000, 0x0000, 0x0000, 0x0000, 0x0000, 0x0000,
    0x0000, 0x0000, 0x0000, 0x0000, 0x0000, 0x0000, 0x0000, 0x0000,
    0x0000, 0x0000, 0x0000, 0x0000, 0x0000, 0x0000, 0x0000, 0x0000,
    0x0000, 0x0000, 0x0000, 0x0000, 0x0000, 0x0000, 0x0000, 0x0000,
    0x0000, 0x0000, 0x0000, 0x0000, 0x0000, 0x0000, 0x0000, 0x0000,
    0x0000, 0x0000, 0x0000, 0x0000, 0x0000, 0x0000, 0x0000, 0x0000,
    0x0000, 0x0000, 0x0000, 0x0000, 0x0000, 0x0000, 0x0000, 0x0000,
    0x0000, 0x0000, 0x0000, 0x0000, 0x0000, 0x0000, 0x0000, 0x0000,
    0x0000, 0x0000, 0x0000, 0x0000, 0x0000, 0x0000, 0x0000, 0x0000,
    0x0000, 0x0000, 0x0000, 0x0000, 0x0000, 0x0000, 0x0000, 0x0000,
    0x0000, 0x0000, 0x0000, 0x0000, 0x0000, 0x0000, 0x0000, 0x0000,
    0x0000, 0x0000, 0x0000, 0x0000, 0x0000, 0x0000, 0x0000, 0x0000,
    0x0000, 0x0000, 0x0000, 0x0000, 0x0000, 0x0000, 0x0000, 0x0000,
    0x0000, 0x0000, 0x0000, 0x0000, 0x0000, 0x0000, 0x0000, 0x0000,
    0x0000, 0x0000, 0x0000, 0x0000, 0x0000, 0x0000, 0x0000, 0x0000,
    0x0000, 0x0000, 0x0000, 0x0000, 0x0000, 0x0000, 0x0000, 0x0000,
    0x0000, 0x0000, 0x0000, 0x0000, 0x0000, 0x0000, 0x0000, 0x0000,
    0x0000, 0x0000, 0x0000, 0x0000, 0x0000, 0x0000, 0x0000, 0x0000,
    0x0000, 0x0000, 0x0000, 0x0000, 0x0000, 0x0000, 0x0000, 0x0000,
    0x0000, 0x0000, 0x0000, 0x0000, 0x0000, 0x0000, 0x0000, 0x0000,
    0x0000, 0x0000, 0x0000, 0x0000, 0x0000, 0x0000, 0x0000, 0x0000,
    0x0000, 0x0000, 0x0000, 0x0000, 0x0000, 0x0000, 0x0000, 0x0000,
    0x0000, 0x0000, 0x0000, 0x0000, 0x0000, 0x0000, 0x0000, 0x0000,
    0x0000, 0x0000, 0x0000, 0x0000, 0x0000, 0x0000, 0x0000, 0x0000,
    0x0000, 0x0000, 0x0000, 0x0000, 0x0000, 0x0000, 0x0000, 0x0000,
    0x0000, 0x0000, 0x0000, 0x0000, 0x0000, 0x0000, 0x0000, 0x0000,
    0x0000, 0x0000, 0x0000, 0x0000, 0x0000, 0x0000, 0x0000, 0x0000,
    0x0000, 0x0000, 0x0000, 0x0000, 0x0000, 0x0000, 0x0000, 0x0000,
    0x0000, 0x0000, 0x0000, 0x0000, 0x0000, 0x0000, 0x0000, 0x0000,
    0x0000, 0x0000, 0x0000, 0x0000, 0x0000, 0x0000, 0x0000, 0x0000,
    0x0000, 0x0000, 0x0000, 0x0000, 0x0000, 0x0000, 0x0000, 0x0000,
    0x0000, 0x0000, 0x0000, 0x0000, 0x0000, 0x0000, 0x0000, 0x0000,
    0x0000, 0x0000, 0x0000, 0x0000, 0x0000, 0x0000, 0x0000, 0x0000,
    0x0000, 0x0000, 0x0000, 0x0000, 0x0000, 0x0000, 0x0000, 0x0000,
    0x0000, 0x0000, 0x0000, 0x0000, 0x0000, 0x0000, 0x0000, 0x0000,
    0x0000, 0x0000, 0x0000, 0x0000, 0x0000, 0x0000, 0x0000, 0x0000,
    0x0000, 0x0000, 0x0000, 0x0000, 0x0000, 0x0000, 0x0000, 0x0000,
    0x0000, 0x0000, 0x0000, 0x0000, 0x0000, 0x0000, 0x0000, 0x0000,
    0x0000, 0x0000, 0x0000, 0x0000, 0x0000, 0x0000, 0x0000, 0x0000,
    0x0000, 0x0000, 0x0000, 0x0000, 0x0000, 0x0000, 0x0000, 0x0000,
    0x0000, 0x0000, 0x0000, 0x0000, 0x0000, 0x0000, 0x0000, 0x0000,
    0x0000, 0x0000, 0x0000, 0x0000, 0x0000, 0x0000, 0x0000, 0x0000,
    0x0000, 0x0000, 0x0000, 0x0000, 0x0000, 0x0000, 0x0000, 0x0000,
    0x0000, 0x0000, 0x0000, 0x0000, 0x0000, 0x0000, 0x0000, 0x0000,
    0x0000, 0x0000, 0x0000, 0x0000, 0x0000, 0x0000, 0x0000, 0x0000,
    0x0000, 0x0000, 0x0000, 0x0000, 0x0000, 0x0000, 0x0000, 0x0000,
    0x0000, 0x0000, 0x0000, 0x0000, 0x0000, 0x0000, 0x0000, 0x0000,
    0x0000, 0x0000, 0x0000, 0x0000, 0x0000, 0x0000, 0x0000, 0x0000,
    0x0000, 0x0000, 0x0000, 0x0000, 0x0000, 0x0000, 0x0000, 0x0000,
    0x0000, 0x0000, 0x0000, 0x0000, 0x0000, 0x0000, 0x0000, 0x0000,
    0x0000, 0x0000, 0x0000, 0x0000, 0x0000, 0x0000, 0x0000, 0x0000,
    0x0000, 0x0000, 0x0000, 0x0000, 0x0000, 0x0000, 0x0000, 0x0000,
    0x0000, 0x0000, 0x0000, 0x0000, 0x0000, 0x0000, 0x0000, 0x0000,
    0x0000, 0x0000, 0x0000, 0x0000, 0x0000, 0x0000, 0x0000, 0x0000,
    0x0000, 0x0000, 0x0000, 0x0000, 0x0000, 0x0000, 0x0000, 0x0000,
    0x0000, 0x0000, 0x0000, 0x0000, 0x0000, 0x0000, 0x0000, 0x0000,
    0x0000, 0x0000, 0x0000, 0x0000, 0x0000, 0x0000, 0x0000, 0x0000,
    0x0000, 0x0000, 0x0000, 0x0000, 0x0000, 0x0000, 0x0000, 0x0000,
    0x0000, 0x0000, 0x0000, 0x0000, 0x0000, 0x0000, 0x0000, 0x0000,
    0x0000, 0x0000, 0x0000, 0x0000, 0x0000, 0x0000, 0x0000, 0x0000,
    0x0000, 0x0000, 0x0000, 0x0000, 0x0000, 0x0000, 0x0000, 0x0000,
    0x0000, 0x0000, 0x0000, 0x0000, 0x0000, 0x0000, 0x0000, 0x0000,
    0x0000, 0x0000, 0x0000, 0x0000, 0x0000, 0x0000, 0x0000, 0x0000,
    0x0000, 0x0000, 0x0000, 0x0000, 0x0000, 0x0000, 0x0000, 0x0000,
    0x0000, 0x0000, 0x0000, 0x0000, 0x0000, 0x0000, 0x0000, 0x0000,
    0x0000, 0x0000, 0x0000, 0x0000, 0x0000, 0x0000, 0x0000, 0x0000,
    0x0000, 0x0000, 0x0000, 0x0000, 0x0000, 0x0000, 0x0000, 0x0000,
    0x0000, 0x0000, 0x0000, 0x0000, 0x0000, 0x0000, 0x0000, 0x0000,
    0x0000, 0x0000, 0x0000, 0x0000, 0x0000, 0x0000, 0x0000, 0x0000,
    0x0000, 0x0000, 0x0000, 0x0000, 0x0000, 0x0000, 0x0000, 0x0000,
    0x0000, 0x0000, 0x0000, 0x0000, 0x0000, 0x0000, 0x0000, 0x0000,
    0x0000, 0x0000, 0x0000, 0x0000, 0x0000, 0x0000, 0x0000, 0x0000,
    0x0000, 0x0000, 0x0000, 0x0000, 0x0000, 0x0000, 0x0000, 0x0000,
    0x0000, 0x0000, 0x0000, 0x0000, 0x0000, 0x0000, 0x0000, 0x0000,
    0x0000, 0x0000, 0x0000, 0x0000, 0x0000, 0x0000, 0x0000, 0x0000,
    0x0000, 0x0000, 0x0000, 0x0000, 0x0000, 0x0000, 0x0000, 0x0000,
    0x0000, 0x0000, 0x0000, 0x0000, 0x0000, 0x0000, 0x0000, 0x0000,
    0x0000, 0x0000, 0x0000, 0x0000, 0x0000, 0x0000, 0x0000, 0x0000,
    0x0000, 0x0000, 0x0000, 0x0000, 0x0000, 0x0000, 0x0000, 0x0000,
    0x0000, 0x0000, 0x0000, 0x0000, 0x0000, 0x0000, 0x0000, 0x0000,
    0x0000, 0x0000, 0x0000, 0x0000, 0x0000, 0x0000, 0x0000, 0x0000,
    0x0000, 0x0000, 0x0000, 0x0000, 0x0000, 0x0000, 0x0000, 0x0000,
    0x0000, 0x0000, 0x0000, 0x0000, 0x0000, 0x0000, 0x0000, 0x0000,
    0x0000, 0x0000, 0x0000, 0x0000, 0x0000, 0x0000, 0x0000, 0x0000,
    0x0000, 0x0000, 0x0000, 0x0000, 0x0000, 0x0000, 0x0000, 0x0000,
    0x0000, 0x0000, 0x0000, 0x0000, 0x0000, 0x0000, 0x0000, 0x0000,
    0x0000, 0x0000, 0x0000, 0x0000, 0x0000, 0x0000, 0x0000, 0x0000,
    0x0000, 0x0000, 0x0000, 0x0000, 0x0000, 0x0000, 0x0000, 0x0000,
    0x0000, 0x0000, 0x0000, 0x0000, 0x0000, 0x0000, 0x0000, 0x0000,
    0x0000, 0x0000, 0x0000, 0x0000, 0x0000, 0x0000, 0x0000, 0x0000,
    0x0000, 0x0000, 0x0000, 0x0000, 0x0000, 0x0000, 0x0000, 0x0000,
    0x0000, 0x0000, 0x0000, 0x0000, 0x0000, 0x0000, 0x0000, 0x0000,
    0x0000, 0x0000, 0x0000, 0x0000, 0x0000, 0x0000, 0x0000, 0x0000,
    0x0000, 0x0000, 0x0000, 0x0000, 0x0000, 0x0000, 0x0000, 0x0000,
    0x0000, 0x0000, 0x0000, 0x0000, 0x0000, 0x0000, 0x0000, 0x0000,
    0x0000, 0x0000, 0x0000, 0x0000, 0x0000, 0x0000, 0x0000, 0x0000,
    0x0000, 0x0000, 0x0000, 0x0000, 0x0000, 0x0000, 0x0000, 0x0000,
    0x0000, 0x0000, 0x0000, 0x0000, 0x0000, 0x0000, 0x0000, 0x0000,
    0x0000, 0x0000, 0x0000, 0x0000, 0x0000, 0x0000, 0x0000, 0x0000,
    0x0000, 0x0000, 0x0000, 0x0000, 0x0000, 0x0000, 0x0000, 0x0000,
    0x0000, 0x0000, 0x0000, 0x0000, 0x0000, 0x0000, 0x0000, 0x0000,
    0x0000, 0x0000, 0x0000, 0x0000, 0x0000, 0x0000, 0x0000, 0x0000,
    0x0000, 0x0000, 0x0000, 0x0000, 0x0000, 0x0000, 0x0000, 0x0000,
    0x0000, 0x0000, 0x0000, 0x0000, 0x0000, 0x0000, 0x0000, 0x0000,
    0x0000, 0x0000, 0x0000, 0x0000, 0x0000, 0x0000, 0x0000, 0x0000,
    0x0000, 0x0000, 0x0000, 0x0000, 0x0000, 0x0000, 0x0000, 0x0000,
    0x0000, 0x0000, 0x0000, 0x0000, 0x0000, 0x0000, 0x0000, 0x0000,
    0x0000, 0x0000, 0x0000, 0x0000, 0x0000, 0x0000, 0x0000, 0x0000,
    0x0000, 0x0000, 0x0000, 0x0000, 0x0000, 0x0000, 0x0000, 0x0000,
    0x0000, 0x0000, 0x0000, 0x0000, 0x0000, 0x0000, 0x0000, 0x0000,
    0x0000, 0x0000, 0x0000, 0x0000, 0x0000, 0x0000, 0x0000, 0x0000,
    0x0000, 0x0000, 0x0000, 0x0000, 0x0000, 0x0000, 0x0000, 0x0000,
    0x0000, 0x0000, 0x0000, 0x0000, 0x0000, 0x0000, 0x0000, 0x0000,
    0x0000, 0x0000, 0x0000, 0x0000, 0x0000, 0x0000, 0x0000, 0x0000,
    0x0000, 0x0000, 0x0000, 0x0000, 0x0000, 0x0000, 0x0000, 0x0000,
    0x0000, 0x0000, 0x0000, 0x0000, 0x0000, 0x0000, 0x0000, 0x0000,
    0x0000, 0x0000, 0x0000, 0x0000, 0x0000, 0x0000, 0x0000, 0x0000,
    0x0000, 0x0000, 0x0000, 0x0000, 0x0000, 0x0000, 0x0000, 0x0000,
    0x0000, 0x0000, 0x0000, 0x0000, 0x0000, 0x0000, 0x0000, 0x0000,
    0x0000, 0x0000, 0x0000, 0x0000, 0x0000, 0x0000, 0x0000, 0x0000,
    0x0000, 0x0000, 0x0000, 0x0000, 0x0000, 0x0000, 0x0000, 0x0000,
    0x0000, 0x0000, 0x0000, 0x0000, 0x0000, 0x0000, 0x0000, 0x0000,
    0x0000, 0x0000, 0x0000, 0x0000, 0x0000, 0x0000, 0x0000, 0x0000,
    0x0000, 0x0000, 0x0000, 0x0000, 0x0000, 0x0000, 0x0000, 0x0000,
    0x0000, 0x0000, 0x0000, 0x0000, 0x0000, 0x0000, 0x0000, 0x0000,
    0x0000, 0x0000, 0x0000, 0x0000, 0x0000, 0x0000, 0x0000, 0x0000,
    0x0000, 0x0000, 0x0000, 0x0000, 0x0000, 0x0000, 0x0000, 0x0000,
    0x0000, 0x0000, 0x0000, 0x0000, 0x0000, 0x0000, 0x0000, 0x0000,
    0x0000, 0x0000, 0x0000, 0x0000, 0x0000, 0x0000, 0x0000, 0x0000,
    0x0000, 0x0000, 0x0000, 0x0000, 0x0000, 0x0000, 0x0000, 0x0000,
    0x0000, 0x0000, 0x0000, 0x0000, 0x0000, 0x0000, 0x0000, 0x0000,
    0x0000, 0x0000, 0x0000, 0x0000, 0x0000, 0x0000, 0x0000, 0x0000,
    0x0000, 0x0000, 0x0000, 0x0000, 0x0000, 0x0000, 0x0000, 0x0000,
    0x0000, 0x0000, 0x0000, 0x0000, 0x0000, 0x0000, 0x0000, 0x0000,
    0x0000, 0x0000, 0x0000, 0x0000, 0x0000, 0x0000, 0x0000, 0x0000,
    0x0000, 0x0000, 0x0000, 0x0000, 0x0000, 0x0000, 0x0000, 0x0000,
    0x0000, 0x0000, 0x0000, 0x0000, 0x0000, 0x0000, 0x0000, 0x0000,
    0x0000, 0x0000, 0x0000, 0x0000, 0x0000, 0x0000, 0x0000, 0x0000,
    0x0000, 0x0000, 0x0000, 0x0000, 0x0000, 0x0000, 0x0000, 0x0000,
    0x0000, 0x0000, 0x0000, 0x0000, 0x0000, 0x0000, 0x0000, 0x0000,
    0x0000, 0x0000, 0x0000, 0x0000, 0x0000, 0x0000, 0x0000, 0x0000,
    0x0000, 0x0000, 0x0000, 0x0000, 0x0000, 0x0000, 0x0000, 0x0000,
    0x0000, 0x0000, 0x0000, 0x0000, 0x0000, 0x0000, 0x0000, 0x0000,
    0x0000, 0x0000, 0x0000, 0x0000, 0x0000, 0x0000, 0x0000, 0x0000,
    0x0000, 0x0000, 0x0000, 0x0000, 0x0000, 0x0000, 0x0000, 0x0000,
    0x0000, 0x0000, 0x0000, 0x0000, 0x0000, 0x0000, 0x0000, 0x0000,
    0x0000, 0x0000, 0x0000, 0x0000, 0x0000, 0x0000, 0x0000, 0x0000,
    0x0000, 0x0000, 0x0000, 0x0000, 0x0000, 0x0000, 0x0000, 0x0000,
    0x0000, 0x0000, 0x0000, 0x0000, 0x0000, 0x0000, 0x0000, 0x0000,
    0x0000, 0x0000, 0x0000, 0x0000, 0x0000, 0x0000, 0x0000, 0x0000,
    0x0000, 0x0000, 0x0000, 0x0000, 0x0000, 0x0000, 0x0000, 0x0000,
    0x0000, 0x0000, 0x0000, 0x0000, 0x0000, 0x0000, 0x0000, 0x0000,
    0x0000, 0x0000, 0x0000, 0x0000, 0x0000, 0x0000, 0x0000, 0x0000,
    0x0000, 0x0000, 0x0000, 0x0000, 0x0000, 0x0000, 0x0000, 0x0000,
    0x0000, 0x0000, 0x0000, 0x0000, 0x0000, 0x0000, 0x0000, 0x0000,
    0x0000, 0x0000, 0x0000, 0x0000, 0x0000, 0x0000, 0x0000, 0x0000,
    0x0000, 0x0000, 0x0000, 0x0000, 0x0000, 0x0000, 0x0000, 0x0000,
    0x0000, 0x0000, 0x0000, 0x0000, 0x0000, 0x0000, 0x0000, 0x0000,
    0x0000, 0x0000, 0x0000, 0x0000, 0x0000, 0x0000, 0x0000, 0x0000,
    0x0000, 0x0000, 0x0000, 0x0000, 0x0000, 0x0000, 0x0000, 0x0000,
    0x0000, 0x0000, 0x0000, 0x0000, 0x0000, 0x0000, 0x0000, 0x0000,
    0x0000, 0x0000, 0x0000, 0x0000, 0x0000, 0x0000, 0x0000, 0x0000,
    0x0000, 0x0000, 0x0000, 0x0000, 0x0000, 0x0000, 0x0000, 0x0000,
    0x0000, 0x0000, 0x0000, 0x0000, 0x0000, 0x0000, 0x0000, 0x0000,
    0x0000, 0x0000, 0x0000, 0x0000, 0x0000, 0x0000, 0x0000, 0x0000,
    0x0000, 0x0000, 0x0000, 0x0000, 0x0000, 0x0000, 0x0000, 0x0000,
    0x0000, 0x0000, 0x0000, 0x0000, 0x0000, 0x0000, 0x0000, 0x0000,
    0x0000, 0x0000, 0x0000, 0x0000, 0x0000, 0x0000, 0x0000, 0x0000,
    0x0000, 0x0000, 0x0000, 0x0000, 0x0000, 0x0000, 0x0000, 0x0000,
    0x0000, 0x0000, 0x0000, 0x0000, 0x0000, 0x0000, 0x0000, 0x0000,
    0x0000, 0x0000, 0x0000, 0x0000, 0x0000, 0x0000, 0x0000, 0x0000,
    0x0000, 0x0000, 0x0000, 0x0000, 0x0000, 0x0000, 0x0000, 0x0000,
    0x0000, 0x0000, 0x0000, 0x0000, 0x0000, 0x0000, 0x0000, 0x0000,
    0x0000, 0x0000, 0x0000, 0x0000, 0x0000, 0x0000, 0x0000, 0x0000,
    0x0000, 0x0000, 0x0000, 0x0000, 0x0000, 0x0000, 0x0000, 0x0000,
    0x0000, 0x0000, 0x0000, 0x0000, 0x0000, 0x0000, 0x0000, 0x0000,
    0x0000, 0x0000, 0x0000, 0x0000, 0x0000, 0x0000, 0x0000, 0x0000,
    0x0000, 0x0000, 0x0000, 0x0000, 0x0000, 0x0000, 0x0000, 0x0000,
    0x0000, 0x0000, 0x0000, 0x0000, 0x0000, 0x0000, 0x0000, 0x0000,
    0x0000, 0x0000, 0x0000, 0x0000, 0x0000, 0x0000, 0x0000, 0x0000,
    0x0000, 0x0000, 0x0000, 0x0000, 0x0000, 0x0000, 0x0000, 0x0000,
    0x0000, 0x0000, 0x0000, 0x0000, 0x0000, 0x0000, 0x0000, 0x0000,
    0x0000, 0x0000, 0x0000, 0x0000, 0x0000, 0x0000, 0x0000, 0x0000,
    0x0000, 0x0000, 0x0000, 0x0000, 0x0000, 0x0000, 0x0000, 0x0000,
    0x0000, 0x0000, 0x0000, 0x0000, 0x0000, 0x0000, 0x0000, 0x0000,
    0x0000, 0x0000, 0x0000, 0x0000, 0x0000, 0x0000, 0x0000, 0x0000,
    0x0000, 0x0000, 0x0000, 0x0000, 0x0000, 0x0000, 0x0000, 0x0000,
    0x0000, 0x0000, 0x0000, 0x0000, 0x0000, 0x0000, 0x0000, 0x0000,
    0x0000, 0x0000, 0x0000, 0x0000, 0x0000, 0x0000, 0x0000, 0x0000,
    0x0000, 0x0000, 0x0000, 0x0000, 0x0000, 0x0000, 0x0000, 0x0000,
    0x0000, 0x0000, 0x0000, 0x0000, 0x0000, 0x0000, 0x0000, 0x0000,
    0x0000, 0x0000, 0x0000, 0x0000, 0x0000, 0x0000, 0x0000, 0x0000,
    0x0000, 0x0000, 0x0000, 0x0000, 0x0000, 0x0000, 0x0000, 0x0000,
    0x0000, 0x0000, 0x0000, 0x0000, 0x0000, 0x0000, 0x0000, 0x0000,
    0x0000, 0x0000, 0x0000, 0x0000, 0x0000, 0x0000, 0x0000, 0x0000,
    0x0000, 0x0000, 0x0000, 0x0000, 0x0000, 0x0000, 0x0000, 0x0000,
    0x0000, 0x0000, 0x0000, 0x0000, 0x0000, 0x0000, 0x0000, 0x0000,
    0x0000, 0x0000, 0x0000, 0x0000, 0x0000, 0x0000, 0x0000, 0x0000,
    0x0000, 0x0000, 0x0000, 0x0000, 0x0000, 0x0000, 0x0000, 0x0000,
    0x0000, 0x0000, 0x0000, 0x0000, 0x0000, 0x0000, 0x0000, 0x0000,
    0x0000, 0x0000, 0x0000, 0x0000, 0x0000, 0x0000, 0x0000, 0x0000,
    0x0000, 0x0000, 0x0000, 0x0000, 0x0000, 0x0000, 0x0000, 0x0000,
    0x0000, 0x0000, 0x0000, 0x0000, 0x0000, 0x0000, 0x0000, 0x0000,
    0x0000, 0x0000, 0x0000, 0x0000, 0x0000, 0x0000, 0x0000, 0x0000,
    0x0000, 0x0000, 0x0000, 0x0000, 0x0000, 0x0000, 0x0000, 0x0000,
    0x0000, 0x0000, 0x0000, 0x0000, 0x0000, 0x0000, 0x0000, 0x0000,
    0x0000, 0x0000, 0x0000, 0x0000, 0x0000, 0x0000, 0x0000, 0x0000,
    0x0000, 0x0000, 0x0000, 0x0000, 0x0000, 0x0000, 0x0000, 0x0000,
    0x0000, 0x0000, 0x0000, 0x0000, 0x0000, 0x0000, 0x0000, 0x0000,
    0x0000, 0x0000, 0x0000, 0x0000, 0x0000, 0x0000, 0x0000, 0x0000,
    0x0000, 0x0000, 0x0000, 0x0000, 0x0000, 0x0000, 0x0000, 0x0000,
    0x0000, 0x0000, 0x0000, 0x0000, 0x0000, 0x0000, 0x0000, 0x0000,
    0x0000, 0x0000, 0x0000, 0x0000, 0x0000, 0x0000, 0x0000, 0x0000,
    0x0000, 0x0000, 0x0000, 0x0000, 0x0000, 0x0000, 0x0000, 0x0000,
    0x0000, 0x0000, 0x0000, 0x0000, 0x0000, 0x0000, 0x0000, 0x0000,
    0x0000, 0x0000, 0x0000, 0x0000, 0x0000, 0x0000, 0x0000, 0x0000,
    0x0000, 0x0000, 0x0000, 0x0000, 0x0000, 0x0000, 0x0000, 0x0000,
    0x0000, 0x0000, 0x0000, 0x0000, 0x0000, 0x0000, 0x0000, 0x0000,
    0x0000, 0x0000, 0x0000, 0x0000, 0x0000, 0x0000, 0x0000, 0x0000,
    0x0000, 0x0000, 0x0000, 0x0000, 0x0000, 0x0000, 0x0000, 0x0000,
    0x0000, 0x0000, 0x0000, 0x0000, 0x0000, 0x0000, 0x0000, 0x0000,
    0x0000, 0x0000, 0x0000, 0x0000, 0x0000, 0x0000, 0x0000, 0x0000,
    0x0000, 0x0000, 0x0000, 0x0000, 0x0000, 0x0000, 0x0000, 0x0000,
    0x0000, 0x0000, 0x0000, 0x0000, 0x0000, 0x0000, 0x0000, 0x0000,
    0x0000, 0x0000, 0x0000, 0x0000, 0x0000, 0x0000, 0x0000, 0x0000,
    0x0000, 0x0000, 0x0000, 0x0000, 0x0000, 0x0000, 0x0000, 0x0000,
    0x0000, 0x0000, 0x0000, 0x0000, 0x0000, 0x0000, 0x0000, 0x0000,
    0x0000, 0x0000, 0x0000, 0x0000, 0x0000, 0x0000, 0x0000, 0x0000,
    0x0000, 0x0000, 0x0000, 0x0000, 0x0000, 0x0000, 0x0000, 0x0000,
    0x0000, 0x0000, 0x0000, 0x0000, 0x0000, 0x0000, 0x0000, 0x0000,
    0x0000, 0x0000, 0x0000, 0x0000, 0x0000, 0x0000, 0x0000, 0x0000,
    0x0000, 0x0000, 0x0000, 0x0000, 0x0000, 0x0000, 0x0000, 0x0000,
    0x0000, 0x0000, 0x0000, 0x0000, 0x0000, 0x0000, 0x0000, 0x0000,
    0x0000, 0x0000, 0x0000, 0x0000, 0x0000, 0x0000, 0x0000, 0x0000,
    0x0000, 0x0000, 0x0000, 0x0000, 0x0000, 0x0000, 0x0000, 0x0000,
    0x0000, 0x0000, 0x0000, 0x0000, 0x0000, 0x0000, 0x0000, 0x0000,
    0x0000, 0x0000, 0x0000, 0x0000, 0x0000, 0x0000, 0x0000, 0x0000,
    0x0000, 0x0000, 0x0000, 0x0000, 0x0000, 0x0000, 0x0000, 0x0000,
    0x0000, 0x0000, 0x0000, 0x0000, 0x0000, 0x0000, 0x0000, 0x0000,
    0x0000, 0x0000, 0x0000, 0x0000, 0x0000, 0x0000, 0x0000, 0x0000,
    0x0000, 0x0000, 0x0000, 0x0000, 0x0000, 0x0000, 0x0000, 0x0000,
    0x0000, 0x0000, 0x0000, 0x0000, 0x0000, 0x0000, 0x0000, 0x0000,
    0x0000, 0x0000, 0x0000, 0x0000, 0x0000, 0x0000, 0x0000, 0x0000,
    0x0000, 0x0000, 0x0000, 0x0000, 0x0000, 0x0000, 0x0000, 0x0000,
    0x0000, 0x0000, 0x0000, 0x0000, 0x0000, 0x0000, 0x0000, 0x0000,
    0x0000, 0x0000, 0x0000, 0x0000, 0x0000, 0x0000, 0x0000, 0x0000,
    0x0000, 0x0000, 0x0000, 0x0000, 0x0000, 0x0000, 0x0000, 0x0000,
    0x0000, 0x0000, 0x0000, 0x0000, 0x0000, 0x0000, 0x0000, 0x0000,
    0x0000, 0x0000, 0x0000, 0x0000, 0x0000, 0x0000, 0x0000, 0x0000,
    0x0000, 0x0000, 0x0000, 0x0000, 0x0000, 0x0000, 0x0000, 0x0000,
    0x0000, 0x0000, 0x0000, 0x0000, 0x0000, 0x0000, 0x0000, 0x0000,
    0x0000, 0x0000, 0x0000, 0x0000, 0x0000, 0x0000, 0x0000, 0x0000,
    0x0000, 0x0000, 0x0000, 0x0000, 0x0000, 0x0000, 0x0000, 0x0000,
    0x0000, 0x0000, 0x0000, 0x0000, 0x0000, 0x0000, 0x0000, 0x0000,
    0x0000, 0x0000, 0x0000, 0x0000, 0x0000, 0x0000, 0x0000, 0x0000,
    0x0000, 0x0000, 0x0000, 0x0000, 0x0000, 0x0000, 0x0000, 0x0000,
    0x0000, 0x0000, 0x0000, 0x0000, 0x0000, 0x0000, 0x0000, 0x0000,
    0x0000, 0x0000, 0x0000, 0x0000, 0x0000, 0x0000, 0x0000, 0x0000,
    0x0000, 0x0000, 0x0000, 0x0000, 0x0000, 0x0000, 0x0000, 0x0000,
    0x0000, 0x0000, 0x0000, 0x0000, 0x0000, 0x0000, 0x0000, 0x0000,
    0x0000, 0x0000, 0x0000, 0x0000, 0x0000, 0x0000, 0x0000, 0x0000,
    0x0000, 0x0000, 0x0000, 0x0000, 0x0000, 0x0000, 0x0000, 0x0000,
    0x0000, 0x0000, 0x0000, 0x0000, 0x0000, 0x0000, 0x0000, 0x0000,
    0x0000, 0x0000, 0x0000, 0x0000, 0x0000, 0x0000, 0x0000, 0x0000,
    0x0000, 0x0000, 0x0000, 0x0000, 0x0000, 0x0000, 0x0000, 0x0000,
    0x0000, 0x0000, 0x0000, 0x0000, 0x0000, 0x0000, 0x0000, 0x0000,
    0x0000, 0x0000, 0x0000, 0x0000, 0x0000, 0x0000, 0x0000, 0x0000,
    0x0000, 0x0000, 0x0000, 0x0000, 0x0000, 0x0000, 0x0000, 0x0000,
    0x0000, 0x0000, 0x0000, 0x0000, 0x0000, 0x0000, 0x0000, 0x0000,
    0x0000, 0x0000, 0x0000, 0x0000, 0x0000, 0x0000, 0x0000, 0x0000,
    0x0000, 0x0000, 0x0000, 0x0000, 0x0000, 0x0000, 0x0000, 0x0000,
    0x0000, 0x0000, 0x0000, 0x0000, 0x0000, 0x0000, 0x0000, 0x0000,
    0x0000, 0x0000, 0x0000, 0x0000, 0x0000, 0x0000, 0x0000, 0x0000,
    0x0000, 0x0000, 0x0000, 0x0000, 0x0000, 0x0000, 0x0000, 0x0000,
    0x0000, 0x0000, 0x0000, 0x0000, 0x0000, 0x0000, 0x0000, 0x0000,
    0x0000, 0x0000, 0x0000, 0x0000, 0x0000, 0x0000, 0x0000, 0x0000,
    0x0000, 0x0000, 0x0000, 0x0000, 0x0000, 0x0000, 0x0000, 0x0000,
    0x0000, 0x0000, 0x0000, 0x0000, 0x0000, 0x0000, 0x0000, 0x0000,
    0x0000, 0x0000, 0x0000, 0x0000, 0x0000, 0x0000, 0x0000, 0x0000,
    0x0000, 0x0000, 0x0000, 0x0000, 0x0000, 0x0000, 0x0000, 0x0000,
    0x0000, 0x0000, 0x0000, 0x0000, 0x0000, 0x0000, 0x0000, 0x0000,
    0x0000, 0x0000, 0x0000, 0x0000, 0x0000, 0x0000, 0x0000, 0x0000,
    0x0000, 0x0000, 0x0000, 0x0000, 0x0000, 0x0000, 0x0000, 0x0000,
    0x0000, 0x0000, 0x0000, 0x0000, 0x0000, 0x0000, 0x0000, 0x0000,
    0x0000, 0x0000, 0x0000, 0x0000, 0x0000, 0x0000, 0x0000, 0x0000,
    0x0000, 0x0000, 0x0000, 0x0000, 0x0000, 0x0000, 0x0000, 0x0000,
    0x0000, 0x0000, 0x0000, 0x0000, 0x0000, 0x0000, 0x0000, 0x0000,
    0x0000, 0x0000, 0x0000, 0x0000, 0x0000, 0x0000, 0x0000, 0x0000,
    0x0000, 0x0000, 0x0000, 0x0000, 0x0000, 0x0000, 0x0000, 0x0000,
    0x0000, 0x0000, 0x0000, 0x0000, 0x0000, 0x0000, 0x0000, 0x0000,
    0x0000, 0x0000, 0x0000, 0x0000, 0x0000, 0x0000, 0x0000, 0x0000,
    0x0000, 0x0000, 0x0000, 0x0000, 0x0000, 0x0000, 0x0000, 0x0000,
    0x0000, 0x0000, 0x0000, 0x0000, 0x0000, 0x0000, 0x0000, 0x0000,
    0x0000, 0x0000, 0x0000, 0x0000, 0x0000, 0x0000, 0x0000, 0x0000,
    0x0000, 0x0000, 0x0000, 0x0000, 0x0000, 0x0000, 0x0000, 0x0000,
    0x0000, 0x0000, 0x0000, 0x0000, 0x0000, 0x0000, 0x0000, 0x0000,
    0x0000, 0x0000, 0x0000, 0x0000, 0x0000, 0x0000, 0x0000, 0x0000,
    0x0000, 0x0000, 0x0000, 0x0000, 0x0000, 0x0000, 0x0000, 0x0000,
    0x0000, 0x0000, 0x0000, 0x0000, 0x0000, 0x0000, 0x0000, 0x0000,
    0x0000, 0x0000, 0x0000, 0x0000, 0x0000, 0x0000, 0x0000, 0x0000,
    0x0000, 0x0000, 0x0000, 0x0000, 0x0000, 0x0000, 0x0000, 0x0000,
    0x0000, 0x0000, 0x0000, 0x0000, 0x0000, 0x0000, 0x0000, 0x0000,
    0x0000, 0x0000, 0x0000, 0x0000, 0x0000, 0x0000, 0x0000, 0x0000,
    0x0000, 0x0000, 0x0000, 0x0000, 0x0000, 0x0000, 0x0000, 0x0000,
    0x0000, 0x0000, 0x0000, 0x0000, 0x0000, 0x0000, 0x0000, 0x0000,
};

static inline uint16_t pdr16_xt_rom_read_word(uint16_t addr) {
    const uint16_t chunk_index = addr / PDR16_XT_ROM_CHUNK_WORDS;
    const uint16_t chunk_offset = addr % PDR16_XT_ROM_CHUNK_WORDS;
    switch (chunk_index) {
        case 0u:
            return pgm_read_word_far(pgm_get_far_address(pdr16_xt_forth_rom_chunk_0) + ((uint32_t)chunk_offset * 2u));
        case 1u:
            return pgm_read_word_far(pgm_get_far_address(pdr16_xt_forth_rom_chunk_1) + ((uint32_t)chunk_offset * 2u));
        case 2u:
            return pgm_read_word_far(pgm_get_far_address(pdr16_xt_forth_rom_chunk_2) + ((uint32_t)chunk_offset * 2u));
        case 3u:
            return pgm_read_word_far(pgm_get_far_address(pdr16_xt_forth_rom_chunk_3) + ((uint32_t)chunk_offset * 2u));
        default:
            return 0xFFFFu;
    }
}

#endif
