#line 1 "C:\\Users\\pdr0663\\PDR-16_AT\\firmware\\mega\\pdr_vm\\generated\\pdr16_at_forth_image.h"
#ifndef PDR16_AT_FORTH_IMAGE_H
#define PDR16_AT_FORTH_IMAGE_H

#include <avr/pgmspace.h>
#include <stdint.h>

#define PDR16_AT_ROM_WORDS 32768u
#define PDR16_AT_ROM_CHUNK_WORDS 8192u
#define PDR16_AT_ROM_CHUNK_COUNT 4u

static const uint16_t pdr16_at_forth_rom_chunk_0[8192] PROGMEM = {
    0x0001, 0x2883, 0x0000, 0x0000, 0x0000, 0x0000, 0xF97F, 0xFE7F,
    0x0002, 0x0003, 0x125F, 0x123B, 0x0003, 0x1334, 0x27F7, 0x1077,
    0x000A, 0x000A, 0x0000, 0x0000, 0x0000, 0x0000, 0x0000, 0x0000,
    0x0000, 0x0000, 0x0000, 0x0000, 0x0000, 0xFA80, 0x0000, 0x0000,
    0x0000, 0x0000, 0x0000, 0x0000, 0x0000, 0x0000, 0x0000, 0x0000,
    0x0000, 0x0000, 0x0000, 0x0000, 0x0000, 0x0000, 0x0000, 0x0000,
    0x0000, 0x0000, 0x0000, 0x0000, 0xFEE2, 0x0000, 0x0000, 0x0000,
    0x0000, 0x0000, 0x0000, 0x0000, 0x0000, 0x0000, 0x0000, 0x0000,
    0x0000, 0x0000, 0x8000, 0xF580, 0xFA00, 0x5128, 0x0000, 0x0000,
    0x0000, 0x0000, 0x0000, 0x0000, 0x0000, 0x0000, 0x0000, 0x0000,
    0x0000, 0x0000, 0x0000, 0x0000, 0x0000, 0x0000, 0x0000, 0x0000,
    0x0000, 0x0000, 0x0000, 0x0000, 0x0000, 0x0000, 0x0000, 0x0000,
    0x0000, 0x0000, 0x0000, 0x0000, 0x0000, 0x28BE, 0x0000, 0x08A6,
    0x18A7, 0x0D7B, 0x0000, 0x166B, 0x0EFB, 0x0000, 0x3AD8, 0x2A1D,
    0x29CC, 0x29F1, 0x2733, 0x29EA, 0x2957, 0x2963, 0x29E1, 0x0000,
    0x0000, 0x0000, 0x0000, 0x0000, 0x0000, 0x0000, 0x2A2B, 0x2A22,
    0x2A0F, 0x29F6, 0x2A16, 0x28A8, 0x28C3, 0x3DF5, 0x3D58, 0x3DBB,
    0x3B2F, 0x5114, 0x421C, 0x3102, 0x30F0, 0x3AF4, 0x0000, 0x0B50,
    0x3BEB, 0x2982, 0x5128, 0x292E, 0x2364, 0x3AA8, 0x3B90, 0x3E3B,
    0x1D16, 0x3ACC, 0x27EB, 0x3119, 0x3DC4, 0x3DCE, 0x29B8, 0x16CF,
    0x0F03, 0x1663, 0x120F, 0x25BE, 0x0000, 0x1257, 0x0000, 0x0000,
    0x25DA, 0x0000, 0x0000, 0x0000, 0x27F3, 0x0000, 0x0000, 0x1235,
    0x0000, 0x0000, 0x0000, 0x0000, 0x0E80, 0x0000, 0x0000, 0x08B1,
    0x28AF, 0x0000, 0x0000, 0x0000, 0x0000, 0x0000, 0x0000, 0x0000,
    0x0000, 0x0000, 0x4215, 0x0000, 0x0000, 0x0000, 0x0000, 0x0000,
    0x0000, 0x0000, 0x0000, 0x0000, 0x0000, 0x0000, 0x0000, 0x0000,
    0x0000, 0x0000, 0x0000, 0x0000, 0x0000, 0x0000, 0x0000, 0x0000,
    0x0000, 0x0000, 0x0000, 0x0000, 0x0000, 0x0000, 0x0000, 0x0000,
    0x0000, 0x0000, 0x0000, 0x0000, 0x0000, 0x0000, 0x0000, 0x0000,
    0x0000, 0x0000, 0x0000, 0x0000, 0x0000, 0x0000, 0x0000, 0x0000,
    0x0000, 0x0000, 0x0000, 0x0000, 0x0000, 0x0000, 0x0000, 0x0000,
    0x0000, 0x0000, 0x0000, 0x0000, 0x0000, 0x0000, 0x0000, 0x0000,
    0x0000, 0x0000, 0x0000, 0x0000, 0x0000, 0x0000, 0x0000, 0x0000,
    0x0000, 0x0000, 0x0000, 0x0000, 0x0000, 0x0000, 0x0000, 0x0000,
    0x0000, 0x0000, 0x0000, 0x0000, 0x0000, 0x0000, 0x0000, 0x0000,
    0x0000, 0x0000, 0x0000, 0x0000, 0x0000, 0x0000, 0x0000, 0x0000,
    0x0000, 0x0000, 0x0000, 0x0000, 0x0000, 0x0000, 0x0000, 0x0000,
    0x0000, 0x0000, 0x0000, 0x0000, 0x0000, 0x0000, 0x0000, 0x0000,
    0x0000, 0x0000, 0x0000, 0x0000, 0x0000, 0x0000, 0x0000, 0x0000,
    0x0000, 0x0000, 0x0000, 0x0000, 0x0000, 0x0000, 0x0000, 0x0000,
    0x0000, 0x0000, 0x0000, 0x0000, 0x0000, 0x0000, 0x0000, 0x0000,
    0x0000, 0x0000, 0x0000, 0x0000, 0x0000, 0x0000, 0x0000, 0x0000,
    0x0000, 0x0000, 0x0000, 0x0000, 0x0000, 0x0000, 0x0000, 0x0000,
    0x0000, 0x0000, 0x0000, 0x0000, 0x0000, 0x0000, 0x0000, 0x0000,
    0x0000, 0x0000, 0x0000, 0x0000, 0x0000, 0x0000, 0x0000, 0x0000,
    0x0000, 0x0000, 0x0000, 0x0000, 0x0000, 0x0000, 0x0000, 0x0000,
    0x0000, 0x0000, 0x0000, 0x0000, 0x0000, 0x0000, 0x0000, 0x0000,
    0x0000, 0x0000, 0x0000, 0x0000, 0x0000, 0x0000, 0x0000, 0x0000,
    0x0000, 0x0000, 0x0000, 0x0000, 0x0000, 0x0000, 0x0000, 0x0000,
    0x0000, 0x0000, 0x0000, 0x0000, 0x0000, 0x0000, 0x0000, 0x0000,
    0x0000, 0x0000, 0x0000, 0x0000, 0x0000, 0x0000, 0x0000, 0x0000,
    0x0000, 0x0000, 0x0000, 0x0000, 0x0000, 0x0000, 0x0000, 0x0000,
    0x0000, 0x0000, 0x0000, 0x0000, 0x0000, 0x0000, 0x0000, 0x0000,
    0x0000, 0x0000, 0x0000, 0x0000, 0x0000, 0x0000, 0x0000, 0x0000,
    0x0000, 0x0000, 0x0000, 0x0000, 0x0000, 0x0000, 0x0000, 0x0000,
    0x0000, 0x0000, 0x0000, 0x0000, 0x0000, 0x0000, 0x0000, 0x0000,
    0x0000, 0x0000, 0x0000, 0x0000, 0x0000, 0x0000, 0x0000, 0x0000,
    0x0000, 0x0000, 0x0000, 0x0000, 0x0000, 0x0000, 0x0000, 0x0000,
    0x0000, 0x0000, 0x0000, 0x0000, 0x0000, 0x0000, 0x0000, 0x0000,
    0x0000, 0x0000, 0x0000, 0x0000, 0x0000, 0x0000, 0x0000, 0x0000,
    0x0000, 0x0000, 0x0000, 0x0000, 0x0000, 0x0000, 0x0000, 0x0000,
    0x0000, 0x0000, 0x0000, 0x0000, 0x0000, 0x0000, 0x0000, 0x0000,
    0x0000, 0x0000, 0x0000, 0x0000, 0x0000, 0x0000, 0x0000, 0x0000,
    0x0000, 0x0000, 0x0000, 0x0000, 0x0000, 0x0000, 0x0000, 0x0000,
    0x0000, 0x6003, 0x0053, 0x0050, 0x0030, 0x0004, 0x0004, 0x04A4,
    0x000D, 0x2A20, 0x000B, 0x0000, 0x6003, 0x0052, 0x0050, 0x0030,
    0x0004, 0x0005, 0x04A4, 0x000D, 0x2A20, 0x000B, 0x0000, 0xB205,
    0x0027, 0x003F, 0x004B, 0x0045, 0x0059, 0x0004, 0x0006, 0x04A4,
    0x000D, 0x2A20, 0x000B, 0x0216, 0xA805, 0x0027, 0x0045, 0x004D,
    0x0049, 0x0054, 0x0004, 0x0007, 0x04A4, 0x000D, 0x2A20, 0x000B,
    0x0223, 0xA807, 0x0027, 0x0045, 0x0058, 0x0050, 0x0045, 0x0043,
    0x0054, 0x0004, 0x0008, 0x04A4, 0x000D, 0x2A20, 0x000B, 0x0230,
    0xA004, 0x0027, 0x0054, 0x0041, 0x0050, 0x0004, 0x0009, 0x04A4,
    0x000D, 0x2A20, 0x000B, 0x023F, 0x9E05, 0x0027, 0x0045, 0x0043,
    0x0048, 0x004F, 0x0004, 0x000A, 0x04A4, 0x000D, 0x2A20, 0x000B,
    0x024B, 0xA807, 0x0027, 0x0050, 0x0052, 0x004F, 0x004D, 0x0050,
    0x0054, 0x0004, 0x000B, 0x04A4, 0x000D, 0x2A20, 0x000B, 0x0258,
    0xA805, 0x0027, 0x0042, 0x004F, 0x004F, 0x0054, 0x0004, 0x000C,
    0x04A4, 0x000D, 0x2A20, 0x000B, 0x0267, 0x8805, 0x0027, 0x0046,
    0x0049, 0x004E, 0x0044, 0x0004, 0x000D, 0x04A4, 0x000D, 0x2A20,
    0x000B, 0x0000, 0x8A04, 0x0042, 0x0041, 0x0053, 0x0045, 0x0004,
    0x000E, 0x04A4, 0x000D, 0x2A20, 0x000B, 0x0281, 0x8808, 0x0042,
    0x0041, 0x0053, 0x0045, 0x0048, 0x004F, 0x004C, 0x0044, 0x0004,
    0x000F, 0x04A4, 0x000D, 0x2A20, 0x000B, 0x0000, 0xE043, 0x0074,
    0x006D, 0x0070, 0x0004, 0x0010, 0x04A4, 0x000D, 0x2A20, 0x000B,
    0x0200, 0xB004, 0x0053, 0x0054, 0x0052, 0x0058, 0x0004, 0x0011,
    0x04A4, 0x000D, 0x2A20, 0x000B, 0x0000, 0xC204, 0x0025, 0x006D,
    0x0074, 0x0061, 0x0004, 0x0012, 0x04A4, 0x000D, 0x2A20, 0x000B,
    0x02B4, 0xEA04, 0x0025, 0x006D, 0x0074, 0x0075, 0x0004, 0x0013,
    0x04A4, 0x000D, 0x2A20, 0x000B, 0x02C0, 0xEE04, 0x0025, 0x006D,
    0x0074, 0x0077, 0x0004, 0x0014, 0x04A4, 0x000D, 0x2A20, 0x000B,
    0x02CC, 0xE004, 0x0025, 0x006D, 0x0074, 0x0070, 0x0004, 0x0015,
    0x04A4, 0x000D, 0x2A20, 0x000B, 0x02D8, 0xCC04, 0x0025, 0x006D,
    0x0074, 0x0066, 0x0004, 0x0016, 0x04A4, 0x000D, 0x2A20, 0x000B,
    0x02E4, 0xD804, 0x0025, 0x006D, 0x0074, 0x006C, 0x0004, 0x0017,
    0x04A4, 0x000D, 0x2A20, 0x000B, 0x02A8, 0x9C04, 0x0053, 0x0050,
    0x0041, 0x004E, 0x0004, 0x0018, 0x04A4, 0x000D, 0x2A20, 0x000B,
    0x0000, 0x9C03, 0x003E, 0x0049, 0x004E, 0x0004, 0x0019, 0x04A4,
    0x000D, 0x2A20, 0x000B, 0x0000, 0x8404, 0x0023, 0x0054, 0x0049,
    0x0042, 0x0004, 0x001A, 0x04A4, 0x000D, 0x2A20, 0x000B, 0x0000,
    0xA003, 0x0043, 0x0053, 0x0050, 0x0004, 0x001C, 0x04A4, 0x000D,
    0x2A20, 0x000B, 0x02FC, 0x8A05, 0x0053, 0x0054, 0x0041, 0x0054,
    0x0045, 0x0004, 0x001D, 0x04A4, 0x000D, 0x2A20, 0x000B, 0x0000,
    0x8803, 0x0048, 0x004C, 0x0044, 0x0004, 0x001E, 0x04A4, 0x000D,
    0x2A20, 0x000B, 0x0337, 0xA407, 0x0048, 0x0041, 0x004E, 0x0044,
    0x004C, 0x0045, 0x0052, 0x0004, 0x001F, 0x04A4, 0x000D, 0x2A20,
    0x000B, 0x0000, 0x8809, 0x0045, 0x004B, 0x0045, 0x0059, 0x002D,
    0x0048, 0x0045, 0x0041, 0x0044, 0x0004, 0x0020, 0x04A4, 0x000D,
    0x2A20, 0x000B, 0x0000, 0x9809, 0x0045, 0x004B, 0x0045, 0x0059,
    0x002D, 0x0054, 0x0041, 0x0049, 0x004C, 0x0004, 0x0021, 0x04A4,
    0x000D, 0x2A20, 0x000B, 0x0000, 0x8608, 0x0046, 0x004F, 0x0052,
    0x0054, 0x0048, 0x0056, 0x004F, 0x0043, 0x0004, 0x0032, 0x04A4,
    0x000D, 0x2A20, 0x000B, 0x031F, 0xA807, 0x0043, 0x004F, 0x004E,
    0x0054, 0x0045, 0x0058, 0x0054, 0x0004, 0x0035, 0x04A4, 0x000D,
    0x2A20, 0x000B, 0x0383, 0xA807, 0x0043, 0x0055, 0x0052, 0x0052,
    0x0045, 0x004E, 0x0054, 0x0004, 0x003E, 0x04A4, 0x000D, 0x2A20,
    0x000B, 0x0392, 0xA002, 0x0043, 0x0050, 0x0004, 0x0040, 0x04A4,
    0x000D, 0x2A20, 0x000B, 0x0000, 0x8C06, 0x0054, 0x004F, 0x004B,
    0x0042, 0x0055, 0x0046, 0x0004, 0x0041, 0x04A4, 0x000D, 0x2A20,
    0x000B, 0x0000, 0xA002, 0x004C, 0x0050, 0x0004, 0x0042, 0x04A4,
    0x000D, 0x2A20, 0x000B, 0x03B9, 0xA804, 0x004C, 0x0041, 0x0053,
    0x0054, 0x0004, 0x0043, 0x04A4, 0x000D, 0x2A20, 0x000B, 0x0373,
    0x9C0A, 0x0046, 0x0049, 0x004E, 0x0044, 0x005F, 0x0054, 0x004F,
    0x004B, 0x0045, 0x004E, 0x0004, 0x0044, 0x04A4, 0x000D, 0x2A20,
    0x000B, 0x03CF, 0xA409, 0x0046, 0x0049, 0x004E, 0x0044, 0x005F,
    0x0043, 0x0048, 0x0041, 0x0052, 0x0004, 0x0045, 0x04A4, 0x000D,
    0x2A20, 0x000B, 0x03E1, 0xB008, 0x0046, 0x0049, 0x004E, 0x0044,
    0x005F, 0x004C, 0x0045, 0x0058, 0x0004, 0x0046, 0x04A4, 0x000D,
    0x2A20, 0x000B, 0x03F2, 0x8A0C, 0x0046, 0x0049, 0x004E, 0x0044,
    0x005F, 0x0050, 0x0052, 0x0049, 0x0056, 0x0041, 0x0054, 0x0045,
    0x0004, 0x0047, 0x04A4, 0x000D, 0x2A20, 0x000B, 0x0402, 0xA60A,
    0x0046, 0x0049, 0x004E, 0x0044, 0x005F, 0x0053, 0x0054, 0x0041,
    0x0054, 0x0053, 0x0004, 0x0048, 0x04A4, 0x000D, 0x2A20, 0x000B,
    0x0416, 0xA60B, 0x0046, 0x0049, 0x004E, 0x0044, 0x005F, 0x0056,
    0x0049, 0x0053, 0x0049, 0x0054, 0x0053, 0x0004, 0x0049, 0x04A4,
    0x000D, 0x2A20, 0x000B, 0x0428, 0xA60A, 0x0046, 0x0049, 0x004E,
    0x0044, 0x005F, 0x0046, 0x0055, 0x004C, 0x004C, 0x0053, 0x0004,
    0x004A, 0x04A4, 0x000D, 0x2A20, 0x000B, 0x043B, 0xA808, 0x0046,
    0x0049, 0x004E, 0x0044, 0x005F, 0x0048, 0x0049, 0x0054, 0x0004,
    0x004B, 0x04A4, 0x000D, 0x2A20, 0x000B, 0x0000, 0xA609, 0x0049,
    0x004D, 0x0047, 0x002D, 0x0043, 0x0045, 0x004C, 0x004C, 0x0053,
    0x0004, 0x004C, 0x04A4, 0x000D, 0x2A20, 0x000B, 0x045D, 0xAE04,
    0x0049, 0x004D, 0x0047, 0x0057, 0x0004, 0x004D, 0x04A4, 0x000D,
    0x2A20, 0x000B, 0x044D, 0xA80B, 0x0046, 0x0049, 0x004E, 0x0044,
    0x005F, 0x0042, 0x0055, 0x0043, 0x004B, 0x0045, 0x0054, 0x0004,
    0x004E, 0x04A4, 0x000D, 0x2A20, 0x000B, 0x028D, 0x880B, 0x0042,
    0x0055, 0x0043, 0x004B, 0x0045, 0x0054, 0x005F, 0x0048, 0x0045,
    0x0041, 0x0044, 0x0004, 0x004F, 0x04A4, 0x000D, 0x2A20, 0x000B,
    0x0000, 0xA002, 0x0055, 0x0050, 0x0006, 0xFE80, 0x0000, 0xA446,
    0x0064, 0x006F, 0x0055, 0x0053, 0x0045, 0x0052, 0x0012, 0x000D,
    0x04A4, 0x000D, 0x2A20, 0x000B, 0x0000, 0x8A0D, 0x004D, 0x004F,
    0x0044, 0x0055, 0x004C, 0x0045, 0x005F, 0x0041, 0x0043, 0x0054,
    0x0049, 0x0056, 0x0045, 0x0004, 0x0050, 0x04A4, 0x000D, 0x2A20,
    0x000B, 0x0000, 0x880D, 0x004D, 0x004F, 0x0044, 0x0055, 0x004C,
    0x0045, 0x005F, 0x0046, 0x0041, 0x0049, 0x004C, 0x0045, 0x0044,
    0x0004, 0x0051, 0x04A4, 0x000D, 0x2A20, 0x000B, 0x0000, 0xA80B,
    0x004D, 0x004F, 0x0044, 0x0055, 0x004C, 0x0045, 0x005F, 0x004C,
    0x0041, 0x0053, 0x0054, 0x0004, 0x0052, 0x04A4, 0x000D, 0x2A20,
    0x000B, 0x0000, 0xA009, 0x004D, 0x004F, 0x0044, 0x0055, 0x004C,
    0x0045, 0x005F, 0x0043, 0x0050, 0x0004, 0x0053, 0x04A4, 0x000D,
    0x2A20, 0x000B, 0x0000, 0x860F, 0x004D, 0x004F, 0x0044, 0x0055,
    0x004C, 0x0045, 0x005F, 0x0046, 0x004F, 0x0052, 0x0054, 0x0048,
    0x0056, 0x004F, 0x0043, 0x0004, 0x0054, 0x04A4, 0x000D, 0x2A20,
    0x000B, 0x0000, 0xA80E, 0x004D, 0x004F, 0x0044, 0x0055, 0x004C,
    0x0045, 0x005F, 0x0043, 0x004F, 0x004E, 0x0054, 0x0045, 0x0058,
    0x0054, 0x0004, 0x0057, 0x04A4, 0x000D, 0x2A20, 0x000B, 0x0000,
    0xA80E, 0x004D, 0x004F, 0x0044, 0x0055, 0x004C, 0x0045, 0x005F,
    0x0043, 0x0055, 0x0052, 0x0052, 0x0045, 0x004E, 0x0054, 0x0004,
    0x0060, 0x04A4, 0x000D, 0x2A20, 0x000B, 0x0000, 0x8645, 0x0064,
    0x006F, 0x0056, 0x004F, 0x0043, 0x0012, 0x000D, 0x0FC9, 0x038C,
    0x06C1, 0x000C, 0x037D, 0x038C, 0x06C1, 0x06C1, 0x000C, 0x0004,
    0x0000, 0x038C, 0x06C1, 0x06C1, 0x06C1, 0x000C, 0x038C, 0x06C1,
    0x038C, 0x000C, 0x000B, 0x047A, 0x9005, 0x0046, 0x004F, 0x0052,
    0x0054, 0x0048, 0x037D, 0x0018, 0x038C, 0x000C, 0x0017, 0x000B,
    0x0000, 0xA004, 0x003F, 0x0044, 0x0055, 0x0050, 0x0018, 0x0008,
    0x057B, 0x0018, 0x000B, 0x000B, 0x020B, 0xA803, 0x0052, 0x004F,
    0x0054, 0x0014, 0x0019, 0x0012, 0x0019, 0x000B, 0x0000, 0xA005,
    0x0032, 0x0044, 0x0052, 0x004F, 0x0050, 0x0017, 0x0017, 0x000B,
    0x0000, 0x8A07, 0x0044, 0x004E, 0x0045, 0x0047, 0x0041, 0x0054,
    0x0045, 0x0004, 0xFFFF, 0x001E, 0x0014, 0x0004, 0xFFFF, 0x001E,
    0x0004, 0x0001, 0x001F, 0x0012, 0x001F, 0x0017, 0x000B, 0x0590,
    0x5602, 0x0044, 0x002B, 0x0014, 0x0019, 0x0014, 0x001F, 0x0012,
    0x0012, 0x001F, 0x0017, 0x001F, 0x0017, 0x000B, 0x04A0, 0x7802,
    0x0055, 0x003C, 0x001A, 0x001A, 0x001E, 0x001B, 0x0008, 0x05C4,
    0x0019, 0x0017, 0x001B, 0x000B, 0x29F4, 0x001B, 0x000B, 0x0000,
    0x7801, 0x003C, 0x29E7, 0x001E, 0x001B, 0x0008, 0x05D2, 0x0017,
    0x001B, 0x000B, 0x29F4, 0x001B, 0x000B, 0x0000, 0xB003, 0x004D,
    0x0041, 0x0058, 0x29E7, 0x05CA, 0x0008, 0x05DF, 0x0019, 0x0017,
    0x000B, 0x05D5, 0x9C03, 0x004D, 0x0049, 0x004E, 0x29E7, 0x0019,
    0x05CA, 0x0008, 0x05EC, 0x0019, 0x0017, 0x000B, 0x0000, 0x9C06,
    0x0057, 0x0049, 0x0054, 0x0048, 0x0049, 0x004E, 0x001A, 0x29F4,
    0x0014, 0x29F4, 0x0012, 0x05BA, 0x000B, 0x05B6, 0x8806, 0x0055,
    0x004D, 0x002F, 0x004D, 0x004F, 0x0044, 0x29E7, 0x05BA, 0x0008,
    0x0631, 0x0037, 0x0004, 0xFFF0, 0x0014, 0x0014, 0x0018, 0x001F,
    0x0014, 0x0014, 0x0018, 0x001F, 0x0012, 0x2A20, 0x0018, 0x0012,
    0x0013, 0x0019, 0x0014, 0x001F, 0x0012, 0x001D, 0x0008, 0x0628,
    0x0014, 0x0017, 0x0004, 0x0001, 0x2A20, 0x0012, 0x0009, 0x0629,
    0x0017, 0x0012, 0x0007, 0x060D, 0x0012, 0x0017, 0x0017, 0x0019,
    0x000B, 0x0017, 0x058D, 0x0004, 0xFFFF, 0x0018, 0x000B, 0x05E1,
    0x8805, 0x004D, 0x002F, 0x004D, 0x004F, 0x0044, 0x0018, 0x001B,
    0x0018, 0x0014, 0x0008, 0x0648, 0x0037, 0x0014, 0x0599, 0x0012,
    0x0014, 0x0018, 0x001B, 0x0008, 0x064F, 0x0013, 0x2A20, 0x0012,
    0x0605, 0x0012, 0x0008, 0x0657, 0x0019, 0x0037, 0x0019, 0x000B,
    0x0000, 0x8804, 0x002F, 0x004D, 0x004F, 0x0044, 0x001A, 0x001B,
    0x0019, 0x063E, 0x000B, 0x0637, 0x8803, 0x004D, 0x004F, 0x0044,
    0x065E, 0x0017, 0x000B, 0x05FD, 0x5403, 0x0055, 0x004D, 0x002A,
    0x0033, 0x0034, 0x0034, 0x0034, 0x0034, 0x0034, 0x0034, 0x0034,
    0x0034, 0x0034, 0x0034, 0x0034, 0x0034, 0x0034, 0x0034, 0x0034,
    0x0034, 0x0019, 0x000B, 0x0000, 0x5401, 0x002A, 0x0670, 0x0017,
    0x000B, 0x0663, 0x5402, 0x004D, 0x002A, 0x29E7, 0x001E, 0x001B,
    0x0014, 0x29DB, 0x0019, 0x29DB, 0x0670, 0x0012, 0x0008, 0x0699,
    0x0599, 0x000B, 0x0683, 0x8805, 0x002A, 0x002F, 0x004D, 0x004F,
    0x0044, 0x0014, 0x068D, 0x0012, 0x063E, 0x000B, 0x069A, 0x5E02,
    0x002A, 0x002F, 0x06A1, 0x0019, 0x0017, 0x000B, 0x03A1, 0x5A05,
    0x0043, 0x0045, 0x004C, 0x004C, 0x002D, 0x0004, 0xFFFF, 0x001F,
    0x0017, 0x000B, 0x06AE, 0x5605, 0x0043, 0x0045, 0x004C, 0x004C,
    0x002B, 0x0004, 0x0001, 0x001F, 0x0017, 0x000B, 0x06BA, 0xA605,
    0x0043, 0x0045, 0x004C, 0x004C, 0x0053, 0x000B, 0x0000, 0x8807,
    0x0041, 0x004C, 0x0049, 0x0047, 0x004E, 0x0045, 0x0044, 0x000B,
    0x048D, 0x9802, 0x0042, 0x004C, 0x0004, 0x0020, 0x000B, 0x0308,
    0xA405, 0x003E, 0x0043, 0x0048, 0x0041, 0x0052, 0x0004, 0x007F,
    0x001C, 0x0018, 0x0004, 0x007F, 0x06DC, 0x05F6, 0x0008, 0x06F3,
    0x0017, 0x0004, 0x005F, 0x000B, 0x05A7, 0x9005, 0x0044, 0x0045,
    0x0050, 0x0054, 0x0048, 0x0205, 0x000D, 0x0015, 0x29F4, 0x0004,
    0x0001, 0x29F4, 0x000B, 0x0000, 0x9604, 0x0050, 0x0049, 0x0043,
    0x004B, 0x0004, 0x0001, 0x2A20, 0x06CD, 0x0015, 0x2A20, 0x000D,
    0x000B, 0x0000, 0x4202, 0x002B, 0x0021, 0x0019, 0x001A, 0x000D,
    0x001F, 0x0017, 0x0019, 0x000C, 0x000B, 0x0586, 0x4202, 0x0032,
    0x0021, 0x0019, 0x001A, 0x000C, 0x0004, 0x0001, 0x001F, 0x0017,
    0x000C, 0x000B, 0x071D, 0x8002, 0x0032, 0x0040, 0x0018, 0x0004,
    0x0001, 0x001F, 0x0017, 0x000D, 0x0019, 0x000D, 0x000B, 0x06C6,
    0xA805, 0x0043, 0x004F, 0x0055, 0x004E, 0x0054, 0x0018, 0x0004,
    0x0001, 0x001F, 0x0017, 0x0019, 0x000F, 0x000B, 0x0342, 0x8A04,
    0x0048, 0x0045, 0x0052, 0x0045, 0x03A5, 0x000D, 0x000B, 0x0703,
    0x8803, 0x0050, 0x0041, 0x0044, 0x074C, 0x0004, 0x0050, 0x2A20,
    0x000B, 0x03AB, 0x8403, 0x0054, 0x0049, 0x0042, 0x0319, 0x06C1,
    0x000D, 0x000B, 0x0000, 0x8C07, 0x004C, 0x0049, 0x004E, 0x0045,
    0x0042, 0x0055, 0x0046, 0x0004, 0xFA00, 0x000B, 0x0000, 0xA84A,
    0x004C, 0x0049, 0x004E, 0x0045, 0x002D, 0x0052, 0x0045, 0x0053,
    0x0045, 0x0054, 0x0004, 0xFA00, 0x03BD, 0x000C, 0x000B, 0x0000,
    0x5845, 0x004C, 0x0049, 0x004E, 0x0045, 0x002C, 0x03BD, 0x000D,
    0x0018, 0x06C1, 0x03BD, 0x000C, 0x000C, 0x000B, 0x0000, 0xA848,
    0x004C, 0x0049, 0x004E, 0x0045, 0x002D, 0x004C, 0x0049, 0x0054,
    0x0004, 0x0004, 0x0786, 0x0786, 0x000B, 0x0000, 0x9C48, 0x004C,
    0x0049, 0x004E, 0x0045, 0x002D, 0x0052, 0x0055, 0x004E, 0x0004,
    0x000B, 0x0786, 0x0004, 0xFA00, 0x0014, 0x000B, 0x0000, 0xA846,
    0x0052, 0x0055, 0x004E, 0x002D, 0x0058, 0x0054, 0x077A, 0x0786,
    0x07A7, 0x0000, 0x8848, 0x004C, 0x0049, 0x004E, 0x0045, 0x002D,
    0x0045, 0x004E, 0x0044, 0x0004, 0x1334, 0x0786, 0x0004, 0x000B,
    0x0786, 0x0004, 0xFA00, 0x0014, 0x000B, 0x0737, 0x8A05, 0x0043,
    0x004D, 0x004F, 0x0056, 0x0045, 0x0009, 0x07E7, 0x0014, 0x001A,
    0x000F, 0x001A, 0x000E, 0x0004, 0x0001, 0x2A20, 0x0019, 0x0004,
    0x0001, 0x2A20, 0x0019, 0x0012, 0x0004, 0xFFFF, 0x2A20, 0x0018,
    0x0008, 0x07EC, 0x0009, 0x07D6, 0x0017, 0x058D, 0x000B, 0x0563,
    0x9804, 0x0046, 0x0049, 0x004C, 0x004C, 0x0019, 0x0037, 0x0014,
    0x0019, 0x0009, 0x0800, 0x29E7, 0x000E, 0x0004, 0x0001, 0x2A20,
    0x0007, 0x07FB, 0x0012, 0x0017, 0x058D, 0x000B, 0x0000, 0x8E09,
    0x002D, 0x0054, 0x0052, 0x0041, 0x0049, 0x004C, 0x0049, 0x004E,
    0x0047, 0x0037, 0x0014, 0x0009, 0x0822, 0x06DC, 0x001A, 0x0013,
    0x2A20, 0x000F, 0x05CA, 0x0008, 0x0822, 0x0012, 0x0004, 0x0001,
    0x2A20, 0x000B, 0x0007, 0x0815, 0x0012, 0x0017, 0x0004, 0x0000,
    0x000B, 0x074F, 0x4805, 0x0050, 0x0041, 0x0043, 0x004B, 0x0024,
    0x06D7, 0x0018, 0x0014, 0x001A, 0x0018, 0x0004, 0x0000, 0x0004,
    0x0001, 0x0605, 0x0017, 0x29F4, 0x001A, 0x2A20, 0x0004, 0x0000,
    0x0019, 0x000C, 0x29E7, 0x000E, 0x0004, 0x0001, 0x2A20, 0x0019,
    0x07D4, 0x0012, 0x000B, 0x06F4, 0xA805, 0x0044, 0x0049, 0x0047,
    0x0049, 0x0054, 0x0004, 0x0009, 0x001A, 0x05CA, 0x0004, 0x0007,
    0x001C, 0x2A20, 0x0004, 0x0030, 0x2A20, 0x000B, 0x0000, 0xA807,
    0x0045, 0x0058, 0x0054, 0x0052, 0x0041, 0x0043, 0x0054, 0x0004,
    0x0000, 0x0019, 0x0605, 0x0019, 0x0852, 0x000B, 0x05C7, 0x4602,
    0x003C, 0x0023, 0x0754, 0x033C, 0x000C, 0x000B, 0x0746, 0x8804,
    0x0048, 0x004F, 0x004C, 0x0044, 0x033C, 0x000D, 0x0004, 0x0001,
    0x29F4, 0x0018, 0x033C, 0x000C, 0x000E, 0x000B, 0x0313, 0x4601,
    0x0023, 0x0287, 0x000D, 0x0867, 0x087C, 0x000B, 0x0886, 0xA602,
    0x0023, 0x0053, 0x0889, 0x0018, 0x0008, 0x0898, 0x0009, 0x0892,
    0x000B, 0x032A, 0x9C04, 0x0053, 0x0049, 0x0047, 0x004E, 0x001B,
    0x0008, 0x08A5, 0x0004, 0x002D, 0x087C, 0x000B, 0x088E, 0x7C02,
    0x0023, 0x003E, 0x0017, 0x033C, 0x000D, 0x0754, 0x001A, 0x29F4,
    0x000B, 0x0000, 0xE403, 0x0073, 0x0074, 0x0072, 0x0018, 0x0014,
    0x29DB, 0x0872, 0x0892, 0x0012, 0x089F, 0x08AA, 0x000B, 0x0876,
    0xB003, 0x0048, 0x0045, 0x0058, 0x0004, 0x0010, 0x0287, 0x000C,
    0x000B, 0x084B, 0x9807, 0x0044, 0x0045, 0x0043, 0x0049, 0x004D,
    0x0041, 0x004C, 0x0004, 0x000A, 0x0287, 0x000C, 0x000B, 0x06DF,
    0x8A05, 0x003E, 0x0042, 0x0041, 0x0053, 0x0045, 0x0287, 0x000D,
    0x0297, 0x000C, 0x000B, 0x06D8, 0x7C05, 0x0042, 0x0041, 0x0053,
    0x0045, 0x003E, 0x0297, 0x000D, 0x0287, 0x000C, 0x000B, 0x0000,
    0xA402, 0x002E, 0x0052, 0x0014, 0x08B6, 0x0012, 0x001A, 0x29F4,
    0x0BAA, 0x0BB3, 0x000B, 0x066B, 0xA403, 0x0055, 0x002E, 0x0052,
    0x0014, 0x0872, 0x0892, 0x08AA, 0x0012, 0x001A, 0x29F4, 0x0BAA,
    0x0BB3, 0x000B, 0x08FB, 0x5C02, 0x0055, 0x002E, 0x0872, 0x0892,
    0x08AA, 0x0B85, 0x0BB3, 0x000B, 0x08EF, 0x5C01, 0x002E, 0x0287,
    0x000D, 0x0004, 0x000A, 0x001E, 0x0008, 0x0920, 0x090E, 0x000B,
    0x08B6, 0x0B85, 0x0BB3, 0x000B, 0x0570, 0x7E01, 0x003F, 0x000D,
    0x0917, 0x000B, 0x08C9, 0x7E06, 0x0044, 0x0049, 0x0047, 0x0049,
    0x0054, 0x003F, 0x0014, 0x0004, 0x0030, 0x29F4, 0x0004, 0x0009,
    0x001A, 0x05CA, 0x0008, 0x0944, 0x0004, 0x0007, 0x29F4, 0x0018,
    0x0004, 0x000A, 0x05CA, 0x001D, 0x0018, 0x0012, 0x05BA, 0x000B,
    0x0000, 0x7E07, 0x004E, 0x0055, 0x004D, 0x0042, 0x0045, 0x0052,
    0x003F, 0x0287, 0x000D, 0x0014, 0x0018, 0x073E, 0x001A, 0x000F,
    0x0004, 0x0024, 0x29F9, 0x0008, 0x0966, 0x08C4, 0x0019, 0x0004,
    0x0001, 0x2A20, 0x0019, 0x0004, 0x0001, 0x29F4, 0x001A, 0x000F,
    0x0004, 0x002D, 0x29F9, 0x0018, 0x02A2, 0x000C, 0x0008, 0x0978,
    0x0019, 0x0004, 0x0001, 0x2A20, 0x0019, 0x0004, 0x0001, 0x29F4,
    0x0018, 0x0008, 0x09F9, 0x0287, 0x000D, 0x0004, 0x0010, 0x001E,
    0x0008, 0x09A4, 0x0287, 0x000D, 0x0004, 0x000A, 0x001E, 0x0008,
    0x09BB, 0x0037, 0x0014, 0x0004, 0x0000, 0x001A, 0x000F, 0x0287,
    0x000D, 0x0932, 0x0008, 0x09E5, 0x0019, 0x0287, 0x000D, 0x0686,
    0x2A20, 0x0019, 0x0004, 0x0001, 0x2A20, 0x0019, 0x0007, 0x098D,
    0x0012, 0x0017, 0x0009, 0x09D6, 0x0037, 0x0014, 0x0004, 0x0000,
    0x001A, 0x000F, 0x0D8C, 0x0008, 0x09E5, 0x0019, 0x0020, 0x2A20,
    0x0019, 0x0004, 0x0001, 0x2A20, 0x0019, 0x0007, 0x09A8, 0x0012,
    0x0017, 0x0009, 0x09D6, 0x0037, 0x0014, 0x0004, 0x0000, 0x001A,
    0x000F, 0x0018, 0x0BDF, 0x0008, 0x09EF, 0x0004, 0x0030, 0x29F4,
    0x0019, 0x0004, 0x000A, 0x0686, 0x2A20, 0x0019, 0x0004, 0x0001,
    0x2A20, 0x0019, 0x0007, 0x09BF, 0x0012, 0x0017, 0x0019, 0x0017,
    0x0019, 0x0017, 0x02A2, 0x000D, 0x0008, 0x09DF, 0x0037, 0x0004,
    0xFFFF, 0x0012, 0x0287, 0x000C, 0x000B, 0x0017, 0x0012, 0x0017,
    0x058D, 0x0004, 0x0000, 0x0012, 0x0287, 0x000C, 0x000B, 0x0017,
    0x0012, 0x0017, 0x058D, 0x0004, 0x0000, 0x0012, 0x0287, 0x000C,
    0x000B, 0x0017, 0x0017, 0x0004, 0x0000, 0x0012, 0x0287, 0x000C,
    0x000B, 0x0924, 0xB204, 0x003F, 0x004B, 0x0045, 0x0059, 0x0002,
    0x000B, 0x0000, 0xB203, 0x004B, 0x0045, 0x0059, 0x0A07, 0x0008,
    0x0A0E, 0x000B, 0x0000, 0x8C08, 0x0045, 0x004B, 0x0045, 0x0059,
    0x002D, 0x0042, 0x0055, 0x0046, 0x0004, 0x0022, 0x2A20, 0x04A4,
    0x000D, 0x2A20, 0x000B, 0x0A01, 0xB205, 0x003F, 0x0045, 0x004B,
    0x0045, 0x0059, 0x035C, 0x000D, 0x036D, 0x000D, 0x29F9, 0x0008,
    0x0A34, 0x0004, 0x0000, 0x000B, 0x036D, 0x000D, 0x0018, 0x0A1C,
    0x000D, 0x0019, 0x0004, 0x0001, 0x2A20, 0x0004, 0x000F, 0x001C,
    0x036D, 0x000C, 0x0004, 0xFFFF, 0x000B, 0x085E, 0xB204, 0x0045,
    0x004B, 0x0045, 0x0059, 0x0A2A, 0x0008, 0x0A4B, 0x000B, 0x0A09,
    0xA006, 0x004B, 0x0045, 0x0059, 0x005F, 0x0055, 0x0050, 0x0004,
    0x0001, 0x000B, 0x0A4F, 0x9C08, 0x004B, 0x0045, 0x0059, 0x005F,
    0x0044, 0x004F, 0x0057, 0x004E, 0x0004, 0x0002, 0x000B, 0x0A5A,
    0xA808, 0x004B, 0x0045, 0x0059, 0x005F, 0x004C, 0x0045, 0x0046,
    0x0054, 0x0004, 0x0003, 0x000B, 0x0A67, 0xA809, 0x004B, 0x0045,
    0x0059, 0x005F, 0x0052, 0x0049, 0x0047, 0x0048, 0x0054, 0x0004,
    0x0004, 0x000B, 0x0A74, 0x8A08, 0x004B, 0x0045, 0x0059, 0x005F,
    0x0048, 0x004F, 0x004D, 0x0045, 0x0004, 0x0005, 0x000B, 0x0A82,
    0x8807, 0x004B, 0x0045, 0x0059, 0x005F, 0x0045, 0x004E, 0x0044,
    0x0004, 0x0006, 0x000B, 0x0A8F, 0xA008, 0x004B, 0x0045, 0x0059,
    0x005F, 0x0050, 0x0047, 0x0055, 0x0050, 0x0004, 0x0007, 0x000B,
    0x0A9B, 0x9C08, 0x004B, 0x0045, 0x0059, 0x005F, 0x0050, 0x0047,
    0x0044, 0x004E, 0x0004, 0x0008, 0x000B, 0x0AA8, 0xA607, 0x004B,
    0x0045, 0x0059, 0x005F, 0x0049, 0x004E, 0x0053, 0x0004, 0x0009,
    0x000B, 0x0AB5, 0x9807, 0x004B, 0x0045, 0x0059, 0x005F, 0x0044,
    0x0045, 0x004C, 0x0004, 0x000A, 0x000B, 0x0AC1, 0x8A0D, 0x004B,
    0x0045, 0x0059, 0x005F, 0x0042, 0x0041, 0x0043, 0x004B, 0x0053,
    0x0050, 0x0041, 0x0043, 0x0045, 0x0004, 0x000B, 0x000B, 0x0ACD,
    0xA409, 0x004B, 0x0045, 0x0059, 0x005F, 0x0045, 0x004E, 0x0054,
    0x0045, 0x0052, 0x0004, 0x000C, 0x000B, 0x0ADF, 0x6206, 0x004B,
    0x0045, 0x0059, 0x005F, 0x0046, 0x0031, 0x0004, 0x0011, 0x000B,
    0x0AED, 0x6406, 0x004B, 0x0045, 0x0059, 0x005F, 0x0046, 0x0032,
    0x0004, 0x0012, 0x000B, 0x0AF8, 0x6606, 0x004B, 0x0045, 0x0059,
    0x005F, 0x0046, 0x0033, 0x0004, 0x0013, 0x000B, 0x0B03, 0x6806,
    0x004B, 0x0045, 0x0059, 0x005F, 0x0046, 0x0034, 0x0004, 0x0014,
    0x000B, 0x0B0E, 0x6A06, 0x004B, 0x0045, 0x0059, 0x005F, 0x0046,
    0x0035, 0x0004, 0x0015, 0x000B, 0x0B19, 0x6C06, 0x004B, 0x0045,
    0x0059, 0x005F, 0x0046, 0x0036, 0x0004, 0x0016, 0x000B, 0x0B24,
    0x6E06, 0x004B, 0x0045, 0x0059, 0x005F, 0x0046, 0x0037, 0x0004,
    0x0017, 0x000B, 0x0B2F, 0x7006, 0x004B, 0x0045, 0x0059, 0x005F,
    0x0046, 0x0038, 0x0004, 0x0018, 0x000B, 0x0B3A, 0x7206, 0x004B,
    0x0045, 0x0059, 0x005F, 0x0046, 0x0039, 0x0004, 0x0019, 0x000B,
    0x0B45, 0x6007, 0x004B, 0x0045, 0x0059, 0x005F, 0x0046, 0x0031,
    0x0030, 0x0004, 0x001A, 0x000B, 0x0A45, 0xA804, 0x0045, 0x004D,
    0x0049, 0x0054, 0x0003, 0x000B, 0x0948, 0x7E04, 0x004E, 0x0055,
    0x0046, 0x003F, 0x0A07, 0x0018, 0x0008, 0x0B73, 0x058D, 0x0A0E,
    0x0004, 0x000D, 0x29F9, 0x000B, 0x0829, 0x8A04, 0x0050, 0x0041,
    0x0043, 0x0045, 0x0004, 0x000B, 0x0B62, 0x000B, 0x0899, 0x8A05,
    0x0053, 0x0050, 0x0041, 0x0043, 0x0045, 0x06DC, 0x0B62, 0x000B,
    0x07CD, 0xA605, 0x0043, 0x0048, 0x0041, 0x0052, 0x0053, 0x0019,
    0x0004, 0x0000, 0x05DA, 0x0004, 0x0001, 0x2A20, 0x0037, 0x0014,
    0x0009, 0x0B9C, 0x0018, 0x0B62, 0x0007, 0x0B9A, 0x0012, 0x0017,
    0x0017, 0x000B, 0x0B7E, 0xA606, 0x0053, 0x0050, 0x0041, 0x0043,
    0x0045, 0x0053, 0x06DC, 0x0B8F, 0x000B, 0x0759, 0x8A04, 0x0054,
    0x0059, 0x0050, 0x0045, 0x0009, 0x0BC0, 0x0019, 0x0018, 0x000F,
    0x0B62, 0x0004, 0x0001, 0x2A20, 0x0019, 0x0004, 0xFFFF, 0x2A20,
    0x0018, 0x0008, 0x0BC5, 0x0009, 0x0BB5, 0x058D, 0x000B, 0x0B88,
    0xA402, 0x0043, 0x0052, 0x0004, 0x000D, 0x0B62, 0x0004, 0x000A,
    0x0B62, 0x000B, 0x092A, 0x7E0B, 0x0044, 0x0049, 0x0047, 0x0049,
    0x0054, 0x002D, 0x0043, 0x0048, 0x0041, 0x0052, 0x003F, 0x0004,
    0x0030, 0x0004, 0x003A, 0x05F6, 0x000B, 0x0BD2, 0x8003, 0x0044,
    0x0033, 0x0040, 0x0018, 0x000F, 0x0004, 0x0030, 0x29F4, 0x0004,
    0x000A, 0x0686, 0x001A, 0x06C1, 0x000F, 0x0004, 0x0030, 0x29F4,
    0x2A20, 0x0004, 0x000A, 0x0686, 0x0019, 0x06C1, 0x06C1, 0x000F,
    0x0004, 0x0030, 0x29F4, 0x2A20, 0x000B, 0x0BE5, 0x7E05, 0x0044,
    0x0045, 0x0043, 0x0033, 0x003F, 0x0018, 0x000F, 0x0BDF, 0x001A,
    0x06C1, 0x000F, 0x0BDF, 0x001C, 0x001A, 0x06C1, 0x06C1, 0x000F,
    0x0BDF, 0x001C, 0x0008, 0x0C21, 0x0BEA, 0x0004, 0x0100, 0x05BA,
    0x000B, 0x0017, 0x0004, 0x0000, 0x000B, 0x0BC7, 0x7E06, 0x0043,
    0x0045, 0x004C, 0x004C, 0x0037, 0x003F, 0x0018, 0x000F, 0x0018,
    0x0004, 0x0020, 0x0004, 0x007F, 0x05F6, 0x0019, 0x0004, 0x0022,
    0x001E, 0x001C, 0x0008, 0x0C46, 0x0018, 0x06C1, 0x0C0C, 0x0008,
    0x0C46, 0x0004, 0x0004, 0x2A20, 0x0C0C, 0x000B, 0x0017, 0x0004,
    0x0000, 0x000B, 0x046E, 0xA406, 0x0049, 0x004D, 0x0047, 0x0045,
    0x0052, 0x0052, 0x0004, 0xFFFF, 0x18A0, 0x000E, 0x0062, 0x0061,
    0x0064, 0x0020, 0x0069, 0x006D, 0x0061, 0x0067, 0x0065, 0x0020,
    0x0064, 0x0061, 0x0074, 0x0061, 0x000B, 0x0C4A, 0x9609, 0x0049,
    0x004D, 0x0047, 0x002D, 0x0043, 0x0048, 0x0045, 0x0043, 0x004B,
    0x0004, 0x0007, 0x29ED, 0x0004, 0x0001, 0x2A20, 0x0037, 0x0014,
    0x0009, 0x0C81, 0x0018, 0x0C2D, 0x0008, 0x0C87, 0x0004, 0x0007,
    0x2A20, 0x0007, 0x0C7A, 0x0012, 0x0017, 0x0017, 0x000B, 0x0C52,
    0x06CE, 0xA80A, 0x0041, 0x004E, 0x0053, 0x0049, 0x002D, 0x0052,
    0x0045, 0x0053, 0x0045, 0x0054, 0x0004, 0x001B, 0x0B62, 0x0D0F,
    0x0003, 0x005B, 0x0030, 0x006D, 0x000B, 0x0B5C, 0x6E0A, 0x0045,
    0x004D, 0x0049, 0x0054, 0x002D, 0x0043, 0x0045, 0x004C, 0x004C,
    0x0037, 0x0018, 0x000F, 0x0014, 0x0004, 0x001B, 0x0B62, 0x0D0F,
    0x0006, 0x005B, 0x0033, 0x0038, 0x003B, 0x0035, 0x003B, 0x06C1,
    0x0018, 0x0004, 0x0003, 0x0BB3, 0x0D0F, 0x0006, 0x003B, 0x0034,
    0x0038, 0x003B, 0x0035, 0x003B, 0x0004, 0x0003, 0x2A20, 0x0018,
    0x0004, 0x0003, 0x0BB3, 0x0004, 0x006D, 0x0B62, 0x0012, 0x0B62,
    0x0004, 0x0003, 0x2A20, 0x000B, 0x0C9D, 0x6E09, 0x0045, 0x004D,
    0x0049, 0x0054, 0x002D, 0x0052, 0x004F, 0x0057, 0x0037, 0x0004,
    0x0001, 0x2A20, 0x0037, 0x0014, 0x0009, 0x0CE7, 0x0CA9, 0x0007,
    0x0CE6, 0x0012, 0x0017, 0x000B, 0x0000, 0x4843, 0x0064, 0x006F,
    0x0024, 0x0012, 0x0013, 0x0012, 0x073E, 0x2A20, 0x06D7, 0x0014,
    0x0019, 0x0014, 0x000B, 0x0000, 0xF843, 0x0024, 0x0022, 0x007C,
    0x0CF1, 0x000B, 0x0000, 0xF843, 0x0053, 0x0022, 0x007C, 0x0CF1,
    0x073E, 0x000B, 0x0000, 0xF843, 0x002E, 0x0022, 0x007C, 0x0CF1,
    0x073E, 0x0BB3, 0x000B, 0x02F0, 0xEC04, 0x0025, 0x0061, 0x0064,
    0x0076, 0x0018, 0x02BA, 0x0715, 0x0037, 0x02C6, 0x0715, 0x000B,
    0x0D13, 0xE404, 0x0025, 0x0063, 0x006C, 0x0072, 0x0004, 0x0000,
    0x02F6, 0x000C, 0x000B, 0x0D20, 0xC804, 0x0025, 0x0065, 0x006E,
    0x0064, 0x0004, 0xF780, 0x02F6, 0x000D, 0x2A20, 0x000B, 0x0D2B,
    0xDA05, 0x0025, 0x0072, 0x006F, 0x006F, 0x006D, 0x02F6, 0x000D,
    0x2A20, 0x0004, 0x0201, 0x05BA, 0x0008, 0x0D47, 0x000B, 0x18A0,
    0x000F, 0x0066, 0x006F, 0x0072, 0x006D, 0x0061, 0x0074, 0x0020,
    0x006F, 0x0076, 0x0065, 0x0072, 0x0066, 0x006C, 0x006F, 0x0077,
    0x12BC, 0x0D37, 0xC605, 0x0025, 0x0061, 0x0070, 0x0070, 0x0063,
    0x0004, 0x0001, 0x0D3E, 0x0D31, 0x000E, 0x0004, 0x0001, 0x02F6,
    0x0715, 0x000B, 0x0D59, 0xC405, 0x0025, 0x0061, 0x0070, 0x0070,
    0x0062, 0x0018, 0x0D3E, 0x0014, 0x0D31, 0x0013, 0x07D4, 0x0012,
    0x02F6, 0x0715, 0x000B, 0x0D6A, 0xE804, 0x0025, 0x0072, 0x0065,
    0x0074, 0x0004, 0xF780, 0x02F6, 0x000D, 0x000B, 0x08BF, 0x7E04,
    0x0048, 0x0045, 0x0058, 0x003F, 0x0004, 0x0010, 0x0932, 0x000B,
    0x0CD4, 0xA406, 0x0045, 0x0053, 0x0043, 0x0045, 0x0052, 0x0052,
    0x0004, 0xFFFF, 0x18A0, 0x000E, 0x0069, 0x006E, 0x0076, 0x0061,
    0x006C, 0x0069, 0x0064, 0x0020, 0x0065, 0x0073, 0x0063, 0x0061,
    0x0070, 0x0065, 0x12BC, 0x090A, 0x8A08, 0x0055, 0x004E, 0x0045,
    0x0053, 0x0043, 0x0041, 0x0050, 0x0045, 0x001A, 0x02BA, 0x000C,
    0x0018, 0x02C6, 0x000C, 0x0017, 0x0004, 0x0000, 0x02F6, 0x000C,
    0x02C6, 0x000D, 0x0008, 0x0E7D, 0x02BA, 0x000D, 0x000F, 0x0018,
    0x0004, 0x005C, 0x001E, 0x0008, 0x0DDB, 0x001A, 0x02F6, 0x000D,
    0x2A20, 0x000E, 0x0004, 0x0001, 0x02F6, 0x0715, 0x0004, 0x0001,
    0x0D19, 0x0009, 0x0DC0, 0x0017, 0x02C6, 0x000D, 0x0004, 0x0002,
    0x05BA, 0x0008, 0x0DE4, 0x0D98, 0x0004, 0x0001, 0x0D19, 0x02BA,
    0x000D, 0x000F, 0x0018, 0x0004, 0x006E, 0x001E, 0x0008, 0x0E16,
    0x0018, 0x0004, 0x0072, 0x001E, 0x0008, 0x0E1E, 0x0018, 0x0004,
    0x0074, 0x001E, 0x0008, 0x0E26, 0x0018, 0x0004, 0x005C, 0x001E,
    0x0008, 0x0E2E, 0x0018, 0x0004, 0x0022, 0x001E, 0x0008, 0x0E36,
    0x0018, 0x0004, 0x0030, 0x001E, 0x0008, 0x0E3E, 0x0018, 0x0004,
    0x0078, 0x001E, 0x0008, 0x0E46, 0x0017, 0x0D98, 0x0017, 0x0004,
    0x000A, 0x0004, 0x0001, 0x0D19, 0x0009, 0x0E72, 0x0017, 0x0004,
    0x000D, 0x0004, 0x0001, 0x0D19, 0x0009, 0x0E72, 0x0017, 0x0004,
    0x0009, 0x0004, 0x0001, 0x0D19, 0x0009, 0x0E72, 0x0017, 0x0004,
    0x005C, 0x0004, 0x0001, 0x0D19, 0x0009, 0x0E72, 0x0017, 0x0004,
    0x0022, 0x0004, 0x0001, 0x0D19, 0x0009, 0x0E72, 0x0017, 0x0004,
    0x0000, 0x0004, 0x0001, 0x0D19, 0x0009, 0x0E72, 0x0017, 0x02C6,
    0x000D, 0x0004, 0x0003, 0x05BA, 0x0008, 0x0E4F, 0x0D98, 0x02BA,
    0x000D, 0x0004, 0x0001, 0x2A20, 0x000F, 0x0D8C, 0x0008, 0x0E6C,
    0x0014, 0x02BA, 0x000D, 0x0004, 0x0002, 0x2A20, 0x000F, 0x0D8C,
    0x0008, 0x0E6E, 0x0012, 0x0004, 0x0010, 0x0686, 0x2A20, 0x0004,
    0x0003, 0x0D19, 0x0009, 0x0E72, 0x0017, 0x0D98, 0x0017, 0x0012,
    0x0017, 0x0D98, 0x001A, 0x02F6, 0x000D, 0x2A20, 0x000E, 0x0004,
    0x0001, 0x02F6, 0x0715, 0x0009, 0x0DC0, 0x02F6, 0x000D, 0x000B,
    0x0000, 0xCA05, 0x0070, 0x0061, 0x0072, 0x0073, 0x0065, 0x02A2,
    0x000C, 0x001A, 0x0014, 0x0018, 0x0008, 0x0ED8, 0x0004, 0x0001,
    0x29F4, 0x02A2, 0x000D, 0x06DC, 0x29F9, 0x0008, 0x0EAF, 0x0037,
    0x0014, 0x06DC, 0x001A, 0x000F, 0x29F4, 0x001B, 0x0035, 0x0008,
    0x0EAE, 0x0004, 0x0001, 0x2A20, 0x0007, 0x0E99, 0x0012, 0x0017,
    0x0012, 0x0017, 0x0004, 0x0000, 0x0018, 0x000B, 0x0012, 0x001A,
    0x0019, 0x0014, 0x02A2, 0x000D, 0x001A, 0x000F, 0x29F4, 0x02A2,
    0x000D, 0x06DC, 0x29F9, 0x0008, 0x0EBE, 0x001B, 0x0008, 0x0ECB,
    0x0004, 0x0001, 0x2A20, 0x0007, 0x0EB2, 0x0012, 0x0017, 0x0018,
    0x0014, 0x0009, 0x0ED2, 0x0012, 0x0017, 0x0018, 0x0004, 0x0001,
    0x2A20, 0x0014, 0x001A, 0x29F4, 0x0012, 0x0012, 0x29F4, 0x000B,
    0x001A, 0x0012, 0x29F4, 0x000B, 0x0B74, 0x8A05, 0x0050, 0x0041,
    0x0052, 0x0053, 0x0045, 0x0014, 0x075E, 0x030D, 0x000D, 0x2A20,
    0x0319, 0x000D, 0x030D, 0x000D, 0x29F4, 0x0012, 0x0E87, 0x030D,
    0x0715, 0x000B, 0x0914, 0x5082, 0x002E, 0x0028, 0x0004, 0x0029,
    0x0EE3, 0x0BB3, 0x000B, 0x0000, 0x5081, 0x0028, 0x0004, 0x0029,
    0x0EE3, 0x058D, 0x000B, 0x0000, 0xB881, 0x005C, 0x0319, 0x000D,
    0x030D, 0x000C, 0x000B, 0x0C25, 0xA404, 0x0043, 0x0048, 0x0041,
    0x0052, 0x06DC, 0x0EE3, 0x0017, 0x000F, 0x000B, 0x0BAD, 0x9C05,
    0x0054, 0x004F, 0x004B, 0x0045, 0x004E, 0x030D, 0x000D, 0x0319,
    0x000D, 0x05BA, 0x0008, 0x0F45, 0x075E, 0x0319, 0x000D, 0x2A20,
    0x06DC, 0x0019, 0x000E, 0x075E, 0x030D, 0x000D, 0x2A20, 0x0319,
    0x000D, 0x030D, 0x000D, 0x29F4, 0x0004, 0x0001, 0x2A20, 0x06DC,
    0x0E87, 0x030D, 0x0715, 0x0004, 0x001F, 0x05E6, 0x03B3, 0x000D,
    0x001A, 0x29F4, 0x06B5, 0x0830, 0x000B, 0x13BA, 0x000B, 0x05EE,
    0x8804, 0x0057, 0x004F, 0x0052, 0x0044, 0x0EE3, 0x074C, 0x0830,
    0x000B, 0x0000, 0xB04B, 0x0043, 0x004F, 0x0055, 0x004E, 0x0054,
    0x0045, 0x0044, 0x003E, 0x004C, 0x0045, 0x0058, 0x0018, 0x000F,
    0x0004, 0x001F, 0x001C, 0x0018, 0x0008, 0x0F71, 0x0014, 0x0018,
    0x0013, 0x2A20, 0x000F, 0x0022, 0x0019, 0x0017, 0x0012, 0x001D,
    0x000B, 0x058D, 0x0004, 0x0000, 0x000B, 0x0B64, 0x7C05, 0x004E,
    0x0041, 0x004D, 0x0045, 0x003E, 0x06C1, 0x0018, 0x000D, 0x0004,
    0x001F, 0x001C, 0x2A20, 0x06C1, 0x000B, 0x0000, 0xA847, 0x003E,
    0x0042, 0x0055, 0x0043, 0x004B, 0x0045, 0x0054, 0x001A, 0x0004,
    0x0020, 0x0004, 0x007F, 0x05F6, 0x0008, 0x0F9C, 0x0019, 0x0004,
    0x0020, 0x29F4, 0x2A20, 0x000B, 0x058D, 0x0004, 0x0000, 0x000B,
    0x0000, 0x8249, 0x0048, 0x0045, 0x0041, 0x0044, 0x0045, 0x0052,
    0x003E, 0x004E, 0x0041, 0x06C1, 0x000B, 0x0000, 0xA449, 0x004E,
    0x0041, 0x003E, 0x0048, 0x0045, 0x0041, 0x0044, 0x0045, 0x0052,
    0x06B5, 0x000B, 0x0000, 0xA64D, 0x0056, 0x004F, 0x0043, 0x0041,
    0x0042, 0x003E, 0x0042, 0x0055, 0x0043, 0x004B, 0x0045, 0x0054,
    0x0053, 0x000D, 0x000B, 0x0BA2, 0x7E05, 0x0053, 0x0041, 0x004D,
    0x0045, 0x003F, 0x0018, 0x0008, 0x0FEB, 0x0014, 0x29E7, 0x000F,
    0x0019, 0x000F, 0x29F4, 0x0576, 0x0008, 0x0FE1, 0x0012, 0x0017,
    0x000B, 0x0019, 0x06C1, 0x0019, 0x06C1, 0x0012, 0x0004, 0xFFFF,
    0x2A20, 0x0009, 0x0FD2, 0x0017, 0x0004, 0x0000, 0x000B, 0x0689,
    0x7E06, 0x004D, 0x0041, 0x0054, 0x0043, 0x0048, 0x003F, 0x0018,
    0x0008, 0x101D, 0x0014, 0x29E7, 0x000F, 0x0019, 0x000F, 0x001E,
    0x0576, 0x0008, 0x100A, 0x0012, 0x0017, 0x0017, 0x058D, 0x0004,
    0x0000, 0x000B, 0x0019, 0x06C1, 0x0019, 0x06C1, 0x0012, 0x0004,
    0xFFFF, 0x2A20, 0x0018, 0x0008, 0x1018, 0x0014, 0x0009, 0x0FFB,
    0x0017, 0x058D, 0x0004, 0xFFFF, 0x000B, 0x0017, 0x058D, 0x0004,
    0xFFFF, 0x000B, 0x07EF, 0x9C07, 0x0046, 0x0049, 0x004E, 0x0044,
    0x002D, 0x004F, 0x004E, 0x0004, 0xFFFF, 0x0422, 0x000C, 0x000B,
    0x1022, 0x8C08, 0x0046, 0x0049, 0x004E, 0x0044, 0x002D, 0x004F,
    0x0046, 0x0046, 0x0004, 0x0000, 0x0422, 0x000C, 0x000B, 0x0EF2,
    0x8805, 0x002E, 0x0046, 0x0049, 0x004E, 0x0044, 0x0D0F, 0x0008,
    0x0020, 0x0076, 0x0069, 0x0073, 0x0069, 0x0074, 0x0073, 0x003D,
    0x0435, 0x000D, 0x0917, 0x0D0F, 0x0006, 0x0020, 0x0066, 0x0075,
    0x006C, 0x006C, 0x003D, 0x0447, 0x000D, 0x0917, 0x0D0F, 0x0005,
    0x0020, 0x0068, 0x0069, 0x0074, 0x003D, 0x0457, 0x000D, 0x0917,
    0x000B, 0x0000, 0x8A4C, 0x0046, 0x0049, 0x004E, 0x0044, 0x002D,
    0x0052, 0x0055, 0x004E, 0x0054, 0x0049, 0x004D, 0x0045, 0x0019,
    0x0018, 0x03DB, 0x000C, 0x0018, 0x0F5E, 0x03FC, 0x000C, 0x0018,
    0x06C1, 0x000F, 0x03EC, 0x000C, 0x0017, 0x0018, 0x0FC9, 0x039B,
    0x000D, 0x0FC9, 0x001E, 0x0008, 0x1093, 0x0004, 0x0000, 0x0410,
    0x000C, 0x0009, 0x1097, 0x0331, 0x000D, 0x0410, 0x000C, 0x0018,
    0x0FC9, 0x0487, 0x000C, 0x0487, 0x000D, 0x0008, 0x10F5, 0x03EC,
    0x000D, 0x0487, 0x000D, 0x0F8E, 0x0018, 0x0008, 0x10F4, 0x000D,
    0x0018, 0x0008, 0x10F4, 0x049A, 0x000C, 0x049A, 0x000D, 0x0FAB,
    0x0018, 0x000D, 0x0018, 0x02A2, 0x000C, 0x0004, 0x0100, 0x001C,
    0x0008, 0x10BE, 0x0410, 0x000D, 0x0008, 0x10E9, 0x02A2, 0x000D,
    0x0004, 0xFE1F, 0x001C, 0x03FC, 0x000D, 0x001E, 0x0008, 0x10D5,
    0x0017, 0x049A, 0x000D, 0x000D, 0x0018, 0x0008, 0x10D3, 0x049A,
    0x000C, 0x0009, 0x10AD, 0x0009, 0x10F4, 0x03DB, 0x000D, 0x06C1,
    0x001A, 0x06C1, 0x03FC, 0x000D, 0x0004, 0x001F, 0x001C, 0x0FF7,
    0x0008, 0x10E9, 0x0014, 0x0017, 0x049A, 0x000D, 0x0F7C, 0x0012,
    0x000B, 0x0017, 0x049A, 0x000D, 0x000D, 0x0018, 0x0008, 0x10F4,
    0x049A, 0x000C, 0x0009, 0x10AD, 0x0017, 0x0017, 0x03DB, 0x000D,
    0x0004, 0x0000, 0x000B, 0x0000, 0x8E4A, 0x0046, 0x0049, 0x004E,
    0x0044, 0x002D, 0x0044, 0x0045, 0x0042, 0x0055, 0x0047, 0x0019,
    0x0018, 0x03DB, 0x000C, 0x0018, 0x0F5E, 0x03FC, 0x000C, 0x0018,
    0x06C1, 0x000F, 0x03EC, 0x000C, 0x0017, 0x0422, 0x000D, 0x0008,
    0x1125, 0x0004, 0x0000, 0x0435, 0x000C, 0x0004, 0x0000, 0x0447,
    0x000C, 0x0004, 0x0000, 0x0457, 0x000C, 0x0018, 0x0FC9, 0x039B,
    0x000D, 0x0FC9, 0x001E, 0x0008, 0x1133, 0x0004, 0x0000, 0x0410,
    0x000C, 0x0009, 0x1137, 0x0331, 0x000D, 0x0410, 0x000C, 0x0018,
    0x0FC9, 0x0487, 0x000C, 0x0487, 0x000D, 0x0008, 0x11AD, 0x03EC,
    0x000D, 0x0487, 0x000D, 0x0F8E, 0x0018, 0x0008, 0x11AC, 0x000D,
    0x0018, 0x0008, 0x11AC, 0x049A, 0x000C, 0x0422, 0x000D, 0x0008,
    0x1155, 0x0004, 0x0001, 0x0435, 0x0715, 0x049A, 0x000D, 0x0FAB,
    0x0018, 0x000D, 0x0018, 0x02A2, 0x000C, 0x0004, 0x0100, 0x001C,
    0x0008, 0x1166, 0x0410, 0x000D, 0x0008, 0x11A1, 0x02A2, 0x000D,
    0x0004, 0xFE1F, 0x001C, 0x03FC, 0x000D, 0x001E, 0x0008, 0x117D,
    0x0017, 0x049A, 0x000D, 0x000D, 0x0018, 0x0008, 0x117B, 0x049A,
    0x000C, 0x0009, 0x114D, 0x0009, 0x11AC, 0x0422, 0x000D, 0x0008,
    0x1185, 0x0004, 0x0001, 0x0447, 0x0715, 0x03DB, 0x000D, 0x06C1,
    0x001A, 0x06C1, 0x03FC, 0x000D, 0x0004, 0x001F, 0x001C, 0x0FF7,
    0x0008, 0x11A1, 0x0422, 0x000D, 0x0008, 0x119A, 0x0435, 0x000D,
    0x0457, 0x000C, 0x0014, 0x0017, 0x049A, 0x000D, 0x0F7C, 0x0012,
    0x000B, 0x0017, 0x049A, 0x000D, 0x000D, 0x0018, 0x0008, 0x11AC,
    0x049A, 0x000C, 0x0009, 0x114D, 0x0017, 0x0017, 0x03DB, 0x000D,
    0x0004, 0x0000, 0x000B, 0x0000, 0xC844, 0x0066, 0x0069, 0x006E,
    0x0064, 0x027B, 0x000D, 0x0014, 0x000B, 0x0000, 0xA649, 0x0046,
    0x0049, 0x004E, 0x0044, 0x002D, 0x0056, 0x004F, 0x0043, 0x0053,
    0x0018, 0x0008, 0x11DD, 0x0014, 0x0018, 0x0013, 0x11B9, 0x0576,
    0x0008, 0x11D7, 0x0581, 0x0017, 0x0012, 0x0017, 0x000B, 0x0017,
    0x0012, 0x06C1, 0x000D, 0x0009, 0x11C8, 0x0017, 0x0004, 0x0000,
    0x000B, 0x0000, 0x7E45, 0x004E, 0x0041, 0x004D, 0x0045, 0x003F,
    0x038C, 0x000D, 0x11C8, 0x000B, 0x0EDC, 0x880C, 0x0050, 0x0052,
    0x004F, 0x0046, 0x0049, 0x004C, 0x0045, 0x002D, 0x0046, 0x0049,
    0x004E, 0x0044, 0x0004, 0x1107, 0x027B, 0x000C, 0x102B, 0x0F1D,
    0x11E8, 0x0576, 0x0008, 0x1207, 0x058D, 0x0009, 0x1208, 0x0017,
    0x1046, 0x103A, 0x0004, 0x1077, 0x027B, 0x000C, 0x000B, 0x0000,
    0x9002, 0x005E, 0x0048, 0x0014, 0x001A, 0x0012, 0x0019, 0x001A,
    0x001E, 0x0008, 0x1227, 0x0004, 0x0008, 0x0B62, 0x0004, 0x0001,
    0x29F4, 0x0004, 0x0020, 0x0B62, 0x0004, 0x0008, 0x0B62, 0x000B,
    0x0F16, 0xA003, 0x0054, 0x0041, 0x0050, 0x0018, 0x0B62, 0x001A,
    0x000E, 0x0004, 0x0001, 0x2A20, 0x000B, 0x0000, 0xA004, 0x006B,
    0x0054, 0x0041, 0x0050, 0x0018, 0x0004, 0x000A, 0x001E, 0x0008,
    0x124E, 0x0018, 0x0004, 0x000D, 0x001E, 0x0008, 0x1252, 0x0004,
    0x0008, 0x001E, 0x0008, 0x1250, 0x122D, 0x000B, 0x0017, 0x000B,
    0x1213, 0x000B, 0x0017, 0x0019, 0x0017, 0x0018, 0x000B, 0x0000,
    0xE806, 0x0061, 0x0063, 0x0063, 0x0065, 0x0070, 0x0074, 0x001A,
    0x2A20, 0x001A, 0x29E7, 0x001E, 0x0008, 0x1274, 0x0A0E, 0x0018,
    0x06DC, 0x0004, 0x007F, 0x05F6, 0x0008, 0x1271, 0x122D, 0x0009,
    0x1272, 0x123B, 0x0009, 0x1262, 0x0017, 0x001A, 0x29F4, 0x000B,
    0x0D90, 0xA806, 0x0045, 0x0058, 0x0050, 0x0045, 0x0043, 0x0054,
    0x125F, 0x0302, 0x000C, 0x0017, 0x000B, 0x0000, 0xB205, 0x0051,
    0x0055, 0x0045, 0x0052, 0x0059, 0x075E, 0x0004, 0x0400, 0x1280,
    0x0302, 0x000D, 0x0319, 0x000C, 0x0004, 0x0000, 0x030D, 0x000C,
    0x000B, 0x0F0B, 0x9005, 0x0043, 0x0041, 0x0054, 0x0043, 0x0048,
    0x0015, 0x0014, 0x034B, 0x000D, 0x0014, 0x0011, 0x034B, 0x000C,
    0x0004, 0x12AD, 0x0014, 0x0014, 0x000B, 0x0012, 0x034B, 0x000C,
    0x0012, 0x0017, 0x0004, 0x0000, 0x000B, 0x1228, 0xAE05, 0x0054,
    0x0048, 0x0052, 0x004F, 0x0057, 0x034B, 0x000D, 0x0010, 0x0012,
    0x034B, 0x000C, 0x0012, 0x0019, 0x0014, 0x0016, 0x0017, 0x0012,
    0x000B, 0x0000, 0x8848, 0x003F, 0x004E, 0x0055, 0x004D, 0x0048,
    0x0045, 0x0041, 0x0044, 0x0018, 0x06C1, 0x000D, 0x0018, 0x0014,
    0x0004, 0x0030, 0x0004, 0x003A, 0x05F6, 0x0013, 0x0004, 0x002D,
    0x29F9, 0x001D, 0x0013, 0x0004, 0x002B, 0x29F9, 0x001D, 0x0013,
    0x0004, 0x0024, 0x29F9, 0x001D, 0x0287, 0x000D, 0x0004, 0x0010,
    0x001E, 0x0008, 0x12F6, 0x0012, 0x0017, 0x000B, 0x0013, 0x0D8C,
    0x0019, 0x0017, 0x001D, 0x0012, 0x0017, 0x000B, 0x0000, 0xA80A,
    0x0024, 0x0049, 0x004E, 0x0054, 0x0045, 0x0052, 0x0050, 0x0052,
    0x0045, 0x0054, 0x12D3, 0x0008, 0x1311, 0x0951, 0x0008, 0x1311,
    0x000B, 0x11E8, 0x0576, 0x0008, 0x132A, 0x000D, 0x0004, 0x0040,
    0x001C, 0x18A0, 0x000D, 0x0020, 0x0063, 0x006F, 0x006D, 0x0070,
    0x0069, 0x006C, 0x0065, 0x0020, 0x006F, 0x006E, 0x006C, 0x0079,
    0x0014, 0x000B, 0x0951, 0x0008, 0x132E, 0x000B, 0x12BC, 0x103F,
    0x9603, 0x002E, 0x004F, 0x004B, 0x0331, 0x000D, 0x0008, 0x133A,
    0x0009, 0x133F, 0x0D0F, 0x0003, 0x0020, 0x006F, 0x006B, 0x0BCB,
    0x000B, 0x0A23, 0x9606, 0x003F, 0x0053, 0x0054, 0x0041, 0x0043,
    0x004B, 0x06FB, 0x001B, 0x18A0, 0x000A, 0x0020, 0x0075, 0x006E,
    0x0064, 0x0065, 0x0072, 0x0066, 0x006C, 0x006F, 0x0077, 0x000B,
    0x1278, 0x9804, 0x0045, 0x0056, 0x0041, 0x004C, 0x0F1D, 0x0018,
    0x000F, 0x0008, 0x136F, 0x0331, 0x000D, 0x0008, 0x136A, 0x229A,
    0x0009, 0x135E, 0x077A, 0x22D6, 0x07A7, 0x0009, 0x135E, 0x0017,
    0x1334, 0x000B, 0x11EC, 0xA806, 0x0050, 0x0052, 0x0045, 0x0053,
    0x0045, 0x0054, 0x0004, 0xFA80, 0x0319, 0x06C1, 0x000C, 0x077A,
    0x000B, 0x0000, 0xDE43, 0x0078, 0x0069, 0x006F, 0x0004, 0x125F,
    0x0239, 0x0721, 0x0252, 0x0721, 0x000B, 0x1030, 0x8A04, 0x0046,
    0x0049, 0x004C, 0x0045, 0x0004, 0x0B7A, 0x0004, 0x0017, 0x0004,
    0x123B, 0x1386, 0x000B, 0x0D86, 0x8804, 0x0048, 0x0041, 0x004E,
    0x0044, 0x0004, 0x1334, 0x0004, 0x0B62, 0x0004, 0x123B, 0x1386,
    0x000B, 0x0000, 0x9E03, 0x0049, 0x002F, 0x004F, 0x0004, 0x13B1,
    0x000B, 0x0002, 0x0003, 0x0000, 0x4805, 0x004E, 0x0055, 0x004C,
    0x004C, 0x0024, 0x0006, 0x0000, 0x1299, 0x8A07, 0x0043, 0x004F,
    0x004E, 0x0053, 0x004F, 0x004C, 0x0045, 0x13AE, 0x072E, 0x021D,
    0x0721, 0x13A1, 0x000B, 0x057C, 0x9E03, 0x0052, 0x002F, 0x004F,
    0x0004, 0x0001, 0x000B, 0x0F47, 0x9E03, 0x0057, 0x002F, 0x004F,
    0x0004, 0x0002, 0x000B, 0x13CB, 0xAE03, 0x0052, 0x002F, 0x0057,
    0x0004, 0x0003, 0x000B, 0x0000, 0x8A09, 0x004F, 0x0050, 0x0045,
    0x004E, 0x002D, 0x0046, 0x0049, 0x004C, 0x0045, 0x0028, 0x000B,
    0x13BC, 0x8A0B, 0x0043, 0x0052, 0x0045, 0x0041, 0x0054, 0x0045,
    0x002D, 0x0046, 0x0049, 0x004C, 0x0045, 0x0029, 0x000B, 0x13F0,
    0x8A0A, 0x0043, 0x004C, 0x004F, 0x0053, 0x0045, 0x002D, 0x0046,
    0x0049, 0x004C, 0x0045, 0x002A, 0x000B, 0x13DB, 0x8A09, 0x0052,
    0x0045, 0x0041, 0x0044, 0x002D, 0x004C, 0x0049, 0x004E, 0x0045,
    0x002B, 0x000B, 0x13D3, 0x8A0A, 0x0057, 0x0052, 0x0049, 0x0054,
    0x0045, 0x002D, 0x004C, 0x0049, 0x004E, 0x0045, 0x002C, 0x000B,
    0x138D, 0x9C0D, 0x0046, 0x0049, 0x004C, 0x0045, 0x002D, 0x0050,
    0x004F, 0x0053, 0x0049, 0x0054, 0x0049, 0x004F, 0x004E, 0x002E,
    0x000B, 0x140D, 0x8A0F, 0x0052, 0x0045, 0x0050, 0x004F, 0x0053,
    0x0049, 0x0054, 0x0049, 0x004F, 0x004E, 0x002D, 0x0046, 0x0049,
    0x004C, 0x0045, 0x002D, 0x000B, 0x1428, 0x8A09, 0x0046, 0x0049,
    0x004C, 0x0045, 0x002D, 0x0053, 0x0049, 0x005A, 0x0045, 0x002F,
    0x000B, 0x144C, 0x8A0A, 0x0046, 0x004C, 0x0055, 0x0053, 0x0048,
    0x002D, 0x0046, 0x0049, 0x004C, 0x0045, 0x0030, 0x000B, 0x0C05,
    0x8A0B, 0x0044, 0x0045, 0x004C, 0x0045, 0x0054, 0x0045, 0x002D,
    0x0046, 0x0049, 0x004C, 0x0045, 0x0031, 0x000B, 0x1439, 0x8A0B,
    0x0052, 0x0045, 0x004E, 0x0041, 0x004D, 0x0045, 0x002D, 0x0046,
    0x0049, 0x004C, 0x0045, 0x0032, 0x000B, 0x0C65, 0x8A0C, 0x0049,
    0x004E, 0x0043, 0x004C, 0x0055, 0x0044, 0x0045, 0x002D, 0x0046,
    0x0049, 0x004C, 0x0045, 0x0017, 0x0004, 0xFFFF, 0x000B, 0x1485,
    0x8808, 0x0049, 0x004E, 0x0043, 0x004C, 0x0055, 0x0044, 0x0045,
    0x0044, 0x058D, 0x0004, 0xFFFF, 0x000B, 0x0000, 0x8A4B, 0x004D,
    0x004F, 0x0044, 0x0055, 0x004C, 0x0045, 0x002D, 0x0053, 0x0041,
    0x0056, 0x0045, 0x03C9, 0x000D, 0x04EB, 0x000C, 0x03A5, 0x000D,
    0x04FC, 0x000C, 0x037D, 0x000D, 0x0513, 0x000C, 0x037D, 0x06C1,
    0x000D, 0x0513, 0x06C1, 0x000C, 0x037D, 0x06C1, 0x06C1, 0x000D,
    0x0513, 0x06C1, 0x06C1, 0x000C, 0x038C, 0x000D, 0x0529, 0x000C,
    0x038C, 0x06C1, 0x000D, 0x0529, 0x06C1, 0x000C, 0x038C, 0x06C1,
    0x06C1, 0x000D, 0x0529, 0x06C1, 0x06C1, 0x000C, 0x038C, 0x06C1,
    0x06C1, 0x06C1, 0x000D, 0x0529, 0x06C1, 0x06C1, 0x06C1, 0x000C,
    0x038C, 0x06C1, 0x06C1, 0x06C1, 0x06C1, 0x000D, 0x0529, 0x06C1,
    0x06C1, 0x06C1, 0x06C1, 0x000C, 0x038C, 0x06C1, 0x06C1, 0x06C1,
    0x06C1, 0x06C1, 0x000D, 0x0529, 0x06C1, 0x06C1, 0x06C1, 0x06C1,
    0x06C1, 0x000C, 0x038C, 0x06C1, 0x06C1, 0x06C1, 0x06C1, 0x06C1,
    0x06C1, 0x000D, 0x0529, 0x06C1, 0x06C1, 0x06C1, 0x06C1, 0x06C1,
    0x06C1, 0x000C, 0x038C, 0x06C1, 0x06C1, 0x06C1, 0x06C1, 0x06C1,
    0x06C1, 0x06C1, 0x000D, 0x0529, 0x06C1, 0x06C1, 0x06C1, 0x06C1,
    0x06C1, 0x06C1, 0x06C1, 0x000C, 0x038C, 0x06C1, 0x06C1, 0x06C1,
    0x06C1, 0x06C1, 0x06C1, 0x06C1, 0x06C1, 0x000D, 0x0529, 0x06C1,
    0x06C1, 0x06C1, 0x06C1, 0x06C1, 0x06C1, 0x06C1, 0x06C1, 0x000C,
    0x039B, 0x000D, 0x053F, 0x000C, 0x039B, 0x06C1, 0x000D, 0x053F,
    0x06C1, 0x000C, 0x000B, 0x0000, 0xA454, 0x004D, 0x004F, 0x0044,
    0x0055, 0x004C, 0x0045, 0x002D, 0x0052, 0x0045, 0x0053, 0x0054,
    0x004F, 0x0052, 0x0045, 0x002D, 0x004F, 0x0052, 0x0044, 0x0045,
    0x0052, 0x0529, 0x000D, 0x038C, 0x000C, 0x0529, 0x06C1, 0x000D,
    0x038C, 0x06C1, 0x000C, 0x0529, 0x06C1, 0x06C1, 0x000D, 0x038C,
    0x06C1, 0x06C1, 0x000C, 0x0529, 0x06C1, 0x06C1, 0x06C1, 0x000D,
    0x038C, 0x06C1, 0x06C1, 0x06C1, 0x000C, 0x0529, 0x06C1, 0x06C1,
    0x06C1, 0x06C1, 0x000D, 0x038C, 0x06C1, 0x06C1, 0x06C1, 0x06C1,
    0x000C, 0x0529, 0x06C1, 0x06C1, 0x06C1, 0x06C1, 0x06C1, 0x000D,
    0x038C, 0x06C1, 0x06C1, 0x06C1, 0x06C1, 0x06C1, 0x000C, 0x0529,
    0x06C1, 0x06C1, 0x06C1, 0x06C1, 0x06C1, 0x06C1, 0x000D, 0x038C,
    0x06C1, 0x06C1, 0x06C1, 0x06C1, 0x06C1, 0x06C1, 0x000C, 0x0529,
    0x06C1, 0x06C1, 0x06C1, 0x06C1, 0x06C1, 0x06C1, 0x06C1, 0x000D,
    0x038C, 0x06C1, 0x06C1, 0x06C1, 0x06C1, 0x06C1, 0x06C1, 0x06C1,
    0x000C, 0x0529, 0x06C1, 0x06C1, 0x06C1, 0x06C1, 0x06C1, 0x06C1,
    0x06C1, 0x06C1, 0x000D, 0x038C, 0x06C1, 0x06C1, 0x06C1, 0x06C1,
    0x06C1, 0x06C1, 0x06C1, 0x06C1, 0x000C, 0x053F, 0x000D, 0x039B,
    0x000C, 0x053F, 0x06C1, 0x000D, 0x039B, 0x06C1, 0x000C, 0x000B,
    0x0000, 0xA44C, 0x004D, 0x004F, 0x0044, 0x0055, 0x004C, 0x0045,
    0x002D, 0x0043, 0x004C, 0x0045, 0x0041, 0x0052, 0x0004, 0x0000,
    0x04C3, 0x000C, 0x0004, 0x0000, 0x04D8, 0x000C, 0x000B, 0x0000,
    0x964F, 0x004D, 0x004F, 0x0044, 0x0055, 0x004C, 0x0045, 0x002D,
    0x0052, 0x004F, 0x004C, 0x004C, 0x0042, 0x0041, 0x0043, 0x004B,
    0x0513, 0x000D, 0x037D, 0x000C, 0x0513, 0x06C1, 0x000D, 0x037D,
    0x06C1, 0x000C, 0x0513, 0x06C1, 0x06C1, 0x000D, 0x037D, 0x06C1,
    0x06C1, 0x000C, 0x1559, 0x04EB, 0x000D, 0x03C9, 0x000C, 0x04FC,
    0x000D, 0x03A5, 0x000C, 0x04FC, 0x000D, 0x1861, 0x0004, 0x0000,
    0x04C3, 0x000C, 0x0004, 0xFFFF, 0x04D8, 0x000C, 0x000B, 0x1285,
    0xA804, 0x0051, 0x0055, 0x0049, 0x0054, 0x0210, 0x000D, 0x0010,
    0x165E, 0x0210, 0x000D, 0x0010, 0x128C, 0x04D8, 0x000D, 0x0008,
    0x1634, 0x25AF, 0x0009, 0x1658, 0x0004, 0x135E, 0x12A0, 0x0576,
    0x0008, 0x1629, 0x0261, 0x000D, 0x0019, 0x13C5, 0x13BA, 0x001A,
    0x001E, 0x0008, 0x164B, 0x0B85, 0x073E, 0x0BB3, 0x0D0F, 0x0003,
    0x0020, 0x003F, 0x0020, 0x04C3, 0x000D, 0x0008, 0x1650, 0x15F8,
    0x0004, 0x1334, 0x001E, 0x0008, 0x1658, 0x0004, 0x001B, 0x0B62,
    0x137A, 0x0009, 0x1628, 0x0000, 0xB681, 0x005B, 0x0004, 0x0000,
    0x0331, 0x000C, 0x000B, 0x0000, 0xBA01, 0x005D, 0x0004, 0x0001,
    0x0331, 0x000C, 0x000B, 0x0274, 0x4E01, 0x0027, 0x0F1D, 0x11E8,
    0x0008, 0x1674, 0x0017, 0x000B, 0x12BC, 0x0000, 0xA807, 0x005F,
    0x0064, 0x006F, 0x004E, 0x0045, 0x0058, 0x0054, 0x0004, 0x0007,
    0x000B, 0x1675, 0xD008, 0x005F, 0x003F, 0x0062, 0x0072, 0x0061,
    0x006E, 0x0063, 0x0068, 0x0004, 0x0008, 0x000B, 0x1681, 0xD007,
    0x005F, 0x0062, 0x0072, 0x0061, 0x006E, 0x0063, 0x0068, 0x0004,
    0x0009, 0x000B, 0x0C88, 0xA805, 0x0041, 0x004C, 0x004C, 0x004F,
    0x0054, 0x03A5, 0x0715, 0x000B, 0x165B, 0xBA89, 0x005B, 0x0043,
    0x004F, 0x004D, 0x0050, 0x0049, 0x004C, 0x0045, 0x005D, 0x166E,
    0x29CF, 0x000B, 0x13FF, 0x8A47, 0x0043, 0x004F, 0x004D, 0x0050,
    0x0049, 0x004C, 0x0045, 0x0012, 0x0018, 0x000D, 0x29CF, 0x06C1,
    0x0014, 0x000B, 0x03C3, 0x9887, 0x004C, 0x0049, 0x0054, 0x0045,
    0x0052, 0x0041, 0x004C, 0x16BB, 0x0004, 0x29CF, 0x000B, 0x16A4,
    0xBA86, 0x005B, 0x0043, 0x0048, 0x0041, 0x0052, 0x005D, 0x0F11,
    0x16CB, 0x000B, 0x12FE, 0x4403, 0x0024, 0x002C, 0x0022, 0x0004,
    0x0022, 0x0F4D, 0x073E, 0x2A20, 0x06D7, 0x03A5, 0x000C, 0x000B,
    0x1358, 0x4405, 0x0045, 0x0053, 0x0043, 0x002C, 0x0022, 0x074C,
    0x0830, 0x073E, 0x2A20, 0x06D7, 0x03A5, 0x000C, 0x000B, 0x1476,
    0x8A87, 0x0052, 0x0045, 0x0043, 0x0055, 0x0052, 0x0053, 0x0045,
    0x03C9, 0x000D, 0x0F7C, 0x29CF, 0x000B, 0x08E3, 0x9C85, 0x0042,
    0x0045, 0x0047, 0x0049, 0x004E, 0x074C, 0x000B, 0x1459, 0xA483,
    0x0046, 0x004F, 0x0052, 0x16BB, 0x0037, 0x16BB, 0x0014, 0x074C,
    0x000B, 0x0F75, 0xA884, 0x004E, 0x0045, 0x0058, 0x0054, 0x16BB,
    0x0007, 0x29CF, 0x16BB, 0x0012, 0x16BB, 0x0017, 0x000B, 0x0DAB,
    0x9885, 0x0055, 0x004E, 0x0054, 0x0049, 0x004C, 0x0004, 0x0008,
    0x29CF, 0x29CF, 0x000B, 0x169A, 0x9C85, 0x0041, 0x0047, 0x0041,
    0x0049, 0x004E, 0x0004, 0x0009, 0x29CF, 0x29CF, 0x000B, 0x1497,
    0x8C82, 0x0049, 0x0046, 0x0004, 0x0008, 0x29CF, 0x074C, 0x0004,
    0x0000, 0x29CF, 0x000B, 0x1733, 0x8885, 0x0041, 0x0048, 0x0045,
    0x0041, 0x0044, 0x0004, 0x0009, 0x29CF, 0x074C, 0x0004, 0x0000,
    0x29CF, 0x000B, 0x16F7, 0xA886, 0x0052, 0x0045, 0x0050, 0x0045,
    0x0041, 0x0054, 0x173A, 0x074C, 0x0019, 0x000C, 0x000B, 0x12B5,
    0x9C84, 0x0054, 0x0048, 0x0045, 0x004E, 0x074C, 0x0019, 0x000C,
    0x000B, 0x174B, 0xA883, 0x0041, 0x0046, 0x0054, 0x0017, 0x1752,
    0x170C, 0x0019, 0x000B, 0x16E8, 0x8A84, 0x0045, 0x004C, 0x0053,
    0x0045, 0x1752, 0x0019, 0x176D, 0x000B, 0x141A, 0x8A85, 0x0057,
    0x0048, 0x0049, 0x004C, 0x0045, 0x1743, 0x0019, 0x000B, 0x0000,
    0x8A52, 0x0043, 0x004C, 0x0045, 0x0041, 0x0052, 0x002D, 0x0042,
    0x0055, 0x0043, 0x004B, 0x0045, 0x0054, 0x002D, 0x0054, 0x0041,
    0x0042, 0x004C, 0x0045, 0x0004, 0x005F, 0x0037, 0x0014, 0x0004,
    0x0000, 0x001A, 0x000C, 0x06C1, 0x0007, 0x17A7, 0x0012, 0x0017,
    0x0017, 0x000B, 0x0000, 0x8A51, 0x0043, 0x004F, 0x0050, 0x0059,
    0x002D, 0x0042, 0x0055, 0x0043, 0x004B, 0x0045, 0x0054, 0x002D,
    0x0054, 0x0041, 0x0042, 0x004C, 0x0045, 0x0487, 0x000C, 0x02A2,
    0x000C, 0x0004, 0x005F, 0x0037, 0x0014, 0x02A2, 0x000D, 0x000D,
    0x0487, 0x000D, 0x000C, 0x02A2, 0x000D, 0x06C1, 0x02A2, 0x000C,
    0x0487, 0x000D, 0x06C1, 0x0487, 0x000C, 0x0007, 0x17CD, 0x0012,
    0x0017, 0x000B, 0x0000, 0x8A53, 0x0052, 0x0045, 0x0057, 0x0049,
    0x004E, 0x0044, 0x002D, 0x0042, 0x0055, 0x0043, 0x004B, 0x0045,
    0x0054, 0x002D, 0x0054, 0x0041, 0x0042, 0x004C, 0x0045, 0x0019,
    0x02A2, 0x000C, 0x0487, 0x000C, 0x0004, 0x005F, 0x0037, 0x0014,
    0x0487, 0x000D, 0x000D, 0x049A, 0x000C, 0x049A, 0x000D, 0x0018,
    0x0008, 0x181F, 0x0018, 0x02A2, 0x000D, 0x05BA, 0x0008, 0x181A,
    0x0487, 0x000D, 0x000C, 0x0487, 0x000D, 0x06C1, 0x0487, 0x000C,
    0x0009, 0x182A, 0x000D, 0x049A, 0x000C, 0x0009, 0x1805, 0x0017,
    0x0004, 0x0000, 0x0487, 0x000D, 0x000C, 0x0487, 0x000D, 0x06C1,
    0x0487, 0x000C, 0x0007, 0x1800, 0x0012, 0x0017, 0x000B, 0x0000,
    0xA654, 0x0052, 0x0045, 0x0057, 0x0049, 0x004E, 0x0044, 0x002D,
    0x0056, 0x004F, 0x0043, 0x0041, 0x0042, 0x002D, 0x0042, 0x0055,
    0x0043, 0x004B, 0x0045, 0x0054, 0x0053, 0x0FC9, 0x0576, 0x0008,
    0x184B, 0x17F7, 0x000B, 0x0017, 0x000B, 0x0000, 0xA652, 0x0052,
    0x0045, 0x0057, 0x0049, 0x004E, 0x0044, 0x002D, 0x0041, 0x004C,
    0x004C, 0x002D, 0x0042, 0x0055, 0x0043, 0x004B, 0x0045, 0x0054,
    0x0053, 0x037D, 0x0018, 0x0008, 0x186C, 0x001A, 0x001A, 0x1845,
    0x06C1, 0x000D, 0x0009, 0x1862, 0x058D, 0x000B, 0x0000, 0xA652,
    0x0049, 0x004E, 0x0049, 0x0054, 0x002D, 0x0046, 0x004F, 0x0052,
    0x0054, 0x0048, 0x002D, 0x0042, 0x0055, 0x0043, 0x004B, 0x0045,
    0x0054, 0x0053, 0x0004, 0x0064, 0x0004, 0xFEE2, 0x17C5, 0x0004,
    0xFEE2, 0x037D, 0x000C, 0x000B, 0x1771, 0x4486, 0x0041, 0x0042,
    0x004F, 0x0052, 0x0054, 0x0022, 0x16BB, 0x18A0, 0x16DF, 0x000B,
    0x0000, 0x4446, 0x0061, 0x0062, 0x006F, 0x0072, 0x0074, 0x0022,
    0x0008, 0x18A4, 0x0CF1, 0x12BC, 0x0CF1, 0x0017, 0x000B, 0x16DA,
    0x4482, 0x0024, 0x0022, 0x16BB, 0x0D00, 0x16DF, 0x000B, 0x132F,
    0x4482, 0x002E, 0x0022, 0x0331, 0x000D, 0x0008, 0x18BF, 0x0004,
    0x0022, 0x0EE3, 0x0DB5, 0x16BB, 0x0D0F, 0x16EF, 0x000B, 0x0004,
    0x0022, 0x0EE3, 0x0DB5, 0x0BB3, 0x000B, 0x0FCB, 0x4482, 0x0053,
    0x0022, 0x0331, 0x000D, 0x0008, 0x18D5, 0x0004, 0x0022, 0x0EE3,
    0x0DB5, 0x16BB, 0x0D07, 0x16EF, 0x000B, 0x0004, 0x0022, 0x0EE3,
    0x0DB5, 0x000B, 0x1727, 0x7A03, 0x0055, 0x003C, 0x003D, 0x0004,
    0x0001, 0x2A20, 0x05BA, 0x000B, 0x1341, 0xA807, 0x003F, 0x0054,
    0x0041, 0x0052, 0x0047, 0x0045, 0x0054, 0x0F1D, 0x0018, 0x000F,
    0x0008, 0x18F3, 0x000B, 0x0D00, 0x0005, 0x0020, 0x006E, 0x0061,
    0x006D, 0x0065, 0x12BC, 0x0000, 0xA846, 0x0046, 0x0049, 0x004E,
    0x0044, 0x0058, 0x0054, 0x0018, 0x11E8, 0x0576, 0x0008, 0x190C,
    0x0017, 0x0004, 0xFFFF, 0x000B, 0x0017, 0x0004, 0x0000, 0x000B,
    0x18C5, 0x884C, 0x0053, 0x0054, 0x0052, 0x0049, 0x004E, 0x0047,
    0x002D, 0x0042, 0x0055, 0x0049, 0x004C, 0x0044, 0x001A, 0x001B,
    0x0008, 0x1936, 0x18A0, 0x0011, 0x006E, 0x0065, 0x0067, 0x0061,
    0x0074, 0x0069, 0x0076, 0x0065, 0x0020, 0x0063, 0x0061, 0x0070,
    0x0061, 0x0063, 0x0069, 0x0074, 0x0079, 0x12BC, 0x0019, 0x0014,
    0x1F15, 0x0012, 0x074C, 0x0004, 0x0006, 0x2A20, 0x0018, 0x02A2,
    0x000C, 0x0017, 0x0004, 0x0004, 0x29CF, 0x02A2, 0x000D, 0x0004,
    0x0002, 0x2A20, 0x29CF, 0x0004, 0x0004, 0x29CF, 0x02A2, 0x000D,
    0x0004, 0x0001, 0x2A20, 0x29CF, 0x0004, 0x000D, 0x29CF, 0x0004,
    0x000B, 0x29CF, 0x0018, 0x29CF, 0x0004, 0x0000, 0x29CF, 0x16A1,
    0x2334, 0x03C9, 0x000D, 0x0F7C, 0x000B, 0x0000, 0x7E04, 0x0053,
    0x0054, 0x0052, 0x003F, 0x0018, 0x000D, 0x0004, 0x0004, 0x001E,
    0x0008, 0x1976, 0x0017, 0x0004, 0x0000, 0x000B, 0x0018, 0x06C1,
    0x000D, 0x02A2, 0x000C, 0x0018, 0x06C1, 0x06C1, 0x000D, 0x0004,
    0x0004, 0x001E, 0x0008, 0x1988, 0x0017, 0x0004, 0x0000, 0x000B,
    0x0018, 0x06C1, 0x06C1, 0x06C1, 0x000D, 0x02A2, 0x000D, 0x06B5,
    0x001E, 0x0008, 0x1997, 0x0017, 0x0004, 0x0000, 0x000B, 0x0018,
    0x0004, 0x0004, 0x2A20, 0x000D, 0x0004, 0x000D, 0x001E, 0x0008,
    0x19A5, 0x0017, 0x0004, 0x0000, 0x000B, 0x0018, 0x0004, 0x0005,
    0x2A20, 0x000D, 0x0004, 0x000B, 0x001E, 0x0008, 0x19B3, 0x0017,
    0x0004, 0x0000, 0x000B, 0x0004, 0xFFFF, 0x000B, 0x0000, 0x8C07,
    0x003E, 0x0053, 0x0054, 0x0052, 0x0042, 0x0055, 0x0046, 0x196B,
    0x0008, 0x19C5, 0x06C1, 0x000D, 0x000B, 0x18A0, 0x000A, 0x006E,
    0x006F, 0x0074, 0x0020, 0x0073, 0x0074, 0x0072, 0x0069, 0x006E,
    0x0067, 0x12BC, 0x0000, 0x8208, 0x003E, 0x0053, 0x0054, 0x0052,
    0x004C, 0x0045, 0x004E, 0x0041, 0x196B, 0x0008, 0x19E4, 0x06C1,
    0x06C1, 0x06C1, 0x000D, 0x000B, 0x18A0, 0x000A, 0x006E, 0x006F,
    0x0074, 0x0020, 0x0073, 0x0074, 0x0072, 0x0069, 0x006E, 0x0067,
    0x12BC, 0x0000, 0xA007, 0x003E, 0x0053, 0x0054, 0x0052, 0x0043,
    0x0041, 0x0050, 0x19DC, 0x06B5, 0x000D, 0x000B, 0x0000, 0x9C07,
    0x003E, 0x0053, 0x0054, 0x0052, 0x004C, 0x0045, 0x004E, 0x19DC,
    0x000D, 0x000B, 0x0000, 0xA809, 0x0053, 0x0054, 0x0052, 0x0043,
    0x004C, 0x0052, 0x002D, 0x0058, 0x0054, 0x19DC, 0x0004, 0x0000,
    0x0019, 0x000C, 0x000B, 0x0000, 0xA809, 0x0053, 0x0054, 0x0052,
    0x0043, 0x0041, 0x0050, 0x002D, 0x0058, 0x0054, 0x19FA, 0x000B,
    0x0000, 0xA809, 0x0053, 0x0054, 0x0052, 0x0053, 0x0045, 0x0054,
    0x002D, 0x0058, 0x0054, 0x02AE, 0x000C, 0x0018, 0x02AE, 0x000D,
    0x19FA, 0x18DF, 0x0008, 0x1A4D, 0x0018, 0x0014, 0x001A, 0x02AE,
    0x000D, 0x19BF, 0x0013, 0x07D4, 0x0012, 0x0017, 0x0019, 0x0017,
    0x02AE, 0x000D, 0x19DC, 0x000C, 0x000B, 0x18A0, 0x000F, 0x0073,
    0x0074, 0x0072, 0x0069, 0x006E, 0x0067, 0x0020, 0x006F, 0x0076,
    0x0065, 0x0072, 0x0066, 0x006C, 0x006F, 0x0077, 0x12BC, 0x0000,
    0xA80A, 0x0053, 0x0054, 0x0052, 0x0053, 0x0045, 0x0054, 0x004E,
    0x002D, 0x0058, 0x0054, 0x02AE, 0x000C, 0x0018, 0x02AE, 0x000D,
    0x19FA, 0x001E, 0x0008, 0x1A88, 0x18A0, 0x0011, 0x0063, 0x0061,
    0x0070, 0x0061, 0x0063, 0x0069, 0x0074, 0x0079, 0x0020, 0x006D,
    0x0069, 0x0073, 0x006D, 0x0061, 0x0074, 0x0063, 0x0068, 0x12BC,
    0x0018, 0x0004, 0x0001, 0x2A20, 0x05BA, 0x0008, 0x1A93, 0x02AE,
    0x000D, 0x1A33, 0x000B, 0x18A0, 0x000F, 0x0073, 0x0074, 0x0072,
    0x0069, 0x006E, 0x0067, 0x0020, 0x006F, 0x0076, 0x0065, 0x0072,
    0x0066, 0x006C, 0x006F, 0x0077, 0x12BC, 0x0000, 0xA809, 0x0053,
    0x0054, 0x0052, 0x0041, 0x0050, 0x0050, 0x002D, 0x0058, 0x0054,
    0x02AE, 0x000C, 0x02BA, 0x000C, 0x02C6, 0x000C, 0x0D26, 0x02AE,
    0x000D, 0x19BF, 0x02AE, 0x000D, 0x1A07, 0x0D71, 0x02BA, 0x000D,
    0x02C6, 0x000D, 0x0D71, 0x0D81, 0x02AE, 0x000D, 0x1A33, 0x000B,
    0x0000, 0xA809, 0x0053, 0x0054, 0x0052, 0x0050, 0x0052, 0x0045,
    0x002D, 0x0058, 0x0054, 0x02AE, 0x000C, 0x02BA, 0x000C, 0x02C6,
    0x000C, 0x0D26, 0x02BA, 0x000D, 0x02C6, 0x000D, 0x0D71, 0x02AE,
    0x000D, 0x19BF, 0x02AE, 0x000D, 0x1A07, 0x0D71, 0x0D81, 0x02AE,
    0x000D, 0x1A33, 0x000B, 0x0000, 0xA80A, 0x0053, 0x0054, 0x0052,
    0x0043, 0x0041, 0x0050, 0x0050, 0x002D, 0x0058, 0x0054, 0x02AE,
    0x000C, 0x0D26, 0x02AE, 0x000D, 0x19BF, 0x02AE, 0x000D, 0x1A07,
    0x0D71, 0x0D60, 0x0D81, 0x02AE, 0x000D, 0x1A33, 0x000B, 0x0000,
    0xA80B, 0x0053, 0x0054, 0x0052, 0x0043, 0x0048, 0x0041, 0x0052,
    0x0021, 0x002D, 0x0058, 0x0054, 0x0014, 0x0018, 0x001B, 0x0008,
    0x1B29, 0x18A0, 0x000D, 0x0069, 0x006E, 0x0076, 0x0061, 0x006C,
    0x0069, 0x0064, 0x0020, 0x0069, 0x006E, 0x0064, 0x0065, 0x0078,
    0x12BC, 0x0018, 0x0013, 0x1A07, 0x05BA, 0x0008, 0x1B36, 0x0013,
    0x19BF, 0x2A20, 0x000E, 0x0012, 0x0017, 0x000B, 0x18A0, 0x000D,
    0x0069, 0x006E, 0x0076, 0x0061, 0x006C, 0x0069, 0x0064, 0x0020,
    0x0069, 0x006E, 0x0064, 0x0065, 0x0078, 0x12BC, 0x16C2, 0x9C03,
    0x004C, 0x0045, 0x004E, 0x0019, 0x0017, 0x000B, 0x177B, 0x7E06,
    0x0045, 0x004D, 0x0050, 0x0054, 0x0059, 0x003F, 0x0019, 0x0017,
    0x0576, 0x0008, 0x1B5F, 0x0017, 0x0004, 0x0000, 0x000B, 0x0004,
    0xFFFF, 0x000B, 0x1910, 0x7A04, 0x0053, 0x0054, 0x0052, 0x003D,
    0x0014, 0x001A, 0x0013, 0x001E, 0x0008, 0x1B75, 0x0012, 0x0017,
    0x058D, 0x0017, 0x0004, 0x0000, 0x000B, 0x0019, 0x0012, 0x0017,
    0x0FF7, 0x000B, 0x1B62, 0x7C05, 0x0053, 0x0054, 0x0052, 0x003C,
    0x003E, 0x1B68, 0x0035, 0x000B, 0x1B46, 0xA804, 0x004C, 0x0045,
    0x0046, 0x0054, 0x0018, 0x001B, 0x0008, 0x1B9E, 0x18A0, 0x000D,
    0x0069, 0x006E, 0x0076, 0x0061, 0x006C, 0x0069, 0x0064, 0x0020,
    0x0072, 0x0061, 0x006E, 0x0067, 0x0065, 0x12BC, 0x02A2, 0x000C,
    0x02A2, 0x000D, 0x001A, 0x18DF, 0x0008, 0x1BAA, 0x0017, 0x02A2,
    0x000D, 0x000B, 0x18A0, 0x000D, 0x0069, 0x006E, 0x0076, 0x0061,
    0x006C, 0x0069, 0x0064, 0x0020, 0x0072, 0x0061, 0x006E, 0x0067,
    0x0065, 0x12BC, 0x175A, 0xA805, 0x0052, 0x0049, 0x0047, 0x0048,
    0x0054, 0x0018, 0x001B, 0x0008, 0x1BD5, 0x18A0, 0x000D, 0x0069,
    0x006E, 0x0076, 0x0061, 0x006C, 0x0069, 0x0064, 0x0020, 0x0072,
    0x0061, 0x006E, 0x0067, 0x0065, 0x12BC, 0x0018, 0x001A, 0x18DF,
    0x0008, 0x1BE4, 0x0014, 0x0019, 0x001A, 0x0013, 0x29F4, 0x2A20,
    0x0012, 0x0581, 0x0017, 0x000B, 0x18A0, 0x000D, 0x0069, 0x006E,
    0x0076, 0x0061, 0x006C, 0x0069, 0x0064, 0x0020, 0x0072, 0x0061,
    0x006E, 0x0067, 0x0065, 0x12BC, 0x1B7A, 0xA406, 0x0053, 0x0055,
    0x0042, 0x0053, 0x0054, 0x0052, 0x0014, 0x0018, 0x001B, 0x0008,
    0x1C11, 0x18A0, 0x000D, 0x0069, 0x006E, 0x0076, 0x0061, 0x006C,
    0x0069, 0x0064, 0x0020, 0x0072, 0x0061, 0x006E, 0x0067, 0x0065,
    0x12BC, 0x0013, 0x001B, 0x0008, 0x1C25, 0x18A0, 0x000D, 0x0069,
    0x006E, 0x0076, 0x0061, 0x006C, 0x0069, 0x0064, 0x0020, 0x0072,
    0x0061, 0x006E, 0x0067, 0x0065, 0x12BC, 0x02A2, 0x000C, 0x02A2,
    0x000D, 0x001A, 0x18DF, 0x0008, 0x1C3B, 0x02A2, 0x000D, 0x0013,
    0x2A20, 0x001A, 0x18DF, 0x0008, 0x1C3B, 0x0017, 0x02A2, 0x000D,
    0x2A20, 0x0012, 0x000B, 0x18A0, 0x000D, 0x0069, 0x006E, 0x0076,
    0x0061, 0x006C, 0x0069, 0x0064, 0x0020, 0x0072, 0x0061, 0x006E,
    0x0067, 0x0065, 0x12BC, 0x16B2, 0x8005, 0x0043, 0x0048, 0x0041,
    0x0052, 0x0040, 0x0018, 0x001B, 0x0008, 0x1C66, 0x18A0, 0x000D,
    0x0069, 0x006E, 0x0076, 0x0061, 0x006C, 0x0069, 0x0064, 0x0020,
    0x0069, 0x006E, 0x0064, 0x0065, 0x0078, 0x12BC, 0x0018, 0x001A,
    0x05BA, 0x0008, 0x1C70, 0x0019, 0x0017, 0x2A20, 0x000F, 0x000B,
    0x18A0, 0x000D, 0x0069, 0x006E, 0x0076, 0x0061, 0x006C, 0x0069,
    0x0064, 0x0020, 0x0069, 0x006E, 0x0064, 0x0065, 0x0078, 0x12BC,
    0x1BF4, 0x8E86, 0x0053, 0x0054, 0x0052, 0x0049, 0x004E, 0x0047,
    0x0331, 0x000D, 0x0008, 0x1CAF, 0x18A0, 0x0020, 0x0053, 0x0054,
    0x0052, 0x0049, 0x004E, 0x0047, 0x0020, 0x0063, 0x006F, 0x006D,
    0x0070, 0x0069, 0x006C, 0x0065, 0x002D, 0x0073, 0x0074, 0x0061,
    0x0074, 0x0065, 0x0020, 0x0075, 0x006E, 0x0073, 0x0075, 0x0070,
    0x0070, 0x006F, 0x0072, 0x0074, 0x0065, 0x0064, 0x12BC, 0x18ED,
    0x1903, 0x0008, 0x1CC6, 0x058D, 0x0017, 0x18A0, 0x000E, 0x0064,
    0x0075, 0x0070, 0x006C, 0x0069, 0x0063, 0x0061, 0x0074, 0x0065,
    0x0020, 0x006E, 0x0061, 0x006D, 0x0065, 0x12BC, 0x191E, 0x0017,
    0x000B, 0x1767, 0xA485, 0x0054, 0x004F, 0x0053, 0x0054, 0x0052,
    0x18ED, 0x1903, 0x0008, 0x1CE6, 0x0019, 0x0017, 0x02AE, 0x000C,
    0x0331, 0x000D, 0x0008, 0x1CE2, 0x02AE, 0x000D, 0x16CB, 0x16BB,
    0x1A33, 0x000B, 0x02AE, 0x000D, 0x1A33, 0x000B, 0x0331, 0x000D,
    0x0008, 0x1D02, 0x18A0, 0x0015, 0x006D, 0x0069, 0x0073, 0x0073,
    0x0069, 0x006E, 0x0067, 0x0020, 0x0073, 0x0074, 0x0072, 0x0069,
    0x006E, 0x0067, 0x0020, 0x0074, 0x0061, 0x0072, 0x0067, 0x0065,
    0x0074, 0x12BC, 0x0014, 0x001A, 0x02BA, 0x000C, 0x0018, 0x02C6,
    0x000C, 0x0018, 0x0012, 0x191E, 0x02AE, 0x000C, 0x02BA, 0x000D,
    0x02C6, 0x000D, 0x02AE, 0x000D, 0x1A33, 0x000B, 0x1CC9, 0x9C86,
    0x0054, 0x004F, 0x0053, 0x0054, 0x0052, 0x004E, 0x18ED, 0x1903,
    0x0008, 0x1D34, 0x0019, 0x0017, 0x02AE, 0x000C, 0x0331, 0x000D,
    0x0008, 0x1D30, 0x02AE, 0x000D, 0x16CB, 0x16BB, 0x1A6B, 0x000B,
    0x02AE, 0x000D, 0x1A6B, 0x000B, 0x0331, 0x000D, 0x0008, 0x1D50,
    0x18A0, 0x0015, 0x006D, 0x0069, 0x0073, 0x0073, 0x0069, 0x006E,
    0x0067, 0x0020, 0x0073, 0x0074, 0x0072, 0x0069, 0x006E, 0x0067,
    0x0020, 0x0074, 0x0061, 0x0072, 0x0067, 0x0065, 0x0074, 0x12BC,
    0x0014, 0x0018, 0x02D2, 0x000C, 0x0581, 0x0018, 0x02BA, 0x000C,
    0x0581, 0x0018, 0x02C6, 0x000C, 0x0581, 0x0018, 0x0012, 0x191E,
    0x02AE, 0x000C, 0x02BA, 0x000D, 0x02C6, 0x000D, 0x02D2, 0x000D,
    0x02AE, 0x000D, 0x1A6B, 0x000B, 0x1C4B, 0xA485, 0x0043, 0x004C,
    0x0045, 0x0041, 0x0052, 0x18ED, 0x1903, 0x0008, 0x1D89, 0x0019,
    0x0017, 0x02AE, 0x000C, 0x0331, 0x000D, 0x0008, 0x1D85, 0x02AE,
    0x000D, 0x16CB, 0x16BB, 0x1A15, 0x000B, 0x02AE, 0x000D, 0x1A15,
    0x000B, 0x18A0, 0x0015, 0x006D, 0x0069, 0x0073, 0x0073, 0x0069,
    0x006E, 0x0067, 0x0020, 0x0073, 0x0074, 0x0072, 0x0069, 0x006E,
    0x0067, 0x0020, 0x0074, 0x0061, 0x0072, 0x0067, 0x0065, 0x0074,
    0x12BC, 0x1D6C, 0xB288, 0x0043, 0x0041, 0x0050, 0x0041, 0x0043,
    0x0049, 0x0054, 0x0059, 0x18ED, 0x1903, 0x0008, 0x1DC1, 0x0019,
    0x0017, 0x02AE, 0x000C, 0x0331, 0x000D, 0x0008, 0x1DBD, 0x02AE,
    0x000D, 0x16CB, 0x16BB, 0x1A26, 0x000B, 0x02AE, 0x000D, 0x1A26,
    0x000B, 0x18A0, 0x0015, 0x006D, 0x0069, 0x0073, 0x0073, 0x0069,
    0x006E, 0x0067, 0x0020, 0x0073, 0x0074, 0x0072, 0x0069, 0x006E,
    0x0067, 0x0020, 0x0074, 0x0061, 0x0072, 0x0067, 0x0065, 0x0074,
    0x12BC, 0x188C, 0x8886, 0x0041, 0x0050, 0x0050, 0x0045, 0x004E,
    0x0044, 0x0331, 0x000D, 0x0008, 0x1DF3, 0x18ED, 0x1903, 0x0008,
    0x1E07, 0x0019, 0x0017, 0x02AE, 0x000C, 0x02AE, 0x000D, 0x16CB,
    0x16BB, 0x1AB0, 0x000B, 0x02BA, 0x000C, 0x02C6, 0x000C, 0x18ED,
    0x1903, 0x0008, 0x1E07, 0x0019, 0x0017, 0x02AE, 0x000C, 0x02BA,
    0x000D, 0x02C6, 0x000D, 0x02AE, 0x000D, 0x1AB0, 0x000B, 0x18A0,
    0x0015, 0x006D, 0x0069, 0x0073, 0x0073, 0x0069, 0x006E, 0x0067,
    0x0020, 0x0073, 0x0074, 0x0072, 0x0069, 0x006E, 0x0067, 0x0020,
    0x0074, 0x0061, 0x0072, 0x0067, 0x0065, 0x0074, 0x12BC, 0x1372,
    0x8887, 0x0050, 0x0052, 0x0045, 0x0050, 0x0045, 0x004E, 0x0044,
    0x0331, 0x000D, 0x0008, 0x1E3A, 0x18ED, 0x1903, 0x0008, 0x1E4E,
    0x0019, 0x0017, 0x02AE, 0x000C, 0x02AE, 0x000D, 0x16CB, 0x16BB,
    0x1AD3, 0x000B, 0x02BA, 0x000C, 0x02C6, 0x000C, 0x18ED, 0x1903,
    0x0008, 0x1E4E, 0x0019, 0x0017, 0x02AE, 0x000C, 0x02BA, 0x000D,
    0x02C6, 0x000D, 0x02AE, 0x000D, 0x1AD3, 0x000B, 0x18A0, 0x0015,
    0x006D, 0x0069, 0x0073, 0x0073, 0x0069, 0x006E, 0x0067, 0x0020,
    0x0073, 0x0074, 0x0072, 0x0069, 0x006E, 0x0067, 0x0020, 0x0074,
    0x0061, 0x0072, 0x0067, 0x0065, 0x0074, 0x12BC, 0x1DA1, 0x8887,
    0x0043, 0x0041, 0x0050, 0x0050, 0x0045, 0x004E, 0x0044, 0x18ED,
    0x1903, 0x0008, 0x1E85, 0x0019, 0x0017, 0x02AE, 0x000C, 0x0331,
    0x000D, 0x0008, 0x1E81, 0x02AE, 0x000D, 0x16CB, 0x16BB, 0x1AF7,
    0x000B, 0x02AE, 0x000D, 0x1AF7, 0x000B, 0x18A0, 0x0015, 0x006D,
    0x0069, 0x0073, 0x0073, 0x0069, 0x006E, 0x0067, 0x0020, 0x0073,
    0x0074, 0x0072, 0x0069, 0x006E, 0x0067, 0x0020, 0x0074, 0x0061,
    0x0072, 0x0067, 0x0065, 0x0074, 0x12BC, 0x1E66, 0x4285, 0x0043,
    0x0048, 0x0041, 0x0052, 0x0021, 0x18ED, 0x1903, 0x0008, 0x1EBA,
    0x0019, 0x0017, 0x02AE, 0x000C, 0x0331, 0x000D, 0x0008, 0x1EB6,
    0x02AE, 0x000D, 0x16CB, 0x16BB, 0x1B14, 0x000B, 0x02AE, 0x000D,
    0x1B14, 0x000B, 0x18A0, 0x0015, 0x006D, 0x0069, 0x0073, 0x0073,
    0x0069, 0x006E, 0x0067, 0x0020, 0x0073, 0x0074, 0x0072, 0x0069,
    0x006E, 0x0067, 0x0020, 0x0074, 0x0061, 0x0072, 0x0067, 0x0065,
    0x0074, 0x12BC, 0x0000, 0x8A07, 0x003F, 0x0055, 0x004E, 0x0049,
    0x0051, 0x0055, 0x0045, 0x000B, 0x0000, 0x5845, 0x0053, 0x004E,
    0x0041, 0x0050, 0x002C, 0x0018, 0x000D, 0x0004, 0x0004, 0x29CF,
    0x29CF, 0x0004, 0x0004, 0x29CF, 0x0018, 0x29CF, 0x0004, 0x000C,
    0x29CF, 0x0017, 0x000B, 0x0000, 0x584A, 0x0053, 0x004E, 0x0041,
    0x0050, 0x002D, 0x0049, 0x004E, 0x0054, 0x004F, 0x002C, 0x0014,
    0x0004, 0x0004, 0x29CF, 0x29CF, 0x0004, 0x0004, 0x29CF, 0x0012,
    0x29CF, 0x0004, 0x000C, 0x29CF, 0x000B, 0x0000, 0xA446, 0x0048,
    0x0045, 0x0041, 0x0044, 0x0045, 0x0052, 0x0018, 0x000F, 0x0008,
    0x1F3C, 0x1EDB, 0x0018, 0x02A2, 0x000C, 0x074C, 0x0018, 0x03C9,
    0x000C, 0x0004, 0x0000, 0x29CF, 0x02A2, 0x000D, 0x0F5E, 0x29CF,
    0x02A2, 0x000D, 0x06C1, 0x074C, 0x02A2, 0x000D, 0x000F, 0x0004,
    0x001F, 0x001C, 0x07D4, 0x02A2, 0x000D, 0x000F, 0x0004, 0x001F,
    0x001C, 0x16A1, 0x058D, 0x000B, 0x0D00, 0x0005, 0x0020, 0x006E,
    0x0061, 0x006D, 0x0065, 0x12BC, 0x0003, 0x004E, 0x004F, 0x0050,
    0x0000, 0x0000, 0x0004, 0x006A, 0x0075, 0x006D, 0x0070, 0x0001,
    0x0000, 0x0003, 0x003F, 0x0072, 0x0078, 0x0002, 0x0000, 0x0003,
    0x0074, 0x0078, 0x0021, 0x0003, 0x0000, 0x0005, 0x0064, 0x006F,
    0x004C, 0x0049, 0x0054, 0x0004, 0x0001, 0x0006, 0x0064, 0x006F,
    0x004C, 0x0049, 0x0053, 0x0054, 0x0005, 0x0000, 0x0005, 0x0064,
    0x006F, 0x0056, 0x0041, 0x0052, 0x0006, 0x0000, 0x0006, 0x0064,
    0x006F, 0x004E, 0x0045, 0x0058, 0x0054, 0x0007, 0x0000, 0x0007,
    0x003F, 0x0062, 0x0072, 0x0061, 0x006E, 0x0063, 0x0068, 0x0008,
    0x0001, 0x0006, 0x0062, 0x0072, 0x0061, 0x006E, 0x0063, 0x0068,
    0x0009, 0x0001, 0x0007, 0x0045, 0x0058, 0x0045, 0x0043, 0x0055,
    0x0054, 0x0045, 0x000A, 0x0000, 0x0004, 0x0045, 0x0058, 0x0049,
    0x0054, 0x000B, 0x0000, 0x0001, 0x0021, 0x000C, 0x0000, 0x0001,
    0x0040, 0x000D, 0x0000, 0x0002, 0x0043, 0x0021, 0x000E, 0x0000,
    0x0002, 0x0043, 0x0040, 0x000F, 0x0000, 0x0003, 0x0052, 0x0050,
    0x0021, 0x0010, 0x0000, 0x0003, 0x0052, 0x0050, 0x0040, 0x0011,
    0x0000, 0x0002, 0x0052, 0x003E, 0x0012, 0x0000, 0x0002, 0x0052,
    0x0040, 0x0013, 0x0000, 0x0002, 0x003E, 0x0052, 0x0014, 0x0000,
    0x0003, 0x0053, 0x0050, 0x0040, 0x0015, 0x0000, 0x0003, 0x0053,
    0x0050, 0x0021, 0x0016, 0x0000, 0x0004, 0x0044, 0x0052, 0x004F,
    0x0050, 0x0017, 0x0000, 0x0003, 0x0044, 0x0055, 0x0050, 0x0018,
    0x0000, 0x0004, 0x0053, 0x0057, 0x0041, 0x0050, 0x0019, 0x0000,
    0x0004, 0x004F, 0x0056, 0x0045, 0x0052, 0x001A, 0x0000, 0x0002,
    0x0030, 0x003C, 0x001B, 0x0000, 0x0003, 0x0041, 0x004E, 0x0044,
};

static const uint16_t pdr16_at_forth_rom_chunk_1[8192] PROGMEM = {
    0x001C, 0x0000, 0x0002, 0x004F, 0x0052, 0x001D, 0x0000, 0x0003,
    0x0058, 0x004F, 0x0052, 0x001E, 0x0000, 0x0003, 0x0055, 0x004D,
    0x002B, 0x001F, 0x0000, 0x0003, 0x003C, 0x003C, 0x0034, 0x0020,
    0x0000, 0x0003, 0x003C, 0x003C, 0x0038, 0x0021, 0x0000, 0x0003,
    0x003C, 0x003C, 0x0039, 0x0022, 0x0000, 0x0002, 0x0030, 0x003D,
    0x0023, 0x0000, 0x0002, 0x0031, 0x002B, 0x0024, 0x0000, 0x0002,
    0x0031, 0x002D, 0x0025, 0x0000, 0x0002, 0x0032, 0x002B, 0x0026,
    0x0000, 0x0002, 0x0032, 0x002D, 0x0027, 0x0000, 0x0005, 0x0048,
    0x004F, 0x0050, 0x0045, 0x004E, 0x0028, 0x0000, 0x0007, 0x0048,
    0x0043, 0x0052, 0x0045, 0x0041, 0x0054, 0x0045, 0x0029, 0x0000,
    0x0006, 0x0048, 0x0043, 0x004C, 0x004F, 0x0053, 0x0045, 0x002A,
    0x0000, 0x0007, 0x0048, 0x0052, 0x0045, 0x0041, 0x0044, 0x004C,
    0x004E, 0x002B, 0x0000, 0x0008, 0x0048, 0x0057, 0x0052, 0x0049,
    0x0054, 0x0045, 0x004C, 0x004E, 0x002C, 0x0000, 0x0005, 0x0048,
    0x0053, 0x0045, 0x0045, 0x004B, 0x002D, 0x0000, 0x0005, 0x0048,
    0x0054, 0x0045, 0x004C, 0x004C, 0x002E, 0x0000, 0x0005, 0x0048,
    0x0053, 0x0049, 0x005A, 0x0045, 0x002F, 0x0000, 0x0006, 0x0048,
    0x0046, 0x004C, 0x0055, 0x0053, 0x0048, 0x0030, 0x0000, 0x0007,
    0x0048, 0x0044, 0x0045, 0x004C, 0x0045, 0x0054, 0x0045, 0x0031,
    0x0000, 0x0007, 0x0048, 0x0052, 0x0045, 0x004E, 0x0041, 0x004D,
    0x0045, 0x0032, 0x0000, 0x0009, 0x004D, 0x0055, 0x004C, 0x005F,
    0x0053, 0x0045, 0x0054, 0x0055, 0x0050, 0x0033, 0x0000, 0x000C,
    0x004D, 0x0055, 0x004C, 0x005F, 0x0053, 0x0054, 0x0045, 0x0050,
    0x005F, 0x0041, 0x0043, 0x0043, 0x0034, 0x0000, 0x0003, 0x004E,
    0x004F, 0x0054, 0x0035, 0x0000, 0x0003, 0x0053, 0x0055, 0x0042,
    0x0036, 0x0000, 0x0006, 0x004E, 0x0045, 0x0047, 0x0041, 0x0054,
    0x0045, 0x0037, 0x0000, 0x0003, 0x0049, 0x004E, 0x0043, 0x0038,
    0x0000, 0x0003, 0x0044, 0x0045, 0x0043, 0x0039, 0x0000, 0x0004,
    0x005A, 0x0045, 0x0052, 0x004F, 0x003A, 0x0000, 0x0002, 0x0055,
    0x002B, 0x003B, 0x0000, 0x0002, 0x0032, 0x002A, 0x003C, 0x0000,
    0x0000, 0x0000, 0x7E45, 0x0050, 0x0052, 0x0049, 0x004D, 0x003F,
    0x0018, 0x02A2, 0x000C, 0x0018, 0x06C1, 0x000F, 0x03EC, 0x000C,
    0x0017, 0x0004, 0x1F44, 0x0018, 0x000F, 0x0008, 0x2131, 0x0018,
    0x06C1, 0x000F, 0x03EC, 0x000D, 0x001E, 0x0008, 0x2115, 0x073E,
    0x2A20, 0x06C1, 0x06C1, 0x0009, 0x2103, 0x02A2, 0x000D, 0x0019,
    0x0018, 0x000F, 0x0FD2, 0x0008, 0x2125, 0x0019, 0x0017, 0x073E,
    0x2A20, 0x06C1, 0x06C1, 0x0009, 0x2103, 0x0019, 0x0017, 0x073E,
    0x2A20, 0x0018, 0x000D, 0x0019, 0x06C1, 0x000D, 0x0004, 0xFFFF,
    0x000B, 0x0017, 0x02A2, 0x000D, 0x0004, 0x0000, 0x000B, 0x0003,
    0x003F, 0x0072, 0x0078, 0x0002, 0x0003, 0x0074, 0x0078, 0x0021,
    0x0003, 0x0001, 0x0021, 0x000C, 0x0001, 0x0040, 0x000D, 0x0002,
    0x0043, 0x0021, 0x000E, 0x0002, 0x0043, 0x0040, 0x000F, 0x0003,
    0x0052, 0x0050, 0x0021, 0x0010, 0x0003, 0x0052, 0x0050, 0x0040,
    0x0011, 0x0002, 0x0052, 0x003E, 0x0012, 0x0002, 0x0052, 0x0040,
    0x0013, 0x0002, 0x003E, 0x0052, 0x0014, 0x0003, 0x0053, 0x0050,
    0x0040, 0x0015, 0x0003, 0x0053, 0x0050, 0x0021, 0x0016, 0x0004,
    0x0044, 0x0052, 0x004F, 0x0050, 0x0017, 0x0003, 0x0044, 0x0055,
    0x0050, 0x0018, 0x0004, 0x0053, 0x0057, 0x0041, 0x0050, 0x0019,
    0x0004, 0x004F, 0x0056, 0x0045, 0x0052, 0x001A, 0x0002, 0x0030,
    0x003C, 0x001B, 0x0003, 0x0041, 0x004E, 0x0044, 0x001C, 0x0002,
    0x004F, 0x0052, 0x001D, 0x0003, 0x0058, 0x004F, 0x0052, 0x001E,
    0x0003, 0x0055, 0x004D, 0x002B, 0x001F, 0x0002, 0x0030, 0x003D,
    0x0023, 0x0002, 0x0031, 0x002B, 0x0024, 0x0002, 0x0031, 0x002D,
    0x0025, 0x0002, 0x0032, 0x002B, 0x0026, 0x0002, 0x0032, 0x002D,
    0x0027, 0x0005, 0x0048, 0x004F, 0x0050, 0x0045, 0x004E, 0x0028,
    0x0007, 0x0048, 0x0043, 0x0052, 0x0045, 0x0041, 0x0054, 0x0045,
    0x0029, 0x0006, 0x0048, 0x0043, 0x004C, 0x004F, 0x0053, 0x0045,
    0x002A, 0x0007, 0x0048, 0x0052, 0x0045, 0x0041, 0x0044, 0x004C,
    0x004E, 0x002B, 0x0008, 0x0048, 0x0057, 0x0052, 0x0049, 0x0054,
    0x0045, 0x004C, 0x004E, 0x002C, 0x0005, 0x0048, 0x0053, 0x0045,
    0x0045, 0x004B, 0x002D, 0x0005, 0x0048, 0x0054, 0x0045, 0x004C,
    0x004C, 0x002E, 0x0005, 0x0048, 0x0053, 0x0049, 0x005A, 0x0045,
    0x002F, 0x0006, 0x0048, 0x0046, 0x004C, 0x0055, 0x0053, 0x0048,
    0x0030, 0x0007, 0x0048, 0x0044, 0x0045, 0x004C, 0x0045, 0x0054,
    0x0045, 0x0031, 0x0007, 0x0048, 0x0052, 0x0045, 0x004E, 0x0041,
    0x004D, 0x0045, 0x0032, 0x0009, 0x004D, 0x0055, 0x004C, 0x005F,
    0x0053, 0x0045, 0x0054, 0x0055, 0x0050, 0x0033, 0x000C, 0x004D,
    0x0055, 0x004C, 0x005F, 0x0053, 0x0054, 0x0045, 0x0050, 0x005F,
    0x0041, 0x0043, 0x0043, 0x0034, 0x0003, 0x004E, 0x004F, 0x0054,
    0x0035, 0x0003, 0x0053, 0x0055, 0x0042, 0x0036, 0x0006, 0x004E,
    0x0045, 0x0047, 0x0041, 0x0054, 0x0045, 0x0037, 0x0003, 0x0049,
    0x004E, 0x0043, 0x0038, 0x0003, 0x0044, 0x0045, 0x0043, 0x0039,
    0x0004, 0x005A, 0x0045, 0x0052, 0x004F, 0x003A, 0x0002, 0x0055,
    0x002B, 0x003B, 0x0002, 0x0032, 0x002A, 0x003C, 0x0000, 0x0000,
    0x7E46, 0x0049, 0x0050, 0x0052, 0x0049, 0x004D, 0x003F, 0x0018,
    0x02A2, 0x000C, 0x0018, 0x06C1, 0x000F, 0x03EC, 0x000C, 0x0017,
    0x0004, 0x2137, 0x0018, 0x000F, 0x0008, 0x228A, 0x0018, 0x06C1,
    0x000F, 0x03EC, 0x000D, 0x001E, 0x0008, 0x2273, 0x073E, 0x2A20,
    0x06C1, 0x0009, 0x2262, 0x0018, 0x000F, 0x0014, 0x02A2, 0x000D,
    0x06C1, 0x001A, 0x06C1, 0x0012, 0x0FF7, 0x0008, 0x2285, 0x073E,
    0x2A20, 0x000D, 0x0004, 0xFFFF, 0x000B, 0x073E, 0x2A20, 0x06C1,
    0x0009, 0x2262, 0x0017, 0x02A2, 0x000D, 0x0004, 0x0000, 0x000B,
    0x0000, 0x8A48, 0x0024, 0x0043, 0x004F, 0x004D, 0x0050, 0x0049,
    0x004C, 0x0045, 0x12D3, 0x0008, 0x22A5, 0x0951, 0x0008, 0x22A5,
    0x0004, 0x0004, 0x29CF, 0x29CF, 0x000B, 0x11E8, 0x0576, 0x0008,
    0x22C1, 0x0018, 0x000D, 0x0018, 0x0004, 0x0080, 0x001C, 0x0008,
    0x22B5, 0x0017, 0x0017, 0x0014, 0x000B, 0x0004, 0x0020, 0x001C,
    0x0008, 0x22BE, 0x0017, 0x000D, 0x29CF, 0x000B, 0x0017, 0x29CF,
    0x000B, 0x0951, 0x0008, 0x22C9, 0x0004, 0x0004, 0x29CF, 0x29CF,
    0x000B, 0x12BC, 0x0000, 0x584A, 0x0049, 0x004E, 0x0054, 0x0045,
    0x0052, 0x0050, 0x0052, 0x0045, 0x0054, 0x002C, 0x12D3, 0x0008,
    0x22DE, 0x0951, 0x0008, 0x22DE, 0x0798, 0x000B, 0x11E8, 0x0576,
    0x0008, 0x232B, 0x0018, 0x000D, 0x0004, 0x0040, 0x001C, 0x18A0,
    0x000D, 0x0020, 0x0063, 0x006F, 0x006D, 0x0070, 0x0069, 0x006C,
    0x0065, 0x0020, 0x006F, 0x006E, 0x006C, 0x0079, 0x001A, 0x0004,
    0x166E, 0x001E, 0x0008, 0x2328, 0x001A, 0x0004, 0x2A2E, 0x001E,
    0x0008, 0x2328, 0x001A, 0x0004, 0x2482, 0x001E, 0x0008, 0x2328,
    0x001A, 0x0004, 0x2587, 0x001E, 0x0008, 0x2328, 0x001A, 0x0004,
    0x2598, 0x001E, 0x0008, 0x2328, 0x001A, 0x0004, 0x2751, 0x001E,
    0x0008, 0x2328, 0x0018, 0x000D, 0x0004, 0x0020, 0x001C, 0x0008,
    0x2325, 0x0017, 0x000D, 0x0786, 0x000B, 0x0017, 0x0786, 0x000B,
    0x0017, 0x0014, 0x000B, 0x12BC, 0x0000, 0x9846, 0x0052, 0x0045,
    0x0056, 0x0045, 0x0041, 0x004C, 0x03C9, 0x000D, 0x0018, 0x0014,
    0x0FAB, 0x06C1, 0x000F, 0x039B, 0x000D, 0x0FC9, 0x0F8E, 0x0576,
    0x0008, 0x234A, 0x0018, 0x000D, 0x0013, 0x000C, 0x0012, 0x0019,
    0x000C, 0x000B, 0x0012, 0x0017, 0x000B, 0x173F, 0x8A89, 0x0049,
    0x004D, 0x004D, 0x0045, 0x0044, 0x0049, 0x0041, 0x0054, 0x0045,
    0x0004, 0x0080, 0x03C9, 0x000D, 0x06C1, 0x0018, 0x000D, 0x0581,
    0x001D, 0x0019, 0x000C, 0x000B, 0x1E1F, 0x8A07, 0x0050, 0x0052,
    0x0049, 0x0056, 0x0041, 0x0054, 0x0045, 0x0004, 0x0100, 0x03C9,
    0x000D, 0x06C1, 0x0018, 0x000D, 0x0581, 0x001D, 0x0019, 0x000C,
    0x000B, 0x1E9D, 0xB20C, 0x0043, 0x004F, 0x004D, 0x0050, 0x0049,
    0x004C, 0x0045, 0x002D, 0x004F, 0x004E, 0x004C, 0x0059, 0x0004,
    0x0040, 0x03C9, 0x000D, 0x06C1, 0x0018, 0x000D, 0x0581, 0x001D,
    0x0019, 0x000C, 0x000B, 0x0FEF, 0xA406, 0x004D, 0x0041, 0x0052,
    0x004B, 0x0045, 0x0052, 0x0331, 0x000D, 0x0008, 0x23C2, 0x18A0,
    0x0020, 0x004D, 0x0041, 0x0052, 0x004B, 0x0045, 0x0052, 0x0020,
    0x0063, 0x006F, 0x006D, 0x0070, 0x0069, 0x006C, 0x0065, 0x002D,
    0x0073, 0x0074, 0x0061, 0x0074, 0x0065, 0x0020, 0x0075, 0x006E,
    0x0073, 0x0075, 0x0070, 0x0070, 0x006F, 0x0072, 0x0074, 0x0065,
    0x0064, 0x12BC, 0x03C9, 0x000D, 0x02A2, 0x000C, 0x074C, 0x02AE,
    0x000C, 0x0F1D, 0x1F15, 0x037D, 0x1EE3, 0x037D, 0x06C1, 0x1EE3,
    0x037D, 0x06C1, 0x06C1, 0x1EE3, 0x038C, 0x1EE3, 0x038C, 0x06C1,
    0x1EE3, 0x038C, 0x06C1, 0x06C1, 0x1EE3, 0x038C, 0x06C1, 0x06C1,
    0x06C1, 0x1EE3, 0x038C, 0x06C1, 0x06C1, 0x06C1, 0x06C1, 0x1EE3,
    0x038C, 0x06C1, 0x06C1, 0x06C1, 0x06C1, 0x06C1, 0x1EE3, 0x038C,
    0x06C1, 0x06C1, 0x06C1, 0x06C1, 0x06C1, 0x06C1, 0x1EE3, 0x038C,
    0x06C1, 0x06C1, 0x06C1, 0x06C1, 0x06C1, 0x06C1, 0x06C1, 0x1EE3,
    0x038C, 0x06C1, 0x06C1, 0x06C1, 0x06C1, 0x06C1, 0x06C1, 0x06C1,
    0x06C1, 0x1EE3, 0x039B, 0x1EE3, 0x039B, 0x06C1, 0x1EE3, 0x02A2,
    0x000D, 0x03C9, 0x1EFF, 0x02AE, 0x000D, 0x03A5, 0x1EFF, 0x0004,
    0x0004, 0x29CF, 0x02AE, 0x000D, 0x29CF, 0x0004, 0x1861, 0x29CF,
    0x03A5, 0x000D, 0x1861, 0x0004, 0x000B, 0x29CF, 0x2334, 0x000B,
    0x170E, 0xA806, 0x0046, 0x004F, 0x0052, 0x0047, 0x0045, 0x0054,
    0x0331, 0x000D, 0x0008, 0x2457, 0x18A0, 0x0020, 0x0046, 0x004F,
    0x0052, 0x0047, 0x0045, 0x0054, 0x0020, 0x0063, 0x006F, 0x006D,
    0x0070, 0x0069, 0x006C, 0x0065, 0x002D, 0x0073, 0x0074, 0x0061,
    0x0074, 0x0065, 0x0020, 0x0075, 0x006E, 0x0073, 0x0075, 0x0070,
    0x0070, 0x006F, 0x0072, 0x0074, 0x0065, 0x0064, 0x12BC, 0x0F1D,
    0x039B, 0x000D, 0x11B9, 0x0576, 0x0008, 0x247B, 0x0014, 0x058D,
    0x0012, 0x0018, 0x0004, 0x8000, 0x05BA, 0x0008, 0x2473, 0x18A0,
    0x0009, 0x0070, 0x0072, 0x006F, 0x0074, 0x0065, 0x0063, 0x0074,
    0x0065, 0x0064, 0x12BC, 0x0FB8, 0x0018, 0x03A5, 0x000C, 0x039B,
    0x000D, 0x1845, 0x000B, 0x12BC, 0x18DA, 0xA404, 0x0055, 0x0053,
    0x0045, 0x0052, 0x0F1D, 0x1F15, 0x16BB, 0x04AE, 0x29CF, 0x2334,
    0x000B, 0x0000, 0xB20A, 0x0056, 0x004F, 0x0043, 0x0041, 0x0042,
    0x0055, 0x004C, 0x0041, 0x0052, 0x0059, 0x0F1D, 0x1F15, 0x074C,
    0x0004, 0x0003, 0x2A20, 0x0018, 0x02A2, 0x000C, 0x0017, 0x16BB,
    0x054C, 0x02A2, 0x000D, 0x29CF, 0x0004, 0x000B, 0x29CF, 0x02A2,
    0x000D, 0x0004, 0x0003, 0x2A20, 0x29CF, 0x0004, 0x0000, 0x29CF,
    0x0004, 0x0000, 0x29CF, 0x02A2, 0x000D, 0x0004, 0x0003, 0x2A20,
    0x0018, 0x0004, 0x005F, 0x16A1, 0x17A3, 0x037D, 0x06C1, 0x000D,
    0x02A2, 0x000D, 0x06C1, 0x000C, 0x02A2, 0x000D, 0x037D, 0x06C1,
    0x000C, 0x2334, 0x000B, 0x1467, 0xA60B, 0x0044, 0x0045, 0x0046,
    0x0049, 0x004E, 0x0049, 0x0054, 0x0049, 0x004F, 0x004E, 0x0053,
    0x038C, 0x000D, 0x0FC9, 0x039B, 0x06C1, 0x000C, 0x039B, 0x06C1,
    0x039B, 0x000C, 0x000B, 0x2393, 0x8A06, 0x004D, 0x004F, 0x0044,
    0x0055, 0x004C, 0x0045, 0x0331, 0x000D, 0x0008, 0x2512, 0x18A0,
    0x0020, 0x004D, 0x004F, 0x0044, 0x0055, 0x004C, 0x0045, 0x0020,
    0x0063, 0x006F, 0x006D, 0x0070, 0x0069, 0x006C, 0x0065, 0x002D,
    0x0073, 0x0074, 0x0061, 0x0074, 0x0065, 0x0020, 0x0075, 0x006E,
    0x0073, 0x0075, 0x0070, 0x0070, 0x006F, 0x0072, 0x0074, 0x0065,
    0x0064, 0x12BC, 0x04C3, 0x000D, 0x04D8, 0x000D, 0x001D, 0x0008,
    0x2529, 0x18A0, 0x000D, 0x006D, 0x006F, 0x0064, 0x0075, 0x006C,
    0x0065, 0x0020, 0x0061, 0x0063, 0x0074, 0x0069, 0x0076, 0x0065,
    0x12BC, 0x14B2, 0x0004, 0xFFFF, 0x04C3, 0x000C, 0x0004, 0x0000,
    0x04D8, 0x000C, 0x000B, 0x1B4E, 0x8A0A, 0x0045, 0x004E, 0x0044,
    0x002D, 0x004D, 0x004F, 0x0044, 0x0055, 0x004C, 0x0045, 0x0331,
    0x000D, 0x0008, 0x256A, 0x18A0, 0x0024, 0x0045, 0x004E, 0x0044,
    0x002D, 0x004D, 0x004F, 0x0044, 0x0055, 0x004C, 0x0045, 0x0020,
    0x0063, 0x006F, 0x006D, 0x0070, 0x0069, 0x006C, 0x0065, 0x002D,
    0x0073, 0x0074, 0x0061, 0x0074, 0x0065, 0x0020, 0x0075, 0x006E,
    0x0073, 0x0075, 0x0070, 0x0070, 0x006F, 0x0072, 0x0074, 0x0065,
    0x0064, 0x12BC, 0x04C3, 0x000D, 0x04D8, 0x000D, 0x001D, 0x0008,
    0x2573, 0x15DE, 0x000B, 0x18A0, 0x0009, 0x006E, 0x006F, 0x0020,
    0x006D, 0x006F, 0x0064, 0x0075, 0x006C, 0x0065, 0x12BC, 0x2379,
    0x8A06, 0x0043, 0x0052, 0x0045, 0x0041, 0x0054, 0x0045, 0x0F1D,
    0x1F15, 0x0004, 0x0006, 0x29CF, 0x2334, 0x000B, 0x2489, 0x8A08,
    0x0056, 0x0041, 0x0052, 0x0049, 0x0041, 0x0042, 0x004C, 0x0045,
    0x2587, 0x0004, 0x0000, 0x29CF, 0x000B, 0x0000, 0x8A50, 0x004D,
    0x004F, 0x0044, 0x0055, 0x004C, 0x0045, 0x002D, 0x0053, 0x004B,
    0x0049, 0x0050, 0x002D, 0x004C, 0x0049, 0x004E, 0x0045, 0x0F1D,
    0x11E8, 0x0008, 0x25B9, 0x0004, 0x253F, 0x001E, 0x0008, 0x25BB,
    0x000B, 0x0017, 0x000B, 0x15DE, 0x1334, 0x000B, 0x168E, 0x8A05,
    0x005F, 0x0054, 0x0059, 0x0050, 0x0045, 0x0009, 0x25D3, 0x0019,
    0x0018, 0x000F, 0x06E6, 0x0B62, 0x0004, 0x0001, 0x2A20, 0x0019,
    0x0004, 0xFFFF, 0x2A20, 0x0018, 0x0008, 0x25D8, 0x0009, 0x25C7,
    0x058D, 0x000B, 0x0CEC, 0x5603, 0x0064, 0x006D, 0x002B, 0x001A,
    0x0004, 0x0004, 0x0900, 0x0B85, 0x0037, 0x0014, 0x0009, 0x25F0,
    0x0018, 0x000F, 0x0004, 0x0003, 0x0900, 0x0004, 0x0001, 0x2A20,
    0x0007, 0x25E8, 0x0012, 0x0017, 0x000B, 0x24CB, 0xA004, 0x0044,
    0x0055, 0x004D, 0x0050, 0x0287, 0x000D, 0x0014, 0x08C4, 0x0004,
    0x0010, 0x29ED, 0x0037, 0x0014, 0x0BCB, 0x0004, 0x0010, 0x29E7,
    0x25DF, 0x0581, 0x0581, 0x0004, 0x0002, 0x0BAA, 0x25C5, 0x0B6A,
    0x0035, 0x0008, 0x2619, 0x0007, 0x2604, 0x0012, 0x0017, 0x0009,
    0x261B, 0x0012, 0x0017, 0x0017, 0x0012, 0x0287, 0x000C, 0x000B,
    0x18AF, 0xA602, 0x002E, 0x0053, 0x0BCB, 0x06FB, 0x0576, 0x0008,
    0x2642, 0x0004, 0x0001, 0x2A20, 0x0037, 0x0014, 0x0009, 0x2637,
    0x0013, 0x0037, 0x0004, 0x0001, 0x29F4, 0x0709, 0x0917, 0x0007,
    0x2630, 0x0012, 0x0017, 0x0D0F, 0x0004, 0x0020, 0x003C, 0x0073,
    0x0070, 0x000B, 0x0009, 0x263B, 0x2620, 0x8A05, 0x002E, 0x0042,
    0x0041, 0x0053, 0x0045, 0x0287, 0x000D, 0x08D2, 0x0018, 0x0917,
    0x0287, 0x000C, 0x000B, 0x2644, 0x8A05, 0x002E, 0x0046, 0x0052,
    0x0045, 0x0045, 0x0205, 0x000D, 0x03A5, 0x000D, 0x29F4, 0x090E,
    0x000B, 0x0000, 0xA004, 0x0021, 0x0043, 0x0053, 0x0050, 0x0015,
    0x0324, 0x000C, 0x000B, 0x18E4, 0xA004, 0x003F, 0x0043, 0x0053,
    0x0050, 0x0015, 0x0324, 0x000D, 0x001E, 0x18A0, 0x0011, 0x0073,
    0x0074, 0x0061, 0x0063, 0x006B, 0x0020, 0x0064, 0x0065, 0x0070,
    0x0074, 0x0068, 0x0020, 0x0065, 0x0072, 0x0072, 0x006F, 0x0072,
    0x000B, 0x0000, 0x864E, 0x0058, 0x0054, 0x003E, 0x004E, 0x0041,
    0x004D, 0x0045, 0x002D, 0x0049, 0x004E, 0x002D, 0x0056, 0x004F,
    0x0043, 0x0019, 0x02A2, 0x000C, 0x0FC9, 0x0576, 0x0008, 0x26C9,
    0x0004, 0x005F, 0x0037, 0x0014, 0x0018, 0x000D, 0x049A, 0x000C,
    0x049A, 0x000D, 0x0018, 0x0008, 0x26C2, 0x0018, 0x0F7C, 0x02A2,
    0x000D, 0x001E, 0x0008, 0x26B9, 0x000D, 0x049A, 0x000C, 0x0009,
    0x26A8, 0x0017, 0x049A, 0x000D, 0x0FAB, 0x0019, 0x0017, 0x0012,
    0x0017, 0x000B, 0x0017, 0x06C1, 0x0007, 0x26A4, 0x0012, 0x0017,
    0x0017, 0x0004, 0x0000, 0x000B, 0x0000, 0x8A05, 0x003E, 0x004E,
    0x0041, 0x004D, 0x0045, 0x037D, 0x0018, 0x0008, 0x26E8, 0x001A,
    0x001A, 0x2699, 0x0576, 0x0008, 0x26E2, 0x0019, 0x0017, 0x0019,
    0x0017, 0x000B, 0x0019, 0x0017, 0x06C1, 0x000D, 0x0009, 0x26D4,
    0x0017, 0x0004, 0x0000, 0x000B, 0x0000, 0x8A06, 0x0050, 0x003E,
    0x004E, 0x0041, 0x004D, 0x0045, 0x0004, 0x1F44, 0x0018, 0x000F,
    0x0008, 0x270A, 0x29E7, 0x073E, 0x2A20, 0x000D, 0x001E, 0x0008,
    0x2707, 0x073E, 0x2A20, 0x06C1, 0x06C1, 0x0009, 0x26F6, 0x0019,
    0x0017, 0x000B, 0x0019, 0x0017, 0x000B, 0x0000, 0xA605, 0x0050,
    0x003E, 0x004F, 0x0050, 0x0053, 0x0004, 0x1F44, 0x0018, 0x000F,
    0x0008, 0x272E, 0x29E7, 0x073E, 0x2A20, 0x000D, 0x001E, 0x0008,
    0x2727, 0x073E, 0x2A20, 0x06C1, 0x06C1, 0x0009, 0x2716, 0x0019,
    0x0017, 0x073E, 0x2A20, 0x06C1, 0x000D, 0x000B, 0x0019, 0x0017,
    0x0004, 0x0000, 0x000B, 0x2653, 0x8803, 0x002E, 0x0049, 0x0044,
    0x0576, 0x0008, 0x2741, 0x073E, 0x0004, 0x001F, 0x001C, 0x25C5,
    0x000B, 0x0D0F, 0x0008, 0x007B, 0x006E, 0x006F, 0x004E, 0x0061,
    0x006D, 0x0065, 0x007D, 0x000B, 0x1C80, 0x8A03, 0x0053, 0x0045,
    0x0045, 0x0F1D, 0x11E8, 0x0018, 0x0008, 0x2799, 0x0017, 0x0BCB,
    0x0018, 0x000D, 0x0018, 0x02A2, 0x000C, 0x0018, 0x0004, 0x0200,
    0x05BA, 0x0008, 0x2766, 0x26F4, 0x0009, 0x2767, 0x26D3, 0x0576,
    0x0008, 0x276E, 0x0B85, 0x2738, 0x0009, 0x276F, 0x090E, 0x02A2,
    0x000D, 0x0004, 0x0200, 0x05BA, 0x0008, 0x2793, 0x02A2, 0x000D,
    0x0004, 0x000B, 0x001E, 0x0008, 0x2797, 0x02A2, 0x000D, 0x2714,
    0x0576, 0x0008, 0x2793, 0x0017, 0x0B6A, 0x0008, 0x2789, 0x0009,
    0x2797, 0x06C1, 0x0018, 0x000D, 0x090E, 0x06C1, 0x0B6A, 0x0008,
    0x2758, 0x0009, 0x2797, 0x06C1, 0x0B6A, 0x0008, 0x2758, 0x0017,
    0x000B, 0x12BC, 0x1785, 0xA605, 0x0057, 0x004F, 0x0052, 0x0044,
    0x0053, 0x0BCB, 0x038C, 0x000D, 0x0FC9, 0x0576, 0x0008, 0x27EA,
    0x0004, 0x005F, 0x0037, 0x0014, 0x0018, 0x000D, 0x049A, 0x000C,
    0x049A, 0x000D, 0x0018, 0x0008, 0x27E3, 0x0FAB, 0x0018, 0x000D,
    0x0004, 0x0040, 0x001C, 0x0008, 0x27C5, 0x0017, 0x049A, 0x000D,
    0x000D, 0x049A, 0x000C, 0x0009, 0x27B0, 0x0018, 0x000D, 0x0004,
    0x0100, 0x001C, 0x0008, 0x27D4, 0x0017, 0x049A, 0x000D, 0x000D,
    0x049A, 0x000C, 0x0009, 0x27B0, 0x0018, 0x0B85, 0x2738, 0x0017,
    0x049A, 0x000D, 0x000D, 0x049A, 0x000C, 0x0B6A, 0x0008, 0x27B0,
    0x0017, 0x0017, 0x000B, 0x0017, 0x06C1, 0x0007, 0x27AC, 0x0012,
    0x0017, 0x0017, 0x000B, 0x258E, 0xA403, 0x0056, 0x0045, 0x0052,
    0x0004, 0x0400, 0x000B, 0x0000, 0xD202, 0x0068, 0x0069, 0x0BCB,
    0x0D0F, 0x0011, 0x0050, 0x0044, 0x0052, 0x002D, 0x0031, 0x0036,
    0x0020, 0x0046, 0x006F, 0x0072, 0x0074, 0x0068, 0x0020, 0x0076,
    0x0034, 0x002E, 0x0030, 0x0BCB, 0x0D0F, 0x001F, 0x0064, 0x0065,
    0x0072, 0x0069, 0x0076, 0x0065, 0x0064, 0x0020, 0x0066, 0x0072,
    0x006F, 0x006D, 0x0020, 0x0065, 0x0046, 0x006F, 0x0072, 0x0074,
    0x0068, 0x0020, 0x0062, 0x0079, 0x0020, 0x0043, 0x002E, 0x0048,
    0x002E, 0x0054, 0x0069, 0x006E, 0x0067, 0x0BCB, 0x000B, 0x2533,
    0xB205, 0x0045, 0x004D, 0x0050, 0x0054, 0x0059, 0x0004, 0x8000,
    0x03A5, 0x000C, 0x0004, 0x5128, 0x03C9, 0x000C, 0x0004, 0x0000,
    0x037D, 0x06C1, 0x000C, 0x0004, 0x8000, 0x1861, 0x056A, 0x24D8,
    0x000B, 0x257F, 0x7C06, 0x0043, 0x004D, 0x004F, 0x0056, 0x0045,
    0x003E, 0x0018, 0x0008, 0x286A, 0x0014, 0x001A, 0x0013, 0x2A20,
    0x0004, 0x0001, 0x29F4, 0x001A, 0x0013, 0x2A20, 0x0004, 0x0001,
    0x29F4, 0x000F, 0x0019, 0x000E, 0x0012, 0x0004, 0xFFFF, 0x2A20,
    0x0009, 0x2851, 0x0017, 0x058D, 0x000B, 0x24E3, 0x8A04, 0x004D,
    0x004F, 0x0056, 0x0045, 0x29E7, 0x0017, 0x0019, 0x05BA, 0x0008,
    0x287B, 0x07D4, 0x000B, 0x2851, 0x000B, 0x2849, 0x8804, 0x0043,
    0x004F, 0x004C, 0x0044, 0x0004, 0xF97F, 0x0016, 0x0004, 0xFE7F,
    0x0010, 0x0004, 0x0002, 0x0004, 0xFE80, 0x0004, 0x0234, 0x07D4,
    0x0004, 0xFEE2, 0x037D, 0x000C, 0x0004, 0x0000, 0x037D, 0x06C1,
    0x000C, 0x137A, 0x27F7, 0x0004, 0x5128, 0x03C9, 0x000C, 0x056A,
    0x24D8, 0x1334, 0x0004, 0xF97F, 0x0016, 0x1625, 0x0009, 0x2883,
    0x266B, 0xF023, 0x003F, 0x0072, 0x0078, 0x0002, 0x000B, 0x029D,
    0x4223, 0x0074, 0x0078, 0x0021, 0x0003, 0x000B, 0x282F, 0xA824,
    0x0045, 0x0058, 0x0049, 0x0054, 0x000B, 0x000B, 0x2661, 0x4221,
    0x0021, 0x000C, 0x000B, 0x0000, 0x8021, 0x0040, 0x000D, 0x000B,
    0x287D, 0x4222, 0x0043, 0x0021, 0x000E, 0x000B, 0x28C8, 0x8022,
    0x0043, 0x0040, 0x000F, 0x000B, 0x1BBA, 0x4223, 0x0052, 0x0050,
    0x0021, 0x0010, 0x000B, 0x28D4, 0x8023, 0x0052, 0x0050, 0x0040,
    0x0011, 0x000B, 0x28DB, 0x7C22, 0x0052, 0x003E, 0x0012, 0x000B,
    0x28E2, 0x8022, 0x0052, 0x0040, 0x0013, 0x000B, 0x08D7, 0xA422,
    0x003E, 0x0052, 0x0014, 0x000B, 0x274C, 0x8023, 0x0053, 0x0050,
    0x0040, 0x0015, 0x000B, 0x28F4, 0x4223, 0x0053, 0x0050, 0x0021,
    0x0016, 0x000B, 0x25F5, 0xA024, 0x0044, 0x0052, 0x004F, 0x0050,
    0x0017, 0x000B, 0x2902, 0xA023, 0x0044, 0x0055, 0x0050, 0x0018,
    0x000B, 0x28FB, 0xA024, 0x0053, 0x0057, 0x0041, 0x0050, 0x0019,
    0x000B, 0x13E3, 0xA424, 0x004F, 0x0056, 0x0045, 0x0052, 0x001A,
    0x000B, 0x0000, 0x7822, 0x0030, 0x003C, 0x001B, 0x000B, 0x1DD9,
    0x8823, 0x0041, 0x004E, 0x0044, 0x001C, 0x000B, 0x2919, 0xA422,
    0x004F, 0x0052, 0x001D, 0x000B, 0x0000, 0xA423, 0x0058, 0x004F,
    0x0052, 0x001E, 0x000B, 0x247C, 0x5623, 0x0055, 0x004D, 0x002B,
    0x001F, 0x000B, 0x086E, 0x6823, 0x003C, 0x003C, 0x0034, 0x0020,
    0x000B, 0x2942, 0x7023, 0x003C, 0x003C, 0x0038, 0x0021, 0x000B,
    0x2949, 0x7223, 0x003C, 0x003C, 0x0039, 0x0022, 0x000B, 0x2921,
    0x7A22, 0x0030, 0x003D, 0x0023, 0x000B, 0x0000, 0x5622, 0x0031,
    0x002B, 0x0024, 0x000B, 0x295D, 0x5A22, 0x0031, 0x002D, 0x0025,
    0x000B, 0x072A, 0x5622, 0x0032, 0x002B, 0x0026, 0x000B, 0x2969,
    0x5A22, 0x0032, 0x002D, 0x0027, 0x000B, 0x286D, 0xA029, 0x004D,
    0x0055, 0x004C, 0x005F, 0x0053, 0x0045, 0x0054, 0x0055, 0x0050,
    0x0033, 0x000B, 0x2975, 0x862C, 0x004D, 0x0055, 0x004C, 0x005F,
    0x0053, 0x0054, 0x0045, 0x0050, 0x005F, 0x0041, 0x0043, 0x0043,
    0x0034, 0x000B, 0x1719, 0xA823, 0x004E, 0x004F, 0x0054, 0x0035,
    0x000B, 0x2911, 0x8423, 0x0053, 0x0055, 0x0042, 0x0036, 0x000B,
    0x2992, 0x8A26, 0x004E, 0x0045, 0x0047, 0x0041, 0x0054, 0x0045,
    0x0037, 0x000B, 0x234D, 0x8623, 0x0049, 0x004E, 0x0043, 0x0038,
    0x000B, 0x290A, 0x8623, 0x0044, 0x0045, 0x0043, 0x0039, 0x000B,
    0x0000, 0x9E24, 0x005A, 0x0045, 0x0052, 0x004F, 0x003A, 0x000B,
    0x293B, 0x5622, 0x0055, 0x002B, 0x003B, 0x000B, 0x296F, 0x5422,
    0x0032, 0x002A, 0x003C, 0x000B, 0x0000, 0x5801, 0x002C, 0x074C,
    0x0018, 0x06C1, 0x03A5, 0x000C, 0x000C, 0x000B, 0x2927, 0xA603,
    0x0041, 0x0042, 0x0053, 0x0018, 0x001B, 0x0008, 0x29E0, 0x0037,
    0x000B, 0x29C6, 0xA004, 0x0032, 0x0044, 0x0055, 0x0050, 0x001A,
    0x001A, 0x000B, 0x0658, 0x5E01, 0x002F, 0x065E, 0x0019, 0x0017,
    0x000B, 0x0806, 0x5A01, 0x002D, 0x0036, 0x000B, 0x0000, 0x7A01,
    0x003D, 0x001E, 0x0008, 0x29FF, 0x0004, 0x0000, 0x000B, 0x0004,
    0xFFFF, 0x000B, 0x2950, 0x7C02, 0x003C, 0x003E, 0x29F9, 0x0035,
    0x000B, 0x28EE, 0x7C01, 0x003E, 0x0019, 0x05CA, 0x000B, 0x2A02,
    0x7A02, 0x003C, 0x003D, 0x2A0C, 0x0035, 0x000B, 0x2A09, 0x7A02,
    0x003E, 0x003D, 0x05CA, 0x0035, 0x000B, 0x0711, 0x5601, 0x002B,
    0x003B, 0x000B, 0x0000, 0x76C1, 0x003B, 0x0004, 0x000B, 0x29CF,
    0x165E, 0x2334, 0x000B, 0x0000, 0x7401, 0x003A, 0x0F1D, 0x1F15,
    0x1666, 0x000B, 0x28CE, 0x5802, 0x0043, 0x002C, 0x074C, 0x0018,
    0x06C1, 0x03A5, 0x000C, 0x000E, 0x000B, 0x29AA, 0x9009, 0x0049,
    0x004D, 0x0047, 0x002D, 0x0057, 0x0049, 0x0044, 0x0054, 0x0048,
    0x000D, 0x000B, 0x2A3D, 0xA80A, 0x0049, 0x004D, 0x0047, 0x002D,
    0x0048, 0x0045, 0x0049, 0x0047, 0x0048, 0x0054, 0x06C1, 0x000D,
    0x000B, 0x2A4A, 0x8208, 0x0049, 0x004D, 0x0047, 0x002D, 0x0044,
    0x0041, 0x0054, 0x0041, 0x0004, 0x0002, 0x2A20, 0x000B, 0x2A59,
    0x4484, 0x0049, 0x004D, 0x0047, 0x0022, 0x0468, 0x000C, 0x0004,
    0x0022, 0x0EE3, 0x29E7, 0x0019, 0x0017, 0x0468, 0x000D, 0x0004,
    0x0007, 0x0686, 0x001E, 0x0008, 0x2A7E, 0x0C52, 0x29E7, 0x0C70,
    0x074C, 0x0014, 0x29E7, 0x0019, 0x0012, 0x0581, 0x07D4, 0x16A1,
    0x0017, 0x000B, 0x28B6, 0x8A0A, 0x0045, 0x004D, 0x0049, 0x0054,
    0x002D, 0x0049, 0x004D, 0x0041, 0x0047, 0x0045, 0x0018, 0x3174,
    0x0474, 0x000C, 0x0018, 0x3182, 0x0019, 0x318F, 0x0019, 0x0018,
    0x0008, 0x2AAD, 0x0019, 0x0474, 0x000D, 0x0CDF, 0x0BCB, 0x0019,
    0x0004, 0x0001, 0x29F4, 0x0009, 0x2A9F, 0x058D, 0x0C94, 0x000B,
    0x2A8A, 0x8603, 0x0045, 0x0053, 0x0043, 0x0004, 0x001B, 0x0B62,
    0x000B, 0x2A32, 0x9203, 0x0043, 0x0053, 0x0049, 0x2AB5, 0x0D0F,
    0x0001, 0x005B, 0x000B, 0x0000, 0x600A, 0x0043, 0x004F, 0x004C,
    0x004F, 0x0052, 0x003E, 0x0044, 0x0031, 0x0030, 0x0030, 0x0006,
    0x0031, 0x0031, 0x0031, 0x0030, 0x0032, 0x0031, 0x0031, 0x0030,
    0x0032, 0x0032, 0x0031, 0x0030, 0x0032, 0x0032, 0x0031, 0x0031,
    0x0031, 0x0031, 0x0031, 0x0030, 0x0032, 0x0031, 0x0031, 0x0030,
    0x0032, 0x0032, 0x0031, 0x0030, 0x0032, 0x0032, 0x0032, 0x0031,
    0x0031, 0x0031, 0x0031, 0x0031, 0x0032, 0x0031, 0x0031, 0x0031,
    0x0032, 0x0032, 0x0031, 0x0031, 0x0032, 0x0032, 0x0032, 0x0031,
    0x0031, 0x0031, 0x0031, 0x0030, 0x0031, 0x0031, 0x0031, 0x0030,
    0x0031, 0x0031, 0x0031, 0x0030, 0x0031, 0x0031, 0x0031, 0x0030,
    0x0031, 0x0031, 0x0030, 0x0030, 0x0031, 0x0030, 0x0030, 0x0030,
    0x0031, 0x0030, 0x0030, 0x0030, 0x0031, 0x0030, 0x0030, 0x0030,
    0x0031, 0x0031, 0x0030, 0x0030, 0x0031, 0x0030, 0x0030, 0x0030,
    0x0031, 0x0030, 0x0030, 0x0030, 0x0031, 0x0030, 0x0030, 0x0030,
    0x0031, 0x0031, 0x0030, 0x0030, 0x0031, 0x0030, 0x0030, 0x0030,
    0x0031, 0x0030, 0x0030, 0x0030, 0x0031, 0x0030, 0x0030, 0x0030,
    0x0031, 0x0031, 0x0030, 0x0030, 0x0031, 0x0030, 0x0030, 0x0030,
    0x0031, 0x0030, 0x0030, 0x0030, 0x0031, 0x0030, 0x0030, 0x0030,
    0x0031, 0x0031, 0x0030, 0x0030, 0x0031, 0x0030, 0x0030, 0x0030,
    0x0031, 0x0030, 0x0030, 0x0030, 0x0031, 0x0030, 0x0030, 0x0030,
    0x0031, 0x0031, 0x0030, 0x0030, 0x0031, 0x0031, 0x0030, 0x0030,
    0x0031, 0x0031, 0x0030, 0x0030, 0x0031, 0x0031, 0x0030, 0x0030,
    0x0031, 0x0031, 0x0031, 0x0030, 0x0032, 0x0031, 0x0031, 0x0030,
    0x0032, 0x0032, 0x0031, 0x0030, 0x0032, 0x0032, 0x0032, 0x0031,
    0x0031, 0x0031, 0x0031, 0x0030, 0x0032, 0x0031, 0x0031, 0x0030,
    0x0032, 0x0032, 0x0031, 0x0030, 0x0032, 0x0032, 0x0031, 0x0031,
    0x0030, 0x0030, 0x0030, 0x0030, 0x0030, 0x0030, 0x0030, 0x0030,
    0x0030, 0x0030, 0x0030, 0x0030, 0x0030, 0x0030, 0x0030, 0x0030,
    0x0030, 0x0030, 0x0030, 0x0030, 0x0030, 0x0030, 0x0030, 0x0030,
    0x0030, 0x0030, 0x0030, 0x0030, 0x0030, 0x0030, 0x0030, 0x0030,
    0x0030, 0x0030, 0x0030, 0x0030, 0x0030, 0x0030, 0x0030, 0x0030,
    0x0030, 0x0030, 0x0030, 0x0030, 0x0030, 0x0030, 0x0030, 0x0030,
    0x0032, 0x0032, 0x0032, 0x0032, 0x0032, 0x0032, 0x0032, 0x0032,
    0x0032, 0x0032, 0x0032, 0x0032, 0x0032, 0x0032, 0x0032, 0x0032,
    0x0000, 0x6009, 0x0043, 0x004F, 0x004C, 0x004F, 0x0052, 0x003E,
    0x0044, 0x0031, 0x0030, 0x0006, 0x0038, 0x0037, 0x0033, 0x0038,
    0x0031, 0x0036, 0x0036, 0x0038, 0x0031, 0x0030, 0x0036, 0x0038,
    0x0031, 0x0030, 0x0039, 0x0032, 0x0038, 0x0038, 0x0033, 0x0039,
    0x0032, 0x0037, 0x0037, 0x0039, 0x0032, 0x0031, 0x0037, 0x0039,
    0x0032, 0x0031, 0x0030, 0x0033, 0x0038, 0x0038, 0x0034, 0x0030,
    0x0032, 0x0038, 0x0038, 0x0030, 0x0032, 0x0032, 0x0038, 0x0030,
    0x0032, 0x0032, 0x0032, 0x0034, 0x0038, 0x0035, 0x0030, 0x0036,
    0x0039, 0x0034, 0x0031, 0x0036, 0x0039, 0x0035, 0x0031, 0x0036,
    0x0039, 0x0035, 0x0031, 0x0037, 0x0035, 0x0031, 0x0037, 0x0032,
    0x0035, 0x0037, 0x0034, 0x0032, 0x0035, 0x0038, 0x0034, 0x0032,
    0x0032, 0x0038, 0x0034, 0x0033, 0x0035, 0x0031, 0x0037, 0x0032,
    0x0035, 0x0037, 0x0034, 0x0032, 0x0035, 0x0038, 0x0034, 0x0032,
    0x0032, 0x0038, 0x0034, 0x0033, 0x0035, 0x0031, 0x0037, 0x0033,
    0x0035, 0x0038, 0x0034, 0x0033, 0x0035, 0x0038, 0x0034, 0x0033,
    0x0032, 0x0038, 0x0035, 0x0033, 0x0035, 0x0031, 0x0036, 0x0032,
    0x0035, 0x0037, 0x0033, 0x0032, 0x0035, 0x0037, 0x0033, 0x0032,
    0x0031, 0x0037, 0x0033, 0x0032, 0x0034, 0x0030, 0x0036, 0x0031,
    0x0034, 0x0036, 0x0032, 0x0031, 0x0034, 0x0036, 0x0032, 0x0031,
    0x0030, 0x0036, 0x0032, 0x0031, 0x0038, 0x0034, 0x0039, 0x0035,
    0x0038, 0x0033, 0x0039, 0x0035, 0x0038, 0x0033, 0x0039, 0x0035,
    0x0037, 0x0033, 0x0039, 0x0035, 0x0038, 0x0037, 0x0033, 0x0039,
    0x0031, 0x0037, 0x0036, 0x0039, 0x0031, 0x0030, 0x0036, 0x0039,
    0x0031, 0x0030, 0x0030, 0x0032, 0x0038, 0x0037, 0x0033, 0x0038,
    0x0031, 0x0036, 0x0036, 0x0038, 0x0031, 0x0030, 0x0036, 0x0038,
    0x0031, 0x0030, 0x0039, 0x0032, 0x0031, 0x0031, 0x0031, 0x0031,
    0x0031, 0x0031, 0x0031, 0x0031, 0x0031, 0x0031, 0x0031, 0x0031,
    0x0031, 0x0031, 0x0031, 0x0031, 0x0031, 0x0031, 0x0031, 0x0031,
    0x0031, 0x0031, 0x0031, 0x0031, 0x0031, 0x0031, 0x0031, 0x0031,
    0x0031, 0x0031, 0x0031, 0x0031, 0x0031, 0x0031, 0x0031, 0x0031,
    0x0031, 0x0031, 0x0031, 0x0031, 0x0031, 0x0031, 0x0031, 0x0031,
    0x0031, 0x0031, 0x0031, 0x0031, 0x0035, 0x0035, 0x0035, 0x0035,
    0x0034, 0x0034, 0x0034, 0x0034, 0x0034, 0x0034, 0x0034, 0x0033,
    0x0033, 0x0033, 0x0033, 0x0033, 0x0000, 0x6208, 0x0043, 0x004F,
    0x004C, 0x004F, 0x0052, 0x003E, 0x0044, 0x0031, 0x0006, 0x0031,
    0x0034, 0x0031, 0x0038, 0x0037, 0x0037, 0x0030, 0x0038, 0x0037,
    0x0033, 0x0030, 0x0038, 0x0030, 0x0033, 0x0036, 0x0034, 0x0037,
    0x0030, 0x0037, 0x0034, 0x0033, 0x0039, 0x0032, 0x0034, 0x0033,
    0x0035, 0x0032, 0x0034, 0x0032, 0x0035, 0x0038, 0x0030, 0x0037,
    0x0036, 0x0033, 0x0030, 0x0039, 0x0035, 0x0034, 0x0030, 0x0039,
    0x0037, 0x0034, 0x0030, 0x0038, 0x0037, 0x0036, 0x0032, 0x0037,
    0x0030, 0x0037, 0x0034, 0x0033, 0x0039, 0x0032, 0x0034, 0x0033,
    0x0035, 0x0032, 0x0034, 0x0032, 0x0035, 0x0038, 0x0030, 0x0031,
    0x0034, 0x0031, 0x0038, 0x0037, 0x0037, 0x0030, 0x0038, 0x0037,
    0x0033, 0x0030, 0x0038, 0x0030, 0x0033, 0x0036, 0x0034, 0x0032,
    0x0035, 0x0032, 0x0039, 0x0038, 0x0039, 0x0032, 0x0039, 0x0038,
    0x0035, 0x0032, 0x0039, 0x0032, 0x0035, 0x0038, 0x0035, 0x0032,
    0x0036, 0x0033, 0x0030, 0x0039, 0x0030, 0x0034, 0x0030, 0x0039,
    0x0037, 0x0034, 0x0030, 0x0033, 0x0037, 0x0031, 0x0037, 0x0032,
    0x0030, 0x0037, 0x0034, 0x0033, 0x0034, 0x0032, 0x0034, 0x0033,
    0x0035, 0x0032, 0x0034, 0x0037, 0x0035, 0x0033, 0x0035, 0x0036,
    0x0034, 0x0031, 0x0038, 0x0037, 0x0032, 0x0030, 0x0038, 0x0037,
    0x0033, 0x0030, 0x0038, 0x0035, 0x0033, 0x0031, 0x0039, 0x0032,
    0x0030, 0x0037, 0x0034, 0x0033, 0x0034, 0x0032, 0x0034, 0x0033,
    0x0035, 0x0032, 0x0034, 0x0037, 0x0035, 0x0033, 0x0035, 0x0032,
    0x0036, 0x0033, 0x0030, 0x0039, 0x0030, 0x0034, 0x0030, 0x0039,
    0x0037, 0x0034, 0x0030, 0x0033, 0x0037, 0x0031, 0x0037, 0x0032,
    0x0035, 0x0032, 0x0039, 0x0038, 0x0039, 0x0032, 0x0039, 0x0038,
    0x0035, 0x0032, 0x0039, 0x0032, 0x0035, 0x0038, 0x0035, 0x0036,
    0x0036, 0x0036, 0x0036, 0x0036, 0x0036, 0x0036, 0x0036, 0x0036,
    0x0036, 0x0036, 0x0036, 0x0036, 0x0036, 0x0036, 0x0036, 0x0036,
    0x0036, 0x0036, 0x0036, 0x0036, 0x0036, 0x0036, 0x0036, 0x0036,
    0x0036, 0x0036, 0x0036, 0x0036, 0x0036, 0x0036, 0x0036, 0x0036,
    0x0036, 0x0036, 0x0036, 0x0036, 0x0036, 0x0036, 0x0036, 0x0036,
    0x0036, 0x0036, 0x0036, 0x0036, 0x0036, 0x0036, 0x0036, 0x0035,
    0x0033, 0x0032, 0x0030, 0x0039, 0x0037, 0x0036, 0x0034, 0x0033,
    0x0031, 0x0030, 0x0038, 0x0037, 0x0035, 0x0034, 0x0032, 0x0000,
    0x8006, 0x0044, 0x0049, 0x0047, 0x0049, 0x0054, 0x0040, 0x0019,
    0x2A20, 0x000F, 0x000B, 0x0000, 0x8807, 0x0043, 0x004F, 0x004C,
    0x004F, 0x0052, 0x003E, 0x0044, 0x0018, 0x2CE6, 0x2DEF, 0x0019,
    0x0018, 0x2BDB, 0x2DEF, 0x0019, 0x2ACF, 0x2DEF, 0x000B, 0x2428,
    0x4203, 0x0046, 0x0047, 0x0021, 0x2ABE, 0x0D0F, 0x0005, 0x0033,
    0x0038, 0x003B, 0x0035, 0x003B, 0x2DFC, 0x0B62, 0x0B62, 0x0B62,
    0x0004, 0x006D, 0x0B62, 0x000B, 0x1705, 0x4203, 0x0042, 0x0047,
    0x0021, 0x2ABE, 0x0D0F, 0x0005, 0x0034, 0x0038, 0x003B, 0x0035,
    0x003B, 0x2DFC, 0x0B62, 0x0B62, 0x0B62, 0x0004, 0x006D, 0x0B62,
    0x000B, 0x29D6, 0x4605, 0x0041, 0x004E, 0x0053, 0x0049, 0x0023,
    0x0872, 0x0892, 0x08AA, 0x0BB3, 0x000B, 0x2AB9, 0x6606, 0x0043,
    0x004C, 0x0041, 0x004D, 0x0050, 0x0033, 0x0004, 0x0000, 0x05DA,
    0x0004, 0x0003, 0x05E6, 0x000B, 0x2E31, 0xA802, 0x0041, 0x0054,
    0x2ABE, 0x2E38, 0x0004, 0x003B, 0x0B62, 0x2E38, 0x0004, 0x0048,
    0x0B62, 0x000B, 0x139B, 0x8A04, 0x0048, 0x004F, 0x004D, 0x0045,
    0x2ABE, 0x0D0F, 0x0001, 0x0048, 0x000B, 0x2999, 0xA40B, 0x0053,
    0x0041, 0x0056, 0x0045, 0x002D, 0x0043, 0x0055, 0x0052, 0x0053,
    0x004F, 0x0052, 0x2ABE, 0x0D0F, 0x0001, 0x0073, 0x000B, 0x28E8,
    0xA40E, 0x0052, 0x0045, 0x0053, 0x0054, 0x004F, 0x0052, 0x0045,
    0x002D, 0x0043, 0x0055, 0x0052, 0x0053, 0x004F, 0x0052, 0x2ABE,
    0x0D0F, 0x0001, 0x0075, 0x000B, 0x2E3D, 0xA603, 0x0043, 0x004C,
    0x0053, 0x2ABE, 0x0D0F, 0x0002, 0x0032, 0x004A, 0x000B, 0x2E8C,
    0x8A07, 0x0043, 0x004C, 0x002D, 0x004C, 0x0049, 0x004E, 0x0045,
    0x2ABE, 0x0D0F, 0x0002, 0x0032, 0x004B, 0x000B, 0x2E97, 0x9806,
    0x0043, 0x004C, 0x002D, 0x0045, 0x004F, 0x004C, 0x2ABE, 0x0D0F,
    0x0001, 0x004B, 0x000B, 0x2EA6, 0xA606, 0x0043, 0x004C, 0x002D,
    0x0045, 0x004F, 0x0053, 0x2ABE, 0x0D0F, 0x0001, 0x004A, 0x000B,
    0x2EB3, 0x9C09, 0x0043, 0x0055, 0x0052, 0x0053, 0x004F, 0x0052,
    0x002D, 0x004F, 0x004E, 0x2ABE, 0x0D0F, 0x0004, 0x003F, 0x0032,
    0x0035, 0x0068, 0x000B, 0x2EC0, 0x8C0A, 0x0043, 0x0055, 0x0052,
    0x0053, 0x004F, 0x0052, 0x002D, 0x004F, 0x0046, 0x0046, 0x2ABE,
    0x0D0F, 0x0004, 0x003F, 0x0032, 0x0035, 0x006C, 0x000B, 0x29A0,
    0x9806, 0x004E, 0x004F, 0x0052, 0x004D, 0x0041, 0x004C, 0x0C94,
    0x000B, 0x2E1C, 0x8804, 0x0042, 0x004F, 0x004C, 0x0044, 0x2ABE,
    0x0D0F, 0x0002, 0x0031, 0x006D, 0x000B, 0x29B1, 0x9A03, 0x0044,
    0x0049, 0x004D, 0x2ABE, 0x0D0F, 0x0002, 0x0032, 0x006D, 0x000B,
    0x2EF1, 0x9605, 0x0042, 0x004C, 0x0049, 0x004E, 0x004B, 0x2ABE,
    0x0D0F, 0x0002, 0x0035, 0x006D, 0x000B, 0x29C0, 0x9607, 0x0055,
    0x004E, 0x0042, 0x004C, 0x0049, 0x004E, 0x004B, 0x2ABE, 0x0D0F,
    0x0003, 0x0032, 0x0035, 0x006D, 0x000B, 0x2F15, 0x8A09, 0x0055,
    0x004E, 0x0044, 0x0045, 0x0052, 0x004C, 0x0049, 0x004E, 0x0045,
    0x2ABE, 0x0D0F, 0x0002, 0x0034, 0x006D, 0x000B, 0x2E77, 0x8A07,
    0x0052, 0x0045, 0x0056, 0x0045, 0x0052, 0x0053, 0x0045, 0x2ABE,
    0x0D0F, 0x0002, 0x0037, 0x006D, 0x000B, 0x2F08, 0x9804, 0x0042,
    0x0045, 0x004C, 0x004C, 0x0004, 0x0007, 0x0B62, 0x000B, 0x2E5A,
    0x9803, 0x0048, 0x0053, 0x004C, 0x0014, 0x0004, 0x0004, 0x0686,
    0x0019, 0x0004, 0x0010, 0x0686, 0x2A20, 0x0012, 0x2A20, 0x000B,
    0x2F4F, 0x8002, 0x0048, 0x0040, 0x0004, 0x0010, 0x29ED, 0x000B,
    0x2E65, 0x8002, 0x0053, 0x0040, 0x0004, 0x0004, 0x29ED, 0x0004,
    0x0004, 0x0668, 0x000B, 0x1B84, 0x8002, 0x004C, 0x0040, 0x0004,
    0x0004, 0x0668, 0x000B, 0x2F68, 0x9005, 0x0053, 0x0045, 0x0054,
    0x002D, 0x0048, 0x0019, 0x0004, 0x0010, 0x0668, 0x0019, 0x0004,
    0x0010, 0x0686, 0x2A20, 0x000B, 0x2F7B, 0xA605, 0x0053, 0x0045,
    0x0054, 0x002D, 0x0053, 0x0014, 0x0018, 0x0004, 0x0004, 0x0668,
    0x0019, 0x0004, 0x0010, 0x29ED, 0x0004, 0x0010, 0x0686, 0x2A20,
    0x0012, 0x0004, 0x0004, 0x0686, 0x2A20, 0x000B, 0x2F8C, 0x9805,
    0x0053, 0x0045, 0x0054, 0x002D, 0x004C, 0x0019, 0x0004, 0x0004,
    0x29ED, 0x0004, 0x0004, 0x0686, 0x2A20, 0x000B, 0x2EE7, 0x7E08,
    0x004E, 0x0045, 0x0055, 0x0054, 0x0052, 0x0041, 0x004C, 0x003F,
    0x2F64, 0x0004, 0x000F, 0x29F9, 0x000B, 0x2F60, 0x5602, 0x0048,
    0x002B, 0x0018, 0x2FC0, 0x0008, 0x2FCF, 0x0009, 0x2FD8, 0x0018,
    0x2F64, 0x0004, 0x0001, 0x2A20, 0x0004, 0x000C, 0x0668, 0x2F82,
    0x000B, 0x2FC5, 0x5A02, 0x0048, 0x002D, 0x0018, 0x2FC0, 0x0008,
    0x2FE3, 0x0009, 0x2FEC, 0x0018, 0x2F64, 0x0004, 0x000B, 0x2A20,
    0x0004, 0x000C, 0x0668, 0x2F82, 0x000B, 0x2FA6, 0x5602, 0x0053,
    0x002B, 0x0018, 0x2F6C, 0x0004, 0x0001, 0x2A20, 0x2E45, 0x2F93,
    0x000B, 0x2FED, 0x5A02, 0x0053, 0x002D, 0x0018, 0x2F6C, 0x0004,
    0x0001, 0x29F4, 0x2E45, 0x2F93, 0x000B, 0x2F73, 0x5602, 0x004C,
    0x002B, 0x0018, 0x2F77, 0x0004, 0x0001, 0x2A20, 0x2E45, 0x2FAD,
    0x000B, 0x3005, 0x5A02, 0x004C, 0x002D, 0x0018, 0x2F77, 0x0004,
    0x0001, 0x29F4, 0x2E45, 0x2FAD, 0x000B, 0x2FD9, 0x8807, 0x0048,
    0x0053, 0x004C, 0x005F, 0x0052, 0x0045, 0x0044, 0x0004, 0x0000,
    0x0004, 0x0003, 0x0004, 0x0001, 0x2F54, 0x000B, 0x301D, 0x8A0A,
    0x0048, 0x0053, 0x004C, 0x005F, 0x004F, 0x0052, 0x0041, 0x004E,
    0x0047, 0x0045, 0x0004, 0x0001, 0x0004, 0x0003, 0x0004, 0x0001,
    0x2F54, 0x000B, 0x302E, 0xAE0A, 0x0048, 0x0053, 0x004C, 0x005F,
    0x0059, 0x0045, 0x004C, 0x004C, 0x004F, 0x0057, 0x0004, 0x0002,
    0x0004, 0x0003, 0x0004, 0x0001, 0x2F54, 0x000B, 0x3042, 0x9C0A,
    0x0048, 0x0053, 0x004C, 0x005F, 0x0059, 0x0047, 0x0052, 0x0045,
    0x0045, 0x004E, 0x0004, 0x0003, 0x0004, 0x0003, 0x0004, 0x0001,
    0x2F54, 0x000B, 0x3056, 0x9C09, 0x0048, 0x0053, 0x004C, 0x005F,
    0x0047, 0x0052, 0x0045, 0x0045, 0x004E, 0x0004, 0x0004, 0x0004,
    0x0003, 0x0004, 0x0001, 0x2F54, 0x000B, 0x306A, 0x9C09, 0x0048,
    0x0053, 0x004C, 0x005F, 0x0047, 0x0043, 0x0059, 0x0041, 0x004E,
    0x0004, 0x0005, 0x0004, 0x0003, 0x0004, 0x0001, 0x2F54, 0x000B,
    0x307D, 0x9C08, 0x0048, 0x0053, 0x004C, 0x005F, 0x0043, 0x0059,
    0x0041, 0x004E, 0x0004, 0x0006, 0x0004, 0x0003, 0x0004, 0x0001,
    0x2F54, 0x000B, 0x3090, 0x8A09, 0x0048, 0x0053, 0x004C, 0x005F,
    0x0041, 0x005A, 0x0055, 0x0052, 0x0045, 0x0004, 0x0007, 0x0004,
    0x0003, 0x0004, 0x0001, 0x2F54, 0x000B, 0x30A2, 0x8A08, 0x0048,
    0x0053, 0x004C, 0x005F, 0x0042, 0x004C, 0x0055, 0x0045, 0x0004,
    0x0008, 0x0004, 0x0003, 0x0004, 0x0001, 0x2F54, 0x000B, 0x30B5,
    0xA80A, 0x0048, 0x0053, 0x004C, 0x005F, 0x0056, 0x0049, 0x004F,
    0x004C, 0x0045, 0x0054, 0x0004, 0x0009, 0x0004, 0x0003, 0x0004,
    0x0001, 0x2F54, 0x000B, 0x30C7, 0x820B, 0x0048, 0x0053, 0x004C,
    0x005F, 0x004D, 0x0041, 0x0047, 0x0045, 0x004E, 0x0054, 0x0041,
    0x0004, 0x000A, 0x0004, 0x0003, 0x0004, 0x0001, 0x2F54, 0x000B,
    0x30DB, 0x8A08, 0x0048, 0x0053, 0x004C, 0x005F, 0x0052, 0x004F,
    0x0053, 0x0045, 0x0004, 0x000B, 0x0004, 0x0003, 0x0004, 0x0001,
    0x2F54, 0x000B, 0x0000, 0xB204, 0x0047, 0x0052, 0x0041, 0x0059,
    0x0004, 0x0000, 0x05DA, 0x0004, 0x000F, 0x05E6, 0x0004, 0x0004,
    0x065E, 0x0019, 0x0014, 0x0004, 0x000F, 0x0019, 0x0012, 0x2F54,
    0x000B, 0x279A, 0x8A05, 0x0057, 0x0048, 0x0049, 0x0054, 0x0045,
    0x0004, 0x0000, 0x3108, 0x000B, 0x2F45, 0x9605, 0x0042, 0x004C,
    0x0041, 0x0043, 0x004B, 0x0004, 0x000F, 0x3108, 0x000B, 0x3011,
    0xA407, 0x004C, 0x0049, 0x0047, 0x0048, 0x0054, 0x0045, 0x0052,
    0x3009, 0x000B, 0x2EFD, 0xA406, 0x0044, 0x0041, 0x0052, 0x004B,
    0x0045, 0x0052, 0x3015, 0x000B, 0x2FF9, 0x8A08, 0x0053, 0x0041,
    0x0054, 0x0055, 0x0052, 0x0041, 0x0054, 0x0045, 0x2FF1, 0x000B,
    0x313A, 0x8A0A, 0x0044, 0x0045, 0x0053, 0x0041, 0x0054, 0x0055,
    0x0052, 0x0041, 0x0054, 0x0045, 0x2FFD, 0x000B, 0x2ED3, 0x5802,
    0x0043, 0x002C, 0x074C, 0x0018, 0x06C1, 0x03A5, 0x000C, 0x000E,
    0x000B, 0x2A67, 0x9009, 0x0049, 0x004D, 0x0047, 0x002D, 0x0057,
    0x0049, 0x0044, 0x0054, 0x0048, 0x000D, 0x000B, 0x3169, 0xA80A,
    0x0049, 0x004D, 0x0047, 0x002D, 0x0048, 0x0045, 0x0049, 0x0047,
    0x0048, 0x0054, 0x06C1, 0x000D, 0x000B, 0x3176, 0x8208, 0x0049,
    0x004D, 0x0047, 0x002D, 0x0044, 0x0041, 0x0054, 0x0041, 0x0004,
    0x0002, 0x2A20, 0x000B, 0x3185, 0x4484, 0x0049, 0x004D, 0x0047,
    0x0022, 0x0468, 0x000C, 0x0004, 0x0022, 0x0EE3, 0x29E7, 0x0019,
    0x0017, 0x0468, 0x000D, 0x0004, 0x0007, 0x0686, 0x001E, 0x0008,
    0x31AA, 0x0C52, 0x29E7, 0x0C70, 0x074C, 0x0014, 0x29E7, 0x0019,
    0x0012, 0x0581, 0x07D4, 0x16A1, 0x0017, 0x000B, 0x2AB0, 0x8A0A,
    0x0045, 0x004D, 0x0049, 0x0054, 0x002D, 0x0049, 0x004D, 0x0041,
    0x0047, 0x0045, 0x0018, 0x3174, 0x0474, 0x000C, 0x0018, 0x3182,
    0x0019, 0x318F, 0x0019, 0x0018, 0x0008, 0x31D9, 0x0019, 0x0474,
    0x000D, 0x0CDF, 0x0BCB, 0x0019, 0x0004, 0x0001, 0x29F4, 0x0009,
    0x31CB, 0x058D, 0x0C94, 0x000B, 0x315E, 0x8A0B, 0x0043, 0x0050,
    0x0034, 0x0033, 0x0037, 0x002D, 0x0048, 0x004C, 0x0049, 0x004E,
    0x0045, 0x0004, 0x00C4, 0x000B, 0x31DC, 0x8A0B, 0x0043, 0x0050,
    0x0034, 0x0033, 0x0037, 0x002D, 0x0056, 0x004C, 0x0049, 0x004E,
    0x0045, 0x0004, 0x00B3, 0x000B, 0x31EC, 0x9808, 0x0043, 0x0050,
    0x0034, 0x0033, 0x0037, 0x002D, 0x0054, 0x004C, 0x0004, 0x00DA,
    0x000B, 0x31FC, 0xA408, 0x0043, 0x0050, 0x0034, 0x0033, 0x0037,
    0x002D, 0x0054, 0x0052, 0x0004, 0x00BF, 0x000B, 0x3209, 0x9808,
    0x0043, 0x0050, 0x0034, 0x0033, 0x0037, 0x002D, 0x0042, 0x004C,
    0x0004, 0x00C0, 0x000B, 0x3216, 0xA408, 0x0043, 0x0050, 0x0034,
    0x0033, 0x0037, 0x002D, 0x0042, 0x0052, 0x0004, 0x00D9, 0x000B,
    0x3223, 0x9C0B, 0x0043, 0x0050, 0x0034, 0x0033, 0x0037, 0x002D,
    0x0054, 0x0044, 0x004F, 0x0057, 0x004E, 0x0004, 0x00C2, 0x000B,
    0x3230, 0xA009, 0x0043, 0x0050, 0x0034, 0x0033, 0x0037, 0x002D,
    0x0054, 0x0055, 0x0050, 0x0004, 0x00C1, 0x000B, 0x3240, 0xA80C,
    0x0043, 0x0050, 0x0034, 0x0033, 0x0037, 0x002D, 0x0054, 0x0052,
    0x0049, 0x0047, 0x0048, 0x0054, 0x0004, 0x00C3, 0x000B, 0x324E,
    0xA80B, 0x0043, 0x0050, 0x0034, 0x0033, 0x0037, 0x002D, 0x0054,
    0x004C, 0x0045, 0x0046, 0x0054, 0x0004, 0x00B4, 0x000B, 0x325F,
    0xA60B, 0x0043, 0x0050, 0x0034, 0x0033, 0x0037, 0x002D, 0x0043,
    0x0052, 0x004F, 0x0053, 0x0053, 0x0004, 0x00C5, 0x000B, 0x0000,
    0x8A0A, 0x0053, 0x0049, 0x004E, 0x0051, 0x002D, 0x0054, 0x0041,
    0x0042, 0x004C, 0x0045, 0x0006, 0x0000, 0x00C9, 0x0192, 0x025B,
    0x0324, 0x03ED, 0x04B6, 0x057F, 0x0648, 0x0711, 0x07D9, 0x08A2,
    0x096A, 0x0A33, 0x0AFB, 0x0BC4, 0x0C8C, 0x0D54, 0x0E1C, 0x0EE3,
    0x0FAB, 0x1072, 0x113A, 0x1201, 0x12C8, 0x138F, 0x1455, 0x151C,
    0x15E2, 0x16A8, 0x176E, 0x1833, 0x18F9, 0x19BE, 0x1A82, 0x1B47,
    0x1C0B, 0x1CCF, 0x1D93, 0x1E57, 0x1F1A, 0x1FDD, 0x209F, 0x2161,
    0x2223, 0x22E5, 0x23A6, 0x2467, 0x2528, 0x25E8, 0x26A8, 0x2767,
    0x2826, 0x28E5, 0x29A3, 0x2A61, 0x2B1F, 0x2BDC, 0x2C99, 0x2D55,
    0x2E11, 0x2ECC, 0x2F87, 0x3041, 0x30FB, 0x31B5, 0x326E, 0x3326,
    0x33DF, 0x3496, 0x354D, 0x3604, 0x36BA, 0x376F, 0x3824, 0x38D9,
    0x398C, 0x3A40, 0x3AF2, 0x3BA5, 0x3C56, 0x3D07, 0x3DB8, 0x3E68,
    0x3F17, 0x3FC5, 0x4073, 0x4121, 0x41CE, 0x427A, 0x4325, 0x43D0,
    0x447A, 0x4524, 0x45CD, 0x4675, 0x471C, 0x47C3, 0x4869, 0x490F,
    0x49B4, 0x4A58, 0x4AFB, 0x4B9D, 0x4C3F, 0x4CE0, 0x4D81, 0x4E20,
    0x4EBF, 0x4F5D, 0x4FFB, 0x5097, 0x5133, 0x51CE, 0x5268, 0x5302,
    0x539B, 0x5432, 0x54C9, 0x5560, 0x55F5, 0x568A, 0x571D, 0x57B0,
    0x5842, 0x58D3, 0x5964, 0x59F3, 0x5A82, 0x5B0F, 0x5B9C, 0x5C28,
    0x5CB3, 0x5D3E, 0x5DC7, 0x5E4F, 0x5ED7, 0x5F5D, 0x5FE3, 0x6068,
    0x60EB, 0x616E, 0x61F0, 0x6271, 0x62F1, 0x6370, 0x63EE, 0x646C,
    0x64E8, 0x6563, 0x65DD, 0x6656, 0x66CF, 0x6746, 0x67BC, 0x6832,
    0x68A6, 0x6919, 0x698B, 0x69FD, 0x6A6D, 0x6ADC, 0x6B4A, 0x6BB7,
    0x6C23, 0x6C8E, 0x6CF8, 0x6D61, 0x6DC9, 0x6E30, 0x6E96, 0x6EFB,
    0x6F5E, 0x6FC1, 0x7022, 0x7083, 0x70E2, 0x7140, 0x719D, 0x71F9,
    0x7254, 0x72AE, 0x7307, 0x735E, 0x73B5, 0x740A, 0x745F, 0x74B2,
    0x7504, 0x7555, 0x75A5, 0x75F3, 0x7641, 0x768D, 0x76D8, 0x7722,
    0x776B, 0x77B3, 0x77FA, 0x783F, 0x7884, 0x78C7, 0x7909, 0x794A,
    0x7989, 0x79C8, 0x7A05, 0x7A41, 0x7A7C, 0x7AB6, 0x7AEE, 0x7B26,
    0x7B5C, 0x7B91, 0x7BC5, 0x7BF8, 0x7C29, 0x7C59, 0x7C88, 0x7CB6,
    0x7CE3, 0x7D0E, 0x7D39, 0x7D62, 0x7D89, 0x7DB0, 0x7DD5, 0x7DFA,
    0x7E1D, 0x7E3E, 0x7E5F, 0x7E7E, 0x7E9C, 0x7EB9, 0x7ED5, 0x7EEF,
    0x7F09, 0x7F21, 0x7F37, 0x7F4D, 0x7F61, 0x7F74, 0x7F86, 0x7F97,
    0x7FA6, 0x7FB4, 0x7FC1, 0x7FCD, 0x7FD8, 0x7FE1, 0x7FE9, 0x7FF0,
    0x7FF5, 0x7FF9, 0x7FFD, 0x7FFE, 0x0000, 0x8A0A, 0x0050, 0x004F,
    0x0057, 0x0032, 0x002D, 0x0054, 0x0041, 0x0042, 0x004C, 0x0045,
    0x0006, 0x0001, 0x0002, 0x0004, 0x0008, 0x0010, 0x0020, 0x0040,
    0x0080, 0x0100, 0x0200, 0x0400, 0x0800, 0x1000, 0x2000, 0x4000,
    0x8000, 0x0000, 0x8A0B, 0x004C, 0x004F, 0x0047, 0x0032, 0x0049,
    0x002D, 0x0054, 0x0041, 0x0042, 0x004C, 0x0045, 0x0006, 0x0000,
    0x1000, 0x2000, 0x3000, 0x4000, 0x5000, 0x6000, 0x7000, 0x8000,
    0x9000, 0xA000, 0xB000, 0xC000, 0xD000, 0xE000, 0xF000, 0x0000,
    0x8A0B, 0x004C, 0x004F, 0x0047, 0x0032, 0x0046, 0x002D, 0x0054,
    0x0041, 0x0042, 0x004C, 0x0045, 0x0006, 0x0000, 0x0017, 0x002E,
    0x0045, 0x005C, 0x0072, 0x0089, 0x009F, 0x00B6, 0x00CC, 0x00E2,
    0x00F9, 0x010F, 0x0125, 0x013B, 0x0150, 0x0166, 0x017C, 0x0192,
    0x01A7, 0x01BD, 0x01D2, 0x01E7, 0x01FC, 0x0212, 0x0227, 0x023C,
    0x0251, 0x0265, 0x027A, 0x028F, 0x02A3, 0x02B8, 0x02CC, 0x02E1,
    0x02F5, 0x030A, 0x031E, 0x0332, 0x0346, 0x035A, 0x036E, 0x0382,
    0x0396, 0x03A9, 0x03BD, 0x03D1, 0x03E4, 0x03F8, 0x040B, 0x041E,
    0x0432, 0x0445, 0x0458, 0x046B, 0x047E, 0x0491, 0x04A4, 0x04B7,
    0x04CA, 0x04DC, 0x04EF, 0x0502, 0x0514, 0x0527, 0x0539, 0x054B,
    0x055E, 0x0570, 0x0582, 0x0594, 0x05A6, 0x05B9, 0x05CB, 0x05DC,
    0x05EE, 0x0600, 0x0612, 0x0624, 0x0635, 0x0647, 0x0658, 0x066A,
    0x067B, 0x068D, 0x069E, 0x06B0, 0x06C1, 0x06D2, 0x06E3, 0x06F4,
    0x0705, 0x0716, 0x0727, 0x0738, 0x0749, 0x075A, 0x076B, 0x077B,
    0x078C, 0x079D, 0x07AD, 0x07BE, 0x07CE, 0x07DF, 0x07EF, 0x07FF,
    0x0810, 0x0820, 0x0830, 0x0840, 0x0850, 0x0861, 0x0871, 0x0881,
    0x0890, 0x08A0, 0x08B0, 0x08C0, 0x08D0, 0x08E0, 0x08EF, 0x08FF,
    0x090F, 0x091E, 0x092E, 0x093D, 0x094D, 0x095C, 0x096B, 0x097B,
    0x098A, 0x0999, 0x09A8, 0x09B8, 0x09C7, 0x09D6, 0x09E5, 0x09F4,
    0x0A03, 0x0A12, 0x0A21, 0x0A30, 0x0A3E, 0x0A4D, 0x0A5C, 0x0A6B,
    0x0A79, 0x0A88, 0x0A97, 0x0AA5, 0x0AB4, 0x0AC2, 0x0AD1, 0x0ADF,
    0x0AEE, 0x0AFC, 0x0B0A, 0x0B19, 0x0B27, 0x0B35, 0x0B43, 0x0B51,
    0x0B5F, 0x0B6E, 0x0B7C, 0x0B8A, 0x0B98, 0x0BA6, 0x0BB3, 0x0BC1,
    0x0BCF, 0x0BDD, 0x0BEB, 0x0BF9, 0x0C06, 0x0C14, 0x0C22, 0x0C2F,
    0x0C3D, 0x0C4A, 0x0C58, 0x0C66, 0x0C73, 0x0C80, 0x0C8E, 0x0C9B,
    0x0CA9, 0x0CB6, 0x0CC3, 0x0CD0, 0x0CDE, 0x0CEB, 0x0CF8, 0x0D05,
    0x0D12, 0x0D1F, 0x0D2D, 0x0D3A, 0x0D47, 0x0D54, 0x0D60, 0x0D6D,
    0x0D7A, 0x0D87, 0x0D94, 0x0DA1, 0x0DAE, 0x0DBA, 0x0DC7, 0x0DD4,
    0x0DE0, 0x0DED, 0x0DFA, 0x0E06, 0x0E13, 0x0E1F, 0x0E2C, 0x0E38,
    0x0E45, 0x0E51, 0x0E5E, 0x0E6A, 0x0E76, 0x0E83, 0x0E8F, 0x0E9B,
    0x0EA7, 0x0EB4, 0x0EC0, 0x0ECC, 0x0ED8, 0x0EE4, 0x0EF0, 0x0EFC,
    0x0F09, 0x0F15, 0x0F21, 0x0F2D, 0x0F38, 0x0F44, 0x0F50, 0x0F5C,
    0x0F68, 0x0F74, 0x0F80, 0x0F8B, 0x0F97, 0x0FA3, 0x0FAF, 0x0FBA,
    0x0FC6, 0x0FD2, 0x0FDD, 0x0FE9, 0x0FF4, 0x1000, 0x0000, 0x8A0B,
    0x004C, 0x004F, 0x0047, 0x0032, 0x0044, 0x002D, 0x0054, 0x0041,
    0x0042, 0x004C, 0x0045, 0x0006, 0x0017, 0x0017, 0x0017, 0x0017,
    0x0016, 0x0017, 0x0016, 0x0017, 0x0016, 0x0016, 0x0017, 0x0016,
    0x0016, 0x0016, 0x0015, 0x0016, 0x0016, 0x0016, 0x0015, 0x0016,
    0x0015, 0x0015, 0x0015, 0x0016, 0x0015, 0x0015, 0x0015, 0x0014,
    0x0015, 0x0015, 0x0014, 0x0015, 0x0014, 0x0015, 0x0014, 0x0015,
    0x0014, 0x0014, 0x0014, 0x0014, 0x0014, 0x0014, 0x0014, 0x0013,
    0x0014, 0x0014, 0x0013, 0x0014, 0x0013, 0x0013, 0x0014, 0x0013,
    0x0013, 0x0013, 0x0013, 0x0013, 0x0013, 0x0013, 0x0013, 0x0012,
    0x0013, 0x0013, 0x0012, 0x0013, 0x0012, 0x0012, 0x0013, 0x0012,
    0x0012, 0x0012, 0x0012, 0x0013, 0x0012, 0x0011, 0x0012, 0x0012,
    0x0012, 0x0012, 0x0011, 0x0012, 0x0011, 0x0012, 0x0011, 0x0012,
    0x0011, 0x0012, 0x0011, 0x0011, 0x0011, 0x0011, 0x0011, 0x0011,
    0x0011, 0x0011, 0x0011, 0x0011, 0x0011, 0x0010, 0x0011, 0x0011,
    0x0010, 0x0011, 0x0010, 0x0011, 0x0010, 0x0010, 0x0011, 0x0010,
    0x0010, 0x0010, 0x0010, 0x0011, 0x0010, 0x0010, 0x000F, 0x0010,
    0x0010, 0x0010, 0x0010, 0x0010, 0x000F, 0x0010, 0x0010, 0x000F,
    0x0010, 0x000F, 0x0010, 0x000F, 0x000F, 0x0010, 0x000F, 0x000F,
    0x000F, 0x0010, 0x000F, 0x000F, 0x000F, 0x000F, 0x000F, 0x000F,
    0x000F, 0x000F, 0x000E, 0x000F, 0x000F, 0x000F, 0x000E, 0x000F,
    0x000F, 0x000E, 0x000F, 0x000E, 0x000F, 0x000E, 0x000F, 0x000E,
    0x000E, 0x000F, 0x000E, 0x000E, 0x000E, 0x000E, 0x000E, 0x000F,
    0x000E, 0x000E, 0x000E, 0x000E, 0x000D, 0x000E, 0x000E, 0x000E,
    0x000E, 0x000E, 0x000D, 0x000E, 0x000E, 0x000D, 0x000E, 0x000D,
    0x000E, 0x000E, 0x000D, 0x000D, 0x000E, 0x000D, 0x000E, 0x000D,
    0x000D, 0x000D, 0x000E, 0x000D, 0x000D, 0x000D, 0x000D, 0x000D,
    0x000E, 0x000D, 0x000D, 0x000D, 0x000C, 0x000D, 0x000D, 0x000D,
    0x000D, 0x000D, 0x000D, 0x000C, 0x000D, 0x000D, 0x000C, 0x000D,
    0x000D, 0x000C, 0x000D, 0x000C, 0x000D, 0x000C, 0x000D, 0x000C,
    0x000D, 0x000C, 0x000C, 0x000D, 0x000C, 0x000C, 0x000C, 0x000D,
    0x000C, 0x000C, 0x000C, 0x000C, 0x000C, 0x000C, 0x000D, 0x000C,
    0x000C, 0x000C, 0x000B, 0x000C, 0x000C, 0x000C, 0x000C, 0x000C,
    0x000C, 0x000B, 0x000C, 0x000C, 0x000C, 0x000B, 0x000C, 0x000C,
    0x000B, 0x000C, 0x000B, 0x000C, 0x0000, 0x8A0B, 0x0045, 0x0058,
    0x0050, 0x0032, 0x0046, 0x002D, 0x0054, 0x0041, 0x0042, 0x004C,
    0x0045, 0x0006, 0x1000, 0x100B, 0x1016, 0x1021, 0x102D, 0x1038,
    0x1043, 0x104E, 0x105A, 0x1065, 0x1070, 0x107C, 0x1087, 0x1093,
    0x109E, 0x10AA, 0x10B5, 0x10C1, 0x10CD, 0x10D8, 0x10E4, 0x10F0,
    0x10FB, 0x1107, 0x1113, 0x111F, 0x112B, 0x1137, 0x1143, 0x114F,
    0x115B, 0x1167, 0x1173, 0x117F, 0x118B, 0x1197, 0x11A3, 0x11B0,
    0x11BC, 0x11C8, 0x11D5, 0x11E1, 0x11ED, 0x11FA, 0x1206, 0x1213,
    0x121F, 0x122C, 0x1238, 0x1245, 0x1252, 0x125F, 0x126B, 0x1278,
    0x1285, 0x1292, 0x129F, 0x12AC, 0x12B8, 0x12C5, 0x12D3, 0x12E0,
    0x12ED, 0x12FA, 0x1307, 0x1314, 0x1321, 0x132F, 0x133C, 0x1349,
    0x1357, 0x1364, 0x1372, 0x137F, 0x138D, 0x139A, 0x13A8, 0x13B5,
    0x13C3, 0x13D1, 0x13DF, 0x13EC, 0x13FA, 0x1408, 0x1416, 0x1424,
    0x1432, 0x1440, 0x144E, 0x145C, 0x146A, 0x1478, 0x1487, 0x1495,
    0x14A3, 0x14B1, 0x14C0, 0x14CE, 0x14DD, 0x14EB, 0x14FA, 0x1508,
    0x1517, 0x1525, 0x1534, 0x1543, 0x1552, 0x1560, 0x156F, 0x157E,
    0x158D, 0x159C, 0x15AB, 0x15BA, 0x15C9, 0x15D8, 0x15E7, 0x15F7,
    0x1606, 0x1615, 0x1624, 0x1634, 0x1643, 0x1653, 0x1662, 0x1672,
    0x1681, 0x1691, 0x16A1, 0x16B0, 0x16C0, 0x16D0, 0x16E0, 0x16F0,
    0x16FF, 0x170F, 0x171F, 0x1730, 0x1740, 0x1750, 0x1760, 0x1770,
    0x1780, 0x1791, 0x17A1, 0x17B1, 0x17C2, 0x17D2, 0x17E3, 0x17F4,
    0x1804, 0x1815, 0x1826, 0x1836, 0x1847, 0x1858, 0x1869, 0x187A,
    0x188B, 0x189C, 0x18AD, 0x18BE, 0x18CF, 0x18E0, 0x18F2, 0x1903,
    0x1914, 0x1926, 0x1937, 0x1949, 0x195A, 0x196C, 0x197E, 0x198F,
    0x19A1, 0x19B3, 0x19C5, 0x19D6, 0x19E8, 0x19FA, 0x1A0C, 0x1A1E,
    0x1A31, 0x1A43, 0x1A55, 0x1A67, 0x1A7A, 0x1A8C, 0x1A9E, 0x1AB1,
    0x1AC3, 0x1AD6, 0x1AE9, 0x1AFB, 0x1B0E, 0x1B21, 0x1B34, 0x1B47,
    0x1B59, 0x1B6C, 0x1B7F, 0x1B93, 0x1BA6, 0x1BB9, 0x1BCC, 0x1BDF,
    0x1BF3, 0x1C06, 0x1C1A, 0x1C2D, 0x1C41, 0x1C54, 0x1C68, 0x1C7C,
    0x1C8F, 0x1CA3, 0x1CB7, 0x1CCB, 0x1CDF, 0x1CF3, 0x1D07, 0x1D1B,
    0x1D30, 0x1D44, 0x1D58, 0x1D6C, 0x1D81, 0x1D95, 0x1DAA, 0x1DBE,
    0x1DD3, 0x1DE8, 0x1DFD, 0x1E11, 0x1E26, 0x1E3B, 0x1E50, 0x1E65,
    0x1E7A, 0x1E8F, 0x1EA5, 0x1EBA, 0x1ECF, 0x1EE5, 0x1EFA, 0x1F10,
    0x1F25, 0x1F3B, 0x1F50, 0x1F66, 0x1F7C, 0x1F92, 0x1FA8, 0x1FBE,
    0x1FD4, 0x1FEA, 0x2000, 0x0000, 0x8A0B, 0x0045, 0x0058, 0x0050,
    0x0032, 0x0044, 0x002D, 0x0054, 0x0041, 0x0042, 0x004C, 0x0045,
    0x0006, 0x000B, 0x000B, 0x000B, 0x000C, 0x000B, 0x000B, 0x000B,
    0x000C, 0x000B, 0x000B, 0x000C, 0x000B, 0x000C, 0x000B, 0x000C,
    0x000B, 0x000C, 0x000C, 0x000B, 0x000C, 0x000C, 0x000B, 0x000C,
    0x000C, 0x000C, 0x000C, 0x000C, 0x000C, 0x000C, 0x000C, 0x000C,
    0x000C, 0x000C, 0x000C, 0x000C, 0x000C, 0x000D, 0x000C, 0x000C,
    0x000D, 0x000C, 0x000C, 0x000D, 0x000C, 0x000D, 0x000C, 0x000D,
    0x000C, 0x000D, 0x000D, 0x000D, 0x000C, 0x000D, 0x000D, 0x000D,
    0x000D, 0x000D, 0x000C, 0x000D, 0x000E, 0x000D, 0x000D, 0x000D,
    0x000D, 0x000D, 0x000D, 0x000E, 0x000D, 0x000D, 0x000E, 0x000D,
    0x000E, 0x000D, 0x000E, 0x000D, 0x000E, 0x000D, 0x000E, 0x000E,
    0x000E, 0x000D, 0x000E, 0x000E, 0x000E, 0x000E, 0x000E, 0x000E,
    0x000E, 0x000E, 0x000E, 0x000E, 0x000F, 0x000E, 0x000E, 0x000E,
    0x000F, 0x000E, 0x000F, 0x000E, 0x000F, 0x000E, 0x000F, 0x000E,
    0x000F, 0x000F, 0x000F, 0x000E, 0x000F, 0x000F, 0x000F, 0x000F,
    0x000F, 0x000F, 0x000F, 0x000F, 0x000F, 0x0010, 0x000F, 0x000F,
    0x000F, 0x0010, 0x000F, 0x0010, 0x000F, 0x0010, 0x000F, 0x0010,
    0x0010, 0x000F, 0x0010, 0x0010, 0x0010, 0x0010, 0x000F, 0x0010,
    0x0010, 0x0011, 0x0010, 0x0010, 0x0010, 0x0010, 0x0010, 0x0011,
    0x0010, 0x0010, 0x0011, 0x0010, 0x0011, 0x0011, 0x0010, 0x0011,
    0x0011, 0x0010, 0x0011, 0x0011, 0x0011, 0x0011, 0x0011, 0x0011,
    0x0011, 0x0011, 0x0011, 0x0011, 0x0012, 0x0011, 0x0011, 0x0012,
    0x0011, 0x0012, 0x0011, 0x0012, 0x0012, 0x0011, 0x0012, 0x0012,
    0x0012, 0x0011, 0x0012, 0x0012, 0x0012, 0x0012, 0x0013, 0x0012,
    0x0012, 0x0012, 0x0013, 0x0012, 0x0012, 0x0013, 0x0012, 0x0013,
    0x0013, 0x0012, 0x0013, 0x0013, 0x0013, 0x0013, 0x0012, 0x0013,
    0x0013, 0x0014, 0x0013, 0x0013, 0x0013, 0x0013, 0x0014, 0x0013,
    0x0014, 0x0013, 0x0014, 0x0013, 0x0014, 0x0014, 0x0013, 0x0014,
    0x0014, 0x0014, 0x0014, 0x0014, 0x0014, 0x0014, 0x0015, 0x0014,
    0x0014, 0x0014, 0x0015, 0x0014, 0x0015, 0x0014, 0x0015, 0x0015,
    0x0015, 0x0014, 0x0015, 0x0015, 0x0015, 0x0015, 0x0015, 0x0015,
    0x0016, 0x0015, 0x0015, 0x0016, 0x0015, 0x0016, 0x0015, 0x0016,
    0x0015, 0x0016, 0x0016, 0x0016, 0x0016, 0x0016, 0x0016, 0x0016,
    0x0016, 0x0000, 0x8A0B, 0x0041, 0x0054, 0x0041, 0x004E, 0x0046,
    0x002D, 0x0054, 0x0041, 0x0042, 0x004C, 0x0045, 0x0006, 0x0000,
    0x0029, 0x0051, 0x007A, 0x00A3, 0x00CC, 0x00F4, 0x011D, 0x0146,
    0x016F, 0x0197, 0x01C0, 0x01E9, 0x0211, 0x023A, 0x0262, 0x028B,
    0x02B4, 0x02DC, 0x0305, 0x032D, 0x0356, 0x037E, 0x03A7, 0x03CF,
    0x03F7, 0x0420, 0x0448, 0x0470, 0x0499, 0x04C1, 0x04E9, 0x0511,
    0x0539, 0x0561, 0x0589, 0x05B1, 0x05D9, 0x0601, 0x0629, 0x0651,
    0x0678, 0x06A0, 0x06C8, 0x06EF, 0x0717, 0x073E, 0x0766, 0x078D,
    0x07B5, 0x07DC, 0x0803, 0x082A, 0x0851, 0x0878, 0x089F, 0x08C6,
    0x08ED, 0x0914, 0x093B, 0x0961, 0x0988, 0x09AE, 0x09D5, 0x09FB,
    0x0A22, 0x0A48, 0x0A6E, 0x0A94, 0x0ABA, 0x0AE0, 0x0B06, 0x0B2C,
    0x0B51, 0x0B77, 0x0B9D, 0x0BC2, 0x0BE7, 0x0C0D, 0x0C32, 0x0C57,
    0x0C7C, 0x0CA1, 0x0CC6, 0x0CEB, 0x0D10, 0x0D34, 0x0D59, 0x0D7D,
    0x0DA2, 0x0DC6, 0x0DEA, 0x0E0F, 0x0E33, 0x0E56, 0x0E7A, 0x0E9E,
    0x0EC2, 0x0EE5, 0x0F09, 0x0F2C, 0x0F50, 0x0F73, 0x0F96, 0x0FB9,
    0x0FDC, 0x0FFF, 0x1021, 0x1044, 0x1067, 0x1089, 0x10AB, 0x10CE,
    0x10F0, 0x1112, 0x1134, 0x1156, 0x1177, 0x1199, 0x11BB, 0x11DC,
    0x11FD, 0x121F, 0x1240, 0x1261, 0x1282, 0x12A3, 0x12C3, 0x12E4,
    0x1305, 0x1325, 0x1345, 0x1366, 0x1386, 0x13A6, 0x13C6, 0x13E6,
    0x1405, 0x1425, 0x1444, 0x1464, 0x1483, 0x14A2, 0x14C1, 0x14E0,
    0x14FF, 0x151E, 0x153D, 0x155B, 0x157A, 0x1598, 0x15B7, 0x15D5,
    0x15F3, 0x1611, 0x162F, 0x164C, 0x166A, 0x1688, 0x16A5, 0x16C2,
    0x16E0, 0x16FD, 0x171A, 0x1737, 0x1754, 0x1770, 0x178D, 0x17AA,
    0x17C6, 0x17E2, 0x17FE, 0x181B, 0x1837, 0x1853, 0x186E, 0x188A,
    0x18A6, 0x18C1, 0x18DD, 0x18F8, 0x1913, 0x192E, 0x1949, 0x1964,
    0x197F, 0x199A, 0x19B4, 0x19CF, 0x19E9, 0x1A04, 0x1A1E, 0x1A38,
    0x1A52, 0x1A6C, 0x1A86, 0x1A9F, 0x1AB9, 0x1AD3, 0x1AEC, 0x1B05,
    0x1B1F, 0x1B38, 0x1B51, 0x1B6A, 0x1B83, 0x1B9C, 0x1BB4, 0x1BCD,
    0x1BE5, 0x1BFE, 0x1C16, 0x1C2E, 0x1C46, 0x1C5E, 0x1C76, 0x1C8E,
    0x1CA6, 0x1CBE, 0x1CD5, 0x1CED, 0x1D04, 0x1D1B, 0x1D33, 0x1D4A,
    0x1D61, 0x1D78, 0x1D8E, 0x1DA5, 0x1DBC, 0x1DD3, 0x1DE9, 0x1DFF,
    0x1E16, 0x1E2C, 0x1E42, 0x1E58, 0x1E6E, 0x1E84, 0x1E9A, 0x1EB0,
    0x1EC5, 0x1EDB, 0x1EF0, 0x1F06, 0x1F1B, 0x1F30, 0x1F45, 0x1F5A,
    0x1F6F, 0x1F84, 0x1F99, 0x1FAE, 0x1FC3, 0x1FD7, 0x1FEC, 0x2000,
    0x0000, 0x8A0B, 0x0041, 0x0054, 0x0041, 0x004E, 0x0044, 0x002D,
    0x0054, 0x0041, 0x0042, 0x004C, 0x0045, 0x0006, 0x0029, 0x0028,
    0x0029, 0x0029, 0x0029, 0x0028, 0x0029, 0x0029, 0x0029, 0x0028,
    0x0029, 0x0029, 0x0028, 0x0029, 0x0028, 0x0029, 0x0029, 0x0028,
    0x0029, 0x0028, 0x0029, 0x0028, 0x0029, 0x0028, 0x0028, 0x0029,
    0x0028, 0x0028, 0x0029, 0x0028, 0x0028, 0x0028, 0x0028, 0x0028,
    0x0028, 0x0028, 0x0028, 0x0028, 0x0028, 0x0028, 0x0027, 0x0028,
    0x0028, 0x0027, 0x0028, 0x0027, 0x0028, 0x0027, 0x0028, 0x0027,
    0x0027, 0x0027, 0x0027, 0x0027, 0x0027, 0x0027, 0x0027, 0x0027,
    0x0027, 0x0026, 0x0027, 0x0026, 0x0027, 0x0026, 0x0027, 0x0026,
    0x0026, 0x0026, 0x0026, 0x0026, 0x0026, 0x0026, 0x0025, 0x0026,
    0x0026, 0x0025, 0x0025, 0x0026, 0x0025, 0x0025, 0x0025, 0x0025,
    0x0025, 0x0025, 0x0025, 0x0024, 0x0025, 0x0024, 0x0025, 0x0024,
    0x0024, 0x0025, 0x0024, 0x0023, 0x0024, 0x0024, 0x0024, 0x0023,
    0x0024, 0x0023, 0x0024, 0x0023, 0x0023, 0x0023, 0x0023, 0x0023,
    0x0022, 0x0023, 0x0023, 0x0022, 0x0022, 0x0023, 0x0022, 0x0022,
    0x0022, 0x0022, 0x0021, 0x0022, 0x0022, 0x0021, 0x0021, 0x0022,
    0x0021, 0x0021, 0x0021, 0x0021, 0x0020, 0x0021, 0x0021, 0x0020,
    0x0020, 0x0021, 0x0020, 0x0020, 0x0020, 0x0020, 0x001F, 0x0020,
    0x001F, 0x0020, 0x001F, 0x001F, 0x001F, 0x001F, 0x001F, 0x001F,
    0x001F, 0x001E, 0x001F, 0x001E, 0x001F, 0x001E, 0x001E, 0x001E,
    0x001E, 0x001D, 0x001E, 0x001E, 0x001D, 0x001D, 0x001E, 0x001D,
    0x001D, 0x001D, 0x001D, 0x001C, 0x001D, 0x001D, 0x001C, 0x001C,
    0x001C, 0x001D, 0x001C, 0x001C, 0x001B, 0x001C, 0x001C, 0x001B,
    0x001C, 0x001B, 0x001B, 0x001B, 0x001B, 0x001B, 0x001B, 0x001B,
    0x001A, 0x001B, 0x001A, 0x001B, 0x001A, 0x001A, 0x001A, 0x001A,
    0x001A, 0x0019, 0x001A, 0x001A, 0x0019, 0x0019, 0x001A, 0x0019,
    0x0019, 0x0019, 0x0019, 0x0019, 0x0018, 0x0019, 0x0018, 0x0019,
    0x0018, 0x0018, 0x0018, 0x0018, 0x0018, 0x0018, 0x0018, 0x0018,
    0x0017, 0x0018, 0x0017, 0x0017, 0x0018, 0x0017, 0x0017, 0x0017,
    0x0016, 0x0017, 0x0017, 0x0017, 0x0016, 0x0016, 0x0017, 0x0016,
    0x0016, 0x0016, 0x0016, 0x0016, 0x0016, 0x0016, 0x0015, 0x0016,
    0x0015, 0x0016, 0x0015, 0x0015, 0x0015, 0x0015, 0x0015, 0x0015,
    0x0015, 0x0015, 0x0015, 0x0014, 0x0015, 0x0014, 0x0000, 0x8005,
    0x0053, 0x0049, 0x004E, 0x0051, 0x0040, 0x328B, 0x0019, 0x06CD,
    0x2A20, 0x000D, 0x000B, 0x0000, 0x8005, 0x0050, 0x004F, 0x0057,
    0x0032, 0x0040, 0x3398, 0x0019, 0x06CD, 0x2A20, 0x000D, 0x000B,
    0x0000, 0x8006, 0x004C, 0x004F, 0x0047, 0x0032, 0x0049, 0x0040,
    0x33B6, 0x0019, 0x06CD, 0x2A20, 0x000D, 0x000B, 0x0000, 0x8006,
    0x004C, 0x004F, 0x0047, 0x0032, 0x0046, 0x0040, 0x33D4, 0x0019,
    0x06CD, 0x2A20, 0x000D, 0x000B, 0x0000, 0x8006, 0x004C, 0x004F,
    0x0047, 0x0032, 0x0044, 0x0040, 0x34E3, 0x0019, 0x06CD, 0x2A20,
    0x000D, 0x000B, 0x0000, 0x8006, 0x0045, 0x0058, 0x0050, 0x0032,
    0x0046, 0x0040, 0x35F1, 0x0019, 0x06CD, 0x2A20, 0x000D, 0x000B,
    0x0000, 0x8006, 0x0045, 0x0058, 0x0050, 0x0032, 0x0044, 0x0040,
    0x3700, 0x0019, 0x06CD, 0x2A20, 0x000D, 0x000B, 0x0000, 0x8006,
    0x0041, 0x0054, 0x0041, 0x004E, 0x0046, 0x0040, 0x380E, 0x0019,
    0x06CD, 0x2A20, 0x000D, 0x000B, 0x0000, 0x8006, 0x0041, 0x0054,
    0x0041, 0x004E, 0x0044, 0x0040, 0x391D, 0x0019, 0x06CD, 0x2A20,
    0x000D, 0x000B, 0x161F, 0x7C04, 0x0051, 0x0031, 0x0035, 0x003E,
    0x0018, 0x2A20, 0x0014, 0x001B, 0x0037, 0x0012, 0x2A20, 0x000B,
    0x3A9A, 0xA405, 0x0051, 0x0031, 0x0035, 0x003E, 0x0052, 0x0019,
    0x0004, 0x4000, 0x001F, 0x0581, 0x2A20, 0x3AA0, 0x000B, 0x2F25,
    0x8805, 0x0055, 0x002F, 0x004D, 0x004F, 0x0044, 0x0014, 0x0004,
    0x0000, 0x0012, 0x0605, 0x000B, 0x3AB7, 0x5E02, 0x0055, 0x002F,
    0x3ABE, 0x0019, 0x0017, 0x000B, 0x3AC4, 0x5E03, 0x0055, 0x002A,
    0x002F, 0x0014, 0x0670, 0x0012, 0x0605, 0x0019, 0x0017, 0x000B,
    0x06A6, 0x8807, 0x002A, 0x002F, 0x0052, 0x004F, 0x0055, 0x004E,
    0x0044, 0x0018, 0x29DB, 0x0014, 0x06A1, 0x0019, 0x29DB, 0x0018,
    0x2A20, 0x0013, 0x05BA, 0x0035, 0x0008, 0x3AF1, 0x0004, 0x0001,
    0x2A20, 0x0012, 0x0017, 0x000B, 0x3193, 0x8C03, 0x0049, 0x002A,
    0x0046, 0x068D, 0x3AA0, 0x000B, 0x3124, 0x8E07, 0x0042, 0x0049,
    0x004E, 0x003E, 0x0044, 0x0045, 0x0047, 0x0004, 0x002D, 0x0004,
    0x2000, 0x3AE1, 0x000B, 0x3150, 0x9C07, 0x0044, 0x0045, 0x0047,
    0x003E, 0x0042, 0x0049, 0x004E, 0x0004, 0x0168, 0x0668, 0x0004,
    0x2000, 0x0004, 0x002D, 0x3AE1, 0x000B, 0x3AFC, 0xA609, 0x0042,
    0x0049, 0x004E, 0x003E, 0x0044, 0x0045, 0x0047, 0x002E, 0x0053,
    0x0004, 0x002D, 0x0686, 0x0004, 0x2000, 0x3AE1, 0x000B, 0x3B0B,
    0x9C09, 0x0044, 0x0045, 0x0047, 0x002E, 0x0053, 0x003E, 0x0042,
    0x0049, 0x004E, 0x0018, 0x0004, 0x0168, 0x0686, 0x0014, 0x0019,
    0x0013, 0x0668, 0x0019, 0x0004, 0x002D, 0x0686, 0x0004, 0x2000,
    0x0019, 0x3AE1, 0x0012, 0x0017, 0x000B, 0x3144, 0x6C06, 0x0053,
    0x0054, 0x0045, 0x0050, 0x0031, 0x0036, 0x0004, 0x0000, 0x0014,
    0x0018, 0x0004, 0x0008, 0x001C, 0x0008, 0x3B65, 0x001A, 0x0004,
    0x0002, 0x29ED, 0x0012, 0x2A20, 0x0014, 0x0018, 0x0004, 0x0004,
    0x001C, 0x0008, 0x3B72, 0x001A, 0x0004, 0x0004, 0x29ED, 0x0012,
    0x2A20, 0x0014, 0x0018, 0x0004, 0x0002, 0x001C, 0x0008, 0x3B7F,
    0x001A, 0x0004, 0x0008, 0x29ED, 0x0012, 0x2A20, 0x0014, 0x0018,
    0x0004, 0x0001, 0x001C, 0x0008, 0x3B8C, 0x001A, 0x0004, 0x0010,
    0x29ED, 0x0012, 0x2A20, 0x0014, 0x0017, 0x0017, 0x0012, 0x000B,
    0x2F36, 0x6408, 0x0052, 0x0041, 0x0054, 0x0049, 0x004F, 0x0051,
    0x0031, 0x0032, 0x0019, 0x0004, 0x1000, 0x0581, 0x3AD1, 0x000B,
    0x312F, 0x9A09, 0x004C, 0x004F, 0x0047, 0x0032, 0x002D, 0x004E,
    0x004F, 0x0052, 0x004D, 0x0004, 0x000C, 0x0019, 0x0018, 0x0004,
    0x2000, 0x05BA, 0x0004, 0x0000, 0x29F9, 0x0008, 0x3BC1, 0x0004,
    0x0002, 0x3AC8, 0x0019, 0x0004, 0x0001, 0x2A20, 0x0019, 0x0009,
    0x3BAE, 0x0018, 0x0004, 0x1000, 0x05BA, 0x0008, 0x3BD0, 0x0018,
    0x2A20, 0x0019, 0x0004, 0x0001, 0x29F4, 0x0019, 0x0009, 0x3BC1,
    0x000B, 0x3BA0, 0x8609, 0x004C, 0x004F, 0x0047, 0x0032, 0x002D,
    0x0046, 0x0052, 0x0041, 0x0043, 0x0004, 0x1000, 0x29F4, 0x0004,
    0x0010, 0x065E, 0x0018, 0x3A5C, 0x0014, 0x3A4E, 0x0012, 0x0581,
    0x3B55, 0x2A20, 0x000B, 0x3BD1, 0x6404, 0x004C, 0x004F, 0x0047,
    0x0032, 0x0018, 0x0004, 0x0000, 0x29F9, 0x0008, 0x3BFC, 0x0017,
    0x0004, 0x0000, 0x0009, 0x3C02, 0x3BAB, 0x0019, 0x3A40, 0x0019,
    0x3BDC, 0x2A20, 0x000B, 0x31B6, 0x8609, 0x0045, 0x0058, 0x0050,
    0x0032, 0x002D, 0x0046, 0x0052, 0x0041, 0x0043, 0x0018, 0x0004,
    0x0FFF, 0x0019, 0x05CA, 0x0008, 0x3C1A, 0x0017, 0x0004, 0x2000,
    0x0009, 0x3C25, 0x0004, 0x0010, 0x065E, 0x0018, 0x3A78, 0x0014,
    0x3A6A, 0x0012, 0x0581, 0x3B55, 0x2A20, 0x000B, 0x3C03, 0x6404,
    0x0045, 0x0058, 0x0050, 0x0032, 0x0004, 0x1000, 0x3ABE, 0x0014,
    0x3C0E, 0x0012, 0x3A32, 0x0004, 0x1000, 0x3AD1, 0x000B, 0x3B1D,
    0x6004, 0x0042, 0x0030, 0x0030, 0x0030, 0x0004, 0x0000, 0x000B,
    0x3C37, 0x6204, 0x0042, 0x0030, 0x0030, 0x0031, 0x0004, 0x00B6,
    0x000B, 0x3C40, 0x6404, 0x0042, 0x0030, 0x0030, 0x0032, 0x0004,
    0x016C, 0x000B, 0x3C49, 0x6604, 0x0042, 0x0030, 0x0030, 0x0033,
    0x0004, 0x0222, 0x000B, 0x3C52, 0x6A04, 0x0042, 0x0030, 0x0030,
    0x0035, 0x0004, 0x038E, 0x000B, 0x3C5B, 0x6004, 0x0042, 0x0030,
    0x0031, 0x0030, 0x0004, 0x071C, 0x000B, 0x3C64, 0x6A04, 0x0042,
    0x0030, 0x0031, 0x0035, 0x0004, 0x0AAB, 0x000B, 0x3C6D, 0x6004,
    0x0042, 0x0030, 0x0033, 0x0030, 0x0004, 0x1555, 0x000B, 0x3C76,
    0x6A04, 0x0042, 0x0030, 0x0034, 0x0035, 0x0004, 0x2000, 0x000B,
    0x3C7F, 0x6808, 0x0042, 0x0049, 0x004E, 0x0049, 0x0041, 0x004E,
    0x002F, 0x0034, 0x0004, 0x4000, 0x000B, 0x3C88, 0x6004, 0x0042,
    0x0030, 0x0036, 0x0030, 0x0004, 0x2AAB, 0x000B, 0x3C95, 0x6A04,
    0x0042, 0x0030, 0x0037, 0x0035, 0x0004, 0x3555, 0x000B, 0x3C9E,
    0x6004, 0x0042, 0x0030, 0x0039, 0x0030, 0x3C92, 0x000B, 0x3CA7,
    0x6A04, 0x0042, 0x0031, 0x0030, 0x0035, 0x0004, 0x4AAB, 0x000B,
    0x3CAF, 0x6004, 0x0042, 0x0031, 0x0032, 0x0030, 0x0004, 0x5555,
    0x000B, 0x3CB8, 0x6A04, 0x0042, 0x0031, 0x0033, 0x0035, 0x0004,
    0x6000, 0x000B, 0x3CC1, 0x6004, 0x0042, 0x0031, 0x0035, 0x0030,
    0x0004, 0x6AAB, 0x000B, 0x3CCA, 0x6A04, 0x0042, 0x0031, 0x0036,
    0x0035, 0x0004, 0x7555, 0x000B, 0x3CD3, 0x6408, 0x0042, 0x0049,
    0x004E, 0x0049, 0x0041, 0x004E, 0x002F, 0x0032, 0x0004, 0x8000,
    0x000B, 0x3CDC, 0x6004, 0x0042, 0x0031, 0x0038, 0x0030, 0x3CE6,
    0x000B, 0x3CE9, 0x6A04, 0x0042, 0x0031, 0x0039, 0x0035, 0x0004,
    0x8AAB, 0x000B, 0x3CF1, 0x6004, 0x0042, 0x0032, 0x0031, 0x0030,
    0x0004, 0x9555, 0x000B, 0x3CFA, 0x6A04, 0x0042, 0x0032, 0x0032,
    0x0035, 0x0004, 0xA000, 0x000B, 0x3D03, 0x6004, 0x0042, 0x0032,
    0x0034, 0x0030, 0x0004, 0xAAAB, 0x000B, 0x3D0C, 0x6A04, 0x0042,
    0x0032, 0x0035, 0x0035, 0x0004, 0xB555, 0x000B, 0x3D15, 0x6809,
    0x0042, 0x0049, 0x004E, 0x0049, 0x0041, 0x004E, 0x0033, 0x002F,
    0x0034, 0x0004, 0xC000, 0x000B, 0x3D1E, 0x6004, 0x0042, 0x0032,
    0x0037, 0x0030, 0x3D29, 0x000B, 0x3D2C, 0x6A04, 0x0042, 0x0032,
    0x0038, 0x0035, 0x0004, 0xCAAB, 0x000B, 0x3D34, 0x6004, 0x0042,
    0x0033, 0x0030, 0x0030, 0x0004, 0xD555, 0x000B, 0x3D3D, 0x6A04,
    0x0042, 0x0033, 0x0031, 0x0035, 0x0004, 0xE000, 0x000B, 0x3D46,
    0x6004, 0x0042, 0x0033, 0x0033, 0x0030, 0x0004, 0xEAAB, 0x000B,
    0x3D4F, 0x6A04, 0x0042, 0x0033, 0x0034, 0x0035, 0x0004, 0xF555,
    0x000B, 0x3B4D, 0xA204, 0x0053, 0x0049, 0x004E, 0x0051, 0x0004,
    0x0040, 0x29ED, 0x3A25, 0x000B, 0x3D61, 0x9C03, 0x0053, 0x0049,
    0x004E, 0x0018, 0x0004, 0x0000, 0x29F9, 0x0008, 0x3D7C, 0x0017,
    0x0004, 0x0000, 0x0009, 0x3DBA, 0x0018, 0x3C92, 0x29F9, 0x0008,
    0x3D86, 0x0017, 0x0004, 0x7FFF, 0x0009, 0x3DBA, 0x0018, 0x3CE6,
    0x29F9, 0x0008, 0x3D90, 0x0017, 0x0004, 0x0000, 0x0009, 0x3DBA,
    0x0018, 0x3D29, 0x29F9, 0x0008, 0x3D9A, 0x0017, 0x0004, 0x8000,
    0x0009, 0x3DBA, 0x0018, 0x001B, 0x0008, 0x3DAE, 0x0018, 0x3D29,
    0x05CA, 0x0008, 0x3DA9, 0x3CE6, 0x2A20, 0x3D67, 0x0037, 0x0009,
    0x3DAC, 0x0037, 0x3D67, 0x0037, 0x0009, 0x3DBA, 0x0018, 0x3C92,
    0x05CA, 0x0008, 0x3DB6, 0x3D67, 0x0009, 0x3DBA, 0x0037, 0x3CE6,
    0x2A20, 0x3D67, 0x000B, 0x326F, 0xA603, 0x0043, 0x004F, 0x0053,
    0x3C92, 0x2A20, 0x3D71, 0x000B, 0x2934, 0xA005, 0x0058, 0x0043,
    0x004F, 0x004D, 0x0050, 0x3DC0, 0x3AF9, 0x000B, 0x0000, 0xA005,
    0x0059, 0x0043, 0x004F, 0x004D, 0x0050, 0x3D71, 0x3AF9, 0x000B,
    0x2E4C, 0xA405, 0x0041, 0x0054, 0x0041, 0x004E, 0x0052, 0x0018,
    0x0004, 0x1000, 0x29F9, 0x0008, 0x3DE9, 0x0017, 0x3C85, 0x0009,
    0x3DF4, 0x0004, 0x0010, 0x065E, 0x0018, 0x3A94, 0x0014, 0x3A86,
    0x0012, 0x0581, 0x3B55, 0x2A20, 0x000B, 0x3DD8, 0x6405, 0x0041,
    0x0054, 0x0041, 0x004E, 0x0032, 0x29E7, 0x001D, 0x0004, 0x0000,
    0x29F9, 0x0008, 0x3E08, 0x058D, 0x0004, 0x0000, 0x0009, 0x3E3A,
    0x29E7, 0x29DB, 0x0019, 0x29DB, 0x29E7, 0x05BA, 0x0008, 0x3E17,
    0x3B9A, 0x3DDF, 0x3CAD, 0x0019, 0x29F4, 0x0009, 0x3E1A, 0x0019,
    0x3B9A, 0x3DDF, 0x0014, 0x0018, 0x001B, 0x0008, 0x3E2F, 0x0019,
    0x001B, 0x0008, 0x3E29, 0x0017, 0x3CEF, 0x0012, 0x2A20, 0x0009,
    0x3E2D, 0x0017, 0x3CEF, 0x0012, 0x29F4, 0x0009, 0x3E3A, 0x0019,
    0x001B, 0x0008, 0x3E38, 0x0017, 0x0012, 0x0037, 0x0009, 0x3E3A,
    0x0017, 0x0012, 0x000B, 0x3D6C, 0xA804, 0x0053, 0x0051, 0x0052,
    0x0054, 0x0004, 0x0000, 0x0019, 0x0004, 0x0001, 0x001A, 0x001A,
    0x05BA, 0x0004, 0x0000, 0x29F9, 0x0008, 0x3E60, 0x001A, 0x001A,
    0x29F4, 0x0014, 0x0019, 0x0017, 0x0004, 0x0002, 0x2A20, 0x0019,
    0x0004, 0x0001, 0x2A20, 0x0019, 0x0012, 0x0019, 0x0009, 0x3E46,
    0x0017, 0x0017, 0x000B, 0x0000, 0xE404, 0x007E, 0x0065, 0x0072,
    0x0072, 0x0004, 0xFFFF, 0x18A0, 0x000C, 0x0062, 0x0061, 0x0064,
    0x0020, 0x0066, 0x002D, 0x0073, 0x0074, 0x0072, 0x0069, 0x006E,
    0x0067, 0x000B, 0x0000, 0xC804, 0x007E, 0x0070, 0x0061, 0x0064,
    0x0004, 0x0000, 0x05DA, 0x0018, 0x0008, 0x3E8E, 0x0004, 0x0001,
    0x29F4, 0x3E80, 0x06DC, 0x0D60, 0x0009, 0x3E8F, 0x0017, 0x000B,
    0x0000, 0xCA06, 0x007E, 0x0077, 0x0074, 0x0079, 0x0070, 0x0065,
    0x02D2, 0x000D, 0x001A, 0x29F4, 0x3E80, 0x0D71, 0x000B, 0x0000,
    0xE405, 0x007E, 0x0063, 0x0068, 0x0061, 0x0072, 0x0018, 0x0004,
    0x0100, 0x05BA, 0x0008, 0x3EAD, 0x000B, 0x0004, 0x0100, 0x065E,
    0x0019, 0x0017, 0x000B, 0x0000, 0xE40A, 0x007E, 0x006E, 0x0065,
    0x0078, 0x0074, 0x002D, 0x0063, 0x0068, 0x0061, 0x0072, 0x0019,
    0x0004, 0x0001, 0x2A20, 0x0019, 0x0004, 0x0001, 0x29F4, 0x000B,
    0x0000, 0xDC06, 0x007E, 0x006E, 0x007A, 0x006C, 0x0065, 0x006E,
    0x0018, 0x0008, 0x3EE5, 0x001A, 0x000F, 0x3EA6, 0x0008, 0x3EDC,
    0x0004, 0x0001, 0x0009, 0x3EDE, 0x0004, 0x0000, 0x0014, 0x3EBF,
    0x3ED0, 0x0012, 0x2A20, 0x0009, 0x3EE8, 0x058D, 0x0004, 0x0000,
    0x000B, 0x0000, 0xF406, 0x007E, 0x0061, 0x0070, 0x0070, 0x006E,
    0x007A, 0x0018, 0x0008, 0x3F02, 0x001A, 0x000F, 0x3EA6, 0x0576,
    0x0008, 0x3EFD, 0x0D60, 0x0009, 0x3EFE, 0x0017, 0x3EBF, 0x3EF1,
    0x0009, 0x3F03, 0x058D, 0x000B, 0x0000, 0xF409, 0x007E, 0x0077,
    0x0074, 0x0079, 0x0070, 0x0065, 0x002D, 0x006E, 0x007A, 0x29E7,
    0x3ED0, 0x02D2, 0x000D, 0x0019, 0x29F4, 0x3E80, 0x3EF1, 0x000B,
    0x0000, 0xE405, 0x007E, 0x0078, 0x0073, 0x0074, 0x0072, 0x0287,
    0x000D, 0x0014, 0x08C4, 0x0872, 0x0892, 0x08AA, 0x0012, 0x0287,
    0x000C, 0x000B, 0x0000, 0xE608, 0x007E, 0x0070, 0x0064, 0x0069,
    0x0067, 0x0069, 0x0074, 0x0073, 0x0018, 0x0008, 0x3F40, 0x0004,
    0x0001, 0x29F4, 0x0014, 0x0889, 0x0012, 0x3F34, 0x0009, 0x3F41,
    0x0017, 0x000B, 0x0000, 0xE405, 0x007E, 0x0070, 0x0073, 0x0074,
    0x0072, 0x0018, 0x0014, 0x29DB, 0x0872, 0x02DE, 0x000D, 0x0018,
    0x0008, 0x3F58, 0x3F34, 0x0004, 0x002E, 0x087C, 0x0009, 0x3F59,
    0x0017, 0x0892, 0x0012, 0x089F, 0x08AA, 0x000B, 0x0000, 0xC805,
    0x007E, 0x006F, 0x0075, 0x0074, 0x0064, 0x02DE, 0x000D, 0x001B,
    0x0008, 0x3F6E, 0x08B6, 0x3F0F, 0x0009, 0x3F70, 0x3F49, 0x3F0F,
    0x000B, 0x0000, 0xEA05, 0x007E, 0x006F, 0x0075, 0x0074, 0x0075,
    0x02DE, 0x000D, 0x001B, 0x0008, 0x3F83, 0x0872, 0x0892, 0x08AA,
    0x3F0F, 0x0009, 0x3F84, 0x3E69, 0x000B, 0x0000, 0xF005, 0x007E,
    0x006F, 0x0075, 0x0074, 0x0078, 0x02DE, 0x000D, 0x001B, 0x0008,
    0x3F95, 0x3F1F, 0x3F0F, 0x0009, 0x3F96, 0x3E69, 0x000B, 0x0000,
    0xC605, 0x007E, 0x006F, 0x0075, 0x0074, 0x0063, 0x02DE, 0x000D,
    0x001B, 0x0008, 0x3FAC, 0x02D2, 0x000D, 0x0004, 0x0001, 0x29F4,
    0x3E80, 0x0D60, 0x0009, 0x3FAD, 0x3E69, 0x000B, 0x0000, 0xE605,
    0x007E, 0x006F, 0x0075, 0x0074, 0x0073, 0x02DE, 0x000D, 0x001B,
    0x0008, 0x3FBD, 0x3E98, 0x0009, 0x3FBE, 0x3E69, 0x000B, 0x0000,
    0x6006, 0x007E, 0x0070, 0x006F, 0x0077, 0x0031, 0x0030, 0x0018,
    0x0008, 0x3FD3, 0x0004, 0x0001, 0x29F4, 0x3FC7, 0x0004, 0x000A,
    0x0686, 0x0009, 0x3FD6, 0x0017, 0x0004, 0x0001, 0x000B, 0x0000,
    0xC205, 0x007E, 0x006F, 0x0075, 0x0074, 0x0061, 0x02DE, 0x000D,
    0x001B, 0x0008, 0x3FE7, 0x0004, 0x0000, 0x02DE, 0x000C, 0x02DE,
    0x000D, 0x0008, 0x3FF1, 0x02DE, 0x000D, 0x3FC7, 0x3B28, 0x0009,
    0x3FF2, 0x3B05, 0x3F65, 0x000B, 0x0000, 0x8003, 0x007E, 0x0063,
    0x0040, 0x02BA, 0x000D, 0x000F, 0x000B, 0x0000, 0xE60D, 0x007E,
};

static const uint16_t pdr16_at_forth_rom_chunk_2[8192] PROGMEM = {
    0x0077, 0x0069, 0x0064, 0x0074, 0x0068, 0x002D, 0x0064, 0x0069,
    0x0067, 0x0069, 0x0074, 0x0073, 0x02C6, 0x000D, 0x0008, 0x4028,
    0x3FF9, 0x0004, 0x0030, 0x0004, 0x003A, 0x05F6, 0x0008, 0x4028,
    0x3FF9, 0x0004, 0x0030, 0x29F4, 0x02D2, 0x000D, 0x0004, 0x000A,
    0x0686, 0x2A20, 0x02D2, 0x000C, 0x0004, 0x0001, 0x0D19, 0x400C,
    0x000B, 0x0000, 0xE60C, 0x007E, 0x0070, 0x0072, 0x0065, 0x0063,
    0x002D, 0x0064, 0x0069, 0x0067, 0x0069, 0x0074, 0x0073, 0x02C6,
    0x000D, 0x0008, 0x4057, 0x3FF9, 0x0004, 0x0030, 0x0004, 0x003A,
    0x05F6, 0x0008, 0x4057, 0x0004, 0xFFFF, 0x02EA, 0x000C, 0x3FF9,
    0x0004, 0x0030, 0x29F4, 0x02DE, 0x000D, 0x0004, 0x000A, 0x0686,
    0x2A20, 0x02DE, 0x000C, 0x0004, 0x0001, 0x0D19, 0x4037, 0x000B,
    0x0000, 0x7E09, 0x007E, 0x0064, 0x0065, 0x0066, 0x0061, 0x0075,
    0x006C, 0x0074, 0x003F, 0x3FF9, 0x0004, 0x007D, 0x29F9, 0x000B,
    0x0000, 0xC208, 0x007E, 0x0074, 0x0079, 0x0070, 0x0065, 0x002D,
    0x0073, 0x0061, 0x0018, 0x0004, 0x0073, 0x29F9, 0x0008, 0x407C,
    0x0017, 0x3FB5, 0x0009, 0x4088, 0x0018, 0x0004, 0x0061, 0x29F9,
    0x0008, 0x4086, 0x0017, 0x3FDE, 0x0009, 0x4088, 0x0017, 0x3E69,
    0x000B, 0x0000, 0xD00E, 0x007E, 0x0074, 0x0079, 0x0070, 0x0065,
    0x002D, 0x0064, 0x0069, 0x0073, 0x0070, 0x0061, 0x0074, 0x0063,
    0x0068, 0x0018, 0x0004, 0x0064, 0x29F9, 0x0008, 0x40A3, 0x0017,
    0x3F65, 0x0009, 0x40C2, 0x0018, 0x0004, 0x0075, 0x29F9, 0x0008,
    0x40AD, 0x0017, 0x3F78, 0x0009, 0x40C2, 0x0018, 0x0004, 0x0078,
    0x29F9, 0x0008, 0x40B7, 0x0017, 0x3F8C, 0x0009, 0x40C2, 0x0018,
    0x0004, 0x0063, 0x29F9, 0x0008, 0x40C1, 0x0017, 0x3F9E, 0x0009,
    0x40C2, 0x4072, 0x000B, 0x0000, 0xD80B, 0x007E, 0x0066, 0x0069,
    0x0065, 0x006C, 0x0064, 0x002D, 0x0074, 0x0061, 0x0069, 0x006C,
    0x0004, 0x0001, 0x0D19, 0x02C6, 0x000D, 0x0576, 0x0008, 0x40DB,
    0x0017, 0x0009, 0x40E9, 0x18A0, 0x000C, 0x0062, 0x0061, 0x0064,
    0x0020, 0x0066, 0x002D, 0x0073, 0x0074, 0x0072, 0x0069, 0x006E,
    0x0067, 0x3FF9, 0x0004, 0x007D, 0x001E, 0x18A0, 0x000C, 0x0062,
    0x0061, 0x0064, 0x0020, 0x0066, 0x002D, 0x0073, 0x0074, 0x0072,
    0x0069, 0x006E, 0x0067, 0x0004, 0x0001, 0x0D19, 0x4099, 0x000B,
    0x0000, 0xC806, 0x007E, 0x0066, 0x0069, 0x0065, 0x006C, 0x0064,
    0x0004, 0x0001, 0x0D19, 0x0004, 0x0000, 0x02D2, 0x000C, 0x0004,
    0xFFFF, 0x02DE, 0x000C, 0x02C6, 0x000D, 0x0576, 0x0008, 0x411B,
    0x0017, 0x0009, 0x4129, 0x18A0, 0x000C, 0x0062, 0x0061, 0x0064,
    0x0020, 0x0066, 0x002D, 0x0073, 0x0074, 0x0072, 0x0069, 0x006E,
    0x0067, 0x4063, 0x0008, 0x4132, 0x0004, 0x0001, 0x0D19, 0x3F65,
    0x0009, 0x4180, 0x400C, 0x02C6, 0x000D, 0x0576, 0x0008, 0x413B,
    0x0017, 0x0009, 0x4149, 0x18A0, 0x000C, 0x0062, 0x0061, 0x0064,
    0x0020, 0x0066, 0x002D, 0x0073, 0x0074, 0x0072, 0x0069, 0x006E,
    0x0067, 0x3FF9, 0x0004, 0x002E, 0x29F9, 0x0008, 0x4171, 0x0004,
    0x0001, 0x0D19, 0x0004, 0x0000, 0x02DE, 0x000C, 0x0004, 0x0000,
    0x02EA, 0x000C, 0x4037, 0x02EA, 0x000D, 0x0576, 0x0008, 0x4163,
    0x0017, 0x0009, 0x4171, 0x18A0, 0x000C, 0x0062, 0x0061, 0x0064,
    0x0020, 0x0066, 0x002D, 0x0073, 0x0074, 0x0072, 0x0069, 0x006E,
    0x0067, 0x3FF9, 0x0018, 0x0004, 0x007D, 0x29F9, 0x0008, 0x417F,
    0x0017, 0x0004, 0x0001, 0x0D19, 0x3F65, 0x0009, 0x4180, 0x40D0,
    0x000B, 0x0000, 0xCA0C, 0x007E, 0x0065, 0x0076, 0x0061, 0x006C,
    0x002D, 0x006C, 0x0062, 0x0072, 0x0061, 0x0063, 0x0065, 0x0004,
    0x0001, 0x02C6, 0x000D, 0x05BA, 0x0008, 0x41AC, 0x02BA, 0x000D,
    0x0004, 0x0001, 0x2A20, 0x000F, 0x0004, 0x007B, 0x29F9, 0x0008,
    0x41A9, 0x0004, 0x007B, 0x0D60, 0x0004, 0x0002, 0x0D19, 0x0009,
    0x41AA, 0x4108, 0x0009, 0x41AD, 0x4108, 0x000B, 0x0000, 0xCA0C,
    0x007E, 0x0065, 0x0076, 0x0061, 0x006C, 0x002D, 0x0072, 0x0062,
    0x0072, 0x0061, 0x0063, 0x0065, 0x0004, 0x0001, 0x02C6, 0x000D,
    0x05BA, 0x0008, 0x41D9, 0x02BA, 0x000D, 0x0004, 0x0001, 0x2A20,
    0x000F, 0x0004, 0x007D, 0x29F9, 0x0008, 0x41D6, 0x0004, 0x007D,
    0x0D60, 0x0004, 0x0002, 0x0D19, 0x0009, 0x41D7, 0x3E69, 0x0009,
    0x41DA, 0x3E69, 0x000B, 0x0000, 0xD805, 0x007E, 0x0065, 0x0076,
    0x0061, 0x006C, 0x29E7, 0x0017, 0x02BA, 0x000C, 0x02C6, 0x000C,
    0x0017, 0x0D26, 0x02C6, 0x000D, 0x0008, 0x4209, 0x3FF9, 0x0018,
    0x0004, 0x007B, 0x29F9, 0x0008, 0x41F9, 0x0017, 0x418F, 0x0009,
    0x4207, 0x0018, 0x0004, 0x007D, 0x29F9, 0x0008, 0x4203, 0x0017,
    0x41BC, 0x0009, 0x4207, 0x0D60, 0x0004, 0x0001, 0x0D19, 0x0009,
    0x41EA, 0x0D81, 0x000B, 0x0000, 0xDC44, 0x007E, 0x0072, 0x0075,
    0x006E, 0x0CF1, 0x073E, 0x41E2, 0x000B, 0x420B, 0xF843, 0x007E,
    0x0022, 0x007C, 0x4211, 0x000B, 0x2E07, 0x4482, 0x0046, 0x0022,
    0x0331, 0x000D, 0x0008, 0x422D, 0x0004, 0x0022, 0x0EE3, 0x0DB5,
    0x16BB, 0x4211, 0x16EF, 0x0009, 0x4232, 0x0004, 0x0022, 0x0EE3,
    0x0DB5, 0x41E2, 0x000B, 0x3C26, 0xA00D, 0x0045, 0x0044, 0x0049,
    0x0054, 0x002D, 0x004C, 0x0049, 0x004E, 0x0045, 0x002D, 0x0043,
    0x0041, 0x0050, 0x0004, 0x00A0, 0x000B, 0x4233, 0x8A0D, 0x0045,
    0x0044, 0x0049, 0x0054, 0x002D, 0x0052, 0x0045, 0x0043, 0x002D,
    0x0053, 0x0049, 0x005A, 0x0045, 0x0004, 0x00A4, 0x000B, 0x4245,
    0x8A0F, 0x0045, 0x0044, 0x0049, 0x0054, 0x002D, 0x0041, 0x0052,
    0x0045, 0x004E, 0x0041, 0x002D, 0x0053, 0x0049, 0x005A, 0x0045,
    0x0004, 0x2000, 0x000B, 0x4257, 0xAE0B, 0x0045, 0x0044, 0x0049,
    0x0054, 0x002D, 0x0054, 0x0045, 0x0058, 0x0054, 0x002D, 0x0057,
    0x0004, 0x0050, 0x000B, 0x426B, 0x900B, 0x0045, 0x0044, 0x0049,
    0x0054, 0x002D, 0x0054, 0x0045, 0x0058, 0x0054, 0x002D, 0x0048,
    0x0004, 0x0017, 0x000B, 0x427B, 0xAE0F, 0x0045, 0x0044, 0x0049,
    0x0054, 0x002D, 0x0053, 0x0054, 0x0041, 0x0054, 0x0055, 0x0053,
    0x002D, 0x0052, 0x004F, 0x0057, 0x0004, 0x0018, 0x000B, 0x428B,
    0xAE0D, 0x0045, 0x0044, 0x0049, 0x0054, 0x002D, 0x0048, 0x0045,
    0x004C, 0x0050, 0x002D, 0x0052, 0x004F, 0x0057, 0x0004, 0x0019,
    0x000B, 0x429F, 0x8A0D, 0x0045, 0x0044, 0x0049, 0x0054, 0x002D,
    0x004D, 0x0053, 0x0047, 0x002D, 0x004E, 0x004F, 0x004E, 0x0045,
    0x0004, 0x0000, 0x000B, 0x42B1, 0x880E, 0x0045, 0x0044, 0x0049,
    0x0054, 0x002D, 0x004D, 0x0053, 0x0047, 0x002D, 0x0053, 0x0041,
    0x0056, 0x0045, 0x0044, 0x0004, 0x0001, 0x000B, 0x42C3, 0xA40F,
    0x0045, 0x0044, 0x0049, 0x0054, 0x002D, 0x004D, 0x0053, 0x0047,
    0x002D, 0x0042, 0x0055, 0x0046, 0x0046, 0x0045, 0x0052, 0x0004,
    0x0002, 0x000B, 0x42D6, 0x8E0D, 0x0045, 0x0044, 0x0049, 0x0054,
    0x002D, 0x004D, 0x0053, 0x0047, 0x002D, 0x004C, 0x004F, 0x004E,
    0x0047, 0x0004, 0x0003, 0x000B, 0x42EA, 0x9C0D, 0x0045, 0x0044,
    0x0049, 0x0054, 0x002D, 0x004D, 0x0053, 0x0047, 0x002D, 0x004F,
    0x0050, 0x0045, 0x004E, 0x0004, 0x0004, 0x000B, 0x42FC, 0x880D,
    0x0045, 0x0044, 0x0049, 0x0054, 0x002D, 0x004D, 0x0053, 0x0047,
    0x002D, 0x0052, 0x0045, 0x0041, 0x0044, 0x0004, 0x0005, 0x000B,
    0x430E, 0x8A0E, 0x0045, 0x0044, 0x0049, 0x0054, 0x002D, 0x004D,
    0x0053, 0x0047, 0x002D, 0x0057, 0x0052, 0x0049, 0x0054, 0x0045,
    0x0004, 0x0006, 0x000B, 0x4320, 0xAE0C, 0x0045, 0x0044, 0x0049,
    0x0054, 0x002D, 0x004D, 0x0053, 0x0047, 0x002D, 0x004E, 0x0045,
    0x0057, 0x0004, 0x0007, 0x000B, 0x4333, 0x8A0D, 0x0045, 0x0044,
    0x0049, 0x0054, 0x002D, 0x004D, 0x0053, 0x0047, 0x002D, 0x004E,
    0x0041, 0x004D, 0x0045, 0x0004, 0x0008, 0x000B, 0x4344, 0xA00E,
    0x0045, 0x0044, 0x0049, 0x0054, 0x002D, 0x004D, 0x0053, 0x0047,
    0x002D, 0x0055, 0x004E, 0x0053, 0x0055, 0x0050, 0x0004, 0x0009,
    0x000B, 0x4356, 0xA810, 0x0045, 0x0044, 0x0049, 0x0054, 0x002D,
    0x0055, 0x0053, 0x0045, 0x0052, 0x002D, 0x004F, 0x0046, 0x0046,
    0x0053, 0x0045, 0x0054, 0x0004, 0x0100, 0x000B, 0x4369, 0x8A0E,
    0x0045, 0x0044, 0x0049, 0x0054, 0x002D, 0x0050, 0x0041, 0x0054,
    0x0048, 0x002D, 0x0053, 0x0049, 0x005A, 0x0045, 0x0004, 0x0104,
    0x000B, 0x437E, 0x9609, 0x0045, 0x0044, 0x0049, 0x0054, 0x002D,
    0x004D, 0x0041, 0x0052, 0x004B, 0x0004, 0x0100, 0x04A4, 0x000D,
    0x2A20, 0x000B, 0x4391, 0x8A09, 0x0045, 0x0044, 0x0049, 0x0054,
    0x002D, 0x0042, 0x0041, 0x0053, 0x0045, 0x0004, 0x0101, 0x04A4,
    0x000D, 0x2A20, 0x000B, 0x43A2, 0x8A09, 0x0045, 0x0044, 0x0049,
    0x0054, 0x002D, 0x0048, 0x0045, 0x0052, 0x0045, 0x0004, 0x0102,
    0x04A4, 0x000D, 0x2A20, 0x000B, 0x43B3, 0xA80A, 0x0045, 0x0044,
    0x0049, 0x0054, 0x002D, 0x004C, 0x0049, 0x004D, 0x0049, 0x0054,
    0x0004, 0x0103, 0x04A4, 0x000D, 0x2A20, 0x000B, 0x43C4, 0x8A09,
    0x0045, 0x0044, 0x0049, 0x0054, 0x002D, 0x0046, 0x0052, 0x0045,
    0x0045, 0x0004, 0x0104, 0x04A4, 0x000D, 0x2A20, 0x000B, 0x43D6,
    0x8809, 0x0045, 0x0044, 0x0049, 0x0054, 0x002D, 0x0048, 0x0045,
    0x0041, 0x0044, 0x0004, 0x0105, 0x04A4, 0x000D, 0x2A20, 0x000B,
    0x43E7, 0x9809, 0x0045, 0x0044, 0x0049, 0x0054, 0x002D, 0x0054,
    0x0041, 0x0049, 0x004C, 0x0004, 0x0106, 0x04A4, 0x000D, 0x2A20,
    0x000B, 0x43F8, 0xA408, 0x0045, 0x0044, 0x0049, 0x0054, 0x002D,
    0x0043, 0x0055, 0x0052, 0x0004, 0x0107, 0x04A4, 0x000D, 0x2A20,
    0x000B, 0x4409, 0xA008, 0x0045, 0x0044, 0x0049, 0x0054, 0x002D,
    0x0054, 0x004F, 0x0050, 0x0004, 0x0108, 0x04A4, 0x000D, 0x2A20,
    0x000B, 0x4419, 0xA60A, 0x0045, 0x0044, 0x0049, 0x0054, 0x002D,
    0x004C, 0x0049, 0x004E, 0x0045, 0x0053, 0x0004, 0x0109, 0x04A4,
    0x000D, 0x2A20, 0x000B, 0x4429, 0x4609, 0x0045, 0x0044, 0x0049,
    0x0054, 0x002D, 0x0043, 0x0055, 0x0052, 0x0023, 0x0004, 0x010A,
    0x04A4, 0x000D, 0x2A20, 0x000B, 0x443B, 0x4609, 0x0045, 0x0044,
    0x0049, 0x0054, 0x002D, 0x0054, 0x004F, 0x0050, 0x0023, 0x0004,
    0x010B, 0x04A4, 0x000D, 0x2A20, 0x000B, 0x444C, 0x9808, 0x0045,
    0x0044, 0x0049, 0x0054, 0x002D, 0x0043, 0x004F, 0x004C, 0x0004,
    0x010C, 0x04A4, 0x000D, 0x2A20, 0x000B, 0x445D, 0x8C09, 0x0045,
    0x0044, 0x0049, 0x0054, 0x002D, 0x0050, 0x0052, 0x0045, 0x0046,
    0x0004, 0x010D, 0x04A4, 0x000D, 0x2A20, 0x000B, 0x446D, 0x880D,
    0x0045, 0x0044, 0x0049, 0x0054, 0x002D, 0x004D, 0x004F, 0x0044,
    0x0049, 0x0046, 0x0049, 0x0045, 0x0044, 0x0004, 0x010E, 0x04A4,
    0x000D, 0x2A20, 0x000B, 0x447E, 0xA80B, 0x0045, 0x0044, 0x0049,
    0x0054, 0x002D, 0x0049, 0x004E, 0x0053, 0x0045, 0x0052, 0x0054,
    0x0004, 0x010F, 0x04A4, 0x000D, 0x2A20, 0x000B, 0x4493, 0x8E0C,
    0x0045, 0x0044, 0x0049, 0x0054, 0x002D, 0x0052, 0x0055, 0x004E,
    0x004E, 0x0049, 0x004E, 0x0047, 0x0004, 0x0110, 0x04A4, 0x000D,
    0x2A20, 0x000B, 0x44A6, 0x8E08, 0x0045, 0x0044, 0x0049, 0x0054,
    0x002D, 0x004D, 0x0053, 0x0047, 0x0004, 0x0111, 0x04A4, 0x000D,
    0x2A20, 0x000B, 0x44BA, 0x9C0D, 0x0045, 0x0044, 0x0049, 0x0054,
    0x002D, 0x0050, 0x0041, 0x0054, 0x0048, 0x002D, 0x004C, 0x0045,
    0x004E, 0x0004, 0x0112, 0x04A4, 0x000D, 0x2A20, 0x000B, 0x44CA,
    0x460E, 0x0045, 0x0044, 0x0049, 0x0054, 0x002D, 0x0050, 0x0041,
    0x0054, 0x0048, 0x002D, 0x0042, 0x0055, 0x0046, 0x0023, 0x0004,
    0x0113, 0x04A4, 0x000D, 0x2A20, 0x000B, 0x44DF, 0x9C0D, 0x0045,
    0x0044, 0x0049, 0x0054, 0x002D, 0x0043, 0x004C, 0x0049, 0x0050,
    0x002D, 0x004C, 0x0045, 0x004E, 0x0004, 0x0114, 0x04A4, 0x000D,
    0x2A20, 0x000B, 0x44F5, 0x460E, 0x0045, 0x0044, 0x0049, 0x0054,
    0x002D, 0x0043, 0x004C, 0x0049, 0x0050, 0x002D, 0x0042, 0x0055,
    0x0046, 0x0023, 0x0004, 0x0115, 0x04A4, 0x000D, 0x2A20, 0x000B,
    0x450A, 0x6203, 0x0045, 0x0054, 0x0031, 0x0004, 0x0116, 0x04A4,
    0x000D, 0x2A20, 0x000B, 0x4520, 0x6403, 0x0045, 0x0054, 0x0032,
    0x0004, 0x0117, 0x04A4, 0x000D, 0x2A20, 0x000B, 0x452B, 0x6603,
    0x0045, 0x0054, 0x0033, 0x0004, 0x0118, 0x04A4, 0x000D, 0x2A20,
    0x000B, 0x4536, 0x6803, 0x0045, 0x0054, 0x0034, 0x0004, 0x0119,
    0x04A4, 0x000D, 0x2A20, 0x000B, 0x4541, 0xA80E, 0x0045, 0x0044,
    0x0049, 0x0054, 0x002D, 0x004C, 0x0049, 0x004E, 0x0045, 0x002D,
    0x004E, 0x0045, 0x0058, 0x0054, 0x000B, 0x454C, 0xAC0E, 0x0045,
    0x0044, 0x0049, 0x0054, 0x002D, 0x004C, 0x0049, 0x004E, 0x0045,
    0x002D, 0x0050, 0x0052, 0x0045, 0x0056, 0x0024, 0x000B, 0x455D,
    0x9C0D, 0x0045, 0x0044, 0x0049, 0x0054, 0x002D, 0x004C, 0x0049,
    0x004E, 0x0045, 0x002D, 0x004C, 0x0045, 0x004E, 0x0004, 0x0002,
    0x2A20, 0x000B, 0x456F, 0xA60F, 0x0045, 0x0044, 0x0049, 0x0054,
    0x002D, 0x004C, 0x0049, 0x004E, 0x0045, 0x002D, 0x0046, 0x004C,
    0x0041, 0x0047, 0x0053, 0x0004, 0x0003, 0x2A20, 0x000B, 0x4582,
    0xA80E, 0x0045, 0x0044, 0x0049, 0x0054, 0x002D, 0x004C, 0x0049,
    0x004E, 0x0045, 0x002D, 0x0054, 0x0045, 0x0058, 0x0054, 0x0004,
    0x0004, 0x2A20, 0x000B, 0x4597, 0x800E, 0x0045, 0x0044, 0x0049,
    0x0054, 0x002D, 0x004C, 0x0049, 0x004E, 0x0045, 0x002D, 0x004C,
    0x0045, 0x004E, 0x0040, 0x457E, 0x000D, 0x000B, 0x45AB, 0x420E,
    0x0045, 0x0044, 0x0049, 0x0054, 0x002D, 0x004C, 0x0049, 0x004E,
    0x0045, 0x002D, 0x004C, 0x0045, 0x004E, 0x0021, 0x457E, 0x000C,
    0x000B, 0x45BE, 0xA40E, 0x0045, 0x0044, 0x0049, 0x0054, 0x002D,
    0x004C, 0x0049, 0x004E, 0x0045, 0x002D, 0x0041, 0x0044, 0x0044,
    0x0052, 0x0019, 0x45A7, 0x2A20, 0x000B, 0x45D1, 0x8C0D, 0x0045,
    0x0044, 0x0049, 0x0054, 0x002D, 0x0050, 0x0041, 0x0054, 0x0048,
    0x002D, 0x0042, 0x0055, 0x0046, 0x44EF, 0x000D, 0x000B, 0x45E5,
    0x8C0D, 0x0045, 0x0044, 0x0049, 0x0054, 0x002D, 0x0043, 0x004C,
    0x0049, 0x0050, 0x002D, 0x0042, 0x0055, 0x0046, 0x451A, 0x000D,
    0x000B, 0x45F7, 0x480A, 0x0045, 0x0044, 0x0049, 0x0054, 0x002D,
    0x0050, 0x0041, 0x0054, 0x0048, 0x0024, 0x45F4, 0x44D9, 0x000D,
    0x000B, 0x4609, 0x420A, 0x0045, 0x0044, 0x0049, 0x0054, 0x002D,
    0x0050, 0x0041, 0x0054, 0x0048, 0x0021, 0x0018, 0x44D9, 0x000C,
    0x45F4, 0x0019, 0x07D4, 0x000B, 0x4619, 0x4209, 0x0045, 0x0044,
    0x0049, 0x0054, 0x002D, 0x004D, 0x0053, 0x0047, 0x0021, 0x44C4,
    0x000C, 0x000B, 0x462C, 0x9C0C, 0x0045, 0x0044, 0x0049, 0x0054,
    0x002D, 0x0043, 0x0055, 0x0052, 0x002D, 0x004C, 0x0045, 0x004E,
    0x4413, 0x000D, 0x45BB, 0x000B, 0x463A, 0xA40D, 0x0045, 0x0044,
    0x0049, 0x0054, 0x002D, 0x0043, 0x0055, 0x0052, 0x002D, 0x0041,
    0x0044, 0x0044, 0x0052, 0x4413, 0x000D, 0x45A7, 0x000B, 0x464C,
    0xA80F, 0x0045, 0x0044, 0x0049, 0x0054, 0x002D, 0x004C, 0x0049,
    0x004E, 0x0045, 0x002D, 0x0043, 0x004F, 0x0055, 0x004E, 0x0054,
    0x4435, 0x000D, 0x000B, 0x465F, 0x4209, 0x0045, 0x0044, 0x0049,
    0x0054, 0x002D, 0x0043, 0x004F, 0x004C, 0x0021, 0x0018, 0x4467,
    0x000C, 0x4478, 0x000C, 0x000B, 0x4673, 0x8A0F, 0x0045, 0x0044,
    0x0049, 0x0054, 0x002D, 0x0043, 0x004C, 0x0045, 0x0041, 0x0052,
    0x002D, 0x004C, 0x0049, 0x004E, 0x0045, 0x0004, 0x0000, 0x001A,
    0x457E, 0x000C, 0x0017, 0x000B, 0x4684, 0x8608, 0x0045, 0x0044,
    0x002D, 0x0041, 0x004C, 0x004C, 0x004F, 0x0043, 0x43E1, 0x000D,
    0x0576, 0x0008, 0x46B1, 0x0018, 0x000D, 0x43E1, 0x000C, 0x0009,
    0x46C5, 0x43BE, 0x000D, 0x0018, 0x4254, 0x2A20, 0x43D0, 0x000D,
    0x0019, 0x05BA, 0x0008, 0x46C0, 0x0017, 0x0004, 0x0000, 0x000B,
    0x0018, 0x4254, 0x2A20, 0x43BE, 0x000C, 0x0018, 0x0004, 0x0000,
    0x001A, 0x000C, 0x0019, 0x0017, 0x0018, 0x456D, 0x0004, 0x0000,
    0x0019, 0x000C, 0x0018, 0x457E, 0x0004, 0x0000, 0x0019, 0x000C,
    0x0018, 0x4593, 0x0004, 0x0000, 0x0019, 0x000C, 0x000B, 0x469C,
    0x8A0E, 0x0045, 0x0044, 0x0049, 0x0054, 0x002D, 0x0046, 0x0052,
    0x0045, 0x0045, 0x002D, 0x004C, 0x0049, 0x004E, 0x0045, 0x43E1,
    0x000D, 0x001A, 0x000C, 0x43E1, 0x000C, 0x000B, 0x46DF, 0xA40F,
    0x0045, 0x0044, 0x0049, 0x0054, 0x002D, 0x004C, 0x0049, 0x004E,
    0x004B, 0x002D, 0x0041, 0x0046, 0x0054, 0x0045, 0x0052, 0x4525,
    0x000C, 0x4530, 0x000C, 0x4525, 0x000D, 0x000D, 0x4530, 0x000D,
    0x000C, 0x4525, 0x000D, 0x4530, 0x000D, 0x456D, 0x000C, 0x4530,
    0x000D, 0x000D, 0x0576, 0x0008, 0x4724, 0x4530, 0x000D, 0x0019,
    0x456D, 0x000C, 0x0009, 0x4728, 0x4525, 0x000D, 0x4403, 0x000C,
    0x4525, 0x000D, 0x4530, 0x000D, 0x000C, 0x000B, 0x46F6, 0x960B,
    0x0045, 0x0044, 0x0049, 0x0054, 0x002D, 0x0055, 0x004E, 0x004C,
    0x0049, 0x004E, 0x004B, 0x0018, 0x000D, 0x4525, 0x000C, 0x0018,
    0x456D, 0x000D, 0x4530, 0x000C, 0x4530, 0x000D, 0x0008, 0x474F,
    0x4525, 0x000D, 0x4530, 0x000D, 0x000C, 0x0009, 0x4753, 0x4525,
    0x000D, 0x43F2, 0x000C, 0x4525, 0x000D, 0x0008, 0x475F, 0x4530,
    0x000D, 0x4525, 0x000D, 0x456D, 0x000C, 0x0009, 0x4763, 0x4530,
    0x000D, 0x4403, 0x000C, 0x000B, 0x472E, 0xA411, 0x0045, 0x0044,
    0x0049, 0x0054, 0x002D, 0x0052, 0x0045, 0x0053, 0x0045, 0x0054,
    0x002D, 0x0042, 0x0055, 0x0046, 0x0046, 0x0045, 0x0052, 0x0004,
    0x0000, 0x43E1, 0x000C, 0x43AD, 0x000D, 0x43BE, 0x000C, 0x0004,
    0x0000, 0x448D, 0x000C, 0x0004, 0x0000, 0x44C4, 0x000C, 0x0004,
    0x0000, 0x4467, 0x000C, 0x0004, 0x0000, 0x4478, 0x000C, 0x0004,
    0x0000, 0x4504, 0x000C, 0x46A6, 0x0018, 0x0023, 0x0008, 0x479D,
    0x0017, 0x42E7, 0x44C4, 0x000C, 0x000B, 0x0018, 0x43F2, 0x000C,
    0x0018, 0x4403, 0x000C, 0x0018, 0x4413, 0x000C, 0x0018, 0x4423,
    0x000C, 0x0017, 0x0004, 0x0001, 0x4435, 0x000C, 0x0004, 0x0001,
    0x4446, 0x000C, 0x0004, 0x0001, 0x4457, 0x000C, 0x000B, 0x4764,
    0xA809, 0x0045, 0x0044, 0x0049, 0x0054, 0x002D, 0x0049, 0x004E,
    0x0049, 0x0054, 0x03A5, 0x000D, 0x439C, 0x000C, 0x03A5, 0x000D,
    0x0018, 0x44EF, 0x000C, 0x438E, 0x2A20, 0x0018, 0x451A, 0x000C,
    0x4242, 0x2A20, 0x0018, 0x43AD, 0x000C, 0x0018, 0x43BE, 0x000C,
    0x4268, 0x2A20, 0x43D0, 0x000C, 0x43D0, 0x000D, 0x03A5, 0x000C,
    0x0004, 0x0001, 0x44A0, 0x000C, 0x42C0, 0x44C4, 0x000C, 0x0004,
    0x0000, 0x44D9, 0x000C, 0x4777, 0x000B, 0x47B7, 0x8A09, 0x0045,
    0x0044, 0x0049, 0x0054, 0x002D, 0x0044, 0x004F, 0x004E, 0x0045,
    0x439C, 0x000D, 0x03A5, 0x000C, 0x2EEF, 0x2ECB, 0x000B, 0x47ED,
    0x9C0D, 0x0045, 0x0044, 0x0049, 0x0054, 0x002D, 0x0054, 0x0052,
    0x0049, 0x004D, 0x002D, 0x004C, 0x0045, 0x004E, 0x0018, 0x45BB,
    0x4525, 0x000C, 0x4525, 0x000D, 0x0008, 0x482E, 0x0018, 0x45A7,
    0x4525, 0x000D, 0x0025, 0x2A20, 0x000F, 0x06DC, 0x29F9, 0x0008,
    0x4828, 0x4525, 0x000D, 0x0025, 0x4525, 0x000C, 0x0009, 0x482C,
    0x0017, 0x4525, 0x000D, 0x000B, 0x0009, 0x4812, 0x0017, 0x0004,
    0x0000, 0x000B, 0x47FF, 0xA40F, 0x0045, 0x0044, 0x0049, 0x0054,
    0x002D, 0x0045, 0x0058, 0x0054, 0x0045, 0x004E, 0x0044, 0x002D,
    0x0043, 0x0055, 0x0052, 0x0018, 0x4242, 0x2A0C, 0x0008, 0x484F,
    0x0017, 0x42F9, 0x44C4, 0x000C, 0x0004, 0x0000, 0x000B, 0x0018,
    0x4648, 0x2A13, 0x0008, 0x4858, 0x0017, 0x0004, 0xFFFF, 0x000B,
    0x0018, 0x4525, 0x000C, 0x4648, 0x4530, 0x000C, 0x4413, 0x000D,
    0x45A7, 0x4530, 0x000D, 0x2A20, 0x4525, 0x000D, 0x4530, 0x000D,
    0x29F4, 0x06DC, 0x07F5, 0x4525, 0x000D, 0x4413, 0x000D, 0x457E,
    0x000C, 0x0017, 0x0004, 0xFFFF, 0x000B, 0x4832, 0x8A13, 0x0045,
    0x0044, 0x0049, 0x0054, 0x002D, 0x0045, 0x004E, 0x0053, 0x0055,
    0x0052, 0x0045, 0x002D, 0x0056, 0x0049, 0x0053, 0x0049, 0x0042,
    0x004C, 0x0045, 0x4446, 0x000D, 0x4457, 0x000D, 0x05CA, 0x0008,
    0x489E, 0x4423, 0x000D, 0x456D, 0x000D, 0x4423, 0x000C, 0x4457,
    0x000D, 0x0025, 0x4457, 0x000C, 0x0009, 0x488A, 0x4446, 0x000D,
    0x4457, 0x000D, 0x4288, 0x2A20, 0x2A1A, 0x0008, 0x48B3, 0x4423,
    0x000D, 0x000D, 0x4423, 0x000C, 0x4457, 0x000D, 0x0024, 0x4457,
    0x000C, 0x0009, 0x489E, 0x000B, 0x4875, 0xA00C, 0x0045, 0x0044,
    0x0049, 0x0054, 0x002D, 0x004D, 0x004F, 0x0056, 0x0045, 0x002D,
    0x0055, 0x0050, 0x4413, 0x000D, 0x456D, 0x000D, 0x0576, 0x0008,
    0x48D5, 0x4413, 0x000C, 0x4446, 0x000D, 0x0025, 0x4446, 0x000C,
    0x4478, 0x000D, 0x4467, 0x000C, 0x488A, 0x000B, 0x48B4, 0x9C0E,
    0x0045, 0x0044, 0x0049, 0x0054, 0x002D, 0x004D, 0x004F, 0x0056,
    0x0045, 0x002D, 0x0044, 0x004F, 0x0057, 0x004E, 0x4413, 0x000D,
    0x000D, 0x0576, 0x0008, 0x48F8, 0x4413, 0x000C, 0x4446, 0x000D,
    0x0024, 0x4446, 0x000C, 0x4478, 0x000D, 0x4467, 0x000C, 0x488A,
    0x000B, 0x48D6, 0xA80E, 0x0045, 0x0044, 0x0049, 0x0054, 0x002D,
    0x004D, 0x004F, 0x0056, 0x0045, 0x002D, 0x004C, 0x0045, 0x0046,
    0x0054, 0x4467, 0x000D, 0x0008, 0x4916, 0x4467, 0x000D, 0x0025,
    0x4467, 0x000C, 0x4467, 0x000D, 0x4478, 0x000C, 0x000B, 0x48F9,
    0xA80F, 0x0045, 0x0044, 0x0049, 0x0054, 0x002D, 0x004D, 0x004F,
    0x0056, 0x0045, 0x002D, 0x0052, 0x0049, 0x0047, 0x0048, 0x0054,
    0x4467, 0x000D, 0x0024, 0x0018, 0x4467, 0x000C, 0x4478, 0x000C,
    0x000B, 0x4917, 0x8A0E, 0x0045, 0x0044, 0x0049, 0x0054, 0x002D,
    0x004D, 0x004F, 0x0056, 0x0045, 0x002D, 0x0048, 0x004F, 0x004D,
    0x0045, 0x0004, 0x0000, 0x467E, 0x000B, 0x4931, 0x880D, 0x0045,
    0x0044, 0x0049, 0x0054, 0x002D, 0x004D, 0x004F, 0x0056, 0x0045,
    0x002D, 0x0045, 0x004E, 0x0044, 0x4648, 0x467E, 0x000B, 0x4945,
    0xA00C, 0x0045, 0x0044, 0x0049, 0x0054, 0x002D, 0x0050, 0x0041,
    0x0047, 0x0045, 0x002D, 0x0055, 0x0050, 0x0004, 0x0000, 0x4525,
    0x000C, 0x4525, 0x000D, 0x4288, 0x05CA, 0x0008, 0x4977, 0x48C2,
    0x4525, 0x000D, 0x0024, 0x4525, 0x000C, 0x0009, 0x4969, 0x000B,
    0x4957, 0x9C0E, 0x0045, 0x0044, 0x0049, 0x0054, 0x002D, 0x0050,
    0x0041, 0x0047, 0x0045, 0x002D, 0x0044, 0x004F, 0x0057, 0x004E,
    0x0004, 0x0000, 0x4525, 0x000C, 0x4525, 0x000D, 0x4288, 0x05CA,
    0x0008, 0x499A, 0x48E6, 0x4525, 0x000D, 0x0024, 0x4525, 0x000C,
    0x0009, 0x498C, 0x000B, 0x4978, 0x8811, 0x0045, 0x0044, 0x0049,
    0x0054, 0x002D, 0x0053, 0x0045, 0x0054, 0x002D, 0x004D, 0x004F,
    0x0044, 0x0049, 0x0046, 0x0049, 0x0045, 0x0044, 0x0004, 0xFFFF,
    0x448D, 0x000C, 0x42C0, 0x44C4, 0x000C, 0x000B, 0x499B, 0xA413,
    0x0045, 0x0044, 0x0049, 0x0054, 0x002D, 0x004F, 0x0056, 0x0045,
    0x0052, 0x0057, 0x0052, 0x0049, 0x0054, 0x0045, 0x002D, 0x0043,
    0x0048, 0x0041, 0x0052, 0x4467, 0x000D, 0x0024, 0x4843, 0x0023,
    0x0008, 0x49D4, 0x0017, 0x000B, 0x4467, 0x000D, 0x4413, 0x000D,
    0x45E1, 0x000E, 0x4467, 0x000D, 0x0024, 0x467E, 0x49AE, 0x000B,
    0x49B6, 0xA410, 0x0045, 0x0044, 0x0049, 0x0054, 0x002D, 0x0049,
    0x004E, 0x0053, 0x0045, 0x0052, 0x0054, 0x002D, 0x0043, 0x0048,
    0x0041, 0x0052, 0x4467, 0x000D, 0x453B, 0x000C, 0x4648, 0x4546,
    0x000C, 0x453B, 0x000D, 0x4546, 0x000D, 0x2A1A, 0x0008, 0x4A11,
    0x453B, 0x000D, 0x0024, 0x4843, 0x0023, 0x0008, 0x4A09, 0x0017,
    0x000B, 0x4467, 0x000D, 0x4413, 0x000D, 0x45E1, 0x000E, 0x0009,
    0x4A2E, 0x4546, 0x000D, 0x0024, 0x4843, 0x0023, 0x0008, 0x4A1A,
    0x0017, 0x000B, 0x453B, 0x000D, 0x4413, 0x000D, 0x45E1, 0x0018,
    0x0024, 0x0019, 0x4546, 0x000D, 0x453B, 0x000D, 0x29F4, 0x2851,
    0x4467, 0x000D, 0x4413, 0x000D, 0x45E1, 0x000E, 0x4467, 0x000D,
    0x0024, 0x467E, 0x49AE, 0x000B, 0x49E0, 0xA80E, 0x0045, 0x0044,
    0x0049, 0x0054, 0x002D, 0x004A, 0x004F, 0x0049, 0x004E, 0x002D,
    0x004E, 0x0045, 0x0058, 0x0054, 0x4413, 0x000D, 0x000D, 0x0576,
    0x0023, 0x0008, 0x4A4D, 0x0017, 0x000B, 0x0018, 0x4525, 0x000C,
    0x4648, 0x4530, 0x000C, 0x4525, 0x000D, 0x45BB, 0x453B, 0x000C,
    0x4530, 0x000D, 0x453B, 0x000D, 0x2A20, 0x4242, 0x2A0C, 0x0008,
    0x4A65, 0x42F9, 0x44C4, 0x000C, 0x000B, 0x4525, 0x000D, 0x45A7,
    0x4413, 0x000D, 0x45A7, 0x4530, 0x000D, 0x2A20, 0x453B, 0x000D,
    0x07D4, 0x4530, 0x000D, 0x453B, 0x000D, 0x2A20, 0x4413, 0x000D,
    0x457E, 0x000C, 0x4525, 0x000D, 0x473B, 0x4525, 0x000D, 0x46EF,
    0x4435, 0x000D, 0x0025, 0x4435, 0x000C, 0x49AE, 0x000B, 0x4A34,
    0xA410, 0x0045, 0x0044, 0x0049, 0x0054, 0x002D, 0x0044, 0x0045,
    0x004C, 0x0045, 0x0054, 0x0045, 0x002D, 0x0043, 0x0048, 0x0041,
    0x0052, 0x4467, 0x000D, 0x4525, 0x000C, 0x4648, 0x4530, 0x000C,
    0x4525, 0x000D, 0x4530, 0x000D, 0x05CA, 0x0008, 0x4AC2, 0x4413,
    0x000D, 0x4525, 0x000D, 0x0024, 0x45E1, 0x4413, 0x000D, 0x4525,
    0x000D, 0x45E1, 0x4530, 0x000D, 0x4525, 0x000D, 0x29F4, 0x0025,
    0x07D4, 0x4530, 0x000D, 0x0025, 0x4413, 0x000D, 0x457E, 0x000C,
    0x49AE, 0x000B, 0x4525, 0x000D, 0x4530, 0x000D, 0x29F9, 0x0008,
    0x4ACA, 0x4A44, 0x000B, 0x4A87, 0x8A0F, 0x0045, 0x0044, 0x0049,
    0x0054, 0x002D, 0x0053, 0x0050, 0x004C, 0x0049, 0x0054, 0x002D,
    0x004C, 0x0049, 0x004E, 0x0045, 0x46A6, 0x0018, 0x0023, 0x0008,
    0x4AE6, 0x0017, 0x42E7, 0x44C4, 0x000C, 0x000B, 0x0018, 0x4525,
    0x000C, 0x4413, 0x000D, 0x4530, 0x000C, 0x4467, 0x000D, 0x453B,
    0x000C, 0x4530, 0x000D, 0x45BB, 0x4546, 0x000C, 0x453B, 0x000D,
    0x4546, 0x000D, 0x05CA, 0x0008, 0x4B1A, 0x4546, 0x000D, 0x453B,
    0x000D, 0x29F4, 0x0018, 0x4525, 0x000D, 0x457E, 0x000C, 0x4530,
    0x000D, 0x45A7, 0x453B, 0x000D, 0x2A20, 0x4525, 0x000D, 0x45A7,
    0x0581, 0x07D4, 0x453B, 0x000D, 0x4530, 0x000D, 0x457E, 0x000C,
    0x0009, 0x4B20, 0x0004, 0x0000, 0x4525, 0x000D, 0x457E, 0x000C,
    0x4525, 0x000D, 0x4530, 0x000D, 0x4707, 0x4435, 0x000D, 0x0024,
    0x4435, 0x000C, 0x4525, 0x000D, 0x4413, 0x000C, 0x4446, 0x000D,
    0x0024, 0x4446, 0x000C, 0x0004, 0x0000, 0x467E, 0x488A, 0x49AE,
    0x000B, 0x4ACB, 0x8A0E, 0x0045, 0x0044, 0x0049, 0x0054, 0x002D,
    0x0042, 0x0041, 0x0043, 0x004B, 0x0053, 0x0050, 0x0041, 0x0043,
    0x0045, 0x4467, 0x000D, 0x0023, 0x0008, 0x4B66, 0x4413, 0x000D,
    0x456D, 0x000D, 0x0576, 0x0008, 0x4B65, 0x0018, 0x45BB, 0x4525,
    0x000C, 0x4413, 0x000C, 0x4446, 0x000D, 0x0025, 0x4446, 0x000C,
    0x4525, 0x000D, 0x467E, 0x4A44, 0x488A, 0x000B, 0x4467, 0x000D,
    0x0025, 0x0018, 0x4467, 0x000C, 0x4478, 0x000C, 0x4467, 0x000D,
    0x4648, 0x2A1A, 0x0008, 0x4B75, 0x000B, 0x4A99, 0x000B, 0x4B39,
    0x8A10, 0x0045, 0x0044, 0x0049, 0x0054, 0x002D, 0x0044, 0x0045,
    0x004C, 0x0045, 0x0054, 0x0045, 0x002D, 0x004C, 0x0049, 0x004E,
    0x0045, 0x4435, 0x000D, 0x0004, 0x0001, 0x29F9, 0x0008, 0x4B98,
    0x4413, 0x000D, 0x4695, 0x0004, 0x0000, 0x467E, 0x49AE, 0x000B,
    0x4413, 0x000D, 0x4525, 0x000C, 0x4525, 0x000D, 0x000D, 0x0576,
    0x0008, 0x4BA7, 0x0018, 0x4413, 0x000C, 0x0009, 0x4BB3, 0x4525,
    0x000D, 0x456D, 0x000D, 0x0018, 0x4413, 0x000C, 0x4446, 0x000D,
    0x0025, 0x4446, 0x000C, 0x4525, 0x000D, 0x4423, 0x000D, 0x29F9,
    0x0008, 0x4BC2, 0x4413, 0x000D, 0x4423, 0x000C, 0x4446, 0x000D,
    0x4457, 0x000C, 0x4525, 0x000D, 0x473B, 0x4525, 0x000D, 0x46EF,
    0x4435, 0x000D, 0x0025, 0x4435, 0x000C, 0x4648, 0x4467, 0x000D,
    0x05E6, 0x467E, 0x488A, 0x49AE, 0x000B, 0x4B77, 0x8A0E, 0x0045,
    0x0044, 0x0049, 0x0054, 0x002D, 0x0043, 0x004F, 0x0050, 0x0059,
    0x002D, 0x004C, 0x0049, 0x004E, 0x0045, 0x4413, 0x000D, 0x45BB,
    0x0018, 0x4504, 0x000C, 0x4413, 0x000D, 0x45A7, 0x4606, 0x0581,
    0x07D4, 0x42C0, 0x44C4, 0x000C, 0x000B, 0x4BD5, 0x8A0F, 0x0045,
    0x0044, 0x0049, 0x0054, 0x002D, 0x0050, 0x0041, 0x0053, 0x0054,
    0x0045, 0x002D, 0x004C, 0x0049, 0x004E, 0x0045, 0x46A6, 0x0018,
    0x0023, 0x0008, 0x4C10, 0x0017, 0x42E7, 0x44C4, 0x000C, 0x000B,
    0x0018, 0x4525, 0x000C, 0x4504, 0x000D, 0x0018, 0x4525, 0x000D,
    0x457E, 0x000C, 0x4606, 0x4525, 0x000D, 0x45A7, 0x0581, 0x07D4,
    0x4525, 0x000D, 0x4413, 0x000D, 0x4707, 0x4525, 0x000D, 0x4413,
    0x000C, 0x4435, 0x000D, 0x0024, 0x4435, 0x000C, 0x4446, 0x000D,
    0x0024, 0x4446, 0x000C, 0x0004, 0x0000, 0x467E, 0x488A, 0x49AE,
    0x000B, 0x4BF5, 0xAE08, 0x0045, 0x0044, 0x0049, 0x0054, 0x002D,
    0x004E, 0x0045, 0x0057, 0x4777, 0x4341, 0x44C4, 0x000C, 0x000B,
    0x4C39, 0x8809, 0x0045, 0x0044, 0x0049, 0x0054, 0x002D, 0x004C,
    0x004F, 0x0041, 0x0044, 0x4625, 0x4777, 0x4615, 0x13D0, 0x13EE,
    0x0018, 0x0008, 0x4C61, 0x0019, 0x0017, 0x430B, 0x44C4, 0x000C,
    0x000B, 0x0017, 0x0014, 0x43F2, 0x000D, 0x4530, 0x000C, 0x0004,
    0xFFFF, 0x453B, 0x000C, 0x075E, 0x4242, 0x0013, 0x1418, 0x0018,
    0x0008, 0x4C7E, 0x0017, 0x0017, 0x0017, 0x0012, 0x140B, 0x0017,
    0x431D, 0x44C4, 0x000C, 0x0004, 0x0001, 0x000B, 0x0017, 0x0008,
    0x4CB5, 0x453B, 0x000D, 0x0023, 0x0008, 0x4CA4, 0x46A6, 0x0018,
    0x0023, 0x0008, 0x4C95, 0x0017, 0x0012, 0x140B, 0x0017, 0x42E7,
    0x44C4, 0x000C, 0x0004, 0x0002, 0x000B, 0x0018, 0x4403, 0x000D,
    0x4707, 0x0018, 0x4530, 0x000C, 0x4435, 0x000D, 0x0024, 0x4435,
    0x000C, 0x0017, 0x0009, 0x4CA8, 0x0004, 0x0000, 0x453B, 0x000C,
    0x0018, 0x4530, 0x000D, 0x457E, 0x000C, 0x075E, 0x4530, 0x000D,
    0x45A7, 0x0581, 0x07D4, 0x0009, 0x4C6B, 0x0017, 0x0012, 0x140B,
    0x0017, 0x43F2, 0x000D, 0x4413, 0x000C, 0x43F2, 0x000D, 0x4423,
    0x000C, 0x0004, 0x0001, 0x4446, 0x000C, 0x0004, 0x0001, 0x4457,
    0x000C, 0x0004, 0x0000, 0x467E, 0x0004, 0x0000, 0x448D, 0x000C,
    0x42C0, 0x44C4, 0x000C, 0x0004, 0x0000, 0x000B, 0x4C48, 0x8A09,
    0x0045, 0x0044, 0x0049, 0x0054, 0x002D, 0x0053, 0x0041, 0x0056,
    0x0045, 0x44D9, 0x000D, 0x0023, 0x0008, 0x4CEC, 0x4353, 0x44C4,
    0x000C, 0x0004, 0x0001, 0x000B, 0x4615, 0x1474, 0x0017, 0x4615,
    0x13E0, 0x13FD, 0x0018, 0x0008, 0x4CFB, 0x0019, 0x0017, 0x4330,
    0x44C4, 0x000C, 0x000B, 0x0017, 0x4546, 0x000C, 0x43F2, 0x000D,
    0x0018, 0x0008, 0x4D21, 0x0018, 0x480E, 0x0018, 0x4530, 0x000C,
    0x001A, 0x45A7, 0x4530, 0x000D, 0x4546, 0x000D, 0x1426, 0x0018,
    0x0008, 0x4D1D, 0x0017, 0x4546, 0x000D, 0x140B, 0x0017, 0x4330,
    0x44C4, 0x000C, 0x0004, 0x0001, 0x000B, 0x0017, 0x000D, 0x0009,
    0x4D00, 0x0017, 0x4546, 0x000D, 0x1465, 0x0017, 0x4546, 0x000D,
    0x140B, 0x0017, 0x0004, 0x0000, 0x448D, 0x000C, 0x42D3, 0x44C4,
    0x000C, 0x0004, 0x0000, 0x000B, 0x4CD6, 0x8E09, 0x0045, 0x0044,
    0x0049, 0x0054, 0x002D, 0x002E, 0x004D, 0x0053, 0x0047, 0x44C4,
    0x000D, 0x0018, 0x42D3, 0x29F9, 0x0008, 0x4D50, 0x0017, 0x0D0F,
    0x0006, 0x0020, 0x0053, 0x0061, 0x0076, 0x0065, 0x0064, 0x000B,
    0x0018, 0x42E7, 0x29F9, 0x0008, 0x4D65, 0x0017, 0x0D0F, 0x000C,
    0x0020, 0x0042, 0x0075, 0x0066, 0x0066, 0x0065, 0x0072, 0x0020,
    0x0066, 0x0075, 0x006C, 0x006C, 0x000B, 0x0018, 0x42F9, 0x29F9,
    0x0008, 0x4D7C, 0x0017, 0x0D0F, 0x000E, 0x0020, 0x004C, 0x0069,
    0x006E, 0x0065, 0x0020, 0x0074, 0x006F, 0x006F, 0x0020, 0x006C,
    0x006F, 0x006E, 0x0067, 0x000B, 0x0018, 0x430B, 0x29F9, 0x0008,
    0x4D91, 0x0017, 0x0D0F, 0x000C, 0x0020, 0x004F, 0x0070, 0x0065,
    0x006E, 0x0020, 0x0066, 0x0061, 0x0069, 0x006C, 0x0065, 0x0064,
    0x000B, 0x0018, 0x431D, 0x29F9, 0x0008, 0x4DA6, 0x0017, 0x0D0F,
    0x000C, 0x0020, 0x0052, 0x0065, 0x0061, 0x0064, 0x0020, 0x0066,
    0x0061, 0x0069, 0x006C, 0x0065, 0x0064, 0x000B, 0x0018, 0x4330,
    0x29F9, 0x0008, 0x4DBC, 0x0017, 0x0D0F, 0x000D, 0x0020, 0x0057,
    0x0072, 0x0069, 0x0074, 0x0065, 0x0020, 0x0066, 0x0061, 0x0069,
    0x006C, 0x0065, 0x0064, 0x000B, 0x0018, 0x4341, 0x29F9, 0x0008,
    0x4DD0, 0x0017, 0x0D0F, 0x000B, 0x0020, 0x004E, 0x0065, 0x0077,
    0x0020, 0x0062, 0x0075, 0x0066, 0x0066, 0x0065, 0x0072, 0x000B,
    0x0018, 0x4353, 0x29F9, 0x0008, 0x4DE5, 0x0017, 0x0D0F, 0x000C,
    0x0020, 0x004E, 0x006F, 0x0020, 0x0066, 0x0069, 0x006C, 0x0065,
    0x006E, 0x0061, 0x006D, 0x0065, 0x000B, 0x0018, 0x4366, 0x29F9,
    0x0008, 0x4DF9, 0x0017, 0x0D0F, 0x000B, 0x0020, 0x004E, 0x006F,
    0x0074, 0x0020, 0x0069, 0x006E, 0x0020, 0x004D, 0x0056, 0x0050,
    0x000B, 0x0017, 0x000B, 0x4D34, 0xAE0D, 0x0045, 0x0044, 0x0049,
    0x0054, 0x002D, 0x0044, 0x0052, 0x0041, 0x0057, 0x002D, 0x0052,
    0x004F, 0x0057, 0x4525, 0x000C, 0x4530, 0x000C, 0x0004, 0x0001,
    0x4525, 0x000D, 0x2E50, 0x2EA0, 0x4530, 0x000D, 0x0576, 0x0008,
    0x4E3A, 0x4530, 0x000D, 0x45BB, 0x4278, 0x05E6, 0x453B, 0x000C,
    0x0004, 0x0000, 0x4546, 0x000C, 0x4546, 0x000D, 0x453B, 0x000D,
    0x05CA, 0x0008, 0x4E3A, 0x4530, 0x000D, 0x45A7, 0x4546, 0x000D,
    0x2A20, 0x000F, 0x0B62, 0x4546, 0x000D, 0x0024, 0x4546, 0x000C,
    0x0009, 0x4E24, 0x000B, 0x4DFB, 0xA80E, 0x0045, 0x0044, 0x0049,
    0x0054, 0x002D, 0x0044, 0x0052, 0x0041, 0x0057, 0x002D, 0x0054,
    0x0045, 0x0058, 0x0054, 0x4423, 0x000D, 0x4525, 0x000C, 0x0004,
    0x0001, 0x4530, 0x000C, 0x4530, 0x000D, 0x4288, 0x2A13, 0x0008,
    0x4E6E, 0x4525, 0x000D, 0x4530, 0x000D, 0x4E0A, 0x4525, 0x000D,
    0x0008, 0x4E67, 0x4525, 0x000D, 0x000D, 0x4525, 0x000C, 0x4530,
    0x000D, 0x0024, 0x4530, 0x000C, 0x0009, 0x4E53, 0x000B, 0x4E3B,
    0xA610, 0x0045, 0x0044, 0x0049, 0x0054, 0x002D, 0x0044, 0x0052,
    0x0041, 0x0057, 0x002D, 0x0053, 0x0054, 0x0041, 0x0054, 0x0055,
    0x0053, 0x2F3F, 0x0004, 0x0001, 0x429C, 0x2E50, 0x2EA0, 0x4615,
    0x0BB3, 0x448D, 0x000D, 0x0008, 0x4E93, 0x0D0F, 0x0002, 0x0020,
    0x002A, 0x0009, 0x4E97, 0x0D0F, 0x0002, 0x0020, 0x002D, 0x0D0F,
    0x0004, 0x0020, 0x004C, 0x006E, 0x0020, 0x4446, 0x000D, 0x2E38,
    0x0D0F, 0x0005, 0x0020, 0x0043, 0x006F, 0x006C, 0x0020, 0x4467,
    0x000D, 0x0024, 0x2E38, 0x44A0, 0x000D, 0x0008, 0x4EB7, 0x0D0F,
    0x0004, 0x0020, 0x0049, 0x004E, 0x0053, 0x0009, 0x4EBD, 0x0D0F,
    0x0004, 0x0020, 0x004F, 0x0056, 0x0052, 0x4D3F, 0x2EEF, 0x000B,
    0x4E6F, 0xA00E, 0x0045, 0x0044, 0x0049, 0x0054, 0x002D, 0x0044,
    0x0052, 0x0041, 0x0057, 0x002D, 0x0048, 0x0045, 0x004C, 0x0050,
    0x0004, 0x0001, 0x42AE, 0x2E50, 0x2EA0, 0x2EEF, 0x0D0F, 0x0001,
    0x0031, 0x309A, 0x2E21, 0x312B, 0x2E0C, 0x0D0F, 0x0006, 0x0020,
    0x0020, 0x0020, 0x0020, 0x0020, 0x0020, 0x2EEF, 0x0D0F, 0x0001,
    0x0032, 0x309A, 0x2E21, 0x312B, 0x2E0C, 0x0D0F, 0x0006, 0x0053,
    0x0061, 0x0076, 0x0065, 0x0020, 0x0020, 0x2EEF, 0x0D0F, 0x0001,
    0x0033, 0x309A, 0x2E21, 0x312B, 0x2E0C, 0x0D0F, 0x0006, 0x0020,
    0x0020, 0x0020, 0x0020, 0x0020, 0x0020, 0x2EEF, 0x0D0F, 0x0001,
    0x0034, 0x309A, 0x2E21, 0x312B, 0x2E0C, 0x0D0F, 0x0006, 0x004E,
    0x0065, 0x0077, 0x0020, 0x0020, 0x0020, 0x2EEF, 0x0D0F, 0x0001,
    0x0035, 0x309A, 0x2E21, 0x312B, 0x2E0C, 0x0D0F, 0x0006, 0x0043,
    0x006F, 0x0070, 0x0079, 0x0020, 0x0020, 0x2EEF, 0x0D0F, 0x0001,
    0x0036, 0x309A, 0x2E21, 0x312B, 0x2E0C, 0x0D0F, 0x0006, 0x0020,
    0x0020, 0x0020, 0x0020, 0x0020, 0x0020, 0x2EEF, 0x0D0F, 0x0001,
    0x0037, 0x309A, 0x2E21, 0x312B, 0x2E0C, 0x0D0F, 0x0006, 0x0050,
    0x0061, 0x0073, 0x0074, 0x0065, 0x0020, 0x2EEF, 0x0D0F, 0x0001,
    0x0038, 0x309A, 0x2E21, 0x312B, 0x2E0C, 0x0D0F, 0x0006, 0x0044,
    0x0065, 0x006C, 0x004C, 0x006E, 0x0020, 0x2EEF, 0x0D0F, 0x0001,
    0x0039, 0x309A, 0x2E21, 0x312B, 0x2E0C, 0x0D0F, 0x0006, 0x0020,
    0x0020, 0x0020, 0x0020, 0x0020, 0x0020, 0x2EEF, 0x0D0F, 0x0002,
    0x0031, 0x0030, 0x309A, 0x2E21, 0x312B, 0x2E0C, 0x0D0F, 0x0006,
    0x0045, 0x0078, 0x0069, 0x0074, 0x0020, 0x0020, 0x2EEF, 0x000B,
    0x4EC0, 0xA411, 0x0045, 0x0044, 0x0049, 0x0054, 0x002D, 0x0050,
    0x004C, 0x0041, 0x0043, 0x0045, 0x002D, 0x0043, 0x0055, 0x0052,
    0x0053, 0x004F, 0x0052, 0x4446, 0x000D, 0x4457, 0x000D, 0x29F4,
    0x0024, 0x0004, 0x0001, 0x05DA, 0x4288, 0x05E6, 0x4525, 0x000C,
    0x4467, 0x000D, 0x0024, 0x0004, 0x0001, 0x05DA, 0x4278, 0x05E6,
    0x4530, 0x000C, 0x4530, 0x000D, 0x4525, 0x000D, 0x2E50, 0x000B,
    0x4F78, 0xAE0B, 0x0045, 0x0044, 0x0049, 0x0054, 0x002D, 0x0052,
    0x0045, 0x0044, 0x0052, 0x0041, 0x0057, 0x2EDF, 0x2E91, 0x2E60,
    0x4E4B, 0x4E81, 0x4ED0, 0x4F8B, 0x2ECB, 0x000B, 0x4FA8, 0x8A15,
    0x0045, 0x0044, 0x0049, 0x0054, 0x002D, 0x0048, 0x0041, 0x004E,
    0x0044, 0x004C, 0x0045, 0x002D, 0x0050, 0x0052, 0x0049, 0x004E,
    0x0054, 0x0041, 0x0042, 0x004C, 0x0045, 0x0018, 0x0004, 0x0020,
    0x0004, 0x007F, 0x05F6, 0x0008, 0x4FE6, 0x44A0, 0x000D, 0x0008,
    0x4FE4, 0x49F2, 0x0009, 0x4FE5, 0x49CB, 0x000B, 0x0017, 0x000B,
    0x4FBE, 0xA410, 0x0045, 0x0044, 0x0049, 0x0054, 0x002D, 0x0048,
    0x0041, 0x004E, 0x0044, 0x004C, 0x0045, 0x002D, 0x0043, 0x0048,
    0x0041, 0x0052, 0x0018, 0x0004, 0x0008, 0x29F9, 0x0008, 0x5003,
    0x0017, 0x4B49, 0x000B, 0x0018, 0x0004, 0x007F, 0x29F9, 0x0008,
    0x500C, 0x0017, 0x4B49, 0x000B, 0x0018, 0x0004, 0x000D, 0x29F9,
    0x0008, 0x5015, 0x0017, 0x4ADC, 0x000B, 0x0018, 0x0004, 0x000A,
    0x29F9, 0x0008, 0x501E, 0x0017, 0x4ADC, 0x000B, 0x0018, 0x0004,
    0x0009, 0x29F9, 0x0008, 0x502A, 0x0017, 0x06DC, 0x4FD5, 0x06DC,
    0x4FD5, 0x000B, 0x4FD5, 0x000B, 0x4FE8, 0xB210, 0x0045, 0x0044,
    0x0049, 0x0054, 0x002D, 0x0048, 0x0041, 0x004E, 0x0044, 0x004C,
    0x0045, 0x002D, 0x0045, 0x004B, 0x0045, 0x0059, 0x0018, 0x0A71,
    0x29F9, 0x0008, 0x5046, 0x0017, 0x4909, 0x000B, 0x0018, 0x0A7F,
    0x29F9, 0x0008, 0x504E, 0x0017, 0x4928, 0x000B, 0x0018, 0x0A57,
    0x29F9, 0x0008, 0x5056, 0x0017, 0x48C2, 0x000B, 0x0018, 0x0A64,
    0x29F9, 0x0008, 0x505E, 0x0017, 0x48E6, 0x000B, 0x0018, 0x0A8C,
    0x29F9, 0x0008, 0x5066, 0x0017, 0x4941, 0x000B, 0x0018, 0x0A98,
    0x29F9, 0x0008, 0x506E, 0x0017, 0x4954, 0x000B, 0x0018, 0x0AA5,
    0x29F9, 0x0008, 0x5076, 0x0017, 0x4965, 0x000B, 0x0018, 0x0AB2,
    0x29F9, 0x0008, 0x507E, 0x0017, 0x4988, 0x000B, 0x0018, 0x0ADC,
    0x29F9, 0x0008, 0x5086, 0x0017, 0x4B49, 0x000B, 0x0018, 0x0ACA,
    0x29F9, 0x0008, 0x508E, 0x0017, 0x4A99, 0x000B, 0x0018, 0x0AEA,
    0x29F9, 0x0008, 0x5096, 0x0017, 0x4ADC, 0x000B, 0x0018, 0x0ABE,
    0x29F9, 0x0008, 0x50A2, 0x0017, 0x44A0, 0x000D, 0x0023, 0x44A0,
    0x000C, 0x000B, 0x0018, 0x0B00, 0x29F9, 0x0008, 0x50AB, 0x0017,
    0x4CE1, 0x0017, 0x000B, 0x0018, 0x0B16, 0x29F9, 0x0008, 0x50B3,
    0x0017, 0x4C43, 0x000B, 0x0018, 0x0B21, 0x29F9, 0x0008, 0x50BB,
    0x0017, 0x4BE5, 0x000B, 0x0018, 0x0B37, 0x29F9, 0x0008, 0x50C3,
    0x0017, 0x4C06, 0x000B, 0x0018, 0x0B42, 0x29F9, 0x0008, 0x50CB,
    0x0017, 0x4B89, 0x000B, 0x0018, 0x0B59, 0x29F9, 0x0008, 0x50D6,
    0x0017, 0x0004, 0x0000, 0x44B4, 0x000C, 0x000B, 0x0017, 0x4366,
    0x44C4, 0x000C, 0x000B, 0x502C, 0xA80F, 0x0045, 0x0044, 0x0049,
    0x0054, 0x002D, 0x0057, 0x0041, 0x0049, 0x0054, 0x002D, 0x0049,
    0x004E, 0x0050, 0x0055, 0x0054, 0x0A2A, 0x0008, 0x50F1, 0x503E,
    0x000B, 0x0A07, 0x0008, 0x50F6, 0x4FFA, 0x000B, 0x0009, 0x50EC,
    0x000B, 0x50DB, 0x9C08, 0x0045, 0x0044, 0x0049, 0x0054, 0x002D,
    0x0052, 0x0055, 0x004E, 0x0004, 0xFFFF, 0x44B4, 0x000C, 0x44B4,
    0x000D, 0x0008, 0x510F, 0x4FB5, 0x50EC, 0x0009, 0x5107, 0x2EEF,
    0x2ECB, 0x2E91, 0x2E60, 0x000B, 0x50F9, 0xA804, 0x0045, 0x0044,
    0x0049, 0x0054, 0x47C2, 0x29E7, 0x4C53, 0x0018, 0x0008, 0x5122,
    0x47F8, 0x000B, 0x0017, 0x5103, 0x47F8, 0x0004, 0x0000, 0x000B,
    0x2FB6, 0xA808, 0x004E, 0x0045, 0x0057, 0x002D, 0x0045, 0x0044,
    0x0049, 0x0054, 0x47C2, 0x4625, 0x4C43, 0x5103, 0x47F8, 0x000B,
    0x0000, 0x0000, 0x0000, 0x0000, 0x0000, 0x0000, 0x0000, 0x0000,
    0x0000, 0x0000, 0x0000, 0x0000, 0x0000, 0x0000, 0x0000, 0x0000,
    0x0000, 0x0000, 0x0000, 0x0000, 0x0000, 0x0000, 0x0000, 0x0000,
    0x0000, 0x0000, 0x0000, 0x0000, 0x0000, 0x0000, 0x0000, 0x0000,
    0x0000, 0x0000, 0x0000, 0x0000, 0x0000, 0x0000, 0x0000, 0x0000,
    0x0000, 0x0000, 0x0000, 0x0000, 0x0000, 0x0000, 0x0000, 0x0000,
    0x0000, 0x0000, 0x0000, 0x0000, 0x0000, 0x0000, 0x0000, 0x0000,
    0x0000, 0x0000, 0x0000, 0x0000, 0x0000, 0x0000, 0x0000, 0x0000,
    0x0000, 0x0000, 0x0000, 0x0000, 0x0000, 0x0000, 0x0000, 0x0000,
    0x0000, 0x0000, 0x0000, 0x0000, 0x0000, 0x0000, 0x0000, 0x0000,
    0x0000, 0x0000, 0x0000, 0x0000, 0x0000, 0x0000, 0x0000, 0x0000,
    0x0000, 0x0000, 0x0000, 0x0000, 0x0000, 0x0000, 0x0000, 0x0000,
    0x0000, 0x0000, 0x0000, 0x0000, 0x0000, 0x0000, 0x0000, 0x0000,
    0x0000, 0x0000, 0x0000, 0x0000, 0x0000, 0x0000, 0x0000, 0x0000,
    0x0000, 0x0000, 0x0000, 0x0000, 0x0000, 0x0000, 0x0000, 0x0000,
    0x0000, 0x0000, 0x0000, 0x0000, 0x0000, 0x0000, 0x0000, 0x0000,
    0x0000, 0x0000, 0x0000, 0x0000, 0x0000, 0x0000, 0x0000, 0x0000,
    0x0000, 0x0000, 0x0000, 0x0000, 0x0000, 0x0000, 0x0000, 0x0000,
    0x0000, 0x0000, 0x0000, 0x0000, 0x0000, 0x0000, 0x0000, 0x0000,
    0x0000, 0x0000, 0x0000, 0x0000, 0x0000, 0x0000, 0x0000, 0x0000,
    0x0000, 0x0000, 0x0000, 0x0000, 0x0000, 0x0000, 0x0000, 0x0000,
    0x0000, 0x0000, 0x0000, 0x0000, 0x0000, 0x0000, 0x0000, 0x0000,
    0x0000, 0x0000, 0x0000, 0x0000, 0x0000, 0x0000, 0x0000, 0x0000,
    0x0000, 0x0000, 0x0000, 0x0000, 0x0000, 0x0000, 0x0000, 0x0000,
    0x0000, 0x0000, 0x0000, 0x0000, 0x0000, 0x0000, 0x0000, 0x0000,
    0x0000, 0x0000, 0x0000, 0x0000, 0x0000, 0x0000, 0x0000, 0x0000,
    0x0000, 0x0000, 0x0000, 0x0000, 0x0000, 0x0000, 0x0000, 0x0000,
    0x0000, 0x0000, 0x0000, 0x0000, 0x0000, 0x0000, 0x0000, 0x0000,
    0x0000, 0x0000, 0x0000, 0x0000, 0x0000, 0x0000, 0x0000, 0x0000,
    0x0000, 0x0000, 0x0000, 0x0000, 0x0000, 0x0000, 0x0000, 0x0000,
    0x0000, 0x0000, 0x0000, 0x0000, 0x0000, 0x0000, 0x0000, 0x0000,
    0x0000, 0x0000, 0x0000, 0x0000, 0x0000, 0x0000, 0x0000, 0x0000,
    0x0000, 0x0000, 0x0000, 0x0000, 0x0000, 0x0000, 0x0000, 0x0000,
    0x0000, 0x0000, 0x0000, 0x0000, 0x0000, 0x0000, 0x0000, 0x0000,
    0x0000, 0x0000, 0x0000, 0x0000, 0x0000, 0x0000, 0x0000, 0x0000,
    0x0000, 0x0000, 0x0000, 0x0000, 0x0000, 0x0000, 0x0000, 0x0000,
    0x0000, 0x0000, 0x0000, 0x0000, 0x0000, 0x0000, 0x0000, 0x0000,
    0x0000, 0x0000, 0x0000, 0x0000, 0x0000, 0x0000, 0x0000, 0x0000,
    0x0000, 0x0000, 0x0000, 0x0000, 0x0000, 0x0000, 0x0000, 0x0000,
    0x0000, 0x0000, 0x0000, 0x0000, 0x0000, 0x0000, 0x0000, 0x0000,
    0x0000, 0x0000, 0x0000, 0x0000, 0x0000, 0x0000, 0x0000, 0x0000,
    0x0000, 0x0000, 0x0000, 0x0000, 0x0000, 0x0000, 0x0000, 0x0000,
    0x0000, 0x0000, 0x0000, 0x0000, 0x0000, 0x0000, 0x0000, 0x0000,
    0x0000, 0x0000, 0x0000, 0x0000, 0x0000, 0x0000, 0x0000, 0x0000,
    0x0000, 0x0000, 0x0000, 0x0000, 0x0000, 0x0000, 0x0000, 0x0000,
    0x0000, 0x0000, 0x0000, 0x0000, 0x0000, 0x0000, 0x0000, 0x0000,
    0x0000, 0x0000, 0x0000, 0x0000, 0x0000, 0x0000, 0x0000, 0x0000,
    0x0000, 0x0000, 0x0000, 0x0000, 0x0000, 0x0000, 0x0000, 0x0000,
    0x0000, 0x0000, 0x0000, 0x0000, 0x0000, 0x0000, 0x0000, 0x0000,
    0x0000, 0x0000, 0x0000, 0x0000, 0x0000, 0x0000, 0x0000, 0x0000,
    0x0000, 0x0000, 0x0000, 0x0000, 0x0000, 0x0000, 0x0000, 0x0000,
    0x0000, 0x0000, 0x0000, 0x0000, 0x0000, 0x0000, 0x0000, 0x0000,
    0x0000, 0x0000, 0x0000, 0x0000, 0x0000, 0x0000, 0x0000, 0x0000,
    0x0000, 0x0000, 0x0000, 0x0000, 0x0000, 0x0000, 0x0000, 0x0000,
    0x0000, 0x0000, 0x0000, 0x0000, 0x0000, 0x0000, 0x0000, 0x0000,
    0x0000, 0x0000, 0x0000, 0x0000, 0x0000, 0x0000, 0x0000, 0x0000,
    0x0000, 0x0000, 0x0000, 0x0000, 0x0000, 0x0000, 0x0000, 0x0000,
    0x0000, 0x0000, 0x0000, 0x0000, 0x0000, 0x0000, 0x0000, 0x0000,
    0x0000, 0x0000, 0x0000, 0x0000, 0x0000, 0x0000, 0x0000, 0x0000,
    0x0000, 0x0000, 0x0000, 0x0000, 0x0000, 0x0000, 0x0000, 0x0000,
    0x0000, 0x0000, 0x0000, 0x0000, 0x0000, 0x0000, 0x0000, 0x0000,
    0x0000, 0x0000, 0x0000, 0x0000, 0x0000, 0x0000, 0x0000, 0x0000,
    0x0000, 0x0000, 0x0000, 0x0000, 0x0000, 0x0000, 0x0000, 0x0000,
    0x0000, 0x0000, 0x0000, 0x0000, 0x0000, 0x0000, 0x0000, 0x0000,
    0x0000, 0x0000, 0x0000, 0x0000, 0x0000, 0x0000, 0x0000, 0x0000,
    0x0000, 0x0000, 0x0000, 0x0000, 0x0000, 0x0000, 0x0000, 0x0000,
    0x0000, 0x0000, 0x0000, 0x0000, 0x0000, 0x0000, 0x0000, 0x0000,
    0x0000, 0x0000, 0x0000, 0x0000, 0x0000, 0x0000, 0x0000, 0x0000,
    0x0000, 0x0000, 0x0000, 0x0000, 0x0000, 0x0000, 0x0000, 0x0000,
    0x0000, 0x0000, 0x0000, 0x0000, 0x0000, 0x0000, 0x0000, 0x0000,
    0x0000, 0x0000, 0x0000, 0x0000, 0x0000, 0x0000, 0x0000, 0x0000,
    0x0000, 0x0000, 0x0000, 0x0000, 0x0000, 0x0000, 0x0000, 0x0000,
    0x0000, 0x0000, 0x0000, 0x0000, 0x0000, 0x0000, 0x0000, 0x0000,
    0x0000, 0x0000, 0x0000, 0x0000, 0x0000, 0x0000, 0x0000, 0x0000,
    0x0000, 0x0000, 0x0000, 0x0000, 0x0000, 0x0000, 0x0000, 0x0000,
    0x0000, 0x0000, 0x0000, 0x0000, 0x0000, 0x0000, 0x0000, 0x0000,
    0x0000, 0x0000, 0x0000, 0x0000, 0x0000, 0x0000, 0x0000, 0x0000,
    0x0000, 0x0000, 0x0000, 0x0000, 0x0000, 0x0000, 0x0000, 0x0000,
    0x0000, 0x0000, 0x0000, 0x0000, 0x0000, 0x0000, 0x0000, 0x0000,
    0x0000, 0x0000, 0x0000, 0x0000, 0x0000, 0x0000, 0x0000, 0x0000,
    0x0000, 0x0000, 0x0000, 0x0000, 0x0000, 0x0000, 0x0000, 0x0000,
    0x0000, 0x0000, 0x0000, 0x0000, 0x0000, 0x0000, 0x0000, 0x0000,
    0x0000, 0x0000, 0x0000, 0x0000, 0x0000, 0x0000, 0x0000, 0x0000,
    0x0000, 0x0000, 0x0000, 0x0000, 0x0000, 0x0000, 0x0000, 0x0000,
    0x0000, 0x0000, 0x0000, 0x0000, 0x0000, 0x0000, 0x0000, 0x0000,
    0x0000, 0x0000, 0x0000, 0x0000, 0x0000, 0x0000, 0x0000, 0x0000,
    0x0000, 0x0000, 0x0000, 0x0000, 0x0000, 0x0000, 0x0000, 0x0000,
    0x0000, 0x0000, 0x0000, 0x0000, 0x0000, 0x0000, 0x0000, 0x0000,
    0x0000, 0x0000, 0x0000, 0x0000, 0x0000, 0x0000, 0x0000, 0x0000,
    0x0000, 0x0000, 0x0000, 0x0000, 0x0000, 0x0000, 0x0000, 0x0000,
    0x0000, 0x0000, 0x0000, 0x0000, 0x0000, 0x0000, 0x0000, 0x0000,
    0x0000, 0x0000, 0x0000, 0x0000, 0x0000, 0x0000, 0x0000, 0x0000,
    0x0000, 0x0000, 0x0000, 0x0000, 0x0000, 0x0000, 0x0000, 0x0000,
    0x0000, 0x0000, 0x0000, 0x0000, 0x0000, 0x0000, 0x0000, 0x0000,
    0x0000, 0x0000, 0x0000, 0x0000, 0x0000, 0x0000, 0x0000, 0x0000,
    0x0000, 0x0000, 0x0000, 0x0000, 0x0000, 0x0000, 0x0000, 0x0000,
    0x0000, 0x0000, 0x0000, 0x0000, 0x0000, 0x0000, 0x0000, 0x0000,
    0x0000, 0x0000, 0x0000, 0x0000, 0x0000, 0x0000, 0x0000, 0x0000,
    0x0000, 0x0000, 0x0000, 0x0000, 0x0000, 0x0000, 0x0000, 0x0000,
    0x0000, 0x0000, 0x0000, 0x0000, 0x0000, 0x0000, 0x0000, 0x0000,
    0x0000, 0x0000, 0x0000, 0x0000, 0x0000, 0x0000, 0x0000, 0x0000,
    0x0000, 0x0000, 0x0000, 0x0000, 0x0000, 0x0000, 0x0000, 0x0000,
    0x0000, 0x0000, 0x0000, 0x0000, 0x0000, 0x0000, 0x0000, 0x0000,
    0x0000, 0x0000, 0x0000, 0x0000, 0x0000, 0x0000, 0x0000, 0x0000,
    0x0000, 0x0000, 0x0000, 0x0000, 0x0000, 0x0000, 0x0000, 0x0000,
    0x0000, 0x0000, 0x0000, 0x0000, 0x0000, 0x0000, 0x0000, 0x0000,
    0x0000, 0x0000, 0x0000, 0x0000, 0x0000, 0x0000, 0x0000, 0x0000,
    0x0000, 0x0000, 0x0000, 0x0000, 0x0000, 0x0000, 0x0000, 0x0000,
    0x0000, 0x0000, 0x0000, 0x0000, 0x0000, 0x0000, 0x0000, 0x0000,
    0x0000, 0x0000, 0x0000, 0x0000, 0x0000, 0x0000, 0x0000, 0x0000,
    0x0000, 0x0000, 0x0000, 0x0000, 0x0000, 0x0000, 0x0000, 0x0000,
    0x0000, 0x0000, 0x0000, 0x0000, 0x0000, 0x0000, 0x0000, 0x0000,
    0x0000, 0x0000, 0x0000, 0x0000, 0x0000, 0x0000, 0x0000, 0x0000,
    0x0000, 0x0000, 0x0000, 0x0000, 0x0000, 0x0000, 0x0000, 0x0000,
    0x0000, 0x0000, 0x0000, 0x0000, 0x0000, 0x0000, 0x0000, 0x0000,
    0x0000, 0x0000, 0x0000, 0x0000, 0x0000, 0x0000, 0x0000, 0x0000,
    0x0000, 0x0000, 0x0000, 0x0000, 0x0000, 0x0000, 0x0000, 0x0000,
    0x0000, 0x0000, 0x0000, 0x0000, 0x0000, 0x0000, 0x0000, 0x0000,
    0x0000, 0x0000, 0x0000, 0x0000, 0x0000, 0x0000, 0x0000, 0x0000,
    0x0000, 0x0000, 0x0000, 0x0000, 0x0000, 0x0000, 0x0000, 0x0000,
    0x0000, 0x0000, 0x0000, 0x0000, 0x0000, 0x0000, 0x0000, 0x0000,
    0x0000, 0x0000, 0x0000, 0x0000, 0x0000, 0x0000, 0x0000, 0x0000,
    0x0000, 0x0000, 0x0000, 0x0000, 0x0000, 0x0000, 0x0000, 0x0000,
    0x0000, 0x0000, 0x0000, 0x0000, 0x0000, 0x0000, 0x0000, 0x0000,
    0x0000, 0x0000, 0x0000, 0x0000, 0x0000, 0x0000, 0x0000, 0x0000,
    0x0000, 0x0000, 0x0000, 0x0000, 0x0000, 0x0000, 0x0000, 0x0000,
    0x0000, 0x0000, 0x0000, 0x0000, 0x0000, 0x0000, 0x0000, 0x0000,
    0x0000, 0x0000, 0x0000, 0x0000, 0x0000, 0x0000, 0x0000, 0x0000,
    0x0000, 0x0000, 0x0000, 0x0000, 0x0000, 0x0000, 0x0000, 0x0000,
    0x0000, 0x0000, 0x0000, 0x0000, 0x0000, 0x0000, 0x0000, 0x0000,
    0x0000, 0x0000, 0x0000, 0x0000, 0x0000, 0x0000, 0x0000, 0x0000,
    0x0000, 0x0000, 0x0000, 0x0000, 0x0000, 0x0000, 0x0000, 0x0000,
    0x0000, 0x0000, 0x0000, 0x0000, 0x0000, 0x0000, 0x0000, 0x0000,
    0x0000, 0x0000, 0x0000, 0x0000, 0x0000, 0x0000, 0x0000, 0x0000,
    0x0000, 0x0000, 0x0000, 0x0000, 0x0000, 0x0000, 0x0000, 0x0000,
    0x0000, 0x0000, 0x0000, 0x0000, 0x0000, 0x0000, 0x0000, 0x0000,
    0x0000, 0x0000, 0x0000, 0x0000, 0x0000, 0x0000, 0x0000, 0x0000,
    0x0000, 0x0000, 0x0000, 0x0000, 0x0000, 0x0000, 0x0000, 0x0000,
    0x0000, 0x0000, 0x0000, 0x0000, 0x0000, 0x0000, 0x0000, 0x0000,
    0x0000, 0x0000, 0x0000, 0x0000, 0x0000, 0x0000, 0x0000, 0x0000,
    0x0000, 0x0000, 0x0000, 0x0000, 0x0000, 0x0000, 0x0000, 0x0000,
    0x0000, 0x0000, 0x0000, 0x0000, 0x0000, 0x0000, 0x0000, 0x0000,
    0x0000, 0x0000, 0x0000, 0x0000, 0x0000, 0x0000, 0x0000, 0x0000,
    0x0000, 0x0000, 0x0000, 0x0000, 0x0000, 0x0000, 0x0000, 0x0000,
    0x0000, 0x0000, 0x0000, 0x0000, 0x0000, 0x0000, 0x0000, 0x0000,
    0x0000, 0x0000, 0x0000, 0x0000, 0x0000, 0x0000, 0x0000, 0x0000,
    0x0000, 0x0000, 0x0000, 0x0000, 0x0000, 0x0000, 0x0000, 0x0000,
    0x0000, 0x0000, 0x0000, 0x0000, 0x0000, 0x0000, 0x0000, 0x0000,
    0x0000, 0x0000, 0x0000, 0x0000, 0x0000, 0x0000, 0x0000, 0x0000,
    0x0000, 0x0000, 0x0000, 0x0000, 0x0000, 0x0000, 0x0000, 0x0000,
    0x0000, 0x0000, 0x0000, 0x0000, 0x0000, 0x0000, 0x0000, 0x0000,
    0x0000, 0x0000, 0x0000, 0x0000, 0x0000, 0x0000, 0x0000, 0x0000,
    0x0000, 0x0000, 0x0000, 0x0000, 0x0000, 0x0000, 0x0000, 0x0000,
    0x0000, 0x0000, 0x0000, 0x0000, 0x0000, 0x0000, 0x0000, 0x0000,
    0x0000, 0x0000, 0x0000, 0x0000, 0x0000, 0x0000, 0x0000, 0x0000,
    0x0000, 0x0000, 0x0000, 0x0000, 0x0000, 0x0000, 0x0000, 0x0000,
    0x0000, 0x0000, 0x0000, 0x0000, 0x0000, 0x0000, 0x0000, 0x0000,
    0x0000, 0x0000, 0x0000, 0x0000, 0x0000, 0x0000, 0x0000, 0x0000,
    0x0000, 0x0000, 0x0000, 0x0000, 0x0000, 0x0000, 0x0000, 0x0000,
    0x0000, 0x0000, 0x0000, 0x0000, 0x0000, 0x0000, 0x0000, 0x0000,
    0x0000, 0x0000, 0x0000, 0x0000, 0x0000, 0x0000, 0x0000, 0x0000,
    0x0000, 0x0000, 0x0000, 0x0000, 0x0000, 0x0000, 0x0000, 0x0000,
    0x0000, 0x0000, 0x0000, 0x0000, 0x0000, 0x0000, 0x0000, 0x0000,
    0x0000, 0x0000, 0x0000, 0x0000, 0x0000, 0x0000, 0x0000, 0x0000,
    0x0000, 0x0000, 0x0000, 0x0000, 0x0000, 0x0000, 0x0000, 0x0000,
    0x0000, 0x0000, 0x0000, 0x0000, 0x0000, 0x0000, 0x0000, 0x0000,
    0x0000, 0x0000, 0x0000, 0x0000, 0x0000, 0x0000, 0x0000, 0x0000,
    0x0000, 0x0000, 0x0000, 0x0000, 0x0000, 0x0000, 0x0000, 0x0000,
    0x0000, 0x0000, 0x0000, 0x0000, 0x0000, 0x0000, 0x0000, 0x0000,
    0x0000, 0x0000, 0x0000, 0x0000, 0x0000, 0x0000, 0x0000, 0x0000,
    0x0000, 0x0000, 0x0000, 0x0000, 0x0000, 0x0000, 0x0000, 0x0000,
    0x0000, 0x0000, 0x0000, 0x0000, 0x0000, 0x0000, 0x0000, 0x0000,
    0x0000, 0x0000, 0x0000, 0x0000, 0x0000, 0x0000, 0x0000, 0x0000,
    0x0000, 0x0000, 0x0000, 0x0000, 0x0000, 0x0000, 0x0000, 0x0000,
    0x0000, 0x0000, 0x0000, 0x0000, 0x0000, 0x0000, 0x0000, 0x0000,
    0x0000, 0x0000, 0x0000, 0x0000, 0x0000, 0x0000, 0x0000, 0x0000,
    0x0000, 0x0000, 0x0000, 0x0000, 0x0000, 0x0000, 0x0000, 0x0000,
    0x0000, 0x0000, 0x0000, 0x0000, 0x0000, 0x0000, 0x0000, 0x0000,
    0x0000, 0x0000, 0x0000, 0x0000, 0x0000, 0x0000, 0x0000, 0x0000,
    0x0000, 0x0000, 0x0000, 0x0000, 0x0000, 0x0000, 0x0000, 0x0000,
    0x0000, 0x0000, 0x0000, 0x0000, 0x0000, 0x0000, 0x0000, 0x0000,
    0x0000, 0x0000, 0x0000, 0x0000, 0x0000, 0x0000, 0x0000, 0x0000,
    0x0000, 0x0000, 0x0000, 0x0000, 0x0000, 0x0000, 0x0000, 0x0000,
    0x0000, 0x0000, 0x0000, 0x0000, 0x0000, 0x0000, 0x0000, 0x0000,
    0x0000, 0x0000, 0x0000, 0x0000, 0x0000, 0x0000, 0x0000, 0x0000,
    0x0000, 0x0000, 0x0000, 0x0000, 0x0000, 0x0000, 0x0000, 0x0000,
    0x0000, 0x0000, 0x0000, 0x0000, 0x0000, 0x0000, 0x0000, 0x0000,
    0x0000, 0x0000, 0x0000, 0x0000, 0x0000, 0x0000, 0x0000, 0x0000,
    0x0000, 0x0000, 0x0000, 0x0000, 0x0000, 0x0000, 0x0000, 0x0000,
    0x0000, 0x0000, 0x0000, 0x0000, 0x0000, 0x0000, 0x0000, 0x0000,
    0x0000, 0x0000, 0x0000, 0x0000, 0x0000, 0x0000, 0x0000, 0x0000,
    0x0000, 0x0000, 0x0000, 0x0000, 0x0000, 0x0000, 0x0000, 0x0000,
    0x0000, 0x0000, 0x0000, 0x0000, 0x0000, 0x0000, 0x0000, 0x0000,
    0x0000, 0x0000, 0x0000, 0x0000, 0x0000, 0x0000, 0x0000, 0x0000,
    0x0000, 0x0000, 0x0000, 0x0000, 0x0000, 0x0000, 0x0000, 0x0000,
    0x0000, 0x0000, 0x0000, 0x0000, 0x0000, 0x0000, 0x0000, 0x0000,
    0x0000, 0x0000, 0x0000, 0x0000, 0x0000, 0x0000, 0x0000, 0x0000,
    0x0000, 0x0000, 0x0000, 0x0000, 0x0000, 0x0000, 0x0000, 0x0000,
    0x0000, 0x0000, 0x0000, 0x0000, 0x0000, 0x0000, 0x0000, 0x0000,
    0x0000, 0x0000, 0x0000, 0x0000, 0x0000, 0x0000, 0x0000, 0x0000,
    0x0000, 0x0000, 0x0000, 0x0000, 0x0000, 0x0000, 0x0000, 0x0000,
    0x0000, 0x0000, 0x0000, 0x0000, 0x0000, 0x0000, 0x0000, 0x0000,
    0x0000, 0x0000, 0x0000, 0x0000, 0x0000, 0x0000, 0x0000, 0x0000,
    0x0000, 0x0000, 0x0000, 0x0000, 0x0000, 0x0000, 0x0000, 0x0000,
    0x0000, 0x0000, 0x0000, 0x0000, 0x0000, 0x0000, 0x0000, 0x0000,
    0x0000, 0x0000, 0x0000, 0x0000, 0x0000, 0x0000, 0x0000, 0x0000,
    0x0000, 0x0000, 0x0000, 0x0000, 0x0000, 0x0000, 0x0000, 0x0000,
    0x0000, 0x0000, 0x0000, 0x0000, 0x0000, 0x0000, 0x0000, 0x0000,
    0x0000, 0x0000, 0x0000, 0x0000, 0x0000, 0x0000, 0x0000, 0x0000,
    0x0000, 0x0000, 0x0000, 0x0000, 0x0000, 0x0000, 0x0000, 0x0000,
    0x0000, 0x0000, 0x0000, 0x0000, 0x0000, 0x0000, 0x0000, 0x0000,
    0x0000, 0x0000, 0x0000, 0x0000, 0x0000, 0x0000, 0x0000, 0x0000,
    0x0000, 0x0000, 0x0000, 0x0000, 0x0000, 0x0000, 0x0000, 0x0000,
    0x0000, 0x0000, 0x0000, 0x0000, 0x0000, 0x0000, 0x0000, 0x0000,
    0x0000, 0x0000, 0x0000, 0x0000, 0x0000, 0x0000, 0x0000, 0x0000,
    0x0000, 0x0000, 0x0000, 0x0000, 0x0000, 0x0000, 0x0000, 0x0000,
    0x0000, 0x0000, 0x0000, 0x0000, 0x0000, 0x0000, 0x0000, 0x0000,
    0x0000, 0x0000, 0x0000, 0x0000, 0x0000, 0x0000, 0x0000, 0x0000,
    0x0000, 0x0000, 0x0000, 0x0000, 0x0000, 0x0000, 0x0000, 0x0000,
    0x0000, 0x0000, 0x0000, 0x0000, 0x0000, 0x0000, 0x0000, 0x0000,
    0x0000, 0x0000, 0x0000, 0x0000, 0x0000, 0x0000, 0x0000, 0x0000,
    0x0000, 0x0000, 0x0000, 0x0000, 0x0000, 0x0000, 0x0000, 0x0000,
    0x0000, 0x0000, 0x0000, 0x0000, 0x0000, 0x0000, 0x0000, 0x0000,
    0x0000, 0x0000, 0x0000, 0x0000, 0x0000, 0x0000, 0x0000, 0x0000,
    0x0000, 0x0000, 0x0000, 0x0000, 0x0000, 0x0000, 0x0000, 0x0000,
    0x0000, 0x0000, 0x0000, 0x0000, 0x0000, 0x0000, 0x0000, 0x0000,
    0x0000, 0x0000, 0x0000, 0x0000, 0x0000, 0x0000, 0x0000, 0x0000,
    0x0000, 0x0000, 0x0000, 0x0000, 0x0000, 0x0000, 0x0000, 0x0000,
    0x0000, 0x0000, 0x0000, 0x0000, 0x0000, 0x0000, 0x0000, 0x0000,
    0x0000, 0x0000, 0x0000, 0x0000, 0x0000, 0x0000, 0x0000, 0x0000,
    0x0000, 0x0000, 0x0000, 0x0000, 0x0000, 0x0000, 0x0000, 0x0000,
    0x0000, 0x0000, 0x0000, 0x0000, 0x0000, 0x0000, 0x0000, 0x0000,
    0x0000, 0x0000, 0x0000, 0x0000, 0x0000, 0x0000, 0x0000, 0x0000,
    0x0000, 0x0000, 0x0000, 0x0000, 0x0000, 0x0000, 0x0000, 0x0000,
    0x0000, 0x0000, 0x0000, 0x0000, 0x0000, 0x0000, 0x0000, 0x0000,
    0x0000, 0x0000, 0x0000, 0x0000, 0x0000, 0x0000, 0x0000, 0x0000,
    0x0000, 0x0000, 0x0000, 0x0000, 0x0000, 0x0000, 0x0000, 0x0000,
    0x0000, 0x0000, 0x0000, 0x0000, 0x0000, 0x0000, 0x0000, 0x0000,
    0x0000, 0x0000, 0x0000, 0x0000, 0x0000, 0x0000, 0x0000, 0x0000,
    0x0000, 0x0000, 0x0000, 0x0000, 0x0000, 0x0000, 0x0000, 0x0000,
    0x0000, 0x0000, 0x0000, 0x0000, 0x0000, 0x0000, 0x0000, 0x0000,
    0x0000, 0x0000, 0x0000, 0x0000, 0x0000, 0x0000, 0x0000, 0x0000,
    0x0000, 0x0000, 0x0000, 0x0000, 0x0000, 0x0000, 0x0000, 0x0000,
    0x0000, 0x0000, 0x0000, 0x0000, 0x0000, 0x0000, 0x0000, 0x0000,
    0x0000, 0x0000, 0x0000, 0x0000, 0x0000, 0x0000, 0x0000, 0x0000,
    0x0000, 0x0000, 0x0000, 0x0000, 0x0000, 0x0000, 0x0000, 0x0000,
    0x0000, 0x0000, 0x0000, 0x0000, 0x0000, 0x0000, 0x0000, 0x0000,
    0x0000, 0x0000, 0x0000, 0x0000, 0x0000, 0x0000, 0x0000, 0x0000,
    0x0000, 0x0000, 0x0000, 0x0000, 0x0000, 0x0000, 0x0000, 0x0000,
    0x0000, 0x0000, 0x0000, 0x0000, 0x0000, 0x0000, 0x0000, 0x0000,
    0x0000, 0x0000, 0x0000, 0x0000, 0x0000, 0x0000, 0x0000, 0x0000,
    0x0000, 0x0000, 0x0000, 0x0000, 0x0000, 0x0000, 0x0000, 0x0000,
    0x0000, 0x0000, 0x0000, 0x0000, 0x0000, 0x0000, 0x0000, 0x0000,
    0x0000, 0x0000, 0x0000, 0x0000, 0x0000, 0x0000, 0x0000, 0x0000,
    0x0000, 0x0000, 0x0000, 0x0000, 0x0000, 0x0000, 0x0000, 0x0000,
    0x0000, 0x0000, 0x0000, 0x0000, 0x0000, 0x0000, 0x0000, 0x0000,
    0x0000, 0x0000, 0x0000, 0x0000, 0x0000, 0x0000, 0x0000, 0x0000,
    0x0000, 0x0000, 0x0000, 0x0000, 0x0000, 0x0000, 0x0000, 0x0000,
    0x0000, 0x0000, 0x0000, 0x0000, 0x0000, 0x0000, 0x0000, 0x0000,
    0x0000, 0x0000, 0x0000, 0x0000, 0x0000, 0x0000, 0x0000, 0x0000,
    0x0000, 0x0000, 0x0000, 0x0000, 0x0000, 0x0000, 0x0000, 0x0000,
    0x0000, 0x0000, 0x0000, 0x0000, 0x0000, 0x0000, 0x0000, 0x0000,
    0x0000, 0x0000, 0x0000, 0x0000, 0x0000, 0x0000, 0x0000, 0x0000,
    0x0000, 0x0000, 0x0000, 0x0000, 0x0000, 0x0000, 0x0000, 0x0000,
    0x0000, 0x0000, 0x0000, 0x0000, 0x0000, 0x0000, 0x0000, 0x0000,
    0x0000, 0x0000, 0x0000, 0x0000, 0x0000, 0x0000, 0x0000, 0x0000,
    0x0000, 0x0000, 0x0000, 0x0000, 0x0000, 0x0000, 0x0000, 0x0000,
    0x0000, 0x0000, 0x0000, 0x0000, 0x0000, 0x0000, 0x0000, 0x0000,
    0x0000, 0x0000, 0x0000, 0x0000, 0x0000, 0x0000, 0x0000, 0x0000,
    0x0000, 0x0000, 0x0000, 0x0000, 0x0000, 0x0000, 0x0000, 0x0000,
    0x0000, 0x0000, 0x0000, 0x0000, 0x0000, 0x0000, 0x0000, 0x0000,
    0x0000, 0x0000, 0x0000, 0x0000, 0x0000, 0x0000, 0x0000, 0x0000,
    0x0000, 0x0000, 0x0000, 0x0000, 0x0000, 0x0000, 0x0000, 0x0000,
    0x0000, 0x0000, 0x0000, 0x0000, 0x0000, 0x0000, 0x0000, 0x0000,
    0x0000, 0x0000, 0x0000, 0x0000, 0x0000, 0x0000, 0x0000, 0x0000,
    0x0000, 0x0000, 0x0000, 0x0000, 0x0000, 0x0000, 0x0000, 0x0000,
    0x0000, 0x0000, 0x0000, 0x0000, 0x0000, 0x0000, 0x0000, 0x0000,
    0x0000, 0x0000, 0x0000, 0x0000, 0x0000, 0x0000, 0x0000, 0x0000,
    0x0000, 0x0000, 0x0000, 0x0000, 0x0000, 0x0000, 0x0000, 0x0000,
    0x0000, 0x0000, 0x0000, 0x0000, 0x0000, 0x0000, 0x0000, 0x0000,
    0x0000, 0x0000, 0x0000, 0x0000, 0x0000, 0x0000, 0x0000, 0x0000,
    0x0000, 0x0000, 0x0000, 0x0000, 0x0000, 0x0000, 0x0000, 0x0000,
    0x0000, 0x0000, 0x0000, 0x0000, 0x0000, 0x0000, 0x0000, 0x0000,
    0x0000, 0x0000, 0x0000, 0x0000, 0x0000, 0x0000, 0x0000, 0x0000,
    0x0000, 0x0000, 0x0000, 0x0000, 0x0000, 0x0000, 0x0000, 0x0000,
    0x0000, 0x0000, 0x0000, 0x0000, 0x0000, 0x0000, 0x0000, 0x0000,
    0x0000, 0x0000, 0x0000, 0x0000, 0x0000, 0x0000, 0x0000, 0x0000,
    0x0000, 0x0000, 0x0000, 0x0000, 0x0000, 0x0000, 0x0000, 0x0000,
    0x0000, 0x0000, 0x0000, 0x0000, 0x0000, 0x0000, 0x0000, 0x0000,
    0x0000, 0x0000, 0x0000, 0x0000, 0x0000, 0x0000, 0x0000, 0x0000,
    0x0000, 0x0000, 0x0000, 0x0000, 0x0000, 0x0000, 0x0000, 0x0000,
    0x0000, 0x0000, 0x0000, 0x0000, 0x0000, 0x0000, 0x0000, 0x0000,
    0x0000, 0x0000, 0x0000, 0x0000, 0x0000, 0x0000, 0x0000, 0x0000,
    0x0000, 0x0000, 0x0000, 0x0000, 0x0000, 0x0000, 0x0000, 0x0000,
    0x0000, 0x0000, 0x0000, 0x0000, 0x0000, 0x0000, 0x0000, 0x0000,
    0x0000, 0x0000, 0x0000, 0x0000, 0x0000, 0x0000, 0x0000, 0x0000,
    0x0000, 0x0000, 0x0000, 0x0000, 0x0000, 0x0000, 0x0000, 0x0000,
    0x0000, 0x0000, 0x0000, 0x0000, 0x0000, 0x0000, 0x0000, 0x0000,
    0x0000, 0x0000, 0x0000, 0x0000, 0x0000, 0x0000, 0x0000, 0x0000,
    0x0000, 0x0000, 0x0000, 0x0000, 0x0000, 0x0000, 0x0000, 0x0000,
    0x0000, 0x0000, 0x0000, 0x0000, 0x0000, 0x0000, 0x0000, 0x0000,
    0x0000, 0x0000, 0x0000, 0x0000, 0x0000, 0x0000, 0x0000, 0x0000,
    0x0000, 0x0000, 0x0000, 0x0000, 0x0000, 0x0000, 0x0000, 0x0000,
    0x0000, 0x0000, 0x0000, 0x0000, 0x0000, 0x0000, 0x0000, 0x0000,
    0x0000, 0x0000, 0x0000, 0x0000, 0x0000, 0x0000, 0x0000, 0x0000,
    0x0000, 0x0000, 0x0000, 0x0000, 0x0000, 0x0000, 0x0000, 0x0000,
    0x0000, 0x0000, 0x0000, 0x0000, 0x0000, 0x0000, 0x0000, 0x0000,
    0x0000, 0x0000, 0x0000, 0x0000, 0x0000, 0x0000, 0x0000, 0x0000,
    0x0000, 0x0000, 0x0000, 0x0000, 0x0000, 0x0000, 0x0000, 0x0000,
    0x0000, 0x0000, 0x0000, 0x0000, 0x0000, 0x0000, 0x0000, 0x0000,
    0x0000, 0x0000, 0x0000, 0x0000, 0x0000, 0x0000, 0x0000, 0x0000,
    0x0000, 0x0000, 0x0000, 0x0000, 0x0000, 0x0000, 0x0000, 0x0000,
    0x0000, 0x0000, 0x0000, 0x0000, 0x0000, 0x0000, 0x0000, 0x0000,
    0x0000, 0x0000, 0x0000, 0x0000, 0x0000, 0x0000, 0x0000, 0x0000,
    0x0000, 0x0000, 0x0000, 0x0000, 0x0000, 0x0000, 0x0000, 0x0000,
    0x0000, 0x0000, 0x0000, 0x0000, 0x0000, 0x0000, 0x0000, 0x0000,
    0x0000, 0x0000, 0x0000, 0x0000, 0x0000, 0x0000, 0x0000, 0x0000,
    0x0000, 0x0000, 0x0000, 0x0000, 0x0000, 0x0000, 0x0000, 0x0000,
    0x0000, 0x0000, 0x0000, 0x0000, 0x0000, 0x0000, 0x0000, 0x0000,
    0x0000, 0x0000, 0x0000, 0x0000, 0x0000, 0x0000, 0x0000, 0x0000,
    0x0000, 0x0000, 0x0000, 0x0000, 0x0000, 0x0000, 0x0000, 0x0000,
    0x0000, 0x0000, 0x0000, 0x0000, 0x0000, 0x0000, 0x0000, 0x0000,
    0x0000, 0x0000, 0x0000, 0x0000, 0x0000, 0x0000, 0x0000, 0x0000,
    0x0000, 0x0000, 0x0000, 0x0000, 0x0000, 0x0000, 0x0000, 0x0000,
    0x0000, 0x0000, 0x0000, 0x0000, 0x0000, 0x0000, 0x0000, 0x0000,
    0x0000, 0x0000, 0x0000, 0x0000, 0x0000, 0x0000, 0x0000, 0x0000,
    0x0000, 0x0000, 0x0000, 0x0000, 0x0000, 0x0000, 0x0000, 0x0000,
    0x0000, 0x0000, 0x0000, 0x0000, 0x0000, 0x0000, 0x0000, 0x0000,
    0x0000, 0x0000, 0x0000, 0x0000, 0x0000, 0x0000, 0x0000, 0x0000,
    0x0000, 0x0000, 0x0000, 0x0000, 0x0000, 0x0000, 0x0000, 0x0000,
    0x0000, 0x0000, 0x0000, 0x0000, 0x0000, 0x0000, 0x0000, 0x0000,
    0x0000, 0x0000, 0x0000, 0x0000, 0x0000, 0x0000, 0x0000, 0x0000,
    0x0000, 0x0000, 0x0000, 0x0000, 0x0000, 0x0000, 0x0000, 0x0000,
    0x0000, 0x0000, 0x0000, 0x0000, 0x0000, 0x0000, 0x0000, 0x0000,
    0x0000, 0x0000, 0x0000, 0x0000, 0x0000, 0x0000, 0x0000, 0x0000,
    0x0000, 0x0000, 0x0000, 0x0000, 0x0000, 0x0000, 0x0000, 0x0000,
    0x0000, 0x0000, 0x0000, 0x0000, 0x0000, 0x0000, 0x0000, 0x0000,
    0x0000, 0x0000, 0x0000, 0x0000, 0x0000, 0x0000, 0x0000, 0x0000,
    0x0000, 0x0000, 0x0000, 0x0000, 0x0000, 0x0000, 0x0000, 0x0000,
    0x0000, 0x0000, 0x0000, 0x0000, 0x0000, 0x0000, 0x0000, 0x0000,
    0x0000, 0x0000, 0x0000, 0x0000, 0x0000, 0x0000, 0x0000, 0x0000,
    0x0000, 0x0000, 0x0000, 0x0000, 0x0000, 0x0000, 0x0000, 0x0000,
    0x0000, 0x0000, 0x0000, 0x0000, 0x0000, 0x0000, 0x0000, 0x0000,
    0x0000, 0x0000, 0x0000, 0x0000, 0x0000, 0x0000, 0x0000, 0x0000,
    0x0000, 0x0000, 0x0000, 0x0000, 0x0000, 0x0000, 0x0000, 0x0000,
    0x0000, 0x0000, 0x0000, 0x0000, 0x0000, 0x0000, 0x0000, 0x0000,
    0x0000, 0x0000, 0x0000, 0x0000, 0x0000, 0x0000, 0x0000, 0x0000,
    0x0000, 0x0000, 0x0000, 0x0000, 0x0000, 0x0000, 0x0000, 0x0000,
    0x0000, 0x0000, 0x0000, 0x0000, 0x0000, 0x0000, 0x0000, 0x0000,
    0x0000, 0x0000, 0x0000, 0x0000, 0x0000, 0x0000, 0x0000, 0x0000,
    0x0000, 0x0000, 0x0000, 0x0000, 0x0000, 0x0000, 0x0000, 0x0000,
    0x0000, 0x0000, 0x0000, 0x0000, 0x0000, 0x0000, 0x0000, 0x0000,
    0x0000, 0x0000, 0x0000, 0x0000, 0x0000, 0x0000, 0x0000, 0x0000,
    0x0000, 0x0000, 0x0000, 0x0000, 0x0000, 0x0000, 0x0000, 0x0000,
    0x0000, 0x0000, 0x0000, 0x0000, 0x0000, 0x0000, 0x0000, 0x0000,
    0x0000, 0x0000, 0x0000, 0x0000, 0x0000, 0x0000, 0x0000, 0x0000,
    0x0000, 0x0000, 0x0000, 0x0000, 0x0000, 0x0000, 0x0000, 0x0000,
    0x0000, 0x0000, 0x0000, 0x0000, 0x0000, 0x0000, 0x0000, 0x0000,
    0x0000, 0x0000, 0x0000, 0x0000, 0x0000, 0x0000, 0x0000, 0x0000,
    0x0000, 0x0000, 0x0000, 0x0000, 0x0000, 0x0000, 0x0000, 0x0000,
    0x0000, 0x0000, 0x0000, 0x0000, 0x0000, 0x0000, 0x0000, 0x0000,
    0x0000, 0x0000, 0x0000, 0x0000, 0x0000, 0x0000, 0x0000, 0x0000,
    0x0000, 0x0000, 0x0000, 0x0000, 0x0000, 0x0000, 0x0000, 0x0000,
    0x0000, 0x0000, 0x0000, 0x0000, 0x0000, 0x0000, 0x0000, 0x0000,
    0x0000, 0x0000, 0x0000, 0x0000, 0x0000, 0x0000, 0x0000, 0x0000,
    0x0000, 0x0000, 0x0000, 0x0000, 0x0000, 0x0000, 0x0000, 0x0000,
    0x0000, 0x0000, 0x0000, 0x0000, 0x0000, 0x0000, 0x0000, 0x0000,
    0x0000, 0x0000, 0x0000, 0x0000, 0x0000, 0x0000, 0x0000, 0x0000,
    0x0000, 0x0000, 0x0000, 0x0000, 0x0000, 0x0000, 0x0000, 0x0000,
    0x0000, 0x0000, 0x0000, 0x0000, 0x0000, 0x0000, 0x0000, 0x0000,
    0x0000, 0x0000, 0x0000, 0x0000, 0x0000, 0x0000, 0x0000, 0x0000,
    0x0000, 0x0000, 0x0000, 0x0000, 0x0000, 0x0000, 0x0000, 0x0000,
    0x0000, 0x0000, 0x0000, 0x0000, 0x0000, 0x0000, 0x0000, 0x0000,
    0x0000, 0x0000, 0x0000, 0x0000, 0x0000, 0x0000, 0x0000, 0x0000,
    0x0000, 0x0000, 0x0000, 0x0000, 0x0000, 0x0000, 0x0000, 0x0000,
    0x0000, 0x0000, 0x0000, 0x0000, 0x0000, 0x0000, 0x0000, 0x0000,
    0x0000, 0x0000, 0x0000, 0x0000, 0x0000, 0x0000, 0x0000, 0x0000,
    0x0000, 0x0000, 0x0000, 0x0000, 0x0000, 0x0000, 0x0000, 0x0000,
    0x0000, 0x0000, 0x0000, 0x0000, 0x0000, 0x0000, 0x0000, 0x0000,
    0x0000, 0x0000, 0x0000, 0x0000, 0x0000, 0x0000, 0x0000, 0x0000,
    0x0000, 0x0000, 0x0000, 0x0000, 0x0000, 0x0000, 0x0000, 0x0000,
    0x0000, 0x0000, 0x0000, 0x0000, 0x0000, 0x0000, 0x0000, 0x0000,
    0x0000, 0x0000, 0x0000, 0x0000, 0x0000, 0x0000, 0x0000, 0x0000,
    0x0000, 0x0000, 0x0000, 0x0000, 0x0000, 0x0000, 0x0000, 0x0000,
    0x0000, 0x0000, 0x0000, 0x0000, 0x0000, 0x0000, 0x0000, 0x0000,
    0x0000, 0x0000, 0x0000, 0x0000, 0x0000, 0x0000, 0x0000, 0x0000,
    0x0000, 0x0000, 0x0000, 0x0000, 0x0000, 0x0000, 0x0000, 0x0000,
    0x0000, 0x0000, 0x0000, 0x0000, 0x0000, 0x0000, 0x0000, 0x0000,
    0x0000, 0x0000, 0x0000, 0x0000, 0x0000, 0x0000, 0x0000, 0x0000,
    0x0000, 0x0000, 0x0000, 0x0000, 0x0000, 0x0000, 0x0000, 0x0000,
    0x0000, 0x0000, 0x0000, 0x0000, 0x0000, 0x0000, 0x0000, 0x0000,
    0x0000, 0x0000, 0x0000, 0x0000, 0x0000, 0x0000, 0x0000, 0x0000,
    0x0000, 0x0000, 0x0000, 0x0000, 0x0000, 0x0000, 0x0000, 0x0000,
    0x0000, 0x0000, 0x0000, 0x0000, 0x0000, 0x0000, 0x0000, 0x0000,
    0x0000, 0x0000, 0x0000, 0x0000, 0x0000, 0x0000, 0x0000, 0x0000,
    0x0000, 0x0000, 0x0000, 0x0000, 0x0000, 0x0000, 0x0000, 0x0000,
    0x0000, 0x0000, 0x0000, 0x0000, 0x0000, 0x0000, 0x0000, 0x0000,
    0x0000, 0x0000, 0x0000, 0x0000, 0x0000, 0x0000, 0x0000, 0x0000,
    0x0000, 0x0000, 0x0000, 0x0000, 0x0000, 0x0000, 0x0000, 0x0000,
    0x0000, 0x0000, 0x0000, 0x0000, 0x0000, 0x0000, 0x0000, 0x0000,
    0x0000, 0x0000, 0x0000, 0x0000, 0x0000, 0x0000, 0x0000, 0x0000,
    0x0000, 0x0000, 0x0000, 0x0000, 0x0000, 0x0000, 0x0000, 0x0000,
    0x0000, 0x0000, 0x0000, 0x0000, 0x0000, 0x0000, 0x0000, 0x0000,
    0x0000, 0x0000, 0x0000, 0x0000, 0x0000, 0x0000, 0x0000, 0x0000,
    0x0000, 0x0000, 0x0000, 0x0000, 0x0000, 0x0000, 0x0000, 0x0000,
    0x0000, 0x0000, 0x0000, 0x0000, 0x0000, 0x0000, 0x0000, 0x0000,
    0x0000, 0x0000, 0x0000, 0x0000, 0x0000, 0x0000, 0x0000, 0x0000,
    0x0000, 0x0000, 0x0000, 0x0000, 0x0000, 0x0000, 0x0000, 0x0000,
    0x0000, 0x0000, 0x0000, 0x0000, 0x0000, 0x0000, 0x0000, 0x0000,
    0x0000, 0x0000, 0x0000, 0x0000, 0x0000, 0x0000, 0x0000, 0x0000,
    0x0000, 0x0000, 0x0000, 0x0000, 0x0000, 0x0000, 0x0000, 0x0000,
    0x0000, 0x0000, 0x0000, 0x0000, 0x0000, 0x0000, 0x0000, 0x0000,
    0x0000, 0x0000, 0x0000, 0x0000, 0x0000, 0x0000, 0x0000, 0x0000,
    0x0000, 0x0000, 0x0000, 0x0000, 0x0000, 0x0000, 0x0000, 0x0000,
    0x0000, 0x0000, 0x0000, 0x0000, 0x0000, 0x0000, 0x0000, 0x0000,
    0x0000, 0x0000, 0x0000, 0x0000, 0x0000, 0x0000, 0x0000, 0x0000,
    0x0000, 0x0000, 0x0000, 0x0000, 0x0000, 0x0000, 0x0000, 0x0000,
    0x0000, 0x0000, 0x0000, 0x0000, 0x0000, 0x0000, 0x0000, 0x0000,
    0x0000, 0x0000, 0x0000, 0x0000, 0x0000, 0x0000, 0x0000, 0x0000,
    0x0000, 0x0000, 0x0000, 0x0000, 0x0000, 0x0000, 0x0000, 0x0000,
    0x0000, 0x0000, 0x0000, 0x0000, 0x0000, 0x0000, 0x0000, 0x0000,
    0x0000, 0x0000, 0x0000, 0x0000, 0x0000, 0x0000, 0x0000, 0x0000,
    0x0000, 0x0000, 0x0000, 0x0000, 0x0000, 0x0000, 0x0000, 0x0000,
    0x0000, 0x0000, 0x0000, 0x0000, 0x0000, 0x0000, 0x0000, 0x0000,
    0x0000, 0x0000, 0x0000, 0x0000, 0x0000, 0x0000, 0x0000, 0x0000,
    0x0000, 0x0000, 0x0000, 0x0000, 0x0000, 0x0000, 0x0000, 0x0000,
    0x0000, 0x0000, 0x0000, 0x0000, 0x0000, 0x0000, 0x0000, 0x0000,
    0x0000, 0x0000, 0x0000, 0x0000, 0x0000, 0x0000, 0x0000, 0x0000,
    0x0000, 0x0000, 0x0000, 0x0000, 0x0000, 0x0000, 0x0000, 0x0000,
    0x0000, 0x0000, 0x0000, 0x0000, 0x0000, 0x0000, 0x0000, 0x0000,
    0x0000, 0x0000, 0x0000, 0x0000, 0x0000, 0x0000, 0x0000, 0x0000,
    0x0000, 0x0000, 0x0000, 0x0000, 0x0000, 0x0000, 0x0000, 0x0000,
    0x0000, 0x0000, 0x0000, 0x0000, 0x0000, 0x0000, 0x0000, 0x0000,
    0x0000, 0x0000, 0x0000, 0x0000, 0x0000, 0x0000, 0x0000, 0x0000,
    0x0000, 0x0000, 0x0000, 0x0000, 0x0000, 0x0000, 0x0000, 0x0000,
    0x0000, 0x0000, 0x0000, 0x0000, 0x0000, 0x0000, 0x0000, 0x0000,
    0x0000, 0x0000, 0x0000, 0x0000, 0x0000, 0x0000, 0x0000, 0x0000,
    0x0000, 0x0000, 0x0000, 0x0000, 0x0000, 0x0000, 0x0000, 0x0000,
    0x0000, 0x0000, 0x0000, 0x0000, 0x0000, 0x0000, 0x0000, 0x0000,
    0x0000, 0x0000, 0x0000, 0x0000, 0x0000, 0x0000, 0x0000, 0x0000,
    0x0000, 0x0000, 0x0000, 0x0000, 0x0000, 0x0000, 0x0000, 0x0000,
    0x0000, 0x0000, 0x0000, 0x0000, 0x0000, 0x0000, 0x0000, 0x0000,
    0x0000, 0x0000, 0x0000, 0x0000, 0x0000, 0x0000, 0x0000, 0x0000,
    0x0000, 0x0000, 0x0000, 0x0000, 0x0000, 0x0000, 0x0000, 0x0000,
    0x0000, 0x0000, 0x0000, 0x0000, 0x0000, 0x0000, 0x0000, 0x0000,
    0x0000, 0x0000, 0x0000, 0x0000, 0x0000, 0x0000, 0x0000, 0x0000,
    0x0000, 0x0000, 0x0000, 0x0000, 0x0000, 0x0000, 0x0000, 0x0000,
    0x0000, 0x0000, 0x0000, 0x0000, 0x0000, 0x0000, 0x0000, 0x0000,
    0x0000, 0x0000, 0x0000, 0x0000, 0x0000, 0x0000, 0x0000, 0x0000,
    0x0000, 0x0000, 0x0000, 0x0000, 0x0000, 0x0000, 0x0000, 0x0000,
    0x0000, 0x0000, 0x0000, 0x0000, 0x0000, 0x0000, 0x0000, 0x0000,
    0x0000, 0x0000, 0x0000, 0x0000, 0x0000, 0x0000, 0x0000, 0x0000,
    0x0000, 0x0000, 0x0000, 0x0000, 0x0000, 0x0000, 0x0000, 0x0000,
    0x0000, 0x0000, 0x0000, 0x0000, 0x0000, 0x0000, 0x0000, 0x0000,
    0x0000, 0x0000, 0x0000, 0x0000, 0x0000, 0x0000, 0x0000, 0x0000,
    0x0000, 0x0000, 0x0000, 0x0000, 0x0000, 0x0000, 0x0000, 0x0000,
    0x0000, 0x0000, 0x0000, 0x0000, 0x0000, 0x0000, 0x0000, 0x0000,
    0x0000, 0x0000, 0x0000, 0x0000, 0x0000, 0x0000, 0x0000, 0x0000,
    0x0000, 0x0000, 0x0000, 0x0000, 0x0000, 0x0000, 0x0000, 0x0000,
    0x0000, 0x0000, 0x0000, 0x0000, 0x0000, 0x0000, 0x0000, 0x0000,
    0x0000, 0x0000, 0x0000, 0x0000, 0x0000, 0x0000, 0x0000, 0x0000,
    0x0000, 0x0000, 0x0000, 0x0000, 0x0000, 0x0000, 0x0000, 0x0000,
    0x0000, 0x0000, 0x0000, 0x0000, 0x0000, 0x0000, 0x0000, 0x0000,
    0x0000, 0x0000, 0x0000, 0x0000, 0x0000, 0x0000, 0x0000, 0x0000,
    0x0000, 0x0000, 0x0000, 0x0000, 0x0000, 0x0000, 0x0000, 0x0000,
    0x0000, 0x0000, 0x0000, 0x0000, 0x0000, 0x0000, 0x0000, 0x0000,
    0x0000, 0x0000, 0x0000, 0x0000, 0x0000, 0x0000, 0x0000, 0x0000,
    0x0000, 0x0000, 0x0000, 0x0000, 0x0000, 0x0000, 0x0000, 0x0000,
    0x0000, 0x0000, 0x0000, 0x0000, 0x0000, 0x0000, 0x0000, 0x0000,
    0x0000, 0x0000, 0x0000, 0x0000, 0x0000, 0x0000, 0x0000, 0x0000,
    0x0000, 0x0000, 0x0000, 0x0000, 0x0000, 0x0000, 0x0000, 0x0000,
    0x0000, 0x0000, 0x0000, 0x0000, 0x0000, 0x0000, 0x0000, 0x0000,
    0x0000, 0x0000, 0x0000, 0x0000, 0x0000, 0x0000, 0x0000, 0x0000,
};

static const uint16_t pdr16_at_forth_rom_chunk_3[8192] PROGMEM = {
    0x0000, 0x0000, 0x0000, 0x0000, 0x0000, 0x0000, 0x0000, 0x0000,
    0x0000, 0x0000, 0x0000, 0x0000, 0x0000, 0x0000, 0x0000, 0x0000,
    0x0000, 0x0000, 0x0000, 0x0000, 0x0000, 0x0000, 0x0000, 0x0000,
    0x0000, 0x0000, 0x0000, 0x0000, 0x0000, 0x0000, 0x0000, 0x0000,
    0x0000, 0x0000, 0x0000, 0x0000, 0x0000, 0x0000, 0x0000, 0x0000,
    0x0000, 0x0000, 0x0000, 0x0000, 0x0000, 0x0000, 0x0000, 0x0000,
    0x0000, 0x0000, 0x0000, 0x0000, 0x0000, 0x0000, 0x0000, 0x0000,
    0x0000, 0x0000, 0x0000, 0x0000, 0x0000, 0x0000, 0x0000, 0x0000,
    0x0000, 0x0000, 0x0000, 0x0000, 0x0000, 0x0000, 0x0000, 0x0000,
    0x0000, 0x0000, 0x0000, 0x0000, 0x0000, 0x0000, 0x0000, 0x0000,
    0x0000, 0x0000, 0x0000, 0x0000, 0x0000, 0x0000, 0x0000, 0x0000,
    0x0000, 0x0000, 0x0000, 0x0000, 0x0000, 0x0000, 0x0000, 0x0000,
    0x0000, 0x0000, 0x0000, 0x0000, 0x0000, 0x0000, 0x0000, 0x0000,
    0x0000, 0x0000, 0x0000, 0x0000, 0x0000, 0x0000, 0x0000, 0x0000,
    0x0000, 0x0000, 0x0000, 0x0000, 0x0000, 0x0000, 0x0000, 0x0000,
    0x0000, 0x0000, 0x0000, 0x0000, 0x0000, 0x0000, 0x0000, 0x0000,
    0x0000, 0x0000, 0x0000, 0x0000, 0x0000, 0x0000, 0x0000, 0x0000,
    0x0000, 0x0000, 0x0000, 0x0000, 0x0000, 0x0000, 0x0000, 0x0000,
    0x0000, 0x0000, 0x0000, 0x0000, 0x0000, 0x0000, 0x0000, 0x0000,
    0x0000, 0x0000, 0x0000, 0x0000, 0x0000, 0x0000, 0x0000, 0x0000,
    0x0000, 0x0000, 0x0000, 0x0000, 0x0000, 0x0000, 0x0000, 0x0000,
    0x0000, 0x0000, 0x0000, 0x0000, 0x0000, 0x0000, 0x0000, 0x0000,
    0x0000, 0x0000, 0x0000, 0x0000, 0x0000, 0x0000, 0x0000, 0x0000,
    0x0000, 0x0000, 0x0000, 0x0000, 0x0000, 0x0000, 0x0000, 0x0000,
    0x0000, 0x0000, 0x0000, 0x0000, 0x0000, 0x0000, 0x0000, 0x0000,
    0x0000, 0x0000, 0x0000, 0x0000, 0x0000, 0x0000, 0x0000, 0x0000,
    0x0000, 0x0000, 0x0000, 0x0000, 0x0000, 0x0000, 0x0000, 0x0000,
    0x0000, 0x0000, 0x0000, 0x0000, 0x0000, 0x0000, 0x0000, 0x0000,
    0x0000, 0x0000, 0x0000, 0x0000, 0x0000, 0x0000, 0x0000, 0x0000,
    0x0000, 0x0000, 0x0000, 0x0000, 0x0000, 0x0000, 0x0000, 0x0000,
    0x0000, 0x0000, 0x0000, 0x0000, 0x0000, 0x0000, 0x0000, 0x0000,
    0x0000, 0x0000, 0x0000, 0x0000, 0x0000, 0x0000, 0x0000, 0x0000,
    0x0000, 0x0000, 0x0000, 0x0000, 0x0000, 0x0000, 0x0000, 0x0000,
    0x0000, 0x0000, 0x0000, 0x0000, 0x0000, 0x0000, 0x0000, 0x0000,
    0x0000, 0x0000, 0x0000, 0x0000, 0x0000, 0x0000, 0x0000, 0x0000,
    0x0000, 0x0000, 0x0000, 0x0000, 0x0000, 0x0000, 0x0000, 0x0000,
    0x0000, 0x0000, 0x0000, 0x0000, 0x0000, 0x0000, 0x0000, 0x0000,
    0x0000, 0x0000, 0x0000, 0x0000, 0x0000, 0x0000, 0x0000, 0x0000,
    0x0000, 0x0000, 0x0000, 0x0000, 0x0000, 0x0000, 0x0000, 0x0000,
    0x0000, 0x0000, 0x0000, 0x0000, 0x0000, 0x0000, 0x0000, 0x0000,
    0x0000, 0x0000, 0x0000, 0x0000, 0x0000, 0x0000, 0x0000, 0x0000,
    0x0000, 0x0000, 0x0000, 0x0000, 0x0000, 0x0000, 0x0000, 0x0000,
    0x0000, 0x0000, 0x0000, 0x0000, 0x0000, 0x0000, 0x0000, 0x0000,
    0x0000, 0x0000, 0x0000, 0x0000, 0x0000, 0x0000, 0x0000, 0x0000,
    0x0000, 0x0000, 0x0000, 0x0000, 0x0000, 0x0000, 0x0000, 0x0000,
    0x0000, 0x0000, 0x0000, 0x0000, 0x0000, 0x0000, 0x0000, 0x0000,
    0x0000, 0x0000, 0x0000, 0x0000, 0x0000, 0x0000, 0x0000, 0x0000,
    0x0000, 0x0000, 0x0000, 0x0000, 0x0000, 0x0000, 0x0000, 0x0000,
    0x0000, 0x0000, 0x0000, 0x0000, 0x0000, 0x0000, 0x0000, 0x0000,
    0x0000, 0x0000, 0x0000, 0x0000, 0x0000, 0x0000, 0x0000, 0x0000,
    0x0000, 0x0000, 0x0000, 0x0000, 0x0000, 0x0000, 0x0000, 0x0000,
    0x0000, 0x0000, 0x0000, 0x0000, 0x0000, 0x0000, 0x0000, 0x0000,
    0x0000, 0x0000, 0x0000, 0x0000, 0x0000, 0x0000, 0x0000, 0x0000,
    0x0000, 0x0000, 0x0000, 0x0000, 0x0000, 0x0000, 0x0000, 0x0000,
    0x0000, 0x0000, 0x0000, 0x0000, 0x0000, 0x0000, 0x0000, 0x0000,
    0x0000, 0x0000, 0x0000, 0x0000, 0x0000, 0x0000, 0x0000, 0x0000,
    0x0000, 0x0000, 0x0000, 0x0000, 0x0000, 0x0000, 0x0000, 0x0000,
    0x0000, 0x0000, 0x0000, 0x0000, 0x0000, 0x0000, 0x0000, 0x0000,
    0x0000, 0x0000, 0x0000, 0x0000, 0x0000, 0x0000, 0x0000, 0x0000,
    0x0000, 0x0000, 0x0000, 0x0000, 0x0000, 0x0000, 0x0000, 0x0000,
    0x0000, 0x0000, 0x0000, 0x0000, 0x0000, 0x0000, 0x0000, 0x0000,
    0x0000, 0x0000, 0x0000, 0x0000, 0x0000, 0x0000, 0x0000, 0x0000,
    0x0000, 0x0000, 0x0000, 0x0000, 0x0000, 0x0000, 0x0000, 0x0000,
    0x0000, 0x0000, 0x0000, 0x0000, 0x0000, 0x0000, 0x0000, 0x0000,
    0x0000, 0x0000, 0x0000, 0x0000, 0x0000, 0x0000, 0x0000, 0x0000,
    0x0000, 0x0000, 0x0000, 0x0000, 0x0000, 0x0000, 0x0000, 0x0000,
    0x0000, 0x0000, 0x0000, 0x0000, 0x0000, 0x0000, 0x0000, 0x0000,
    0x0000, 0x0000, 0x0000, 0x0000, 0x0000, 0x0000, 0x0000, 0x0000,
    0x0000, 0x0000, 0x0000, 0x0000, 0x0000, 0x0000, 0x0000, 0x0000,
    0x0000, 0x0000, 0x0000, 0x0000, 0x0000, 0x0000, 0x0000, 0x0000,
    0x0000, 0x0000, 0x0000, 0x0000, 0x0000, 0x0000, 0x0000, 0x0000,
    0x0000, 0x0000, 0x0000, 0x0000, 0x0000, 0x0000, 0x0000, 0x0000,
    0x0000, 0x0000, 0x0000, 0x0000, 0x0000, 0x0000, 0x0000, 0x0000,
    0x0000, 0x0000, 0x0000, 0x0000, 0x0000, 0x0000, 0x0000, 0x0000,
    0x0000, 0x0000, 0x0000, 0x0000, 0x0000, 0x0000, 0x0000, 0x0000,
    0x0000, 0x0000, 0x0000, 0x0000, 0x0000, 0x0000, 0x0000, 0x0000,
    0x0000, 0x0000, 0x0000, 0x0000, 0x0000, 0x0000, 0x0000, 0x0000,
    0x0000, 0x0000, 0x0000, 0x0000, 0x0000, 0x0000, 0x0000, 0x0000,
    0x0000, 0x0000, 0x0000, 0x0000, 0x0000, 0x0000, 0x0000, 0x0000,
    0x0000, 0x0000, 0x0000, 0x0000, 0x0000, 0x0000, 0x0000, 0x0000,
    0x0000, 0x0000, 0x0000, 0x0000, 0x0000, 0x0000, 0x0000, 0x0000,
    0x0000, 0x0000, 0x0000, 0x0000, 0x0000, 0x0000, 0x0000, 0x0000,
    0x0000, 0x0000, 0x0000, 0x0000, 0x0000, 0x0000, 0x0000, 0x0000,
    0x0000, 0x0000, 0x0000, 0x0000, 0x0000, 0x0000, 0x0000, 0x0000,
    0x0000, 0x0000, 0x0000, 0x0000, 0x0000, 0x0000, 0x0000, 0x0000,
    0x0000, 0x0000, 0x0000, 0x0000, 0x0000, 0x0000, 0x0000, 0x0000,
    0x0000, 0x0000, 0x0000, 0x0000, 0x0000, 0x0000, 0x0000, 0x0000,
    0x0000, 0x0000, 0x0000, 0x0000, 0x0000, 0x0000, 0x0000, 0x0000,
    0x0000, 0x0000, 0x0000, 0x0000, 0x0000, 0x0000, 0x0000, 0x0000,
    0x0000, 0x0000, 0x0000, 0x0000, 0x0000, 0x0000, 0x0000, 0x0000,
    0x0000, 0x0000, 0x0000, 0x0000, 0x0000, 0x0000, 0x0000, 0x0000,
    0x0000, 0x0000, 0x0000, 0x0000, 0x0000, 0x0000, 0x0000, 0x0000,
    0x0000, 0x0000, 0x0000, 0x0000, 0x0000, 0x0000, 0x0000, 0x0000,
    0x0000, 0x0000, 0x0000, 0x0000, 0x0000, 0x0000, 0x0000, 0x0000,
    0x0000, 0x0000, 0x0000, 0x0000, 0x0000, 0x0000, 0x0000, 0x0000,
    0x0000, 0x0000, 0x0000, 0x0000, 0x0000, 0x0000, 0x0000, 0x0000,
    0x0000, 0x0000, 0x0000, 0x0000, 0x0000, 0x0000, 0x0000, 0x0000,
    0x0000, 0x0000, 0x0000, 0x0000, 0x0000, 0x0000, 0x0000, 0x0000,
    0x0000, 0x0000, 0x0000, 0x0000, 0x0000, 0x0000, 0x0000, 0x0000,
    0x0000, 0x0000, 0x0000, 0x0000, 0x0000, 0x0000, 0x0000, 0x0000,
    0x0000, 0x0000, 0x0000, 0x0000, 0x0000, 0x0000, 0x0000, 0x0000,
    0x0000, 0x0000, 0x0000, 0x0000, 0x0000, 0x0000, 0x0000, 0x0000,
    0x0000, 0x0000, 0x0000, 0x0000, 0x0000, 0x0000, 0x0000, 0x0000,
    0x0000, 0x0000, 0x0000, 0x0000, 0x0000, 0x0000, 0x0000, 0x0000,
    0x0000, 0x0000, 0x0000, 0x0000, 0x0000, 0x0000, 0x0000, 0x0000,
    0x0000, 0x0000, 0x0000, 0x0000, 0x0000, 0x0000, 0x0000, 0x0000,
    0x0000, 0x0000, 0x0000, 0x0000, 0x0000, 0x0000, 0x0000, 0x0000,
    0x0000, 0x0000, 0x0000, 0x0000, 0x0000, 0x0000, 0x0000, 0x0000,
    0x0000, 0x0000, 0x0000, 0x0000, 0x0000, 0x0000, 0x0000, 0x0000,
    0x0000, 0x0000, 0x0000, 0x0000, 0x0000, 0x0000, 0x0000, 0x0000,
    0x0000, 0x0000, 0x0000, 0x0000, 0x0000, 0x0000, 0x0000, 0x0000,
    0x0000, 0x0000, 0x0000, 0x0000, 0x0000, 0x0000, 0x0000, 0x0000,
    0x0000, 0x0000, 0x0000, 0x0000, 0x0000, 0x0000, 0x0000, 0x0000,
    0x0000, 0x0000, 0x0000, 0x0000, 0x0000, 0x0000, 0x0000, 0x0000,
    0x0000, 0x0000, 0x0000, 0x0000, 0x0000, 0x0000, 0x0000, 0x0000,
    0x0000, 0x0000, 0x0000, 0x0000, 0x0000, 0x0000, 0x0000, 0x0000,
    0x0000, 0x0000, 0x0000, 0x0000, 0x0000, 0x0000, 0x0000, 0x0000,
    0x0000, 0x0000, 0x0000, 0x0000, 0x0000, 0x0000, 0x0000, 0x0000,
    0x0000, 0x0000, 0x0000, 0x0000, 0x0000, 0x0000, 0x0000, 0x0000,
    0x0000, 0x0000, 0x0000, 0x0000, 0x0000, 0x0000, 0x0000, 0x0000,
    0x0000, 0x0000, 0x0000, 0x0000, 0x0000, 0x0000, 0x0000, 0x0000,
    0x0000, 0x0000, 0x0000, 0x0000, 0x0000, 0x0000, 0x0000, 0x0000,
    0x0000, 0x0000, 0x0000, 0x0000, 0x0000, 0x0000, 0x0000, 0x0000,
    0x0000, 0x0000, 0x0000, 0x0000, 0x0000, 0x0000, 0x0000, 0x0000,
    0x0000, 0x0000, 0x0000, 0x0000, 0x0000, 0x0000, 0x0000, 0x0000,
    0x0000, 0x0000, 0x0000, 0x0000, 0x0000, 0x0000, 0x0000, 0x0000,
    0x0000, 0x0000, 0x0000, 0x0000, 0x0000, 0x0000, 0x0000, 0x0000,
    0x0000, 0x0000, 0x0000, 0x0000, 0x0000, 0x0000, 0x0000, 0x0000,
    0x0000, 0x0000, 0x0000, 0x0000, 0x0000, 0x0000, 0x0000, 0x0000,
    0x0000, 0x0000, 0x0000, 0x0000, 0x0000, 0x0000, 0x0000, 0x0000,
    0x0000, 0x0000, 0x0000, 0x0000, 0x0000, 0x0000, 0x0000, 0x0000,
    0x0000, 0x0000, 0x0000, 0x0000, 0x0000, 0x0000, 0x0000, 0x0000,
    0x0000, 0x0000, 0x0000, 0x0000, 0x0000, 0x0000, 0x0000, 0x0000,
    0x0000, 0x0000, 0x0000, 0x0000, 0x0000, 0x0000, 0x0000, 0x0000,
    0x0000, 0x0000, 0x0000, 0x0000, 0x0000, 0x0000, 0x0000, 0x0000,
    0x0000, 0x0000, 0x0000, 0x0000, 0x0000, 0x0000, 0x0000, 0x0000,
    0x0000, 0x0000, 0x0000, 0x0000, 0x0000, 0x0000, 0x0000, 0x0000,
    0x0000, 0x0000, 0x0000, 0x0000, 0x0000, 0x0000, 0x0000, 0x0000,
    0x0000, 0x0000, 0x0000, 0x0000, 0x0000, 0x0000, 0x0000, 0x0000,
    0x0000, 0x0000, 0x0000, 0x0000, 0x0000, 0x0000, 0x0000, 0x0000,
    0x0000, 0x0000, 0x0000, 0x0000, 0x0000, 0x0000, 0x0000, 0x0000,
    0x0000, 0x0000, 0x0000, 0x0000, 0x0000, 0x0000, 0x0000, 0x0000,
    0x0000, 0x0000, 0x0000, 0x0000, 0x0000, 0x0000, 0x0000, 0x0000,
    0x0000, 0x0000, 0x0000, 0x0000, 0x0000, 0x0000, 0x0000, 0x0000,
    0x0000, 0x0000, 0x0000, 0x0000, 0x0000, 0x0000, 0x0000, 0x0000,
    0x0000, 0x0000, 0x0000, 0x0000, 0x0000, 0x0000, 0x0000, 0x0000,
    0x0000, 0x0000, 0x0000, 0x0000, 0x0000, 0x0000, 0x0000, 0x0000,
    0x0000, 0x0000, 0x0000, 0x0000, 0x0000, 0x0000, 0x0000, 0x0000,
    0x0000, 0x0000, 0x0000, 0x0000, 0x0000, 0x0000, 0x0000, 0x0000,
    0x0000, 0x0000, 0x0000, 0x0000, 0x0000, 0x0000, 0x0000, 0x0000,
    0x0000, 0x0000, 0x0000, 0x0000, 0x0000, 0x0000, 0x0000, 0x0000,
    0x0000, 0x0000, 0x0000, 0x0000, 0x0000, 0x0000, 0x0000, 0x0000,
    0x0000, 0x0000, 0x0000, 0x0000, 0x0000, 0x0000, 0x0000, 0x0000,
    0x0000, 0x0000, 0x0000, 0x0000, 0x0000, 0x0000, 0x0000, 0x0000,
    0x0000, 0x0000, 0x0000, 0x0000, 0x0000, 0x0000, 0x0000, 0x0000,
    0x0000, 0x0000, 0x0000, 0x0000, 0x0000, 0x0000, 0x0000, 0x0000,
    0x0000, 0x0000, 0x0000, 0x0000, 0x0000, 0x0000, 0x0000, 0x0000,
    0x0000, 0x0000, 0x0000, 0x0000, 0x0000, 0x0000, 0x0000, 0x0000,
    0x0000, 0x0000, 0x0000, 0x0000, 0x0000, 0x0000, 0x0000, 0x0000,
    0x0000, 0x0000, 0x0000, 0x0000, 0x0000, 0x0000, 0x0000, 0x0000,
    0x0000, 0x0000, 0x0000, 0x0000, 0x0000, 0x0000, 0x0000, 0x0000,
    0x0000, 0x0000, 0x0000, 0x0000, 0x0000, 0x0000, 0x0000, 0x0000,
    0x0000, 0x0000, 0x0000, 0x0000, 0x0000, 0x0000, 0x0000, 0x0000,
    0x0000, 0x0000, 0x0000, 0x0000, 0x0000, 0x0000, 0x0000, 0x0000,
    0x0000, 0x0000, 0x0000, 0x0000, 0x0000, 0x0000, 0x0000, 0x0000,
    0x0000, 0x0000, 0x0000, 0x0000, 0x0000, 0x0000, 0x0000, 0x0000,
    0x0000, 0x0000, 0x0000, 0x0000, 0x0000, 0x0000, 0x0000, 0x0000,
    0x0000, 0x0000, 0x0000, 0x0000, 0x0000, 0x0000, 0x0000, 0x0000,
    0x0000, 0x0000, 0x0000, 0x0000, 0x0000, 0x0000, 0x0000, 0x0000,
    0x0000, 0x0000, 0x0000, 0x0000, 0x0000, 0x0000, 0x0000, 0x0000,
    0x0000, 0x0000, 0x0000, 0x0000, 0x0000, 0x0000, 0x0000, 0x0000,
    0x0000, 0x0000, 0x0000, 0x0000, 0x0000, 0x0000, 0x0000, 0x0000,
    0x0000, 0x0000, 0x0000, 0x0000, 0x0000, 0x0000, 0x0000, 0x0000,
    0x0000, 0x0000, 0x0000, 0x0000, 0x0000, 0x0000, 0x0000, 0x0000,
    0x0000, 0x0000, 0x0000, 0x0000, 0x0000, 0x0000, 0x0000, 0x0000,
    0x0000, 0x0000, 0x0000, 0x0000, 0x0000, 0x0000, 0x0000, 0x0000,
    0x0000, 0x0000, 0x0000, 0x0000, 0x0000, 0x0000, 0x0000, 0x0000,
    0x0000, 0x0000, 0x0000, 0x0000, 0x0000, 0x0000, 0x0000, 0x0000,
    0x0000, 0x0000, 0x0000, 0x0000, 0x0000, 0x0000, 0x0000, 0x0000,
    0x0000, 0x0000, 0x0000, 0x0000, 0x0000, 0x0000, 0x0000, 0x0000,
    0x0000, 0x0000, 0x0000, 0x0000, 0x0000, 0x0000, 0x0000, 0x0000,
    0x0000, 0x0000, 0x0000, 0x0000, 0x0000, 0x0000, 0x0000, 0x0000,
    0x0000, 0x0000, 0x0000, 0x0000, 0x0000, 0x0000, 0x0000, 0x0000,
    0x0000, 0x0000, 0x0000, 0x0000, 0x0000, 0x0000, 0x0000, 0x0000,
    0x0000, 0x0000, 0x0000, 0x0000, 0x0000, 0x0000, 0x0000, 0x0000,
    0x0000, 0x0000, 0x0000, 0x0000, 0x0000, 0x0000, 0x0000, 0x0000,
    0x0000, 0x0000, 0x0000, 0x0000, 0x0000, 0x0000, 0x0000, 0x0000,
    0x0000, 0x0000, 0x0000, 0x0000, 0x0000, 0x0000, 0x0000, 0x0000,
    0x0000, 0x0000, 0x0000, 0x0000, 0x0000, 0x0000, 0x0000, 0x0000,
    0x0000, 0x0000, 0x0000, 0x0000, 0x0000, 0x0000, 0x0000, 0x0000,
    0x0000, 0x0000, 0x0000, 0x0000, 0x0000, 0x0000, 0x0000, 0x0000,
    0x0000, 0x0000, 0x0000, 0x0000, 0x0000, 0x0000, 0x0000, 0x0000,
    0x0000, 0x0000, 0x0000, 0x0000, 0x0000, 0x0000, 0x0000, 0x0000,
    0x0000, 0x0000, 0x0000, 0x0000, 0x0000, 0x0000, 0x0000, 0x0000,
    0x0000, 0x0000, 0x0000, 0x0000, 0x0000, 0x0000, 0x0000, 0x0000,
    0x0000, 0x0000, 0x0000, 0x0000, 0x0000, 0x0000, 0x0000, 0x0000,
    0x0000, 0x0000, 0x0000, 0x0000, 0x0000, 0x0000, 0x0000, 0x0000,
    0x0000, 0x0000, 0x0000, 0x0000, 0x0000, 0x0000, 0x0000, 0x0000,
    0x0000, 0x0000, 0x0000, 0x0000, 0x0000, 0x0000, 0x0000, 0x0000,
    0x0000, 0x0000, 0x0000, 0x0000, 0x0000, 0x0000, 0x0000, 0x0000,
    0x0000, 0x0000, 0x0000, 0x0000, 0x0000, 0x0000, 0x0000, 0x0000,
    0x0000, 0x0000, 0x0000, 0x0000, 0x0000, 0x0000, 0x0000, 0x0000,
    0x0000, 0x0000, 0x0000, 0x0000, 0x0000, 0x0000, 0x0000, 0x0000,
    0x0000, 0x0000, 0x0000, 0x0000, 0x0000, 0x0000, 0x0000, 0x0000,
    0x0000, 0x0000, 0x0000, 0x0000, 0x0000, 0x0000, 0x0000, 0x0000,
    0x0000, 0x0000, 0x0000, 0x0000, 0x0000, 0x0000, 0x0000, 0x0000,
    0x0000, 0x0000, 0x0000, 0x0000, 0x0000, 0x0000, 0x0000, 0x0000,
    0x0000, 0x0000, 0x0000, 0x0000, 0x0000, 0x0000, 0x0000, 0x0000,
    0x0000, 0x0000, 0x0000, 0x0000, 0x0000, 0x0000, 0x0000, 0x0000,
    0x0000, 0x0000, 0x0000, 0x0000, 0x0000, 0x0000, 0x0000, 0x0000,
    0x0000, 0x0000, 0x0000, 0x0000, 0x0000, 0x0000, 0x0000, 0x0000,
    0x0000, 0x0000, 0x0000, 0x0000, 0x0000, 0x0000, 0x0000, 0x0000,
    0x0000, 0x0000, 0x0000, 0x0000, 0x0000, 0x0000, 0x0000, 0x0000,
    0x0000, 0x0000, 0x0000, 0x0000, 0x0000, 0x0000, 0x0000, 0x0000,
    0x0000, 0x0000, 0x0000, 0x0000, 0x0000, 0x0000, 0x0000, 0x0000,
    0x0000, 0x0000, 0x0000, 0x0000, 0x0000, 0x0000, 0x0000, 0x0000,
    0x0000, 0x0000, 0x0000, 0x0000, 0x0000, 0x0000, 0x0000, 0x0000,
    0x0000, 0x0000, 0x0000, 0x0000, 0x0000, 0x0000, 0x0000, 0x0000,
    0x0000, 0x0000, 0x0000, 0x0000, 0x0000, 0x0000, 0x0000, 0x0000,
    0x0000, 0x0000, 0x0000, 0x0000, 0x0000, 0x0000, 0x0000, 0x0000,
    0x0000, 0x0000, 0x0000, 0x0000, 0x0000, 0x0000, 0x0000, 0x0000,
    0x0000, 0x0000, 0x0000, 0x0000, 0x0000, 0x0000, 0x0000, 0x0000,
    0x0000, 0x0000, 0x0000, 0x0000, 0x0000, 0x0000, 0x0000, 0x0000,
    0x0000, 0x0000, 0x0000, 0x0000, 0x0000, 0x0000, 0x0000, 0x0000,
    0x0000, 0x0000, 0x0000, 0x0000, 0x0000, 0x0000, 0x0000, 0x0000,
    0x0000, 0x0000, 0x0000, 0x0000, 0x0000, 0x0000, 0x0000, 0x0000,
    0x0000, 0x0000, 0x0000, 0x0000, 0x0000, 0x0000, 0x0000, 0x0000,
    0x0000, 0x0000, 0x0000, 0x0000, 0x0000, 0x0000, 0x0000, 0x0000,
    0x0000, 0x0000, 0x0000, 0x0000, 0x0000, 0x0000, 0x0000, 0x0000,
    0x0000, 0x0000, 0x0000, 0x0000, 0x0000, 0x0000, 0x0000, 0x0000,
    0x0000, 0x0000, 0x0000, 0x0000, 0x0000, 0x0000, 0x0000, 0x0000,
    0x0000, 0x0000, 0x0000, 0x0000, 0x0000, 0x0000, 0x0000, 0x0000,
    0x0000, 0x0000, 0x0000, 0x0000, 0x0000, 0x0000, 0x0000, 0x0000,
    0x0000, 0x0000, 0x0000, 0x0000, 0x0000, 0x0000, 0x0000, 0x0000,
    0x0000, 0x0000, 0x0000, 0x0000, 0x0000, 0x0000, 0x0000, 0x0000,
    0x0000, 0x0000, 0x0000, 0x0000, 0x0000, 0x0000, 0x0000, 0x0000,
    0x0000, 0x0000, 0x0000, 0x0000, 0x0000, 0x0000, 0x0000, 0x0000,
    0x0000, 0x0000, 0x0000, 0x0000, 0x0000, 0x0000, 0x0000, 0x0000,
    0x0000, 0x0000, 0x0000, 0x0000, 0x0000, 0x0000, 0x0000, 0x0000,
    0x0000, 0x0000, 0x0000, 0x0000, 0x0000, 0x0000, 0x0000, 0x0000,
    0x0000, 0x0000, 0x0000, 0x0000, 0x0000, 0x0000, 0x0000, 0x0000,
    0x0000, 0x0000, 0x0000, 0x0000, 0x0000, 0x0000, 0x0000, 0x0000,
    0x0000, 0x0000, 0x0000, 0x0000, 0x0000, 0x0000, 0x0000, 0x0000,
    0x0000, 0x0000, 0x0000, 0x0000, 0x0000, 0x0000, 0x0000, 0x0000,
    0x0000, 0x0000, 0x0000, 0x0000, 0x0000, 0x0000, 0x0000, 0x0000,
    0x0000, 0x0000, 0x0000, 0x0000, 0x0000, 0x0000, 0x0000, 0x0000,
    0x0000, 0x0000, 0x0000, 0x0000, 0x0000, 0x0000, 0x0000, 0x0000,
    0x0000, 0x0000, 0x0000, 0x0000, 0x0000, 0x0000, 0x0000, 0x0000,
    0x0000, 0x0000, 0x0000, 0x0000, 0x0000, 0x0000, 0x0000, 0x0000,
    0x0000, 0x0000, 0x0000, 0x0000, 0x0000, 0x0000, 0x0000, 0x0000,
    0x0000, 0x0000, 0x0000, 0x0000, 0x0000, 0x0000, 0x0000, 0x0000,
    0x0000, 0x0000, 0x0000, 0x0000, 0x0000, 0x0000, 0x0000, 0x0000,
    0x0000, 0x0000, 0x0000, 0x0000, 0x0000, 0x0000, 0x0000, 0x0000,
    0x0000, 0x0000, 0x0000, 0x0000, 0x0000, 0x0000, 0x0000, 0x0000,
    0x0000, 0x0000, 0x0000, 0x0000, 0x0000, 0x0000, 0x0000, 0x0000,
    0x0000, 0x0000, 0x0000, 0x0000, 0x0000, 0x0000, 0x0000, 0x0000,
    0x0000, 0x0000, 0x0000, 0x0000, 0x0000, 0x0000, 0x0000, 0x0000,
    0x0000, 0x0000, 0x0000, 0x0000, 0x0000, 0x0000, 0x0000, 0x0000,
    0x0000, 0x0000, 0x0000, 0x0000, 0x0000, 0x0000, 0x0000, 0x0000,
    0x0000, 0x0000, 0x0000, 0x0000, 0x0000, 0x0000, 0x0000, 0x0000,
    0x0000, 0x0000, 0x0000, 0x0000, 0x0000, 0x0000, 0x0000, 0x0000,
    0x0000, 0x0000, 0x0000, 0x0000, 0x0000, 0x0000, 0x0000, 0x0000,
    0x0000, 0x0000, 0x0000, 0x0000, 0x0000, 0x0000, 0x0000, 0x0000,
    0x0000, 0x0000, 0x0000, 0x0000, 0x0000, 0x0000, 0x0000, 0x0000,
    0x0000, 0x0000, 0x0000, 0x0000, 0x0000, 0x0000, 0x0000, 0x0000,
    0x0000, 0x0000, 0x0000, 0x0000, 0x0000, 0x0000, 0x0000, 0x0000,
    0x0000, 0x0000, 0x0000, 0x0000, 0x0000, 0x0000, 0x0000, 0x0000,
    0x0000, 0x0000, 0x0000, 0x0000, 0x0000, 0x0000, 0x0000, 0x0000,
    0x0000, 0x0000, 0x0000, 0x0000, 0x0000, 0x0000, 0x0000, 0x0000,
    0x0000, 0x0000, 0x0000, 0x0000, 0x0000, 0x0000, 0x0000, 0x0000,
    0x0000, 0x0000, 0x0000, 0x0000, 0x0000, 0x0000, 0x0000, 0x0000,
    0x0000, 0x0000, 0x0000, 0x0000, 0x0000, 0x0000, 0x0000, 0x0000,
    0x0000, 0x0000, 0x0000, 0x0000, 0x0000, 0x0000, 0x0000, 0x0000,
    0x0000, 0x0000, 0x0000, 0x0000, 0x0000, 0x0000, 0x0000, 0x0000,
    0x0000, 0x0000, 0x0000, 0x0000, 0x0000, 0x0000, 0x0000, 0x0000,
    0x0000, 0x0000, 0x0000, 0x0000, 0x0000, 0x0000, 0x0000, 0x0000,
    0x0000, 0x0000, 0x0000, 0x0000, 0x0000, 0x0000, 0x0000, 0x0000,
    0x0000, 0x0000, 0x0000, 0x0000, 0x0000, 0x0000, 0x0000, 0x0000,
    0x0000, 0x0000, 0x0000, 0x0000, 0x0000, 0x0000, 0x0000, 0x0000,
    0x0000, 0x0000, 0x0000, 0x0000, 0x0000, 0x0000, 0x0000, 0x0000,
    0x0000, 0x0000, 0x0000, 0x0000, 0x0000, 0x0000, 0x0000, 0x0000,
    0x0000, 0x0000, 0x0000, 0x0000, 0x0000, 0x0000, 0x0000, 0x0000,
    0x0000, 0x0000, 0x0000, 0x0000, 0x0000, 0x0000, 0x0000, 0x0000,
    0x0000, 0x0000, 0x0000, 0x0000, 0x0000, 0x0000, 0x0000, 0x0000,
    0x0000, 0x0000, 0x0000, 0x0000, 0x0000, 0x0000, 0x0000, 0x0000,
    0x0000, 0x0000, 0x0000, 0x0000, 0x0000, 0x0000, 0x0000, 0x0000,
    0x0000, 0x0000, 0x0000, 0x0000, 0x0000, 0x0000, 0x0000, 0x0000,
    0x0000, 0x0000, 0x0000, 0x0000, 0x0000, 0x0000, 0x0000, 0x0000,
    0x0000, 0x0000, 0x0000, 0x0000, 0x0000, 0x0000, 0x0000, 0x0000,
    0x0000, 0x0000, 0x0000, 0x0000, 0x0000, 0x0000, 0x0000, 0x0000,
    0x0000, 0x0000, 0x0000, 0x0000, 0x0000, 0x0000, 0x0000, 0x0000,
    0x0000, 0x0000, 0x0000, 0x0000, 0x0000, 0x0000, 0x0000, 0x0000,
    0x0000, 0x0000, 0x0000, 0x0000, 0x0000, 0x0000, 0x0000, 0x0000,
    0x0000, 0x0000, 0x0000, 0x0000, 0x0000, 0x0000, 0x0000, 0x0000,
    0x0000, 0x0000, 0x0000, 0x0000, 0x0000, 0x0000, 0x0000, 0x0000,
    0x0000, 0x0000, 0x0000, 0x0000, 0x0000, 0x0000, 0x0000, 0x0000,
    0x0000, 0x0000, 0x0000, 0x0000, 0x0000, 0x0000, 0x0000, 0x0000,
    0x0000, 0x0000, 0x0000, 0x0000, 0x0000, 0x0000, 0x0000, 0x0000,
    0x0000, 0x0000, 0x0000, 0x0000, 0x0000, 0x0000, 0x0000, 0x0000,
    0x0000, 0x0000, 0x0000, 0x0000, 0x0000, 0x0000, 0x0000, 0x0000,
    0x0000, 0x0000, 0x0000, 0x0000, 0x0000, 0x0000, 0x0000, 0x0000,
    0x0000, 0x0000, 0x0000, 0x0000, 0x0000, 0x0000, 0x0000, 0x0000,
    0x0000, 0x0000, 0x0000, 0x0000, 0x0000, 0x0000, 0x0000, 0x0000,
    0x0000, 0x0000, 0x0000, 0x0000, 0x0000, 0x0000, 0x0000, 0x0000,
    0x0000, 0x0000, 0x0000, 0x0000, 0x0000, 0x0000, 0x0000, 0x0000,
    0x0000, 0x0000, 0x0000, 0x0000, 0x0000, 0x0000, 0x0000, 0x0000,
    0x0000, 0x0000, 0x0000, 0x0000, 0x0000, 0x0000, 0x0000, 0x0000,
    0x0000, 0x0000, 0x0000, 0x0000, 0x0000, 0x0000, 0x0000, 0x0000,
    0x0000, 0x0000, 0x0000, 0x0000, 0x0000, 0x0000, 0x0000, 0x0000,
    0x0000, 0x0000, 0x0000, 0x0000, 0x0000, 0x0000, 0x0000, 0x0000,
    0x0000, 0x0000, 0x0000, 0x0000, 0x0000, 0x0000, 0x0000, 0x0000,
    0x0000, 0x0000, 0x0000, 0x0000, 0x0000, 0x0000, 0x0000, 0x0000,
    0x0000, 0x0000, 0x0000, 0x0000, 0x0000, 0x0000, 0x0000, 0x0000,
    0x0000, 0x0000, 0x0000, 0x0000, 0x0000, 0x0000, 0x0000, 0x0000,
    0x0000, 0x0000, 0x0000, 0x0000, 0x0000, 0x0000, 0x0000, 0x0000,
    0x0000, 0x0000, 0x0000, 0x0000, 0x0000, 0x0000, 0x0000, 0x0000,
    0x0000, 0x0000, 0x0000, 0x0000, 0x0000, 0x0000, 0x0000, 0x0000,
    0x0000, 0x0000, 0x0000, 0x0000, 0x0000, 0x0000, 0x0000, 0x0000,
    0x0000, 0x0000, 0x0000, 0x0000, 0x0000, 0x0000, 0x0000, 0x0000,
    0x0000, 0x0000, 0x0000, 0x0000, 0x0000, 0x0000, 0x0000, 0x0000,
    0x0000, 0x0000, 0x0000, 0x0000, 0x0000, 0x0000, 0x0000, 0x0000,
    0x0000, 0x0000, 0x0000, 0x0000, 0x0000, 0x0000, 0x0000, 0x0000,
    0x0000, 0x0000, 0x0000, 0x0000, 0x0000, 0x0000, 0x0000, 0x0000,
    0x0000, 0x0000, 0x0000, 0x0000, 0x0000, 0x0000, 0x0000, 0x0000,
    0x0000, 0x0000, 0x0000, 0x0000, 0x0000, 0x0000, 0x0000, 0x0000,
    0x0000, 0x0000, 0x0000, 0x0000, 0x0000, 0x0000, 0x0000, 0x0000,
    0x0000, 0x0000, 0x0000, 0x0000, 0x0000, 0x0000, 0x0000, 0x0000,
    0x0000, 0x0000, 0x0000, 0x0000, 0x0000, 0x0000, 0x0000, 0x0000,
    0x0000, 0x0000, 0x0000, 0x0000, 0x0000, 0x0000, 0x0000, 0x0000,
    0x0000, 0x0000, 0x0000, 0x0000, 0x0000, 0x0000, 0x0000, 0x0000,
    0x0000, 0x0000, 0x0000, 0x0000, 0x0000, 0x0000, 0x0000, 0x0000,
    0x0000, 0x0000, 0x0000, 0x0000, 0x0000, 0x0000, 0x0000, 0x0000,
    0x0000, 0x0000, 0x0000, 0x0000, 0x0000, 0x0000, 0x0000, 0x0000,
    0x0000, 0x0000, 0x0000, 0x0000, 0x0000, 0x0000, 0x0000, 0x0000,
    0x0000, 0x0000, 0x0000, 0x0000, 0x0000, 0x0000, 0x0000, 0x0000,
    0x0000, 0x0000, 0x0000, 0x0000, 0x0000, 0x0000, 0x0000, 0x0000,
    0x0000, 0x0000, 0x0000, 0x0000, 0x0000, 0x0000, 0x0000, 0x0000,
    0x0000, 0x0000, 0x0000, 0x0000, 0x0000, 0x0000, 0x0000, 0x0000,
    0x0000, 0x0000, 0x0000, 0x0000, 0x0000, 0x0000, 0x0000, 0x0000,
    0x0000, 0x0000, 0x0000, 0x0000, 0x0000, 0x0000, 0x0000, 0x0000,
    0x0000, 0x0000, 0x0000, 0x0000, 0x0000, 0x0000, 0x0000, 0x0000,
    0x0000, 0x0000, 0x0000, 0x0000, 0x0000, 0x0000, 0x0000, 0x0000,
    0x0000, 0x0000, 0x0000, 0x0000, 0x0000, 0x0000, 0x0000, 0x0000,
    0x0000, 0x0000, 0x0000, 0x0000, 0x0000, 0x0000, 0x0000, 0x0000,
    0x0000, 0x0000, 0x0000, 0x0000, 0x0000, 0x0000, 0x0000, 0x0000,
    0x0000, 0x0000, 0x0000, 0x0000, 0x0000, 0x0000, 0x0000, 0x0000,
    0x0000, 0x0000, 0x0000, 0x0000, 0x0000, 0x0000, 0x0000, 0x0000,
    0x0000, 0x0000, 0x0000, 0x0000, 0x0000, 0x0000, 0x0000, 0x0000,
    0x0000, 0x0000, 0x0000, 0x0000, 0x0000, 0x0000, 0x0000, 0x0000,
    0x0000, 0x0000, 0x0000, 0x0000, 0x0000, 0x0000, 0x0000, 0x0000,
    0x0000, 0x0000, 0x0000, 0x0000, 0x0000, 0x0000, 0x0000, 0x0000,
    0x0000, 0x0000, 0x0000, 0x0000, 0x0000, 0x0000, 0x0000, 0x0000,
    0x0000, 0x0000, 0x0000, 0x0000, 0x0000, 0x0000, 0x0000, 0x0000,
    0x0000, 0x0000, 0x0000, 0x0000, 0x0000, 0x0000, 0x0000, 0x0000,
    0x0000, 0x0000, 0x0000, 0x0000, 0x0000, 0x0000, 0x0000, 0x0000,
    0x0000, 0x0000, 0x0000, 0x0000, 0x0000, 0x0000, 0x0000, 0x0000,
    0x0000, 0x0000, 0x0000, 0x0000, 0x0000, 0x0000, 0x0000, 0x0000,
    0x0000, 0x0000, 0x0000, 0x0000, 0x0000, 0x0000, 0x0000, 0x0000,
    0x0000, 0x0000, 0x0000, 0x0000, 0x0000, 0x0000, 0x0000, 0x0000,
    0x0000, 0x0000, 0x0000, 0x0000, 0x0000, 0x0000, 0x0000, 0x0000,
    0x0000, 0x0000, 0x0000, 0x0000, 0x0000, 0x0000, 0x0000, 0x0000,
    0x0000, 0x0000, 0x0000, 0x0000, 0x0000, 0x0000, 0x0000, 0x0000,
    0x0000, 0x0000, 0x0000, 0x0000, 0x0000, 0x0000, 0x0000, 0x0000,
    0x0000, 0x0000, 0x0000, 0x0000, 0x0000, 0x0000, 0x0000, 0x0000,
    0x0000, 0x0000, 0x0000, 0x0000, 0x0000, 0x0000, 0x0000, 0x0000,
    0x0000, 0x0000, 0x0000, 0x0000, 0x0000, 0x0000, 0x0000, 0x0000,
    0x0000, 0x0000, 0x0000, 0x0000, 0x0000, 0x0000, 0x0000, 0x0000,
    0x0000, 0x0000, 0x0000, 0x0000, 0x0000, 0x0000, 0x0000, 0x0000,
    0x0000, 0x0000, 0x0000, 0x0000, 0x0000, 0x0000, 0x0000, 0x0000,
    0x0000, 0x0000, 0x0000, 0x0000, 0x0000, 0x0000, 0x0000, 0x0000,
    0x0000, 0x0000, 0x0000, 0x0000, 0x0000, 0x0000, 0x0000, 0x0000,
    0x0000, 0x0000, 0x0000, 0x0000, 0x0000, 0x0000, 0x0000, 0x0000,
    0x0000, 0x0000, 0x0000, 0x0000, 0x0000, 0x0000, 0x0000, 0x0000,
    0x0000, 0x0000, 0x0000, 0x0000, 0x0000, 0x0000, 0x0000, 0x0000,
    0x0000, 0x0000, 0x0000, 0x0000, 0x0000, 0x0000, 0x0000, 0x0000,
    0x0000, 0x0000, 0x0000, 0x0000, 0x0000, 0x0000, 0x0000, 0x0000,
    0x0000, 0x0000, 0x0000, 0x0000, 0x0000, 0x0000, 0x0000, 0x0000,
    0x0000, 0x0000, 0x0000, 0x0000, 0x0000, 0x0000, 0x0000, 0x0000,
    0x0000, 0x0000, 0x0000, 0x0000, 0x0000, 0x0000, 0x0000, 0x0000,
    0x0000, 0x0000, 0x0000, 0x0000, 0x0000, 0x0000, 0x0000, 0x0000,
    0x0000, 0x0000, 0x0000, 0x0000, 0x0000, 0x0000, 0x0000, 0x0000,
    0x0000, 0x0000, 0x0000, 0x0000, 0x0000, 0x0000, 0x0000, 0x0000,
    0x0000, 0x0000, 0x0000, 0x0000, 0x0000, 0x0000, 0x0000, 0x0000,
    0x0000, 0x0000, 0x0000, 0x0000, 0x0000, 0x0000, 0x0000, 0x0000,
    0x0000, 0x0000, 0x0000, 0x0000, 0x0000, 0x0000, 0x0000, 0x0000,
    0x0000, 0x0000, 0x0000, 0x0000, 0x0000, 0x0000, 0x0000, 0x0000,
    0x0000, 0x0000, 0x0000, 0x0000, 0x0000, 0x0000, 0x0000, 0x0000,
    0x0000, 0x0000, 0x0000, 0x0000, 0x0000, 0x0000, 0x0000, 0x0000,
    0x0000, 0x0000, 0x0000, 0x0000, 0x0000, 0x0000, 0x0000, 0x0000,
    0x0000, 0x0000, 0x0000, 0x0000, 0x0000, 0x0000, 0x0000, 0x0000,
    0x0000, 0x0000, 0x0000, 0x0000, 0x0000, 0x0000, 0x0000, 0x0000,
    0x0000, 0x0000, 0x0000, 0x0000, 0x0000, 0x0000, 0x0000, 0x0000,
    0x0000, 0x0000, 0x0000, 0x0000, 0x0000, 0x0000, 0x0000, 0x0000,
    0x0000, 0x0000, 0x0000, 0x0000, 0x0000, 0x0000, 0x0000, 0x0000,
    0x0000, 0x0000, 0x0000, 0x0000, 0x0000, 0x0000, 0x0000, 0x0000,
    0x0000, 0x0000, 0x0000, 0x0000, 0x0000, 0x0000, 0x0000, 0x0000,
    0x0000, 0x0000, 0x0000, 0x0000, 0x0000, 0x0000, 0x0000, 0x0000,
    0x0000, 0x0000, 0x0000, 0x0000, 0x0000, 0x0000, 0x0000, 0x0000,
    0x0000, 0x0000, 0x0000, 0x0000, 0x0000, 0x0000, 0x0000, 0x0000,
    0x0000, 0x0000, 0x0000, 0x0000, 0x0000, 0x0000, 0x0000, 0x0000,
    0x0000, 0x0000, 0x0000, 0x0000, 0x0000, 0x0000, 0x0000, 0x0000,
    0x0000, 0x0000, 0x0000, 0x0000, 0x0000, 0x0000, 0x0000, 0x0000,
    0x0000, 0x0000, 0x0000, 0x0000, 0x0000, 0x0000, 0x0000, 0x0000,
    0x0000, 0x0000, 0x0000, 0x0000, 0x0000, 0x0000, 0x0000, 0x0000,
    0x0000, 0x0000, 0x0000, 0x0000, 0x0000, 0x0000, 0x0000, 0x0000,
    0x0000, 0x0000, 0x0000, 0x0000, 0x0000, 0x0000, 0x0000, 0x0000,
    0x0000, 0x0000, 0x0000, 0x0000, 0x0000, 0x0000, 0x0000, 0x0000,
    0x0000, 0x0000, 0x0000, 0x0000, 0x0000, 0x0000, 0x0000, 0x0000,
    0x0000, 0x0000, 0x0000, 0x0000, 0x0000, 0x0000, 0x0000, 0x0000,
    0x0000, 0x0000, 0x0000, 0x0000, 0x0000, 0x0000, 0x0000, 0x0000,
    0x0000, 0x0000, 0x0000, 0x0000, 0x0000, 0x0000, 0x0000, 0x0000,
    0x0000, 0x0000, 0x0000, 0x0000, 0x0000, 0x0000, 0x0000, 0x0000,
    0x0000, 0x0000, 0x0000, 0x0000, 0x0000, 0x0000, 0x0000, 0x0000,
    0x0000, 0x0000, 0x0000, 0x0000, 0x0000, 0x0000, 0x0000, 0x0000,
    0x0000, 0x0000, 0x0000, 0x0000, 0x0000, 0x0000, 0x0000, 0x0000,
    0x0000, 0x0000, 0x0000, 0x0000, 0x0000, 0x0000, 0x0000, 0x0000,
    0x0000, 0x0000, 0x0000, 0x0000, 0x0000, 0x0000, 0x0000, 0x0000,
    0x0000, 0x0000, 0x0000, 0x0000, 0x0000, 0x0000, 0x0000, 0x0000,
    0x0000, 0x0000, 0x0000, 0x0000, 0x0000, 0x0000, 0x0000, 0x0000,
    0x0000, 0x0000, 0x0000, 0x0000, 0x0000, 0x0000, 0x0000, 0x0000,
    0x0000, 0x0000, 0x0000, 0x0000, 0x0000, 0x0000, 0x0000, 0x0000,
    0x0000, 0x0000, 0x0000, 0x0000, 0x0000, 0x0000, 0x0000, 0x0000,
    0x0000, 0x0000, 0x0000, 0x0000, 0x0000, 0x0000, 0x0000, 0x0000,
    0x0000, 0x0000, 0x0000, 0x0000, 0x0000, 0x0000, 0x0000, 0x0000,
    0x0000, 0x0000, 0x0000, 0x0000, 0x0000, 0x0000, 0x0000, 0x0000,
    0x0000, 0x0000, 0x0000, 0x0000, 0x0000, 0x0000, 0x0000, 0x0000,
    0x0000, 0x0000, 0x0000, 0x0000, 0x0000, 0x0000, 0x0000, 0x0000,
    0x0000, 0x0000, 0x0000, 0x0000, 0x0000, 0x0000, 0x0000, 0x0000,
    0x0000, 0x0000, 0x0000, 0x0000, 0x0000, 0x0000, 0x0000, 0x0000,
    0x0000, 0x0000, 0x0000, 0x0000, 0x0000, 0x0000, 0x0000, 0x0000,
    0x0000, 0x0000, 0x0000, 0x0000, 0x0000, 0x0000, 0x0000, 0x0000,
    0x0000, 0x0000, 0x0000, 0x0000, 0x0000, 0x0000, 0x0000, 0x0000,
    0x0000, 0x0000, 0x0000, 0x0000, 0x0000, 0x0000, 0x0000, 0x0000,
    0x0000, 0x0000, 0x0000, 0x0000, 0x0000, 0x0000, 0x0000, 0x0000,
    0x0000, 0x0000, 0x0000, 0x0000, 0x0000, 0x0000, 0x0000, 0x0000,
    0x0000, 0x0000, 0x0000, 0x0000, 0x0000, 0x0000, 0x0000, 0x0000,
    0x0000, 0x0000, 0x0000, 0x0000, 0x0000, 0x0000, 0x0000, 0x0000,
    0x0000, 0x0000, 0x0000, 0x0000, 0x0000, 0x0000, 0x0000, 0x0000,
    0x0000, 0x0000, 0x0000, 0x0000, 0x0000, 0x0000, 0x0000, 0x0000,
    0x0000, 0x0000, 0x0000, 0x0000, 0x0000, 0x0000, 0x0000, 0x0000,
    0x0000, 0x0000, 0x0000, 0x0000, 0x0000, 0x0000, 0x0000, 0x0000,
    0x0000, 0x0000, 0x0000, 0x0000, 0x0000, 0x0000, 0x0000, 0x0000,
    0x0000, 0x0000, 0x0000, 0x0000, 0x0000, 0x0000, 0x0000, 0x0000,
    0x0000, 0x0000, 0x0000, 0x0000, 0x0000, 0x0000, 0x0000, 0x0000,
    0x0000, 0x0000, 0x0000, 0x0000, 0x0000, 0x0000, 0x0000, 0x0000,
    0x0000, 0x0000, 0x0000, 0x0000, 0x0000, 0x0000, 0x0000, 0x0000,
    0x0000, 0x0000, 0x0000, 0x0000, 0x0000, 0x0000, 0x0000, 0x0000,
    0x0000, 0x0000, 0x0000, 0x0000, 0x0000, 0x0000, 0x0000, 0x0000,
    0x0000, 0x0000, 0x0000, 0x0000, 0x0000, 0x0000, 0x0000, 0x0000,
    0x0000, 0x0000, 0x0000, 0x0000, 0x0000, 0x0000, 0x0000, 0x0000,
    0x0000, 0x0000, 0x0000, 0x0000, 0x0000, 0x0000, 0x0000, 0x0000,
    0x0000, 0x0000, 0x0000, 0x0000, 0x0000, 0x0000, 0x0000, 0x0000,
    0x0000, 0x0000, 0x0000, 0x0000, 0x0000, 0x0000, 0x0000, 0x0000,
    0x0000, 0x0000, 0x0000, 0x0000, 0x0000, 0x0000, 0x0000, 0x0000,
    0x0000, 0x0000, 0x0000, 0x0000, 0x0000, 0x0000, 0x0000, 0x0000,
    0x0000, 0x0000, 0x0000, 0x0000, 0x0000, 0x0000, 0x0000, 0x0000,
    0x0000, 0x0000, 0x0000, 0x0000, 0x0000, 0x0000, 0x0000, 0x0000,
    0x0000, 0x0000, 0x0000, 0x0000, 0x0000, 0x0000, 0x0000, 0x0000,
    0x0000, 0x0000, 0x0000, 0x0000, 0x0000, 0x0000, 0x0000, 0x0000,
    0x0000, 0x0000, 0x0000, 0x0000, 0x0000, 0x0000, 0x0000, 0x0000,
    0x0000, 0x0000, 0x0000, 0x0000, 0x0000, 0x0000, 0x0000, 0x0000,
    0x0000, 0x0000, 0x0000, 0x0000, 0x0000, 0x0000, 0x0000, 0x0000,
    0x0000, 0x0000, 0x0000, 0x0000, 0x0000, 0x0000, 0x0000, 0x0000,
    0x0000, 0x0000, 0x0000, 0x0000, 0x0000, 0x0000, 0x0000, 0x0000,
    0x0000, 0x0000, 0x0000, 0x0000, 0x0000, 0x0000, 0x0000, 0x0000,
    0x0000, 0x0000, 0x0000, 0x0000, 0x0000, 0x0000, 0x0000, 0x0000,
    0x0000, 0x0000, 0x0000, 0x0000, 0x0000, 0x0000, 0x0000, 0x0000,
    0x0000, 0x0000, 0x0000, 0x0000, 0x0000, 0x0000, 0x0000, 0x0000,
    0x0000, 0x0000, 0x0000, 0x0000, 0x0000, 0x0000, 0x0000, 0x0000,
    0x0000, 0x0000, 0x0000, 0x0000, 0x0000, 0x0000, 0x0000, 0x0000,
    0x0000, 0x0000, 0x0000, 0x0000, 0x0000, 0x0000, 0x0000, 0x0000,
    0x0000, 0x0000, 0x0000, 0x0000, 0x0000, 0x0000, 0x0000, 0x0000,
    0x0000, 0x0000, 0x0000, 0x0000, 0x0000, 0x0000, 0x0000, 0x0000,
    0x0000, 0x0000, 0x0000, 0x0000, 0x0000, 0x0000, 0x0000, 0x0000,
    0x0000, 0x0000, 0x0000, 0x0000, 0x0000, 0x0000, 0x0000, 0x0000,
    0x0000, 0x0000, 0x0000, 0x0000, 0x0000, 0x0000, 0x0000, 0x0000,
    0x0000, 0x0000, 0x0000, 0x0000, 0x0000, 0x0000, 0x0000, 0x0000,
    0x0000, 0x0000, 0x0000, 0x0000, 0x0000, 0x0000, 0x0000, 0x0000,
    0x0000, 0x0000, 0x0000, 0x0000, 0x0000, 0x0000, 0x0000, 0x0000,
    0x0000, 0x0000, 0x0000, 0x0000, 0x0000, 0x0000, 0x0000, 0x0000,
    0x0000, 0x0000, 0x0000, 0x0000, 0x0000, 0x0000, 0x0000, 0x0000,
    0x0000, 0x0000, 0x0000, 0x0000, 0x0000, 0x0000, 0x0000, 0x0000,
    0x0000, 0x0000, 0x0000, 0x0000, 0x0000, 0x0000, 0x0000, 0x0000,
    0x0000, 0x0000, 0x0000, 0x0000, 0x0000, 0x0000, 0x0000, 0x0000,
    0x0000, 0x0000, 0x0000, 0x0000, 0x0000, 0x0000, 0x0000, 0x0000,
    0x0000, 0x0000, 0x0000, 0x0000, 0x0000, 0x0000, 0x0000, 0x0000,
    0x0000, 0x0000, 0x0000, 0x0000, 0x0000, 0x0000, 0x0000, 0x0000,
    0x0000, 0x0000, 0x0000, 0x0000, 0x0000, 0x0000, 0x0000, 0x0000,
    0x0000, 0x0000, 0x0000, 0x0000, 0x0000, 0x0000, 0x0000, 0x0000,
    0x0000, 0x0000, 0x0000, 0x0000, 0x0000, 0x0000, 0x0000, 0x0000,
    0x0000, 0x0000, 0x0000, 0x0000, 0x0000, 0x0000, 0x0000, 0x0000,
    0x0000, 0x0000, 0x0000, 0x0000, 0x0000, 0x0000, 0x0000, 0x0000,
    0x0000, 0x0000, 0x0000, 0x0000, 0x0000, 0x0000, 0x0000, 0x0000,
    0x0000, 0x0000, 0x0000, 0x0000, 0x0000, 0x0000, 0x0000, 0x0000,
    0x0000, 0x0000, 0x0000, 0x0000, 0x0000, 0x0000, 0x0000, 0x0000,
    0x0000, 0x0000, 0x0000, 0x0000, 0x0000, 0x0000, 0x0000, 0x0000,
    0x0000, 0x0000, 0x0000, 0x0000, 0x0000, 0x0000, 0x0000, 0x0000,
    0x0000, 0x0000, 0x0000, 0x0000, 0x0000, 0x0000, 0x0000, 0x0000,
    0x0000, 0x0000, 0x0000, 0x0000, 0x0000, 0x0000, 0x0000, 0x0000,
    0x0000, 0x0000, 0x0000, 0x0000, 0x0000, 0x0000, 0x0000, 0x0000,
    0x0000, 0x0000, 0x0000, 0x0000, 0x0000, 0x0000, 0x0000, 0x0000,
    0x0000, 0x0000, 0x0000, 0x0000, 0x0000, 0x0000, 0x0000, 0x0000,
    0x0000, 0x0000, 0x0000, 0x0000, 0x0000, 0x0000, 0x0000, 0x0000,
    0x0000, 0x0000, 0x0000, 0x0000, 0x0000, 0x0000, 0x0000, 0x0000,
    0x0000, 0x0000, 0x0000, 0x0000, 0x0000, 0x0000, 0x0000, 0x0000,
    0x0000, 0x0000, 0x0000, 0x0000, 0x0000, 0x0000, 0x0000, 0x0000,
    0x0000, 0x0000, 0x0000, 0x0000, 0x0000, 0x0000, 0x0000, 0x0000,
    0x0000, 0x0000, 0x0000, 0x0000, 0x0000, 0x0000, 0x0000, 0x0000,
    0x0000, 0x0000, 0x0000, 0x0000, 0x0000, 0x0000, 0x0000, 0x0000,
    0x0000, 0x0000, 0x0000, 0x0000, 0x0000, 0x0000, 0x0000, 0x0000,
    0x0000, 0x0000, 0x0000, 0x0000, 0x0000, 0x0000, 0x0000, 0x0000,
    0x0000, 0x0000, 0x0000, 0x0000, 0x0000, 0x0000, 0x0000, 0x0000,
    0x0000, 0x0000, 0x0000, 0x0000, 0x0000, 0x0000, 0x0000, 0x0000,
    0x0000, 0x0000, 0x0000, 0x0000, 0x0000, 0x0000, 0x0000, 0x0000,
    0x0000, 0x0000, 0x0000, 0x0000, 0x0000, 0x0000, 0x0000, 0x0000,
    0x0000, 0x0000, 0x0000, 0x0000, 0x0000, 0x0000, 0x0000, 0x0000,
    0x0000, 0x0000, 0x0000, 0x0000, 0x0000, 0x0000, 0x0000, 0x0000,
    0x0000, 0x0000, 0x0000, 0x0000, 0x0000, 0x0000, 0x0000, 0x0000,
    0x0000, 0x0000, 0x0000, 0x0000, 0x0000, 0x0000, 0x0000, 0x0000,
    0x0000, 0x0000, 0x0000, 0x0000, 0x0000, 0x0000, 0x0000, 0x0000,
    0x0000, 0x0000, 0x0000, 0x0000, 0x0000, 0x0000, 0x0000, 0x0000,
    0x0000, 0x0000, 0x0000, 0x0000, 0x0000, 0x0000, 0x0000, 0x0000,
    0x0000, 0x0000, 0x0000, 0x0000, 0x0000, 0x0000, 0x0000, 0x0000,
    0x0000, 0x0000, 0x0000, 0x0000, 0x0000, 0x0000, 0x0000, 0x0000,
    0x0000, 0x0000, 0x0000, 0x0000, 0x0000, 0x0000, 0x0000, 0x0000,
    0x0000, 0x0000, 0x0000, 0x0000, 0x0000, 0x0000, 0x0000, 0x0000,
    0x0000, 0x0000, 0x0000, 0x0000, 0x0000, 0x0000, 0x0000, 0x0000,
    0x0000, 0x0000, 0x0000, 0x0000, 0x0000, 0x0000, 0x0000, 0x0000,
    0x0000, 0x0000, 0x0000, 0x0000, 0x0000, 0x0000, 0x0000, 0x0000,
    0x0000, 0x0000, 0x0000, 0x0000, 0x0000, 0x0000, 0x0000, 0x0000,
    0x0000, 0x0000, 0x0000, 0x0000, 0x0000, 0x0000, 0x0000, 0x0000,
    0x0000, 0x0000, 0x0000, 0x0000, 0x0000, 0x0000, 0x0000, 0x0000,
    0x0000, 0x0000, 0x0000, 0x0000, 0x0000, 0x0000, 0x0000, 0x0000,
    0x0000, 0x0000, 0x0000, 0x0000, 0x0000, 0x0000, 0x0000, 0x0000,
    0x0000, 0x0000, 0x0000, 0x0000, 0x0000, 0x0000, 0x0000, 0x0000,
    0x0000, 0x0000, 0x0000, 0x0000, 0x0000, 0x0000, 0x0000, 0x0000,
    0x0000, 0x0000, 0x0000, 0x0000, 0x0000, 0x0000, 0x0000, 0x0000,
    0x0000, 0x0000, 0x0000, 0x0000, 0x0000, 0x0000, 0x0000, 0x0000,
    0x0000, 0x0000, 0x0000, 0x0000, 0x0000, 0x0000, 0x0000, 0x0000,
    0x0000, 0x0000, 0x0000, 0x0000, 0x0000, 0x0000, 0x0000, 0x0000,
    0x0000, 0x0000, 0x0000, 0x0000, 0x0000, 0x0000, 0x0000, 0x0000,
    0x0000, 0x0000, 0x0000, 0x0000, 0x0000, 0x0000, 0x0000, 0x0000,
    0x0000, 0x0000, 0x0000, 0x0000, 0x0000, 0x0000, 0x0000, 0x0000,
    0x0000, 0x0000, 0x0000, 0x0000, 0x0000, 0x0000, 0x0000, 0x0000,
    0x0000, 0x0000, 0x0000, 0x0000, 0x0000, 0x0000, 0x0000, 0x0000,
    0x0000, 0x0000, 0x0000, 0x0000, 0x0000, 0x0000, 0x0000, 0x0000,
    0x0000, 0x0000, 0x0000, 0x0000, 0x0000, 0x0000, 0x0000, 0x0000,
    0x0000, 0x0000, 0x0000, 0x0000, 0x0000, 0x0000, 0x0000, 0x0000,
    0x0000, 0x0000, 0x0000, 0x0000, 0x0000, 0x0000, 0x0000, 0x0000,
    0x0000, 0x0000, 0x0000, 0x0000, 0x0000, 0x0000, 0x0000, 0x0000,
    0x0000, 0x0000, 0x0000, 0x0000, 0x0000, 0x0000, 0x0000, 0x0000,
    0x0000, 0x0000, 0x0000, 0x0000, 0x0000, 0x0000, 0x0000, 0x0000,
    0x0000, 0x0000, 0x0000, 0x0000, 0x0000, 0x0000, 0x0000, 0x0000,
    0x0000, 0x0000, 0x0000, 0x0000, 0x0000, 0x0000, 0x0000, 0x0000,
    0x0000, 0x0000, 0x0000, 0x0000, 0x0000, 0x0000, 0x0000, 0x0000,
    0x0000, 0x0000, 0x0000, 0x0000, 0x0000, 0x0000, 0x0000, 0x0000,
    0x0000, 0x0000, 0x0000, 0x0000, 0x0000, 0x0000, 0x0000, 0x0000,
    0x0000, 0x0000, 0x0000, 0x0000, 0x0000, 0x0000, 0x0000, 0x0000,
    0x0000, 0x0000, 0x0000, 0x0000, 0x0000, 0x0000, 0x0000, 0x0000,
    0x0000, 0x0000, 0x0000, 0x0000, 0x0000, 0x0000, 0x0000, 0x0000,
    0x0000, 0x0000, 0x0000, 0x0000, 0x0000, 0x0000, 0x0000, 0x0000,
    0x0000, 0x0000, 0x0000, 0x0000, 0x0000, 0x0000, 0x0000, 0x0000,
    0x0000, 0x0000, 0x0000, 0x0000, 0x0000, 0x0000, 0x0000, 0x0000,
    0x0000, 0x0000, 0x0000, 0x0000, 0x0000, 0x0000, 0x0000, 0x0000,
    0x0000, 0x0000, 0x0000, 0x0000, 0x0000, 0x0000, 0x0000, 0x0000,
    0x0000, 0x0000, 0x0000, 0x0000, 0x0000, 0x0000, 0x0000, 0x0000,
    0x0000, 0x0000, 0x0000, 0x0000, 0x0000, 0x0000, 0x0000, 0x0000,
    0x0000, 0x0000, 0x0000, 0x0000, 0x0000, 0x0000, 0x0000, 0x0000,
    0x0000, 0x0000, 0x0000, 0x0000, 0x0000, 0x0000, 0x0000, 0x0000,
    0x0000, 0x0000, 0x0000, 0x0000, 0x0000, 0x0000, 0x0000, 0x0000,
    0x0000, 0x0000, 0x0000, 0x0000, 0x0000, 0x0000, 0x0000, 0x0000,
    0x0000, 0x0000, 0x0000, 0x0000, 0x0000, 0x0000, 0x0000, 0x0000,
    0x0000, 0x0000, 0x0000, 0x0000, 0x0000, 0x0000, 0x0000, 0x0000,
    0x0000, 0x0000, 0x0000, 0x0000, 0x0000, 0x0000, 0x0000, 0x0000,
    0x0000, 0x0000, 0x0000, 0x0000, 0x0000, 0x0000, 0x0000, 0x0000,
    0x0000, 0x0000, 0x0000, 0x0000, 0x0000, 0x0000, 0x0000, 0x0000,
    0x0000, 0x0000, 0x0000, 0x0000, 0x0000, 0x0000, 0x0000, 0x0000,
    0x0000, 0x0000, 0x0000, 0x0000, 0x0000, 0x0000, 0x0000, 0x0000,
    0x0000, 0x0000, 0x0000, 0x0000, 0x0000, 0x0000, 0x0000, 0x0000,
    0x0000, 0x0000, 0x0000, 0x0000, 0x0000, 0x0000, 0x0000, 0x0000,
    0x0000, 0x0000, 0x0000, 0x0000, 0x0000, 0x0000, 0x0000, 0x0000,
    0x0000, 0x0000, 0x0000, 0x0000, 0x0000, 0x0000, 0x0000, 0x0000,
    0x0000, 0x0000, 0x0000, 0x0000, 0x0000, 0x0000, 0x0000, 0x0000,
    0x0000, 0x0000, 0x0000, 0x0000, 0x0000, 0x0000, 0x0000, 0x0000,
    0x0000, 0x0000, 0x0000, 0x0000, 0x0000, 0x0000, 0x0000, 0x0000,
    0x0000, 0x0000, 0x0000, 0x0000, 0x0000, 0x0000, 0x0000, 0x0000,
    0x0000, 0x0000, 0x0000, 0x0000, 0x0000, 0x0000, 0x0000, 0x0000,
    0x0000, 0x0000, 0x0000, 0x0000, 0x0000, 0x0000, 0x0000, 0x0000,
    0x0000, 0x0000, 0x0000, 0x0000, 0x0000, 0x0000, 0x0000, 0x0000,
    0x0000, 0x0000, 0x0000, 0x0000, 0x0000, 0x0000, 0x0000, 0x0000,
    0x0000, 0x0000, 0x0000, 0x0000, 0x0000, 0x0000, 0x0000, 0x0000,
    0x0000, 0x0000, 0x0000, 0x0000, 0x0000, 0x0000, 0x0000, 0x0000,
    0x0000, 0x0000, 0x0000, 0x0000, 0x0000, 0x0000, 0x0000, 0x0000,
    0x0000, 0x0000, 0x0000, 0x0000, 0x0000, 0x0000, 0x0000, 0x0000,
    0x0000, 0x0000, 0x0000, 0x0000, 0x0000, 0x0000, 0x0000, 0x0000,
    0x0000, 0x0000, 0x0000, 0x0000, 0x0000, 0x0000, 0x0000, 0x0000,
    0x0000, 0x0000, 0x0000, 0x0000, 0x0000, 0x0000, 0x0000, 0x0000,
    0x0000, 0x0000, 0x0000, 0x0000, 0x0000, 0x0000, 0x0000, 0x0000,
    0x0000, 0x0000, 0x0000, 0x0000, 0x0000, 0x0000, 0x0000, 0x0000,
    0x0000, 0x0000, 0x0000, 0x0000, 0x0000, 0x0000, 0x0000, 0x0000,
    0x0000, 0x0000, 0x0000, 0x0000, 0x0000, 0x0000, 0x0000, 0x0000,
    0x0000, 0x0000, 0x0000, 0x0000, 0x0000, 0x0000, 0x0000, 0x0000,
    0x0000, 0x0000, 0x0000, 0x0000, 0x0000, 0x0000, 0x0000, 0x0000,
    0x0000, 0x0000, 0x0000, 0x0000, 0x0000, 0x0000, 0x0000, 0x0000,
    0x0000, 0x0000, 0x0000, 0x0000, 0x0000, 0x0000, 0x0000, 0x0000,
    0x0000, 0x0000, 0x0000, 0x0000, 0x0000, 0x0000, 0x0000, 0x0000,
    0x0000, 0x0000, 0x0000, 0x0000, 0x0000, 0x0000, 0x0000, 0x0000,
    0x0000, 0x0000, 0x0000, 0x0000, 0x0000, 0x0000, 0x0000, 0x0000,
    0x0000, 0x0000, 0x0000, 0x0000, 0x0000, 0x0000, 0x0000, 0x0000,
    0x0000, 0x0000, 0x0000, 0x0000, 0x0000, 0x0000, 0x0000, 0x0000,
    0x0000, 0x0000, 0x0000, 0x0000, 0x0000, 0x0000, 0x0000, 0x0000,
    0x0000, 0x0000, 0x0000, 0x0000, 0x0000, 0x0000, 0x0000, 0x0000,
    0x0000, 0x0000, 0x0000, 0x0000, 0x0000, 0x0000, 0x0000, 0x0000,
    0x0000, 0x0000, 0x0000, 0x0000, 0x0000, 0x0000, 0x0000, 0x0000,
    0x0000, 0x0000, 0x0000, 0x0000, 0x0000, 0x0000, 0x0000, 0x0000,
    0x0000, 0x0000, 0x0000, 0x0000, 0x0000, 0x0000, 0x0000, 0x0000,
    0x0000, 0x0000, 0x0000, 0x0000, 0x0000, 0x0000, 0x0000, 0x0000,
    0x0000, 0x0000, 0x0000, 0x0000, 0x0000, 0x0000, 0x0000, 0x0000,
    0x0000, 0x0000, 0x0000, 0x0000, 0x0000, 0x0000, 0x0000, 0x0000,
    0x0000, 0x0000, 0x0000, 0x0000, 0x0000, 0x0000, 0x0000, 0x0000,
    0x0000, 0x0000, 0x0000, 0x0000, 0x0000, 0x0000, 0x0000, 0x0000,
    0x0000, 0x0000, 0x0000, 0x0000, 0x0000, 0x0000, 0x0000, 0x0000,
    0x0000, 0x0000, 0x0000, 0x0000, 0x0000, 0x0000, 0x0000, 0x0000,
    0x0000, 0x0000, 0x0000, 0x0000, 0x0000, 0x0000, 0x0000, 0x0000,
    0x0000, 0x0000, 0x0000, 0x0000, 0x0000, 0x0000, 0x0000, 0x0000,
    0x0000, 0x0000, 0x0000, 0x0000, 0x0000, 0x0000, 0x0000, 0x0000,
    0x0000, 0x0000, 0x0000, 0x0000, 0x0000, 0x0000, 0x0000, 0x0000,
    0x0000, 0x0000, 0x0000, 0x0000, 0x0000, 0x0000, 0x0000, 0x0000,
    0x0000, 0x0000, 0x0000, 0x0000, 0x0000, 0x0000, 0x0000, 0x0000,
    0x0000, 0x0000, 0x0000, 0x0000, 0x0000, 0x0000, 0x0000, 0x0000,
    0x0000, 0x0000, 0x0000, 0x0000, 0x0000, 0x0000, 0x0000, 0x0000,
    0x0000, 0x0000, 0x0000, 0x0000, 0x0000, 0x0000, 0x0000, 0x0000,
    0x0000, 0x0000, 0x0000, 0x0000, 0x0000, 0x0000, 0x0000, 0x0000,
    0x0000, 0x0000, 0x0000, 0x0000, 0x0000, 0x0000, 0x0000, 0x0000,
    0x0000, 0x0000, 0x0000, 0x0000, 0x0000, 0x0000, 0x0000, 0x0000,
    0x0000, 0x0000, 0x0000, 0x0000, 0x0000, 0x0000, 0x0000, 0x0000,
    0x0000, 0x0000, 0x0000, 0x0000, 0x0000, 0x0000, 0x0000, 0x0000,
    0x0000, 0x0000, 0x0000, 0x0000, 0x0000, 0x0000, 0x0000, 0x0000,
    0x0000, 0x0000, 0x0000, 0x0000, 0x0000, 0x0000, 0x0000, 0x0000,
    0x0000, 0x0000, 0x0000, 0x0000, 0x0000, 0x0000, 0x0000, 0x0000,
    0x0000, 0x0000, 0x0000, 0x0000, 0x0000, 0x0000, 0x0000, 0x0000,
    0x0000, 0x0000, 0x0000, 0x0000, 0x0000, 0x0000, 0x0000, 0x0000,
    0x0000, 0x0000, 0x0000, 0x0000, 0x0000, 0x0000, 0x0000, 0x0000,
    0x0000, 0x0000, 0x0000, 0x0000, 0x0000, 0x0000, 0x0000, 0x0000,
    0x0000, 0x0000, 0x0000, 0x0000, 0x0000, 0x0000, 0x0000, 0x0000,
    0x0000, 0x0000, 0x0000, 0x0000, 0x0000, 0x0000, 0x0000, 0x0000,
    0x0000, 0x0000, 0x0000, 0x0000, 0x0000, 0x0000, 0x0000, 0x0000,
    0x0000, 0x0000, 0x0000, 0x0000, 0x0000, 0x0000, 0x0000, 0x0000,
    0x0000, 0x0000, 0x0000, 0x0000, 0x0000, 0x0000, 0x0000, 0x0000,
    0x0000, 0x0000, 0x0000, 0x0000, 0x0000, 0x0000, 0x0000, 0x0000,
    0x0000, 0x0000, 0x0000, 0x0000, 0x0000, 0x0000, 0x0000, 0x0000,
    0x0000, 0x0000, 0x0000, 0x0000, 0x0000, 0x0000, 0x0000, 0x0000,
    0x0000, 0x0000, 0x0000, 0x0000, 0x0000, 0x0000, 0x0000, 0x0000,
    0x0000, 0x0000, 0x0000, 0x0000, 0x0000, 0x0000, 0x0000, 0x0000,
    0x0000, 0x0000, 0x0000, 0x0000, 0x0000, 0x0000, 0x0000, 0x0000,
    0x0000, 0x0000, 0x0000, 0x0000, 0x0000, 0x0000, 0x0000, 0x0000,
    0x0000, 0x0000, 0x0000, 0x0000, 0x0000, 0x0000, 0x0000, 0x0000,
    0x0000, 0x0000, 0x0000, 0x0000, 0x0000, 0x0000, 0x0000, 0x0000,
    0x0000, 0x0000, 0x0000, 0x0000, 0x0000, 0x0000, 0x0000, 0x0000,
    0x0000, 0x0000, 0x0000, 0x0000, 0x0000, 0x0000, 0x0000, 0x0000,
    0x0000, 0x0000, 0x0000, 0x0000, 0x0000, 0x0000, 0x0000, 0x0000,
    0x0000, 0x0000, 0x0000, 0x0000, 0x0000, 0x0000, 0x0000, 0x0000,
    0x0000, 0x0000, 0x0000, 0x0000, 0x0000, 0x0000, 0x0000, 0x0000,
    0x0000, 0x0000, 0x0000, 0x0000, 0x0000, 0x0000, 0x0000, 0x0000,
    0x0000, 0x0000, 0x0000, 0x0000, 0x0000, 0x0000, 0x0000, 0x0000,
    0x0000, 0x0000, 0x0000, 0x0000, 0x0000, 0x0000, 0x0000, 0x0000,
    0x0000, 0x0000, 0x0000, 0x0000, 0x0000, 0x0000, 0x0000, 0x0000,
    0x0000, 0x0000, 0x0000, 0x0000, 0x0000, 0x0000, 0x0000, 0x0000,
    0x0000, 0x0000, 0x0000, 0x0000, 0x0000, 0x0000, 0x0000, 0x0000,
    0x0000, 0x0000, 0x0000, 0x0000, 0x0000, 0x0000, 0x0000, 0x0000,
    0x0000, 0x0000, 0x0000, 0x0000, 0x0000, 0x0000, 0x0000, 0x0000,
    0x0000, 0x0000, 0x0000, 0x0000, 0x0000, 0x0000, 0x0000, 0x0000,
    0x0000, 0x0000, 0x0000, 0x0000, 0x0000, 0x0000, 0x0000, 0x0000,
    0x0000, 0x0000, 0x0000, 0x0000, 0x0000, 0x0000, 0x0000, 0x0000,
    0x0000, 0x0000, 0x0000, 0x0000, 0x0000, 0x0000, 0x0000, 0x0000,
    0x0000, 0x0000, 0x0000, 0x0000, 0x0000, 0x0000, 0x0000, 0x0000,
    0x0000, 0x0000, 0x0000, 0x0000, 0x0000, 0x0000, 0x0000, 0x0000,
    0x0000, 0x0000, 0x0000, 0x0000, 0x0000, 0x0000, 0x0000, 0x0000,
    0x0000, 0x0000, 0x0000, 0x0000, 0x0000, 0x0000, 0x0000, 0x0000,
    0x0000, 0x0000, 0x0000, 0x0000, 0x0000, 0x0000, 0x0000, 0x0000,
    0x0000, 0x0000, 0x0000, 0x0000, 0x0000, 0x0000, 0x0000, 0x0000,
    0x0000, 0x0000, 0x0000, 0x0000, 0x0000, 0x0000, 0x0000, 0x0000,
    0x0000, 0x0000, 0x0000, 0x0000, 0x0000, 0x0000, 0x0000, 0x0000,
    0x0000, 0x0000, 0x0000, 0x0000, 0x0000, 0x0000, 0x0000, 0x0000,
    0x0000, 0x0000, 0x0000, 0x0000, 0x0000, 0x0000, 0x0000, 0x0000,
    0x0000, 0x0000, 0x0000, 0x0000, 0x0000, 0x0000, 0x0000, 0x0000,
    0x0000, 0x0000, 0x0000, 0x0000, 0x0000, 0x0000, 0x0000, 0x0000,
    0x0000, 0x0000, 0x0000, 0x0000, 0x0000, 0x0000, 0x0000, 0x0000,
    0x0000, 0x0000, 0x0000, 0x0000, 0x0000, 0x0000, 0x0000, 0x0000,
    0x0000, 0x0000, 0x0000, 0x0000, 0x0000, 0x0000, 0x0000, 0x0000,
    0x0000, 0x0000, 0x0000, 0x0000, 0x0000, 0x0000, 0x0000, 0x0000,
    0x0000, 0x0000, 0x0000, 0x0000, 0x0000, 0x0000, 0x0000, 0x0000,
    0x0000, 0x0000, 0x0000, 0x0000, 0x0000, 0x0000, 0x0000, 0x0000,
    0x0000, 0x0000, 0x0000, 0x0000, 0x0000, 0x0000, 0x0000, 0x0000,
    0x0000, 0x0000, 0x0000, 0x0000, 0x0000, 0x0000, 0x0000, 0x0000,
    0x0000, 0x0000, 0x0000, 0x0000, 0x0000, 0x0000, 0x0000, 0x0000,
    0x0000, 0x0000, 0x0000, 0x0000, 0x0000, 0x0000, 0x0000, 0x0000,
    0x0000, 0x0000, 0x0000, 0x0000, 0x0000, 0x0000, 0x0000, 0x0000,
    0x0000, 0x0000, 0x0000, 0x0000, 0x0000, 0x0000, 0x0000, 0x0000,
    0x0000, 0x0000, 0x0000, 0x0000, 0x0000, 0x0000, 0x0000, 0x0000,
    0x0000, 0x0000, 0x0000, 0x0000, 0x0000, 0x0000, 0x0000, 0x0000,
    0x0000, 0x0000, 0x0000, 0x0000, 0x0000, 0x0000, 0x0000, 0x0000,
    0x0000, 0x0000, 0x0000, 0x0000, 0x0000, 0x0000, 0x0000, 0x0000,
    0x0000, 0x0000, 0x0000, 0x0000, 0x0000, 0x0000, 0x0000, 0x0000,
    0x0000, 0x0000, 0x0000, 0x0000, 0x0000, 0x0000, 0x0000, 0x0000,
    0x0000, 0x0000, 0x0000, 0x0000, 0x0000, 0x0000, 0x0000, 0x0000,
    0x0000, 0x0000, 0x0000, 0x0000, 0x0000, 0x0000, 0x0000, 0x0000,
    0x0000, 0x0000, 0x0000, 0x0000, 0x0000, 0x0000, 0x0000, 0x0000,
    0x0000, 0x0000, 0x0000, 0x0000, 0x0000, 0x0000, 0x0000, 0x0000,
    0x0000, 0x0000, 0x0000, 0x0000, 0x0000, 0x0000, 0x0000, 0x0000,
    0x0000, 0x0000, 0x0000, 0x0000, 0x0000, 0x0000, 0x0000, 0x0000,
    0x0000, 0x0000, 0x0000, 0x0000, 0x0000, 0x0000, 0x0000, 0x0000,
    0x0000, 0x0000, 0x0000, 0x0000, 0x0000, 0x0000, 0x0000, 0x0000,
    0x0000, 0x0000, 0x0000, 0x0000, 0x0000, 0x0000, 0x0000, 0x0000,
    0x0000, 0x0000, 0x0000, 0x0000, 0x0000, 0x0000, 0x0000, 0x0000,
    0x0000, 0x0000, 0x0000, 0x0000, 0x0000, 0x0000, 0x0000, 0x0000,
    0x0000, 0x0000, 0x0000, 0x0000, 0x0000, 0x0000, 0x0000, 0x0000,
    0x0000, 0x0000, 0x0000, 0x0000, 0x0000, 0x0000, 0x0000, 0x0000,
    0x0000, 0x0000, 0x0000, 0x0000, 0x0000, 0x0000, 0x0000, 0x0000,
    0x0000, 0x0000, 0x0000, 0x0000, 0x0000, 0x0000, 0x0000, 0x0000,
    0x0000, 0x0000, 0x0000, 0x0000, 0x0000, 0x0000, 0x0000, 0x0000,
    0x0000, 0x0000, 0x0000, 0x0000, 0x0000, 0x0000, 0x0000, 0x0000,
    0x0000, 0x0000, 0x0000, 0x0000, 0x0000, 0x0000, 0x0000, 0x0000,
    0x0000, 0x0000, 0x0000, 0x0000, 0x0000, 0x0000, 0x0000, 0x0000,
    0x0000, 0x0000, 0x0000, 0x0000, 0x0000, 0x0000, 0x0000, 0x0000,
    0x0000, 0x0000, 0x0000, 0x0000, 0x0000, 0x0000, 0x0000, 0x0000,
    0x0000, 0x0000, 0x0000, 0x0000, 0x0000, 0x0000, 0x0000, 0x0000,
    0x0000, 0x0000, 0x0000, 0x0000, 0x0000, 0x0000, 0x0000, 0x0000,
    0x0000, 0x0000, 0x0000, 0x0000, 0x0000, 0x0000, 0x0000, 0x0000,
    0x0000, 0x0000, 0x0000, 0x0000, 0x0000, 0x0000, 0x0000, 0x0000,
    0x0000, 0x0000, 0x0000, 0x0000, 0x0000, 0x0000, 0x0000, 0x0000,
    0x0000, 0x0000, 0x0000, 0x0000, 0x0000, 0x0000, 0x0000, 0x0000,
    0x0000, 0x0000, 0x0000, 0x0000, 0x0000, 0x0000, 0x0000, 0x0000,
    0x0000, 0x0000, 0x0000, 0x0000, 0x0000, 0x0000, 0x0000, 0x0000,
    0x0000, 0x0000, 0x0000, 0x0000, 0x0000, 0x0000, 0x0000, 0x0000,
    0x0000, 0x0000, 0x0000, 0x0000, 0x0000, 0x0000, 0x0000, 0x0000,
    0x0000, 0x0000, 0x0000, 0x0000, 0x0000, 0x0000, 0x0000, 0x0000,
    0x0000, 0x0000, 0x0000, 0x0000, 0x0000, 0x0000, 0x0000, 0x0000,
    0x0000, 0x0000, 0x0000, 0x0000, 0x0000, 0x0000, 0x0000, 0x0000,
    0x0000, 0x0000, 0x0000, 0x0000, 0x0000, 0x0000, 0x0000, 0x0000,
    0x0000, 0x0000, 0x0000, 0x0000, 0x0000, 0x0000, 0x0000, 0x0000,
    0x0000, 0x0000, 0x0000, 0x0000, 0x0000, 0x0000, 0x0000, 0x0000,
    0x0000, 0x0000, 0x0000, 0x0000, 0x0000, 0x0000, 0x0000, 0x0000,
    0x0000, 0x0000, 0x0000, 0x0000, 0x0000, 0x0000, 0x0000, 0x0000,
    0x0000, 0x0000, 0x0000, 0x0000, 0x0000, 0x0000, 0x0000, 0x0000,
    0x0000, 0x0000, 0x0000, 0x0000, 0x0000, 0x0000, 0x0000, 0x0000,
    0x0000, 0x0000, 0x0000, 0x0000, 0x0000, 0x0000, 0x0000, 0x0000,
    0x0000, 0x0000, 0x0000, 0x0000, 0x0000, 0x0000, 0x0000, 0x0000,
    0x0000, 0x0000, 0x0000, 0x0000, 0x0000, 0x0000, 0x0000, 0x0000,
    0x0000, 0x0000, 0x0000, 0x0000, 0x0000, 0x0000, 0x0000, 0x0000,
    0x0000, 0x0000, 0x0000, 0x0000, 0x0000, 0x0000, 0x0000, 0x0000,
    0x0000, 0x0000, 0x0000, 0x0000, 0x0000, 0x0000, 0x0000, 0x0000,
    0x0000, 0x0000, 0x0000, 0x0000, 0x0000, 0x0000, 0x0000, 0x0000,
    0x0000, 0x0000, 0x0000, 0x0000, 0x0000, 0x0000, 0x0000, 0x0000,
    0x0000, 0x0000, 0x0000, 0x0000, 0x0000, 0x0000, 0x0000, 0x0000,
    0x0000, 0x0000, 0x0000, 0x0000, 0x0000, 0x0000, 0x0000, 0x0000,
    0x0000, 0x0000, 0x0000, 0x0000, 0x0000, 0x0000, 0x0000, 0x0000,
    0x0000, 0x0000, 0x0000, 0x0000, 0x0000, 0x0000, 0x0000, 0x0000,
    0x0000, 0x0000, 0x0000, 0x0000, 0x0000, 0x0000, 0x0000, 0x0000,
    0x0000, 0x0000, 0x0000, 0x0000, 0x0000, 0x0000, 0x0000, 0x0000,
    0x0000, 0x0000, 0x0000, 0x0000, 0x0000, 0x0000, 0x0000, 0x0000,
    0x0000, 0x0000, 0x0000, 0x0000, 0x0000, 0x0000, 0x0000, 0x0000,
    0x0000, 0x0000, 0x0000, 0x0000, 0x0000, 0x0000, 0x0000, 0x0000,
    0x0000, 0x0000, 0x0000, 0x0000, 0x0000, 0x0000, 0x0000, 0x0000,
    0x0000, 0x0000, 0x0000, 0x0000, 0x0000, 0x0000, 0x0000, 0x0000,
    0x0000, 0x0000, 0x0000, 0x0000, 0x0000, 0x0000, 0x0000, 0x0000,
    0x0000, 0x0000, 0x0000, 0x0000, 0x0000, 0x0000, 0x0000, 0x0000,
    0x0000, 0x0000, 0x0000, 0x0000, 0x0000, 0x0000, 0x0000, 0x0000,
    0x0000, 0x0000, 0x0000, 0x0000, 0x0000, 0x0000, 0x0000, 0x0000,
    0x0000, 0x0000, 0x0000, 0x0000, 0x0000, 0x0000, 0x0000, 0x0000,
    0x0000, 0x0000, 0x0000, 0x0000, 0x0000, 0x0000, 0x0000, 0x0000,
    0x0000, 0x0000, 0x0000, 0x0000, 0x0000, 0x0000, 0x0000, 0x0000,
    0x0000, 0x0000, 0x0000, 0x0000, 0x0000, 0x0000, 0x0000, 0x0000,
    0x0000, 0x0000, 0x0000, 0x0000, 0x0000, 0x0000, 0x0000, 0x0000,
    0x0000, 0x0000, 0x0000, 0x0000, 0x0000, 0x0000, 0x0000, 0x0000,
    0x0000, 0x0000, 0x0000, 0x0000, 0x0000, 0x0000, 0x0000, 0x0000,
    0x0000, 0x0000, 0x0000, 0x0000, 0x0000, 0x0000, 0x0000, 0x0000,
    0x0000, 0x0000, 0x0000, 0x0000, 0x0000, 0x0000, 0x0000, 0x0000,
    0x0000, 0x0000, 0x0000, 0x0000, 0x0000, 0x0000, 0x0000, 0x0000,
    0x0000, 0x0000, 0x0000, 0x0000, 0x0000, 0x0000, 0x0000, 0x0000,
    0x0000, 0x0000, 0x0000, 0x0000, 0x0000, 0x0000, 0x0000, 0x0000,
    0x0000, 0x0000, 0x0000, 0x0000, 0x0000, 0x0000, 0x0000, 0x0000,
    0x0000, 0x0000, 0x0000, 0x0000, 0x0000, 0x0000, 0x0000, 0x0000,
    0x0000, 0x0000, 0x0000, 0x0000, 0x0000, 0x0000, 0x0000, 0x0000,
    0x0000, 0x0000, 0x0000, 0x0000, 0x0000, 0x0000, 0x0000, 0x0000,
    0x0000, 0x0000, 0x0000, 0x0000, 0x0000, 0x0000, 0x0000, 0x0000,
    0x0000, 0x0000, 0x0000, 0x0000, 0x0000, 0x0000, 0x0000, 0x0000,
    0x0000, 0x0000, 0x0000, 0x0000, 0x0000, 0x0000, 0x0000, 0x0000,
    0x0000, 0x0000, 0x0000, 0x0000, 0x0000, 0x0000, 0x0000, 0x0000,
    0x0000, 0x0000, 0x0000, 0x0000, 0x0000, 0x0000, 0x0000, 0x0000,
    0x0000, 0x0000, 0x0000, 0x0000, 0x0000, 0x0000, 0x0000, 0x0000,
    0x0000, 0x0000, 0x0000, 0x0000, 0x0000, 0x0000, 0x0000, 0x0000,
    0x0000, 0x0000, 0x0000, 0x0000, 0x0000, 0x0000, 0x0000, 0x0000,
    0x0000, 0x0000, 0x0000, 0x0000, 0x0000, 0x0000, 0x0000, 0x0000,
    0x0000, 0x0000, 0x0000, 0x0000, 0x0000, 0x0000, 0x0000, 0x0000,
    0x0000, 0x0000, 0x0000, 0x0000, 0x0000, 0x0000, 0x0000, 0x0000,
    0x0000, 0x0000, 0x0000, 0x0000, 0x0000, 0x0000, 0x0000, 0x0000,
    0x0000, 0x0000, 0x0000, 0x0000, 0x0000, 0x0000, 0x0000, 0x0000,
    0x0000, 0x0000, 0x0000, 0x0000, 0x0000, 0x0000, 0x0000, 0x0000,
    0x0000, 0x0000, 0x0000, 0x0000, 0x0000, 0x0000, 0x0000, 0x0000,
    0x0000, 0x0000, 0x0000, 0x0000, 0x0000, 0x0000, 0x0000, 0x0000,
    0x0000, 0x0000, 0x0000, 0x0000, 0x0000, 0x0000, 0x0000, 0x0000,
    0x0000, 0x0000, 0x0000, 0x0000, 0x0000, 0x0000, 0x0000, 0x0000,
    0x0000, 0x0000, 0x0000, 0x0000, 0x0000, 0x0000, 0x0000, 0x0000,
    0x0000, 0x0000, 0x0000, 0x0000, 0x0000, 0x0000, 0x0000, 0x0000,
    0x0000, 0x0000, 0x0000, 0x0000, 0x0000, 0x0000, 0x0000, 0x0000,
    0x0000, 0x0000, 0x0000, 0x0000, 0x0000, 0x0000, 0x0000, 0x0000,
    0x0000, 0x0000, 0x0000, 0x0000, 0x0000, 0x0000, 0x0000, 0x0000,
    0x0000, 0x0000, 0x0000, 0x0000, 0x0000, 0x0000, 0x0000, 0x0000,
    0x0000, 0x0000, 0x0000, 0x0000, 0x0000, 0x0000, 0x0000, 0x0000,
    0x0000, 0x0000, 0x0000, 0x0000, 0x0000, 0x0000, 0x0000, 0x0000,
    0x0000, 0x0000, 0x0000, 0x0000, 0x0000, 0x0000, 0x0000, 0x0000,
    0x0000, 0x0000, 0x0000, 0x0000, 0x0000, 0x0000, 0x0000, 0x0000,
    0x0000, 0x0000, 0x0000, 0x0000, 0x0000, 0x0000, 0x0000, 0x0000,
    0x0000, 0x0000, 0x0000, 0x0000, 0x0000, 0x0000, 0x0000, 0x0000,
    0x0000, 0x0000, 0x0000, 0x0000, 0x0000, 0x0000, 0x0000, 0x0000,
    0x0000, 0x0000, 0x0000, 0x0000, 0x0000, 0x0000, 0x0000, 0x0000,
    0x0000, 0x0000, 0x0000, 0x0000, 0x0000, 0x0000, 0x0000, 0x0000,
    0x0000, 0x0000, 0x0000, 0x0000, 0x0000, 0x0000, 0x0000, 0x0000,
    0x0000, 0x0000, 0x0000, 0x0000, 0x0000, 0x0000, 0x0000, 0x0000,
    0x0000, 0x0000, 0x0000, 0x0000, 0x0000, 0x0000, 0x0000, 0x0000,
    0x0000, 0x0000, 0x0000, 0x0000, 0x0000, 0x0000, 0x0000, 0x0000,
    0x0000, 0x0000, 0x0000, 0x0000, 0x0000, 0x0000, 0x0000, 0x0000,
    0x0000, 0x0000, 0x0000, 0x0000, 0x0000, 0x0000, 0x0000, 0x0000,
    0x0000, 0x0000, 0x0000, 0x0000, 0x0000, 0x0000, 0x0000, 0x0000,
    0x0000, 0x0000, 0x0000, 0x0000, 0x0000, 0x0000, 0x0000, 0x0000,
    0x0000, 0x0000, 0x0000, 0x0000, 0x0000, 0x0000, 0x0000, 0x0000,
    0x0000, 0x0000, 0x0000, 0x0000, 0x0000, 0x0000, 0x0000, 0x0000,
    0x0000, 0x0000, 0x0000, 0x0000, 0x0000, 0x0000, 0x0000, 0x0000,
    0x0000, 0x0000, 0x0000, 0x0000, 0x0000, 0x0000, 0x0000, 0x0000,
    0x0000, 0x0000, 0x0000, 0x0000, 0x0000, 0x0000, 0x0000, 0x0000,
    0x0000, 0x0000, 0x0000, 0x0000, 0x0000, 0x0000, 0x0000, 0x0000,
    0x0000, 0x0000, 0x0000, 0x0000, 0x0000, 0x0000, 0x0000, 0x0000,
    0x0000, 0x0000, 0x0000, 0x0000, 0x0000, 0x0000, 0x0000, 0x0000,
    0x0000, 0x0000, 0x0000, 0x0000, 0x0000, 0x0000, 0x0000, 0x0000,
    0x0000, 0x0000, 0x0000, 0x0000, 0x0000, 0x0000, 0x0000, 0x0000,
    0x0000, 0x0000, 0x0000, 0x0000, 0x0000, 0x0000, 0x0000, 0x0000,
    0x0000, 0x0000, 0x0000, 0x0000, 0x0000, 0x0000, 0x0000, 0x0000,
    0x0000, 0x0000, 0x0000, 0x0000, 0x0000, 0x0000, 0x0000, 0x0000,
    0x0000, 0x0000, 0x0000, 0x0000, 0x0000, 0x0000, 0x0000, 0x0000,
    0x0000, 0x0000, 0x0000, 0x0000, 0x0000, 0x0000, 0x0000, 0x0000,
    0x0000, 0x0000, 0x0000, 0x0000, 0x0000, 0x0000, 0x0000, 0x0000,
    0x0000, 0x0000, 0x0000, 0x0000, 0x0000, 0x0000, 0x0000, 0x0000,
    0x0000, 0x0000, 0x0000, 0x0000, 0x0000, 0x0000, 0x0000, 0x0000,
    0x0000, 0x0000, 0x0000, 0x0000, 0x0000, 0x0000, 0x0000, 0x0000,
    0x0000, 0x0000, 0x0000, 0x0000, 0x0000, 0x0000, 0x0000, 0x0000,
    0x0000, 0x0000, 0x0000, 0x0000, 0x0000, 0x0000, 0x0000, 0x0000,
    0x0000, 0x0000, 0x0000, 0x0000, 0x0000, 0x0000, 0x0000, 0x0000,
    0x0000, 0x0000, 0x0000, 0x0000, 0x0000, 0x0000, 0x0000, 0x0000,
    0x0000, 0x0000, 0x0000, 0x0000, 0x0000, 0x0000, 0x0000, 0x0000,
    0x0000, 0x0000, 0x0000, 0x0000, 0x0000, 0x0000, 0x0000, 0x0000,
    0x0000, 0x0000, 0x0000, 0x0000, 0x0000, 0x0000, 0x0000, 0x0000,
    0x0000, 0x0000, 0x0000, 0x0000, 0x0000, 0x0000, 0x0000, 0x0000,
    0x0000, 0x0000, 0x0000, 0x0000, 0x0000, 0x0000, 0x0000, 0x0000,
    0x0000, 0x0000, 0x0000, 0x0000, 0x0000, 0x0000, 0x0000, 0x0000,
    0x0000, 0x0000, 0x0000, 0x0000, 0x0000, 0x0000, 0x0000, 0x0000,
    0x0000, 0x0000, 0x0000, 0x0000, 0x0000, 0x0000, 0x0000, 0x0000,
    0x0000, 0x0000, 0x0000, 0x0000, 0x0000, 0x0000, 0x0000, 0x0000,
    0x0000, 0x0000, 0x0000, 0x0000, 0x0000, 0x0000, 0x0000, 0x0000,
    0x0000, 0x0000, 0x0000, 0x0000, 0x0000, 0x0000, 0x0000, 0x0000,
    0x0000, 0x0000, 0x0000, 0x0000, 0x0000, 0x0000, 0x0000, 0x0000,
    0x0000, 0x0000, 0x0000, 0x0000, 0x0000, 0x0000, 0x0000, 0x0000,
    0x0000, 0x0000, 0x0000, 0x0000, 0x0000, 0x0000, 0x0000, 0x0000,
    0x0000, 0x0000, 0x0000, 0x0000, 0x0000, 0x0000, 0x0000, 0x0000,
    0x0000, 0x0000, 0x0000, 0x0000, 0x0000, 0x0000, 0x0000, 0x0000,
    0x0000, 0x0000, 0x0000, 0x0000, 0x0000, 0x0000, 0x0000, 0x0000,
    0x0000, 0x0000, 0x0000, 0x0000, 0x0000, 0x0000, 0x0000, 0x0000,
    0x0000, 0x0000, 0x0000, 0x0000, 0x0000, 0x0000, 0x0000, 0x0000,
    0x0000, 0x0000, 0x0000, 0x0000, 0x0000, 0x0000, 0x0000, 0x0000,
    0x0000, 0x0000, 0x0000, 0x0000, 0x0000, 0x0000, 0x0000, 0x0000,
    0x0000, 0x0000, 0x0000, 0x0000, 0x0000, 0x0000, 0x0000, 0x0000,
    0x0000, 0x0000, 0x0000, 0x0000, 0x0000, 0x0000, 0x0000, 0x0000,
    0x0000, 0x0000, 0x0000, 0x0000, 0x0000, 0x0000, 0x0000, 0x0000,
    0x0000, 0x0000, 0x0000, 0x0000, 0x0000, 0x0000, 0x0000, 0x0000,
    0x0000, 0x0000, 0x0000, 0x0000, 0x0000, 0x0000, 0x0000, 0x0000,
    0x0000, 0x0000, 0x0000, 0x0000, 0x0000, 0x0000, 0x0000, 0x0000,
    0x0000, 0x0000, 0x0000, 0x0000, 0x0000, 0x0000, 0x0000, 0x0000,
    0x0000, 0x0000, 0x0000, 0x0000, 0x0000, 0x0000, 0x0000, 0x0000,
    0x0000, 0x0000, 0x0000, 0x0000, 0x0000, 0x0000, 0x0000, 0x0000,
    0x0000, 0x0000, 0x0000, 0x0000, 0x0000, 0x0000, 0x0000, 0x0000,
    0x0000, 0x0000, 0x0000, 0x0000, 0x0000, 0x0000, 0x0000, 0x0000,
    0x0000, 0x0000, 0x0000, 0x0000, 0x0000, 0x0000, 0x0000, 0x0000,
    0x0000, 0x0000, 0x0000, 0x0000, 0x0000, 0x0000, 0x0000, 0x0000,
    0x0000, 0x0000, 0x0000, 0x0000, 0x0000, 0x0000, 0x0000, 0x0000,
    0x0000, 0x0000, 0x0000, 0x0000, 0x0000, 0x0000, 0x0000, 0x0000,
    0x0000, 0x0000, 0x0000, 0x0000, 0x0000, 0x0000, 0x0000, 0x0000,
    0x0000, 0x0000, 0x0000, 0x0000, 0x0000, 0x0000, 0x0000, 0x0000,
    0x0000, 0x0000, 0x0000, 0x0000, 0x0000, 0x0000, 0x0000, 0x0000,
    0x0000, 0x0000, 0x0000, 0x0000, 0x0000, 0x0000, 0x0000, 0x0000,
    0x0000, 0x0000, 0x0000, 0x0000, 0x0000, 0x0000, 0x0000, 0x0000,
    0x0000, 0x0000, 0x0000, 0x0000, 0x0000, 0x0000, 0x0000, 0x0000,
    0x0000, 0x0000, 0x0000, 0x0000, 0x0000, 0x0000, 0x0000, 0x0000,
    0x0000, 0x0000, 0x0000, 0x0000, 0x0000, 0x0000, 0x0000, 0x0000,
    0x0000, 0x0000, 0x0000, 0x0000, 0x0000, 0x0000, 0x0000, 0x0000,
    0x0000, 0x0000, 0x0000, 0x0000, 0x0000, 0x0000, 0x0000, 0x0000,
    0x0000, 0x0000, 0x0000, 0x0000, 0x0000, 0x0000, 0x0000, 0x0000,
    0x0000, 0x0000, 0x0000, 0x0000, 0x0000, 0x0000, 0x0000, 0x0000,
    0x0000, 0x0000, 0x0000, 0x0000, 0x0000, 0x0000, 0x0000, 0x0000,
    0x0000, 0x0000, 0x0000, 0x0000, 0x0000, 0x0000, 0x0000, 0x0000,
    0x0000, 0x0000, 0x0000, 0x0000, 0x0000, 0x0000, 0x0000, 0x0000,
    0x0000, 0x0000, 0x0000, 0x0000, 0x0000, 0x0000, 0x0000, 0x0000,
    0x0000, 0x0000, 0x0000, 0x0000, 0x0000, 0x0000, 0x0000, 0x0000,
    0x0000, 0x0000, 0x0000, 0x0000, 0x0000, 0x0000, 0x0000, 0x0000,
    0x0000, 0x0000, 0x0000, 0x0000, 0x0000, 0x0000, 0x0000, 0x0000,
    0x0000, 0x0000, 0x0000, 0x0000, 0x0000, 0x0000, 0x0000, 0x0000,
    0x0000, 0x0000, 0x0000, 0x0000, 0x0000, 0x0000, 0x0000, 0x0000,
    0x0000, 0x0000, 0x0000, 0x0000, 0x0000, 0x0000, 0x0000, 0x0000,
    0x0000, 0x0000, 0x0000, 0x0000, 0x0000, 0x0000, 0x0000, 0x0000,
    0x0000, 0x0000, 0x0000, 0x0000, 0x0000, 0x0000, 0x0000, 0x0000,
    0x0000, 0x0000, 0x0000, 0x0000, 0x0000, 0x0000, 0x0000, 0x0000,
    0x0000, 0x0000, 0x0000, 0x0000, 0x0000, 0x0000, 0x0000, 0x0000,
    0x0000, 0x0000, 0x0000, 0x0000, 0x0000, 0x0000, 0x0000, 0x0000,
    0x0000, 0x0000, 0x0000, 0x0000, 0x0000, 0x0000, 0x0000, 0x0000,
    0x0000, 0x0000, 0x0000, 0x0000, 0x0000, 0x0000, 0x0000, 0x0000,
    0x0000, 0x0000, 0x0000, 0x0000, 0x0000, 0x0000, 0x0000, 0x0000,
    0x0000, 0x0000, 0x0000, 0x0000, 0x0000, 0x0000, 0x0000, 0x0000,
    0x0000, 0x0000, 0x0000, 0x0000, 0x0000, 0x0000, 0x0000, 0x0000,
    0x0000, 0x0000, 0x0000, 0x0000, 0x0000, 0x0000, 0x0000, 0x0000,
    0x0000, 0x0000, 0x0000, 0x0000, 0x0000, 0x0000, 0x0000, 0x0000,
    0x0000, 0x0000, 0x0000, 0x0000, 0x0000, 0x0000, 0x0000, 0x0000,
    0x0000, 0x0000, 0x0000, 0x0000, 0x0000, 0x0000, 0x0000, 0x0000,
    0x0000, 0x0000, 0x0000, 0x0000, 0x0000, 0x0000, 0x0000, 0x0000,
    0x0000, 0x0000, 0x0000, 0x0000, 0x0000, 0x0000, 0x0000, 0x0000,
    0x0000, 0x0000, 0x0000, 0x0000, 0x0000, 0x0000, 0x0000, 0x0000,
    0x0000, 0x0000, 0x0000, 0x0000, 0x0000, 0x0000, 0x0000, 0x0000,
    0x0000, 0x0000, 0x0000, 0x0000, 0x0000, 0x0000, 0x0000, 0x0000,
    0x0000, 0x0000, 0x0000, 0x0000, 0x0000, 0x0000, 0x0000, 0x0000,
    0x0000, 0x0000, 0x0000, 0x0000, 0x0000, 0x0000, 0x0000, 0x0000,
    0x0000, 0x0000, 0x0000, 0x0000, 0x0000, 0x0000, 0x0000, 0x0000,
    0x0000, 0x0000, 0x0000, 0x0000, 0x0000, 0x0000, 0x0000, 0x0000,
    0x0000, 0x0000, 0x0000, 0x0000, 0x0000, 0x0000, 0x0000, 0x0000,
    0x0000, 0x0000, 0x0000, 0x0000, 0x0000, 0x0000, 0x0000, 0x0000,
    0x0000, 0x0000, 0x0000, 0x0000, 0x0000, 0x0000, 0x0000, 0x0000,
    0x0000, 0x0000, 0x0000, 0x0000, 0x0000, 0x0000, 0x0000, 0x0000,
    0x0000, 0x0000, 0x0000, 0x0000, 0x0000, 0x0000, 0x0000, 0x0000,
    0x0000, 0x0000, 0x0000, 0x0000, 0x0000, 0x0000, 0x0000, 0x0000,
    0x0000, 0x0000, 0x0000, 0x0000, 0x0000, 0x0000, 0x0000, 0x0000,
    0x0000, 0x0000, 0x0000, 0x0000, 0x0000, 0x0000, 0x0000, 0x0000,
    0x0000, 0x0000, 0x0000, 0x0000, 0x0000, 0x0000, 0x0000, 0x0000,
    0x0000, 0x0000, 0x0000, 0x0000, 0x0000, 0x0000, 0x0000, 0x0000,
    0x0000, 0x0000, 0x0000, 0x0000, 0x0000, 0x0000, 0x0000, 0x0000,
    0x0000, 0x0000, 0x0000, 0x0000, 0x0000, 0x0000, 0x0000, 0x0000,
    0x0000, 0x0000, 0x0000, 0x0000, 0x0000, 0x0000, 0x0000, 0x0000,
    0x0000, 0x0000, 0x0000, 0x0000, 0x0000, 0x0000, 0x0000, 0x0000,
    0x0000, 0x0000, 0x0000, 0x0000, 0x0000, 0x0000, 0x0000, 0x0000,
    0x0000, 0x0000, 0x0000, 0x0000, 0x0000, 0x0000, 0x0000, 0x0000,
    0x0000, 0x0000, 0x0000, 0x0000, 0x0000, 0x0000, 0x0000, 0x0000,
    0x0000, 0x0000, 0x0000, 0x0000, 0x0000, 0x0000, 0x0000, 0x0000,
    0x0000, 0x0000, 0x0000, 0x0000, 0x0000, 0x0000, 0x0000, 0x0000,
    0x0000, 0x0000, 0x0000, 0x0000, 0x0000, 0x0000, 0x0000, 0x0000,
    0x0000, 0x0000, 0x0000, 0x0000, 0x0000, 0x0000, 0x0000, 0x0000,
    0x0000, 0x0000, 0x0000, 0x0000, 0x0000, 0x0000, 0x0000, 0x0000,
    0x0000, 0x0000, 0x0000, 0x0000, 0x0000, 0x0000, 0x0000, 0x0000,
    0x0000, 0x0000, 0x0000, 0x0000, 0x0000, 0x0000, 0x0000, 0x0000,
    0x0000, 0x0000, 0x0000, 0x0000, 0x0000, 0x0000, 0x0000, 0x0000,
    0x0000, 0x0000, 0x0000, 0x0000, 0x0000, 0x0000, 0x0000, 0x0000,
    0x0000, 0x0000, 0x0000, 0x0000, 0x0000, 0x0000, 0x0000, 0x0000,
    0x0000, 0x0000, 0x0000, 0x0000, 0x0000, 0x0000, 0x0000, 0x0000,
    0x0000, 0x0000, 0x0000, 0x0000, 0x0000, 0x0000, 0x0000, 0x0000,
    0x0000, 0x0000, 0x0000, 0x0000, 0x0000, 0x0000, 0x0000, 0x0000,
    0x0000, 0x0000, 0x0000, 0x0000, 0x0000, 0x0000, 0x0000, 0x0000,
    0x0000, 0x0000, 0x0000, 0x0000, 0x0000, 0x0000, 0x0000, 0x0000,
    0x0000, 0x0000, 0x0000, 0x0000, 0x0000, 0x0000, 0x0000, 0x0000,
    0x0000, 0x0000, 0x0000, 0x0000, 0x0000, 0x0000, 0x0000, 0x0000,
    0x0000, 0x0000, 0x0000, 0x0000, 0x0000, 0x0000, 0x0000, 0x0000,
    0x0000, 0x0000, 0x0000, 0x0000, 0x0000, 0x0000, 0x0000, 0x0000,
    0x0000, 0x0000, 0x0000, 0x0000, 0x0000, 0x0000, 0x0000, 0x0000,
    0x0000, 0x0000, 0x0000, 0x0000, 0x0000, 0x0000, 0x0000, 0x0000,
    0x0000, 0x0000, 0x0000, 0x0000, 0x0000, 0x0000, 0x0000, 0x0000,
    0x0000, 0x0000, 0x0000, 0x0000, 0x0000, 0x0000, 0x0000, 0x0000,
    0x0000, 0x0000, 0x0000, 0x0000, 0x0000, 0x0000, 0x0000, 0x0000,
    0x0000, 0x0000, 0x0000, 0x0000, 0x0000, 0x0000, 0x0000, 0x0000,
    0x0000, 0x0000, 0x0000, 0x0000, 0x0000, 0x0000, 0x0000, 0x0000,
    0x0000, 0x0000, 0x0000, 0x0000, 0x0000, 0x0000, 0x0000, 0x0000,
    0x0000, 0x0000, 0x0000, 0x0000, 0x0000, 0x0000, 0x0000, 0x0000,
    0x0000, 0x0000, 0x0000, 0x0000, 0x0000, 0x0000, 0x0000, 0x0000,
    0x0000, 0x0000, 0x0000, 0x0000, 0x0000, 0x0000, 0x0000, 0x0000,
    0x0000, 0x0000, 0x0000, 0x0000, 0x0000, 0x0000, 0x0000, 0x0000,
    0x0000, 0x0000, 0x0000, 0x0000, 0x0000, 0x0000, 0x0000, 0x0000,
    0x0000, 0x0000, 0x0000, 0x0000, 0x0000, 0x0000, 0x0000, 0x0000,
    0x0000, 0x0000, 0x0000, 0x0000, 0x0000, 0x0000, 0x0000, 0x0000,
    0x0000, 0x0000, 0x0000, 0x0000, 0x0000, 0x0000, 0x0000, 0x0000,
    0x0000, 0x0000, 0x0000, 0x0000, 0x0000, 0x0000, 0x0000, 0x0000,
    0x0000, 0x0000, 0x0000, 0x0000, 0x0000, 0x0000, 0x0000, 0x0000,
    0x0000, 0x0000, 0x0000, 0x0000, 0x0000, 0x0000, 0x0000, 0x0000,
    0x0000, 0x0000, 0x0000, 0x0000, 0x0000, 0x0000, 0x0000, 0x0000,
    0x0000, 0x0000, 0x0000, 0x0000, 0x0000, 0x0000, 0x0000, 0x0000,
    0x0000, 0x0000, 0x0000, 0x0000, 0x0000, 0x0000, 0x0000, 0x0000,
    0x0000, 0x0000, 0x0000, 0x0000, 0x0000, 0x0000, 0x0000, 0x0000,
    0x0000, 0x0000, 0x0000, 0x0000, 0x0000, 0x0000, 0x0000, 0x0000,
    0x0000, 0x0000, 0x0000, 0x0000, 0x0000, 0x0000, 0x0000, 0x0000,
    0x0000, 0x0000, 0x0000, 0x0000, 0x0000, 0x0000, 0x0000, 0x0000,
    0x0000, 0x0000, 0x0000, 0x0000, 0x0000, 0x0000, 0x0000, 0x0000,
    0x0000, 0x0000, 0x0000, 0x0000, 0x0000, 0x0000, 0x0000, 0x0000,
    0x0000, 0x0000, 0x0000, 0x0000, 0x0000, 0x0000, 0x0000, 0x0000,
    0x0000, 0x0000, 0x0000, 0x0000, 0x0000, 0x0000, 0x0000, 0x0000,
    0x0000, 0x0000, 0x0000, 0x0000, 0x0000, 0x0000, 0x0000, 0x0000,
    0x0000, 0x0000, 0x0000, 0x0000, 0x0000, 0x0000, 0x0000, 0x0000,
    0x0000, 0x0000, 0x0000, 0x0000, 0x0000, 0x0000, 0x0000, 0x0000,
    0x0000, 0x0000, 0x0000, 0x0000, 0x0000, 0x0000, 0x0000, 0x0000,
    0x0000, 0x0000, 0x0000, 0x0000, 0x0000, 0x0000, 0x0000, 0x0000,
    0x0000, 0x0000, 0x0000, 0x0000, 0x0000, 0x0000, 0x0000, 0x0000,
    0x0000, 0x0000, 0x0000, 0x0000, 0x0000, 0x0000, 0x0000, 0x0000,
    0x0000, 0x0000, 0x0000, 0x0000, 0x0000, 0x0000, 0x0000, 0x0000,
    0x0000, 0x0000, 0x0000, 0x0000, 0x0000, 0x0000, 0x0000, 0x0000,
    0x0000, 0x0000, 0x0000, 0x0000, 0x0000, 0x0000, 0x0000, 0x0000,
    0x0000, 0x0000, 0x0000, 0x0000, 0x0000, 0x0000, 0x0000, 0x0000,
    0x0000, 0x0000, 0x0000, 0x0000, 0x0000, 0x0000, 0x0000, 0x0000,
    0x0000, 0x0000, 0x0000, 0x0000, 0x0000, 0x0000, 0x0000, 0x0000,
    0x0000, 0x0000, 0x0000, 0x0000, 0x0000, 0x0000, 0x0000, 0x0000,
    0x0000, 0x0000, 0x0000, 0x0000, 0x0000, 0x0000, 0x0000, 0x0000,
    0x0000, 0x0000, 0x0000, 0x0000, 0x0000, 0x0000, 0x0000, 0x0000,
    0x0000, 0x0000, 0x0000, 0x0000, 0x0000, 0x0000, 0x0000, 0x0000,
    0x0000, 0x0000, 0x0000, 0x0000, 0x0000, 0x0000, 0x0000, 0x0000,
    0x0000, 0x0000, 0x0000, 0x0000, 0x0000, 0x0000, 0x0000, 0x0000,
    0x0000, 0x0000, 0x0000, 0x0000, 0x0000, 0x0000, 0x0000, 0x0000,
    0x0000, 0x0000, 0x0000, 0x0000, 0x0000, 0x0000, 0x0000, 0x0000,
    0x0000, 0x0000, 0x0000, 0x0000, 0x0000, 0x0000, 0x0000, 0x0000,
    0x0000, 0x0000, 0x0000, 0x0000, 0x0000, 0x0000, 0x0000, 0x0000,
    0x0000, 0x0000, 0x0000, 0x0000, 0x0000, 0x0000, 0x0000, 0x0000,
    0x0000, 0x0000, 0x0000, 0x0000, 0x0000, 0x0000, 0x0000, 0x0000,
    0x0000, 0x0000, 0x0000, 0x0000, 0x0000, 0x0000, 0x0000, 0x0000,
    0x0000, 0x0000, 0x0000, 0x0000, 0x0000, 0x0000, 0x0000, 0x0000,
    0x0000, 0x0000, 0x0000, 0x0000, 0x0000, 0x0000, 0x0000, 0x0000,
};

static inline uint16_t pdr16_at_rom_read_word(uint16_t addr) {
    const uint16_t chunk_index = addr / PDR16_AT_ROM_CHUNK_WORDS;
    const uint16_t chunk_offset = addr % PDR16_AT_ROM_CHUNK_WORDS;
    switch (chunk_index) {
        case 0u:
            return pgm_read_word_far(pgm_get_far_address(pdr16_at_forth_rom_chunk_0) + ((uint32_t)chunk_offset * 2u));
        case 1u:
            return pgm_read_word_far(pgm_get_far_address(pdr16_at_forth_rom_chunk_1) + ((uint32_t)chunk_offset * 2u));
        case 2u:
            return pgm_read_word_far(pgm_get_far_address(pdr16_at_forth_rom_chunk_2) + ((uint32_t)chunk_offset * 2u));
        case 3u:
            return pgm_read_word_far(pgm_get_far_address(pdr16_at_forth_rom_chunk_3) + ((uint32_t)chunk_offset * 2u));
        default:
            return 0xFFFFu;
    }
}

#endif
