:100000000C94E9800C941A810C941A810C941A8136
:100010000C941A810C941A810C941A810C941A81F4
:100020000C941A810C941A810C941A810C941A81E4
:100030000C941A810C941A810C941A810C941A81D4
:100040000C941A810C941A810C941A810C941A81C4
:100050000C941A810C941A810C941A810C94C48803
:100060000C941A810C948E880C9464880C941A81D8
:100070000C941A810C941A810C941A810C941A8194
:100080000C941A810C941A810C941A810C941A8184
:100090000C941A810C941A810C941A810C941A8174
:1000A0000C941A810C941A810C941A810C941A8164
:1000B0000C941A810C941A810C941A810C941A8154
:1000C0000C941A810C941A810C941A810C941A8144
:1000D0000C941A810C941A810C941A810C941A8134
:1000E0000C941A810C9479850C94D5830C943C84DF
:1000F0000C9440870C94CE860C945A820C948E8477
:100100000C945A860C9449810C94D0870C944288A4
:100110000C9495830C94FF810C946B870C94C8838A
:100120000C94E2850C94CC850C9417830C94108667
:100130000C9451820C94A9870C943E850C94908564
:100140000C9459870C9444860C9422880C945B87F9
:100150000C9426860C94ED840C94FB870C946F868B
:100160000C9499840C940E860C94CE870C940D8379
:100170000C9428860C9412830C94B1830C941C81EB
:100180000C947F870C94F4860C9458810C942884EA
:100190000C9450820C94B2810C941A870C947A813E
:1001A0000C945F840C94B6850C94A7870C94888675
:1001B0000C948F870C946C810C94BD830C94648593
:1001C0000C94CF8A0C94F8850C9403840C942885A5
:1001D000000000000000000000000000000000001F
:1001E000000000000000000000000000000000000F
:1001F00000000000000000000000000000000000FF
:1002000000000000000000000000000000000000EE
:1002100000000000000000000000000000000000DE
:1002200000000000000000000000000000000000CE
:1002300000000000000000000000000000000000BE
:1002400000000000000000000000000000000000AE
:10025000000000000000000000000000000000009E
:10026000000000000000000000000000000000008E
:10027000000000000000000000000000000000007E
:10028000000000000000000000000000000000006E
:10029000000000000000000000000000000000005E
:1002A000000000000000000000000000000000004E
:1002B000000000000000000000000000000000003E
:1002C000000000000000000000000000000000002E
:1002D000000000000000000000000000000000001E
:1002E000000000000000000000000000000000000E
:1002F00000000000000000000000000000000000FE
:1003000000000000000000000000000000000000ED
:1003100000000000000000000000000000000000DD
:1003200000000000000000000000000000000000CD
:1003300000000000000000000000000000000000BD
:1003400000000000000000000000000000000000AD
:10035000000000000000000000000000000000009D
:10036000000000000000000000000000000000008D
:10037000000000000000000000000000000000007D
:10038000000000000000000000000000000000006D
:10039000000000000000000000000000000000005D
:1003A000000000000000000000000000000000004D
:1003B000000000000000000000000000000000003D
:1003C000000000000000000000000000000000002D
:1003D000000000000000000000000000000000001D
:1003E000000000000000000000000000000000000D
:1003F00000000000000000000000000000000000FD
:1004000000000000000000000000000000000000EC
:1004100000000000000000000000000000000000DC
:1004200000000000000000000000000000000000CC
:1004300000000000000000000000000000000000BC
:1004400000000000000000000000000000000000AC
:10045000000000000000000000000000000000009C
:10046000000000000000000000000000000000008C
:10047000000000000000000000000000000000007C
:10048000000000000000000000000000000000006C
:10049000000000000000000000000000000000005C
:1004A000000000000000000000000000000000004C
:1004B000000000000000000000000000000000003C
:1004C000000000000000000000000000000000002C
:1004D000000000000000000000000000000000001C
:1004E000000000000000000000000000000000000C
:1004F00000000000000000000000000000000000FC
:1005000000000000000000000000000000000000EB
:1005100000000000000000000000000000000000DB
:1005200000000000000000000000000000000000CB
:1005300000000000000000000000000000000000BB
:1005400000000000000000000000000000000000AB
:10055000000000000000000000000000000000009B
:10056000000000000000000000000000000000008B
:10057000000000000000000000000000000000007B
:10058000000000000000000000000000000000006B
:10059000000000000000000000000000000000005B
:1005A000000000000000000000000000000000004B
:1005B000000000000000000000000000000000003B
:1005C000000000000000000000000000000000002B
:1005D000000000000000000000000000000000001B
:1005E000000000000000000000000000000000000B
:1005F00000000000000000000000000000000000FB
:1006000000000000000000000000000000000000EA
:1006100000000000000000000000000000000000DA
:1006200000000000000000000000000000000000CA
:1006300000000000000000000000000000000000BA
:1006400000000000000000000000000000000000AA
:10065000000000000000000000000000000000009A
:10066000000000000000000000000000000000008A
:10067000000000000000000000000000000000007A
:10068000000000000000000000000000000000006A
:10069000000000000000000000000000000000005A
:1006A000000000000000000000000000000000004A
:1006B000000000000000000000000000000000003A
:1006C000000000000000000000000000000000002A
:1006D000000000000000000000000000000000001A
:1006E000000000000000000000000000000000000A
:1006F00000000000000000000000000000000000FA
:1007000000000000000000000000000000000000E9
:1007100000000000000000000000000000000000D9
:1007200000000000000000000000000000000000C9
:1007300000000000000000000000000000000000B9
:1007400000000000000000000000000000000000A9
:100750000000000000000000000000000000000099
:100760000000000000000000000000000000000089
:100770000000000000000000000000000000000079
:100780000000000000000000000000000000000069
:100790000000000000000000000000000000000059
:1007A0000000000000000000000000000000000049
:1007B0000000000000000000000000000000000039
:1007C0000000000000000000000000000000000029
:1007D0000000000000000000000000000000000019
:1007E0000000000000000000000000000000000009
:1007F00000000000000000000000000000000000F9
:1008000000000000000000000000000000000000E8
:1008100000000000000000000000000000000000D8
:1008200000000000000000000000000000000000C8
:1008300000000000000000000000000000000000B8
:1008400000000000000000000000000000000000A8
:100850000000000000000000000000000000000098
:100860000000000000000000000000000000000088
:100870000000000000000000000000000000000078
:100880000000000000000000000000000000000068
:100890000000000000000000000000000000000058
:1008A0000000000000000000000000000000000048
:1008B0000000000000000000000000000000000038
:1008C0000000000000000000000000000000000028
:1008D0000000000000000000000000000000000018
:1008E0000000000000000000000000000000000008
:1008F00000000000000000000000000000000000F8
:1009000000000000000000000000000000000000E7
:1009100000000000000000000000000000000000D7
:1009200000000000000000000000000000000000C7
:1009300000000000000000000000000000000000B7
:1009400000000000000000000000000000000000A7
:100950000000000000000000000000000000000097
:100960000000000000000000000000000000000087
:100970000000000000000000000000000000000077
:100980000000000000000000000000000000000067
:100990000000000000000000000000000000000057
:1009A0000000000000000000000000000000000047
:1009B0000000000000000000000000000000000037
:1009C0000000000000000000000000000000000027
:1009D0000000000000000000000000000000000017
:1009E0000000000000000000000000000000000007
:1009F00000000000000000000000000000000000F7
:100A000000000000000000000000000000000000E6
:100A100000000000000000000000000000000000D6
:100A200000000000000000000000000000000000C6
:100A300000000000000000000000000000000000B6
:100A400000000000000000000000000000000000A6
:100A50000000000000000000000000000000000096
:100A60000000000000000000000000000000000086
:100A70000000000000000000000000000000000076
:100A80000000000000000000000000000000000066
:100A90000000000000000000000000000000000056
:100AA0000000000000000000000000000000000046
:100AB0000000000000000000000000000000000036
:100AC0000000000000000000000000000000000026
:100AD0000000000000000000000000000000000016
:100AE0000000000000000000000000000000000006
:100AF00000000000000000000000000000000000F6
:100B000000000000000000000000000000000000E5
:100B100000000000000000000000000000000000D5
:100B200000000000000000000000000000000000C5
:100B300000000000000000000000000000000000B5
:100B400000000000000000000000000000000000A5
:100B50000000000000000000000000000000000095
:100B60000000000000000000000000000000000085
:100B70000000000000000000000000000000000075
:100B80000000000000000000000000000000000065
:100B90000000000000000000000000000000000055
:100BA0000000000000000000000000000000000045
:100BB0000000000000000000000000000000000035
:100BC0000000000000000000000000000000000025
:100BD0000000000000000000000000000000000015
:100BE0000000000000000000000000000000000005
:100BF00000000000000000000000000000000000F5
:100C000000000000000000000000000000000000E4
:100C100000000000000000000000000000000000D4
:100C200000000000000000000000000000000000C4
:100C300000000000000000000000000000000000B4
:100C400000000000000000000000000000000000A4
:100C50000000000000000000000000000000000094
:100C60000000000000000000000000000000000084
:100C70000000000000000000000000000000000074
:100C80000000000000000000000000000000000064
:100C90000000000000000000000000000000000054
:100CA0000000000000000000000000000000000044
:100CB0000000000000000000000000000000000034
:100CC0000000000000000000000000000000000024
:100CD0000000000000000000000000000000000014
:100CE0000000000000000000000000000000000004
:100CF00000000000000000000000000000000000F4
:100D000000000000000000000000000000000000E3
:100D100000000000000000000000000000000000D3
:100D200000000000000000000000000000000000C3
:100D300000000000000000000000000000000000B3
:100D400000000000000000000000000000000000A3
:100D50000000000000000000000000000000000093
:100D60000000000000000000000000000000000083
:100D70000000000000000000000000000000000073
:100D80000000000000000000000000000000000063
:100D90000000000000000000000000000000000053
:100DA0000000000000000000000000000000000043
:100DB0000000000000000000000000000000000033
:100DC0000000000000000000000000000000000023
:100DD0000000000000000000000000000000000013
:100DE0000000000000000000000000000000000003
:100DF00000000000000000000000000000000000F3
:100E000000000000000000000000000000000000E2
:100E100000000000000000000000000000000000D2
:100E200000000000000000000000000000000000C2
:100E300000000000000000000000000000000000B2
:100E400000000000000000000000000000000000A2
:100E50000000000000000000000000000000000092
:100E60000000000000000000000000000000000082
:100E70000000000000000000000000000000000072
:100E80000000000000000000000000000000000062
:100E90000000000000000000000000000000000052
:100EA0000000000000000000000000000000000042
:100EB0000000000000000000000000000000000032
:100EC0000000000000000000000000000000000022
:100ED0000000000000000000000000000000000012
:100EE0000000000000000000000000000000000002
:100EF00000000000000000000000000000000000F2
:100F000000000000000000000000000000000000E1
:100F100000000000000000000000000000000000D1
:100F200000000000000000000000000000000000C1
:100F300000000000000000000000000000000000B1
:100F400000000000000000000000000000000000A1
:100F50000000000000000000000000000000000091
:100F60000000000000000000000000000000000081
:100F70000000000000000000000000000000000071
:100F80000000000000000000000000000000000061
:100F90000000000000000000000000000000000051
:100FA0000000000000000000000000000000000041
:100FB0000000000000000000000000000000000031
:100FC0000000000000000000000000000000000021
:100FD0000000000000000000000000000000000011
:100FE0000000000000000000000000000000000001
:100FF00000000000000000000000000000000000F1
:1010000000000000000000000000000000000000E0
:1010100000000000000000000000000000000000D0
:1010200000000000000000000000000000000000C0
:1010300000000000000000000000000000000000B0
:1010400000000000000000000000000000000000A0
:101050000000000000000000000000000000000090
:101060000000000000000000000000000000000080
:101070000000000000000000000000000000000070
:101080000000000000000000000000000000000060
:101090000000000000000000000000000000000050
:1010A0000000000000000000000000000000000040
:1010B0000000000000000000000000000000000030
:1010C0000000000000000000000000000000000020
:1010D0000000000000000000000000000000000010
:1010E0000000000000000000000000000000000000
:1010F00000000000000000000000000000000000F0
:1011000000000000000000000000000000000000DF
:1011100000000000000000000000000000000000CF
:1011200000000000000000000000000000000000BF
:1011300000000000000000000000000000000000AF
:10114000000000000000000000000000000000009F
:10115000000000000000000000000000000000008F
:10116000000000000000000000000000000000007F
:10117000000000000000000000000000000000006F
:10118000000000000000000000000000000000005F
:10119000000000000000000000000000000000004F
:1011A000000000000000000000000000000000003F
:1011B000000000000000000000000000000000002F
:1011C000000000000000000000000000000000001F
:1011D000000000000000000000000000000000000F
:1011E00000000000000000000000000000000000FF
:1011F00000000000000000000000000000000000EF
:1012000000000000000000000000000000000000DE
:1012100000000000000000000000000000000000CE
:1012200000000000000000000000000000000000BE
:1012300000000000000000000000000000000000AE
:10124000000000000000000000000000000000009E
:10125000000000000000000000000000000000008E
:10126000000000000000000000000000000000007E
:10127000000000000000000000000000000000006E
:10128000000000000000000000000000000000005E
:10129000000000000000000000000000000000004E
:1012A000000000000000000000000000000000003E
:1012B000000000000000000000000000000000002E
:1012C000000000000000000000000000000000001E
:1012D000000000000000000000000000000000000E
:1012E00000000000000000000000000000000000FE
:1012F00000000000000000000000000000000000EE
:1013000000000000000000000000000000000000DD
:1013100000000000000000000000000000000000CD
:1013200000000000000000000000000000000000BD
:1013300000000000000000000000000000000000AD
:10134000000000000000000000000000000000009D
:10135000000000000000000000000000000000008D
:10136000000000000000000000000000000000007D
:10137000000000000000000000000000000000006D
:10138000000000000000000000000000000000005D
:10139000000000000000000000000000000000004D
:1013A000000000000000000000000000000000003D
:1013B000000000000000000000000000000000002D
:1013C000000000000000000000000000000000001D
:1013D000000000000000000000000000000000000D
:1013E00000000000000000000000000000000000FD
:1013F00000000000000000000000000000000000ED
:1014000000000000000000000000000000000000DC
:1014100000000000000000000000000000000000CC
:1014200000000000000000000000000000000000BC
:1014300000000000000000000000000000000000AC
:10144000000000000000000000000000000000009C
:10145000000000000000000000000000000000008C
:10146000000000000000000000000000000000007C
:10147000000000000000000000000000000000006C
:10148000000000000000000000000000000000005C
:10149000000000000000000000000000000000004C
:1014A000000000000000000000000000000000003C
:1014B000000000000000000000000000000000002C
:1014C000000000000000000000000000000000001C
:1014D000000000000000000000000000000000000C
:1014E00000000000000000000000000000000000FC
:1014F00000000000000000000000000000000000EC
:1015000000000000000000000000000000000000DB
:1015100000000000000000000000000000000000CB
:1015200000000000000000000000000000000000BB
:1015300000000000000000000000000000000000AB
:10154000000000000000000000000000000000009B
:10155000000000000000000000000000000000008B
:10156000000000000000000000000000000000007B
:10157000000000000000000000000000000000006B
:10158000000000000000000000000000000000005B
:10159000000000000000000000000000000000004B
:1015A000000000000000000000000000000000003B
:1015B000000000000000000000000000000000002B
:1015C000000000000000000000000000000000001B
:1015D000000000000000000000000000000000000B
:1015E00000000000000000000000000000000000FB
:1015F00000000000000000000000000000000000EB
:1016000000000000000000000000000000000000DA
:1016100000000000000000000000000000000000CA
:1016200000000000000000000000000000000000BA
:1016300000000000000000000000000000000000AA
:10164000000000000000000000000000000000009A
:10165000000000000000000000000000000000008A
:10166000000000000000000000000000000000007A
:10167000000000000000000000000000000000006A
:10168000000000000000000000000000000000005A
:10169000000000000000000000000000000000004A
:1016A000000000000000000000000000000000003A
:1016B000000000000000000000000000000000002A
:1016C000000000000000000000000000000000001A
:1016D000000000000000000000000000000000000A
:1016E00000000000000000000000000000000000FA
:1016F00000000000000000000000000000000000EA
:1017000000000000000000000000000000000000D9
:1017100000000000000000000000000000000000C9
:1017200000000000000000000000000000000000B9
:1017300000000000000000000000000000000000A9
:101740000000000000000000000000000000000099
:101750000000000000000000000000000000000089
:101760000000000000000000000000000000000079
:101770000000000000000000000000000000000069
:101780000000000000000000000000000000000059
:101790000000000000000000000000000000000049
:1017A0000000000000000000000000000000000039
:1017B0000000000000000000000000000000000029
:1017C0000000000000000000000000000000000019
:1017D0000000000000000000000000000000000009
:1017E00000000000000000000000000000000000F9
:1017F00000000000000000000000000000000000E9
:1018000000000000000000000000000000000000D8
:1018100000000000000000000000000000000000C8
:1018200000000000000000000000000000000000B8
:1018300000000000000000000000000000000000A8
:101840000000000000000000000000000000000098
:101850000000000000000000000000000000000088
:101860000000000000000000000000000000000078
:101870000000000000000000000000000000000068
:101880000000000000000000000000000000000058
:101890000000000000000000000000000000000048
:1018A0000000000000000000000000000000000038
:1018B0000000000000000000000000000000000028
:1018C0000000000000000000000000000000000018
:1018D0000000000000000000000000000000000008
:1018E00000000000000000000000000000000000F8
:1018F00000000000000000000000000000000000E8
:1019000000000000000000000000000000000000D7
:1019100000000000000000000000000000000000C7
:1019200000000000000000000000000000000000B7
:1019300000000000000000000000000000000000A7
:101940000000000000000000000000000000000097
:101950000000000000000000000000000000000087
:101960000000000000000000000000000000000077
:101970000000000000000000000000000000000067
:101980000000000000000000000000000000000057
:101990000000000000000000000000000000000047
:1019A0000000000000000000000000000000000037
:1019B0000000000000000000000000000000000027
:1019C0000000000000000000000000000000000017
:1019D0000000000000000000000000000000000007
:1019E00000000000000000000000000000000000F7
:1019F00000000000000000000000000000000000E7
:101A000000000000000000000000000000000000D6
:101A100000000000000000000000000000000000C6
:101A200000000000000000000000000000000000B6
:101A300000000000000000000000000000000000A6
:101A40000000000000000000000000000000000096
:101A50000000000000000000000000000000000086
:101A60000000000000000000000000000000000076
:101A70000000000000000000000000000000000066
:101A80000000000000000000000000000000000056
:101A90000000000000000000000000000000000046
:101AA0000000000000000000000000000000000036
:101AB0000000000000000000000000000000000026
:101AC0000000000000000000000000000000000016
:101AD0000000000000000000000000000000000006
:101AE00000000000000000000000000000000000F6
:101AF00000000000000000000000000000000000E6
:101B000000000000000000000000000000000000D5
:101B100000000000000000000000000000000000C5
:101B200000000000000000000000000000000000B5
:101B300000000000000000000000000000000000A5
:101B40000000000000000000000000000000000095
:101B50000000000000000000000000000000000085
:101B60000000000000000000000000000000000075
:101B70000000000000000000000000000000000065
:101B80000000000000000000000000000000000055
:101B90000000000000000000000000000000000045
:101BA0000000000000000000000000000000000035
:101BB0000000000000000000000000000000000025
:101BC0000000000000000000000000000000000015
:101BD0000000000000000000000000000000000005
:101BE00000000000000000000000000000000000F5
:101BF00000000000000000000000000000000000E5
:101C000000000000000000000000000000000000D4
:101C100000000000000000000000000000000000C4
:101C200000000000000000000000000000000000B4
:101C300000000000000000000000000000000000A4
:101C40000000000000000000000000000000000094
:101C50000000000000000000000000000000000084
:101C60000000000000000000000000000000000074
:101C70000000000000000000000000000000000064
:101C80000000000000000000000000000000000054
:101C90000000000000000000000000000000000044
:101CA0000000000000000000000000000000000034
:101CB0000000000000000000000000000000000024
:101CC0000000000000000000000000000000000014
:101CD0000000000000000000000000000000000004
:101CE00000000000000000000000000000000000F4
:101CF00000000000000000000000000000000000E4
:101D000000000000000000000000000000000000D3
:101D100000000000000000000000000000000000C3
:101D200000000000000000000000000000000000B3
:101D300000000000000000000000000000000000A3
:101D40000000000000000000000000000000000093
:101D50000000000000000000000000000000000083
:101D60000000000000000000000000000000000073
:101D70000000000000000000000000000000000063
:101D80000000000000000000000000000000000053
:101D90000000000000000000000000000000000043
:101DA0000000000000000000000000000000000033
:101DB0000000000000000000000000000000000023
:101DC0000000000000000000000000000000000013
:101DD0000000000000000000000000000000000003
:101DE00000000000000000000000000000000000F3
:101DF00000000000000000000000000000000000E3
:101E000000000000000000000000000000000000D2
:101E100000000000000000000000000000000000C2
:101E200000000000000000000000000000000000B2
:101E300000000000000000000000000000000000A2
:101E40000000000000000000000000000000000092
:101E50000000000000000000000000000000000082
:101E60000000000000000000000000000000000072
:101E70000000000000000000000000000000000062
:101E80000000000000000000000000000000000052
:101E90000000000000000000000000000000000042
:101EA0000000000000000000000000000000000032
:101EB0000000000000000000000000000000000022
:101EC0000000000000000000000000000000000012
:101ED0000000000000000000000000000000000002
:101EE00000000000000000000000000000000000F2
:101EF00000000000000000000000000000000000E2
:101F000000000000000000000000000000000000D1
:101F100000000000000000000000000000000000C1
:101F200000000000000000000000000000000000B1
:101F300000000000000000000000000000000000A1
:101F40000000000000000000000000000000000091
:101F50000000000000000000000000000000000081
:101F60000000000000000000000000000000000071
:101F70000000000000000000000000000000000061
:101F80000000000000000000000000000000000051
:101F90000000000000000000000000000000000041
:101FA0000000000000000000000000000000000031
:101FB0000000000000000000000000000000000021
:101FC0000000000000000000000000000000000011
:101FD0000000000000000000000000000000000001
:101FE00000000000000000000000000000000000F1
:101FF00000000000000000000000000000000000E1
:1020000000000000000000000000000000000000D0
:1020100000000000000000000000000000000000C0
:1020200000000000000000000000000000000000B0
:1020300000000000000000000000000000000000A0
:102040000000000000000000000000000000000090
:102050000000000000000000000000000000000080
:102060000000000000000000000000000000000070
:102070000000000000000000000000000000000060
:102080000000000000000000000000000000000050
:102090000000000000000000000000000000000040
:1020A0000000000000000000000000000000000030
:1020B0000000000000000000000000000000000020
:1020C0000000000000000000000000000000000010
:1020D0000000000000000000000000000000000000
:1020E00000000000000000000000000000000000F0
:1020F00000000000000000000000000000000000E0
:1021000000000000000000000000000000000000CF
:1021100000000000000000000000000000000000BF
:1021200000000000000000000000000000000000AF
:10213000000000000000000000000000000000009F
:10214000000000000000000000000000000000008F
:10215000000000000000000000000000000000007F
:10216000000000000000000000000000000000006F
:10217000000000000000000000000000000000005F
:10218000000000000000000000000000000000004F
:10219000000000000000000000000000000000003F
:1021A000000000000000000000000000000000002F
:1021B000000000000000000000000000000000001F
:1021C000000000000000000000000000000000000F
:1021D00000000000000000000000000000000000FF
:1021E00000000000000000000000000000000000EF
:1021F00000000000000000000000000000000000DF
:1022000000000000000000000000000000000000CE
:1022100000000000000000000000000000000000BE
:1022200000000000000000000000000000000000AE
:10223000000000000000000000000000000000009E
:10224000000000000000000000000000000000008E
:10225000000000000000000000000000000000007E
:10226000000000000000000000000000000000006E
:10227000000000000000000000000000000000005E
:10228000000000000000000000000000000000004E
:10229000000000000000000000000000000000003E
:1022A000000000000000000000000000000000002E
:1022B000000000000000000000000000000000001E
:1022C000000000000000000000000000000000000E
:1022D00000000000000000000000000000000000FE
:1022E00000000000000000000000000000000000EE
:1022F00000000000000000000000000000000000DE
:1023000000000000000000000000000000000000CD
:1023100000000000000000000000000000000000BD
:1023200000000000000000000000000000000000AD
:10233000000000000000000000000000000000009D
:10234000000000000000000000000000000000008D
:10235000000000000000000000000000000000007D
:10236000000000000000000000000000000000006D
:10237000000000000000000000000000000000005D
:10238000000000000000000000000000000000004D
:10239000000000000000000000000000000000003D
:1023A000000000000000000000000000000000002D
:1023B000000000000000000000000000000000001D
:1023C000000000000000000000000000000000000D
:1023D00000000000000000000000000000000000FD
:1023E00000000000000000000000000000000000ED
:1023F00000000000000000000000000000000000DD
:1024000000000000000000000000000000000000CC
:1024100000000000000000000000000000000000BC
:1024200000000000000000000000000000000000AC
:10243000000000000000000000000000000000009C
:10244000000000000000000000000000000000008C
:10245000000000000000000000000000000000007C
:10246000000000000000000000000000000000006C
:10247000000000000000000000000000000000005C
:10248000000000000000000000000000000000004C
:10249000000000000000000000000000000000003C
:1024A000000000000000000000000000000000002C
:1024B000000000000000000000000000000000001C
:1024C000000000000000000000000000000000000C
:1024D00000000000000000000000000000000000FC
:1024E00000000000000000000000000000000000EC
:1024F00000000000000000000000000000000000DC
:1025000000000000000000000000000000000000CB
:1025100000000000000000000000000000000000BB
:1025200000000000000000000000000000000000AB
:10253000000000000000000000000000000000009B
:10254000000000000000000000000000000000008B
:10255000000000000000000000000000000000007B
:10256000000000000000000000000000000000006B
:10257000000000000000000000000000000000005B
:10258000000000000000000000000000000000004B
:10259000000000000000000000000000000000003B
:1025A000000000000000000000000000000000002B
:1025B000000000000000000000000000000000001B
:1025C000000000000000000000000000000000000B
:1025D00000000000000000000000000000000000FB
:1025E00000000000000000000000000000000000EB
:1025F00000000000000000000000000000000000DB
:1026000000000000000000000000000000000000CA
:1026100000000000000000000000000000000000BA
:1026200000000000000000000000000000000000AA
:10263000000000000000000000000000000000009A
:10264000000000000000000000000000000000008A
:10265000000000000000000000000000000000007A
:10266000000000000000000000000000000000006A
:10267000000000000000000000000000000000005A
:10268000000000000000000000000000000000004A
:10269000000000000000000000000000000000003A
:1026A000000000000000000000000000000000002A
:1026B000000000000000000000000000000000001A
:1026C000000000000000000000000000000000000A
:1026D00000000000000000000000000000000000FA
:1026E00000000000000000000000000000000000EA
:1026F00000000000000000000000000000000000DA
:1027000000000000000000000000000000000000C9
:1027100000000000000000000000000000000000B9
:1027200000000000000000000000000000000000A9
:102730000000000000000000000000000000000099
:102740000000000000000000000000000000000089
:102750000000000000000000000000000000000079
:102760000000000000000000000000000000000069
:102770000000000000000000000000000000000059
:102780000000000000000000000000000000000049
:102790000000000000000000000000000000000039
:1027A0000000000000000000000000000000000029
:1027B0000000000000000000000000000000000019
:1027C0000000000000000000000000000000000009
:1027D00000000000000000000000000000000000F9
:1027E00000000000000000000000000000000000E9
:1027F00000000000000000000000000000000000D9
:1028000000000000000000000000000000000000C8
:1028100000000000000000000000000000000000B8
:1028200000000000000000000000000000000000A8
:102830000000000000000000000000000000000098
:102840000000000000000000000000000000000088
:102850000000000000000000000000000000000078
:102860000000000000000000000000000000000068
:102870000000000000000000000000000000000058
:102880000000000000000000000000000000000048
:102890000000000000000000000000000000000038
:1028A0000000000000000000000000000000000028
:1028B0000000000000000000000000000000000018
:1028C0000000000000000000000000000000000008
:1028D00000000000000000000000000000000000F8
:1028E00000000000000000000000000000000000E8
:1028F00000000000000000000000000000000000D8
:1029000000000000000000000000000000000000C7
:1029100000000000000000000000000000000000B7
:1029200000000000000000000000000000000000A7
:102930000000000000000000000000000000000097
:102940000000000000000000000000000000000087
:102950000000000000000000000000000000000077
:102960000000000000000000000000000000000067
:102970000000000000000000000000000000000057
:102980000000000000000000000000000000000047
:102990000000000000000000000000000000000037
:1029A0000000000000000000000000000000000027
:1029B0000000000000000000000000000000000017
:1029C0000000000000000000000000000000000007
:1029D00000000000000000000000000000000000F7
:1029E00000000000000000000000000000000000E7
:1029F00000000000000000000000000000000000D7
:102A000000000000000000000000000000000000C6
:102A100000000000000000000000000000000000B6
:102A200000000000000000000000000000000000A6
:102A30000000000000000000000000000000000096
:102A40000000000000000000000000000000000086
:102A50000000000000000000000000000000000076
:102A60000000000000000000000000000000000066
:102A70000000000000000000000000000000000056
:102A80000000000000000000000000000000000046
:102A90000000000000000000000000000000000036
:102AA0000000000000000000000000000000000026
:102AB0000000000000000000000000000000000016
:102AC0000000000000000000000000000000000006
:102AD00000000000000000000000000000000000F6
:102AE00000000000000000000000000000000000E6
:102AF00000000000000000000000000000000000D6
:102B000000000000000000000000000000000000C5
:102B100000000000000000000000000000000000B5
:102B200000000000000000000000000000000000A5
:102B30000000000000000000000000000000000095
:102B40000000000000000000000000000000000085
:102B50000000000000000000000000000000000075
:102B60000000000000000000000000000000000065
:102B70000000000000000000000000000000000055
:102B80000000000000000000000000000000000045
:102B90000000000000000000000000000000000035
:102BA0000000000000000000000000000000000025
:102BB0000000000000000000000000000000000015
:102BC0000000000000000000000000000000000005
:102BD00000000000000000000000000000000000F5
:102BE00000000000000000000000000000000000E5
:102BF00000000000000000000000000000000000D5
:102C000000000000000000000000000000000000C4
:102C100000000000000000000000000000000000B4
:102C200000000000000000000000000000000000A4
:102C30000000000000000000000000000000000094
:102C40000000000000000000000000000000000084
:102C50000000000000000000000000000000000074
:102C60000000000000000000000000000000000064
:102C70000000000000000000000000000000000054
:102C80000000000000000000000000000000000044
:102C90000000000000000000000000000000000034
:102CA0000000000000000000000000000000000024
:102CB0000000000000000000000000000000000014
:102CC0000000000000000000000000000000000004
:102CD00000000000000000000000000000000000F4
:102CE00000000000000000000000000000000000E4
:102CF00000000000000000000000000000000000D4
:102D000000000000000000000000000000000000C3
:102D100000000000000000000000000000000000B3
:102D200000000000000000000000000000000000A3
:102D30000000000000000000000000000000000093
:102D40000000000000000000000000000000000083
:102D50000000000000000000000000000000000073
:102D60000000000000000000000000000000000063
:102D70000000000000000000000000000000000053
:102D80000000000000000000000000000000000043
:102D90000000000000000000000000000000000033
:102DA0000000000000000000000000000000000023
:102DB0000000000000000000000000000000000013
:102DC0000000000000000000000000000000000003
:102DD00000000000000000000000000000000000F3
:102DE00000000000000000000000000000000000E3
:102DF00000000000000000000000000000000000D3
:102E000000000000000000000000000000000000C2
:102E100000000000000000000000000000000000B2
:102E200000000000000000000000000000000000A2
:102E30000000000000000000000000000000000092
:102E40000000000000000000000000000000000082
:102E50000000000000000000000000000000000072
:102E60000000000000000000000000000000000062
:102E70000000000000000000000000000000000052
:102E80000000000000000000000000000000000042
:102E90000000000000000000000000000000000032
:102EA0000000000000000000000000000000000022
:102EB0000000000000000000000000000000000012
:102EC0000000000000000000000000000000000002
:102ED00000000000000000000000000000000000F2
:102EE00000000000000000000000000000000000E2
:102EF00000000000000000000000000000000000D2
:102F000000000000000000000000000000000000C1
:102F100000000000000000000000000000000000B1
:102F200000000000000000000000000000000000A1
:102F30000000000000000000000000000000000091
:102F40000000000000000000000000000000000081
:102F50000000000000000000000000000000000071
:102F60000000000000000000000000000000000061
:102F70000000000000000000000000000000000051
:102F80000000000000000000000000000000000041
:102F90000000000000000000000000000000000031
:102FA0000000000000000000000000000000000021
:102FB0000000000000000000000000000000000011
:102FC0000000000000000000000000000000000001
:102FD00000000000000000000000000000000000F1
:102FE00000000000000000000000000000000000E1
:102FF00000000000000000000000000000000000D1
:1030000000000000000000000000000000000000C0
:1030100000000000000000000000000000000000B0
:1030200000000000000000000000000000000000A0
:103030000000000000000000000000000000000090
:103040000000000000000000000000000000000080
:103050000000000000000000000000000000000070
:103060000000000000000000000000000000000060
:103070000000000000000000000000000000000050
:103080000000000000000000000000000000000040
:103090000000000000000000000000000000000030
:1030A0000000000000000000000000000000000020
:1030B0000000000000000000000000000000000010
:1030C0000000000000000000000000000000000000
:1030D00000000000000000000000000000000000F0
:1030E00000000000000000000000000000000000E0
:1030F00000000000000000000000000000000000D0
:1031000000000000000000000000000000000000BF
:1031100000000000000000000000000000000000AF
:10312000000000000000000000000000000000009F
:10313000000000000000000000000000000000008F
:10314000000000000000000000000000000000007F
:10315000000000000000000000000000000000006F
:10316000000000000000000000000000000000005F
:10317000000000000000000000000000000000004F
:10318000000000000000000000000000000000003F
:10319000000000000000000000000000000000002F
:1031A000000000000000000000000000000000001F
:1031B000000000000000000000000000000000000F
:1031C00000000000000000000000000000000000FF
:1031D00000000000000000000000000000000000EF
:1031E00000000000000000000000000000000000DF
:1031F00000000000000000000000000000000000CF
:1032000000000000000000000000000000000000BE
:1032100000000000000000000000000000000000AE
:10322000000000000000000000000000000000009E
:10323000000000000000000000000000000000008E
:10324000000000000000000000000000000000007E
:10325000000000000000000000000000000000006E
:10326000000000000000000000000000000000005E
:10327000000000000000000000000000000000004E
:10328000000000000000000000000000000000003E
:10329000000000000000000000000000000000002E
:1032A000000000000000000000000000000000001E
:1032B000000000000000000000000000000000000E
:1032C00000000000000000000000000000000000FE
:1032D00000000000000000000000000000000000EE
:1032E00000000000000000000000000000000000DE
:1032F00000000000000000000000000000000000CE
:1033000000000000000000000000000000000000BD
:1033100000000000000000000000000000000000AD
:10332000000000000000000000000000000000009D
:10333000000000000000000000000000000000008D
:10334000000000000000000000000000000000007D
:10335000000000000000000000000000000000006D
:10336000000000000000000000000000000000005D
:10337000000000000000000000000000000000004D
:10338000000000000000000000000000000000003D
:10339000000000000000000000000000000000002D
:1033A000000000000000000000000000000000001D
:1033B000000000000000000000000000000000000D
:1033C00000000000000000000000000000000000FD
:1033D00000000000000000000000000000000000ED
:1033E00000000000000000000000000000000000DD
:1033F00000000000000000000000000000000000CD
:1034000000000000000000000000000000000000BC
:1034100000000000000000000000000000000000AC
:10342000000000000000000000000000000000009C
:10343000000000000000000000000000000000008C
:10344000000000000000000000000000000000007C
:10345000000000000000000000000000000000006C
:10346000000000000000000000000000000000005C
:10347000000000000000000000000000000000004C
:10348000000000000000000000000000000000003C
:10349000000000000000000000000000000000002C
:1034A000000000000000000000000000000000001C
:1034B000000000000000000000000000000000000C
:1034C00000000000000000000000000000000000FC
:1034D00000000000000000000000000000000000EC
:1034E00000000000000000000000000000000000DC
:1034F00000000000000000000000000000000000CC
:1035000000000000000000000000000000000000BB
:1035100000000000000000000000000000000000AB
:10352000000000000000000000000000000000009B
:10353000000000000000000000000000000000008B
:10354000000000000000000000000000000000007B
:10355000000000000000000000000000000000006B
:10356000000000000000000000000000000000005B
:10357000000000000000000000000000000000004B
:10358000000000000000000000000000000000003B
:10359000000000000000000000000000000000002B
:1035A000000000000000000000000000000000001B
:1035B000000000000000000000000000000000000B
:1035C00000000000000000000000000000000000FB
:1035D00000000000000000000000000000000000EB
:1035E00000000000000000000000000000000000DB
:1035F00000000000000000000000000000000000CB
:1036000000000000000000000000000000000000BA
:1036100000000000000000000000000000000000AA
:10362000000000000000000000000000000000009A
:10363000000000000000000000000000000000008A
:10364000000000000000000000000000000000007A
:10365000000000000000000000000000000000006A
:10366000000000000000000000000000000000005A
:10367000000000000000000000000000000000004A
:10368000000000000000000000000000000000003A
:10369000000000000000000000000000000000002A
:1036A000000000000000000000000000000000001A
:1036B000000000000000000000000000000000000A
:1036C00000000000000000000000000000000000FA
:1036D00000000000000000000000000000000000EA
:1036E00000000000000000000000000000000000DA
:1036F00000000000000000000000000000000000CA
:1037000000000000000000000000000000000000B9
:1037100000000000000000000000000000000000A9
:103720000000000000000000000000000000000099
:103730000000000000000000000000000000000089
:103740000000000000000000000000000000000079
:103750000000000000000000000000000000000069
:103760000000000000000000000000000000000059
:103770000000000000000000000000000000000049
:103780000000000000000000000000000000000039
:103790000000000000000000000000000000000029
:1037A0000000000000000000000000000000000019
:1037B0000000000000000000000000000000000009
:1037C00000000000000000000000000000000000F9
:1037D00000000000000000000000000000000000E9
:1037E00000000000000000000000000000000000D9
:1037F00000000000000000000000000000000000C9
:1038000000000000000000000000000000000000B8
:1038100000000000000000000000000000000000A8
:103820000000000000000000000000000000000098
:103830000000000000000000000000000000000088
:103840000000000000000000000000000000000078
:103850000000000000000000000000000000000068
:103860000000000000000000000000000000000058
:103870000000000000000000000000000000000048
:103880000000000000000000000000000000000038
:103890000000000000000000000000000000000028
:1038A0000000000000000000000000000000000018
:1038B0000000000000000000000000000000000008
:1038C00000000000000000000000000000000000F8
:1038D00000000000000000000000000000000000E8
:1038E00000000000000000000000000000000000D8
:1038F00000000000000000000000000000000000C8
:1039000000000000000000000000000000000000B7
:1039100000000000000000000000000000000000A7
:103920000000000000000000000000000000000097
:103930000000000000000000000000000000000087
:103940000000000000000000000000000000000077
:103950000000000000000000000000000000000067
:103960000000000000000000000000000000000057
:103970000000000000000000000000000000000047
:103980000000000000000000000000000000000037
:103990000000000000000000000000000000000027
:1039A0000000000000000000000000000000000017
:1039B0000000000000000000000000000000000007
:1039C00000000000000000000000000000000000F7
:1039D00000000000000000000000000000000000E7
:1039E00000000000000000000000000000000000D7
:1039F00000000000000000000000000000000000C7
:103A000000000000000000000000000000000000B6
:103A100000000000000000000000000000000000A6
:103A20000000000000000000000000000000000096
:103A30000000000000000000000000000000000086
:103A40000000000000000000000000000000000076
:103A50000000000000000000000000000000000066
:103A60000000000000000000000000000000000056
:103A70000000000000000000000000000000000046
:103A80000000000000000000000000000000000036
:103A90000000000000000000000000000000000026
:103AA0000000000000000000000000000000000016
:103AB0000000000000000000000000000000000006
:103AC00000000000000000000000000000000000F6
:103AD00000000000000000000000000000000000E6
:103AE00000000000000000000000000000000000D6
:103AF00000000000000000000000000000000000C6
:103B000000000000000000000000000000000000B5
:103B100000000000000000000000000000000000A5
:103B20000000000000000000000000000000000095
:103B30000000000000000000000000000000000085
:103B40000000000000000000000000000000000075
:103B50000000000000000000000000000000000065
:103B60000000000000000000000000000000000055
:103B70000000000000000000000000000000000045
:103B80000000000000000000000000000000000035
:103B90000000000000000000000000000000000025
:103BA0000000000000000000000000000000000015
:103BB0000000000000000000000000000000000005
:103BC00000000000000000000000000000000000F5
:103BD00000000000000000000000000000000000E5
:103BE00000000000000000000000000000000000D5
:103BF00000000000000000000000000000000000C5
:103C000000000000000000000000000000000000B4
:103C100000000000000000000000000000000000A4
:103C20000000000000000000000000000000000094
:103C30000000000000000000000000000000000084
:103C40000000000000000000000000000000000074
:103C50000000000000000000000000000000000064
:103C60000000000000000000000000000000000054
:103C70000000000000000000000000000000000044
:103C80000000000000000000000000000000000034
:103C90000000000000000000000000000000000024
:103CA0000000000000000000000000000000000014
:103CB0000000000000000000000000000000000004
:103CC00000000000000000000000000000000000F4
:103CD00000000000000000000000000000000000E4
:103CE00000000000000000000000000000000000D4
:103CF00000000000000000000000000000000000C4
:103D000000000000000000000000000000000000B3
:103D100000000000000000000000000000000000A3
:103D20000000000000000000000000000000000093
:103D30000000000000000000000000000000000083
:103D40000000000000000000000000000000000073
:103D50000000000000000000000000000000000063
:103D60000000000000000000000000000000000053
:103D70000000000000000000000000000000000043
:103D80000000000000000000000000000000000033
:103D90000000000000000000000000000000000023
:103DA0000000000000000000000000000000000013
:103DB0000000000000000000000000000000000003
:103DC00000000000000000000000000000000000F3
:103DD00000000000000000000000000000000000E3
:103DE00000000000000000000000000000000000D3
:103DF00000000000000000000000000000000000C3
:103E000000000000000000000000000000000000B2
:103E100000000000000000000000000000000000A2
:103E20000000000000000000000000000000000092
:103E30000000000000000000000000000000000082
:103E40000000000000000000000000000000000072
:103E50000000000000000000000000000000000062
:103E60000000000000000000000000000000000052
:103E70000000000000000000000000000000000042
:103E80000000000000000000000000000000000032
:103E90000000000000000000000000000000000022
:103EA0000000000000000000000000000000000012
:103EB0000000000000000000000000000000000002
:103EC00000000000000000000000000000000000F2
:103ED00000000000000000000000000000000000E2
:103EE00000000000000000000000000000000000D2
:103EF00000000000000000000000000000000000C2
:103F000000000000000000000000000000000000B1
:103F100000000000000000000000000000000000A1
:103F20000000000000000000000000000000000091
:103F30000000000000000000000000000000000081
:103F40000000000000000000000000000000000071
:103F50000000000000000000000000000000000061
:103F60000000000000000000000000000000000051
:103F70000000000000000000000000000000000041
:103F80000000000000000000000000000000000031
:103F90000000000000000000000000000000000021
:103FA0000000000000000000000000000000000011
:103FB0000000000000000000000000000000000001
:103FC00000000000000000000000000000000000F1
:103FD00000000000000000000000000000000000E1
:103FE00000000000000000000000000000000000D1
:103FF00000000000000000000000000000000000C1
:1040000000000000000000000000000000000000B0
:1040100000000000000000000000000000000000A0
:104020000000000000000000000000000000000090
:104030000000000000000000000000000000000080
:104040000000000000000000000000000000000070
:104050000000000000000000000000000000000060
:104060000000000000000000000000000000000050
:104070000000000000000000000000000000000040
:104080000000000000000000000000000000000030
:104090000000000000000000000000000000000020
:1040A0000000000000000000000000000000000010
:1040B0000000000000000000000000000000000000
:1040C00000000000000000000000000000000000F0
:1040D00000000000000000000000000000000000E0
:1040E00000000000000000000000000000000000D0
:1040F00000000000000000000000000000000000C0
:1041000000000000000000000000000000000000AF
:10411000000000000000000000000000000000009F
:10412000000000000000000000000000000000008F
:10413000000000000000000000000000000000007F
:10414000000000000000000000000000000000006F
:10415000000000000000000000000000000000005F
:10416000000000000000000000000000000000004F
:10417000000000000000000000000000000000003F
:10418000000000000000000000000000000000002F
:10419000000000000000000000000000000000001F
:1041A000000000000000000000000000000000000F
:1041B00000000000000000000000000000000000FF
:1041C00000000000000000000000000000000000EF
:1041D00004003A00F605080019400400FFFFEA0257
:1041E0000C00BB3F04003000B629DE020D000400C5
:1041F0000A007506E229DE020C0004000100080D29
:10420000F93F0B000000097E7E0064006500660037
:10421000610075006C0074003F00BB3F04007D002E
:10422000BB290B00000008C27E00740079007000FA
:1042300065002D0073006100180004007300BB29A5
:1042400008003E401700773F09004A40180004006C
:104250006100BB29080048401700A03F09004A4000
:1042600017002B3E0B0000000ED07E00740079007A
:10427000700065002D00640069007300700061002B
:10428000740063006800180004006400BB29080083
:1042900065401700273F090084401800040075009E
:1042A000BB2908006F4017003A3F090084401800FE
:1042B00004007800BB290800794017004E3F090030
:1042C0008440180004006300BB29080083401700E5
:1042D000603F0900844034400B0000000BD87E0092
:1042E0006600690065006C0064002D0074006100C8
:1042F00069006C0004000100080DC6020D0076057F
:1043000008009D4017000900AB40A5180C00620092
:1043100061006400200066002D00730074007200CC
:1043200069006E006700BB3F04007D001E00A518F9
:104330000C00620061006400200066002D00730024
:104340007400720069006E00670004000100080D2F
:104350005B400B00000006C87E0066006900650037
:104360006C00640004000100080D04000000D2028B
:104370000C000400FFFFDE020C00C6020D007605F3
:104380000800DD4017000900EB40A5180C00620092
:1043900061006400200066002D007300740072004C
:1043A00069006E00670025400800F4400400010029
:1043B000080D273F09004241CE3FC6020D00760599
:1043C0000800FD40170009000B41A5180C00620011
:1043D00061006400200066002D007300740072000C
:1043E00069006E006700BB3F04002E00BB29080077
:1043F000334104000100080D04000000DE020C003F
:1044000004000000EA020C00F93FEA020D00760504
:1044100008002541170009003341A5180C0062006F
:1044200061006400200066002D00730074007200BB
:1044300069006E006700BB3F180004007D00BB29C7
:1044400008004141170004000100080D273F090042
:10445000424192400B0000000CCA7E0065007600CD
:1044600061006C002D006C0062007200610063004E
:10447000650004000100C6020D00BA0508006E4187
:10448000BA020D0004000100E2290F0004007B00C5
:10449000BB2908006B4104007B004F0D04000200A3
:1044A000080D09006C41CA4009006F41CA400B0069
:1044B00000000CCA7E006500760061006C002D00D3
:1044C0007200620072006100630065000400010078
:1044D000C6020D00BA0508009B41BA020D00040097
:1044E0000100E2290F0004007D00BB29080098416B
:1044F00004007D004F0D04000200080D09009941E1
:104500002B3E09009C412B3E0B00000005D87E008D
:104510006500760061006C00A9291700BA020C0042
:10452000C6020C001700150DC6020D000800CB4195
:10453000BB3F180004007B00BB290800BB411700EB
:1045400051410900C941180004007D00BB29080041
:10455000C54117007E410900C9414F0D040001000B
:10456000080D0900AC41700D0B00000044DC7E001A
:10457000720075006E00E00C2D07A4410B00CD41C8
:1045800043F87E0022007C00D3410B00C92D8244F9
:104590004600220031030D000800EF410400220014
:1045A000D20EA40DC016D341F4160900F441040044
:1045B0002200D20EA40DA4410B00E83B0DA0450043
:1045C0004400490054002D004C0049004E004500B5
:1045D0002D004300410050000400A0000B00F541F5
:1045E0000D8A45004400490054002D00520045004A
:1045F00043002D00530049005A0045000400A40068
:104600000B0007420F8A45004400490054002D006A
:104610004100520045004E0041002D00530049006A
:104620005A004500040000200B0019420BAE450063
:104630004400490054002D00540045005800540027
:104640002D005700040050000B002D420B90450038
:104650004400490054002D00540045005800540007
:104660002D004800040017000B003D420FAE45002E
:104670004400490054002D005300540041005400F0
:10468000550053002D0052004F0057000400180041
:104690000B004D420DAE45004400490054002D0072
:1046A000480045004C0050002D0052004F005700BC
:1046B000040019000B0061420D8A450044004900C6
:1046C00054002D004D00530047002D004E004F00B8
:1046D0004E004500040000000B0073420E884500A8
:1046E0004400490054002D004D00530047002D00A8
:1046F00053004100560045004400040001000B0037
:1047000085420FA445004400490054002D004D008F
:10471000530047002D00420055004600460045006A
:104720005200040002000B0098420D8E4500440028
:10473000490054002D004D00530047002D004C004F
:104740004F004E004700040003000B00AC420D9CDC
:1047500045004400490054002D004D00530047001F
:104760002D004F00500045004E00040004000B00D7
:10477000BE420D8845004400490054002D004D0004
:10478000530047002D005200450041004400040042
:1047900005000B00D0420E8A450044004900540039
:1047A0002D004D00530047002D00570052004900D6
:1047B00054004500040006000B00E2420CAE450028
:1047C0004400490054002D004D00530047002D00C7
:1047D0004E0045005700040007000B00F5420D8A0B
:1047E00045004400490054002D004D00530047008F
:1047F0002D004E0041004D004500040008000B0054
:1048000006430EA045004400490054002D004D0011
:10481000530047002D0055004E0053005500500036
:10482000040009000B00184310A84500440049008B
:1048300054002D0055005300450052002D004F003C
:1048400046004600530045005400040000010B00E0
:104850002B430E8A45004400490054002D005000AF
:104860004100540048002D00530049005A00450003
:10487000040004010B004043099645004400490030
:1048800054002D004D00410052004B000400000177
:10489000A4040D00E2290B005343098A450044009B
:1048A000490054002D00420041005300450004001F
:1048B0000101A4040D00E2290B006443098A4500AC
:1048C0004400490054002D004800450052004500B6
:1048D00004000201A4040D00E2290B0075430AA89C
:1048E00045004400490054002D004C0049004D0093
:1048F0004900540004000301A4040D00E2290B0048
:104900008643098A45004400490054002D004600B2
:1049100052004500450004000401A4040D00E229F2
:104920000B009843098845004400490054002D00BD
:10493000480045004100440004000501A4040D00A6
:10494000E2290B00A943099845004400490054009E
:104950002D005400410049004C0004000601A4044D
:104960000D00E2290B00BA4308A4450044004900A9
:1049700054002D0043005500520004000701A40418
:104980000D00E2290B00CB4308A04500440049007C
:1049900054002D0054004F00500004000801A404EE
:1049A0000D00E2290B00DB430AA645004400490044
:1049B00054002D004C0049004E00450053000400F7
:1049C0000901A4040D00E2290B00EB430946450050
:1049D0004400490054002D004300550052002300BC
:1049E00004000A01A4040D00E2290B00FD4309465E
:1049F00045004400490054002D0054004F00500071
:104A0000230004000B01A4040D00E2290B000E4456
:104A1000089845004400490054002D0043004F0011
:104A20004C0004000C01A4040D00E2290B001F44FB
:104A3000098C45004400490054002D0050005200EC
:104A40004500460004000D01A4040D00E2290B00FE
:104A50002F440D8845004400490054002D004D00AE
:104A60004F0044004900460049004500440004004E
:104A70000E01A4040D00E2290B0040440BA84500E0
:104A80004400490054002D0049004E0053004500E9
:104A90005200540004000F01A4040D00E2290B0091
:104AA00055440C8E45004400490054002D0052002E
:104AB00055004E004E0049004E0047000400100112
:104AC000A4040D00E2290B006844088E4500440050
:104AD000490054002D004D0053004700040011010F
:104AE000A4040D00E2290B007C440D9C4500440009
:104AF000490054002D0050004100540048002D0092
:104B00004C0045004E0004001201A4040D00E229EF
:104B10000B008C440E4645004400490054002D0013
:104B200050004100540048002D004200550046004E
:104B3000230004001301A4040D00E2290B00A1448A
:104B40000D9C45004400490054002D0043004C00DA
:104B5000490050002D004C0045004E000400140197
:104B6000A4040D00E2290B00B7440E4645004400A2
:104B7000490054002D0043004C00490050002D0016
:104B8000420055004600230004001501A4040D0056
:104B9000E2290B00CC4403624500540031000400BC
:104BA0001601A4040D00E2290B00E2440364450051
:104BB0005400320004001701A4040D00E2290B0088
:104BC000ED44036645005400330004001801A404BA
:104BD0000D00E2290B00F84403684500540034003E
:104BE00004001901A4040D00E2290B0003450EA8DE
:104BF00045004400490054002D004C0049004E007F
:104C000045002D004E004500580054000B000E4595
:104C10000EAC45004400490054002D004C004900F2
:104C20004E0045002D005000520045005600240063
:104C30000B001F450D9C45004400490054002D0009
:104C40004C0049004E0045002D004C0045004E0030
:104C500004000200E2290B0031450FA64500440084
:104C6000490054002D004C0049004E0045002D0025
:104C700046004C0041004700530004000300E229B5
:104C80000B0044450EA845004400490054002D0087
:104C90004C0049004E0045002D00540045005800CE
:104CA000540004000400E2290B0059450E80450021
:104CB0004400490054002D004C0049004E004500BE
:104CC0002D004C0045004E00400040450D000B00FB
:104CD0006D450E4245004400490054002D004C0033
:104CE00049004E0045002D004C0045004E002100BB
:104CF00040450C000B0080450EA4450044004900CF
:104D000054002D004C0049004E0045002D0041008C
:104D100044004400520019006945E2290B00934504
:104D20000D8C45004400490054002D005000410006
:104D3000540048002D00420055004600B1440D00CB
:104D40000B00A7450D8C45004400490054002D0080
:104D500043004C00490050002D0042005500460021
:104D6000DC440D000B00B9450A48450044004900E9
:104D700054002D0050004100540048002400B64566
:104D80009B440D000B00CB450A42450044004900FE
:104D900054002D005000410054004800210018002C
:104DA0009B440C00B6451900C3070B00DB450942C4
:104DB00045004400490054002D004D0053004700B9
:104DC000210086440C000B00EE450C9C450044007D
:104DD000490054002D004300550052002D004C00A6
:104DE00045004E00D5430D007D450B00FC450DA44C
:104DF00045004400490054002D0043005500520076
:104E00002D004100440044005200D5430D00694587
:104E10000B000E460FA845004400490054002D0029
:104E20004C0049004E0045002D0043004F00550046
:104E30004E005400F7430D000B0021460942450087
:104E40004400490054002D0043004F004C00210055
:104E5000180029440C003A440C000B0035460F8A18
:104E600045004400490054002D0043004C0045001B
:104E7000410052002D004C0049004E004500040046
:104E800000001A0040450C0017000B00464608863B
:104E9000450044002D0041004C004C004F004300F1
:104EA000A3430D0076050800734618000D00A343C8
:104EB0000C000900874680430D0018001642E229C5
:104EC00092430D001900BA0508008246170004003D
:104ED00000000B0018001642E22980430C00180065
:104EE000040000001A000C001900170018002F45DC
:104EF0000400000019000C001800404504000000E8
:104F000019000C00180055450400000019000C00A1
:104F10000B005E460E8A45004400490054002D00F7
:104F200046005200450045002D004C0049004E004F
:104F30004500A3430D001A000C00A3430C000B0016
:104F4000A1460FA445004400490054002D004C0028
:104F500049004E004B002D00410046005400450022
:104F60005200E7440C00F2440C00E7440D000D0031
:104F7000F2440D000C00E7440D00F2440D002F45F3
:104F80000C00F2440D000D0076050800E646F244E0
:104F90000D0019002F450C000900EA46E7440D00FA
:104FA000C5430C00E7440D00F2440D000C000B005B
:104FB000B8460B9645004400490054002D005500AA
:104FC0004E004C0049004E004B0018000D00E74415
:104FD0000C0018002F450D00F2440C00F2440D00A7
:104FE00008001147E7440D00F2440D000C000900D1
:104FF0001547E7440D00B4430C00E7440D000800DA
:105000002147F2440D00E7440D002F450C00090034
:105010002547F2440D00C5430C000B00F04611A4D7
:1050200045004400490054002D0052004500530043
:10503000450054002D004200550046004600450042
:10504000520004000000A3430C006F430D00804396
:105050000C00040000004F440C00040000008644D3
:105060000C000400000029440C00040000003A4435
:105070000C0004000000C6440C0068461800230021
:1050800008005F471700A94286440C000B00180077
:10509000B4430C001800C5430C001800D5430C00A5
:1050A0001800E5430C00170004000100F7430C0052
:1050B0000400010008440C000400010019440C0025
:1050C0000B00264709A845004400490054002D0064
:1050D00049004E0049005400A5030D005E430C003A
:1050E000A5030D001800B1440C005043E22918003C
:1050F000DC440C000442E22918006F430C00180045
:1051000080430C002A42E22992430C0092430D0096
:10511000A5030C000400010062440C008242864496
:105120000C00040000009B440C0039470B00794739
:10513000098A45004400490054002D0044004F00F6
:105140004E0045005E430D00A5030C00B12E8D2ED0
:105150000B00AF470D9C45004400490054002D0052
:105160005400520049004D002D004C0045004E00F7
:1051700018007D45E7440C00E7440D000800F047A7
:1051800018006945E7440D002500E2290F00CB0611
:10519000BB290800EA47E7440D002500E7440C005E
:1051A0000900EE471700E7440D000B000900D44743
:1051B0001700040000000B00C1470FA44500440085
:1051C000490054002D0045005800540045004E0091
:1051D00044002D0043005500520018000442CE291F
:1051E000080011481700BB4286440C000400000070
:1051F0000B0018000A46D52908001A4817000400B9
:10520000FFFF0B001800E7440C000A46F2440C00B4
:10521000D5430D006945F2440D00E229E7440D0035
:10522000F2440D00B629CB06E407E7440D00D54350
:105230000D0040450C0017000400FFFF0B00F44771
:10524000138A45004400490054002D0045004E00DB
:1052500053005500520045002D00560049005300F0
:10526000490042004C00450008440D0019440D005F
:10527000CA0508006048E5430D002F450D00E543D1
:105280000C0019440D00250019440C0009004C487D
:1052900008440D0019440D004A42E229DC290800A7
:1052A0007548E5430D000D00E5430C0019440D0061
:1052B000240019440C00090060480B0037480CA07A
:1052C00045004400490054002D004D004F00560099
:1052D00045002D0055005000D5430D002F450D0011
:1052E000760508009748D5430C0008440D002500BA
:1052F00008440C003A440D0029440C004C480B00B3
:1053000076480E9C45004400490054002D004D0095
:105310004F00560045002D0044004F0057004E003E
:10532000D5430D000D0076050800BA48D5430C00A2
:1053300008440D00240008440C003A440D002944A0
:105340000C004C480B0098480EA84500440049004A
:1053500054002D004D004F00560045002D004C001C
:1053600045004600540029440D000800D84829444F
:105370000D00250029440C0029440D003A440C007E
:105380000B00BB480FA845004400490054002D0005
:105390004D004F00560045002D00520049004700C7
:1053A0004800540029440D002400180029440C0032
:1053B0003A440C000B00D9480E8A450044004900CD
:1053C00054002D004D004F00560045002D004800B0
:1053D0004F004D0045000400000040460B00F3481C
:1053E0000D8845004400490054002D004D004F0039
:1053F000560045002D0045004E0044000A46404638
:105400000B0007490CA045004400490054002D0042
:1054100050004100470045002D0055005000040099
:105420000000E7440C00E7440D004A42CA050800AA
:1054300039498448E7440D002400E7440C00090082
:105440002B490B0019490E9C4500440049005400AB
:105450002D0050004100470045002D0044004F0042
:1054600057004E0004000000E7440C00E7440D0024
:105470004A42CA0508005C49A848E7440D002400D8
:10548000E7440C0009004E490B003A4911884500D9
:105490004400490054002D005300450054002D00E5
:1054A0004D004F00440049004600490045004400BB
:1054B0000400FFFF4F440C00824286440C000B00A6
:1054C0005D4913A445004400490054002D004F00DD
:1054D0005600450052005700520049005400450054
:1054E0002D00430048004100520029440D002400D3
:1054F000054823000800964917000B0029440D00B9
:10550000D5430D00A3450E0029440D00240040465C
:1055100070490B00784910A445004400490054002C
:105520002D0049004E0053004500520054002D004C
:10553000430048004100520029440D00FD440C0086
:105540000A4608450C00FD440D0008450D00DC2905
:105550000800D349FD440D0024000548230008003D
:10556000CB4917000B0029440D00D5430D00A3457E
:105570000E000900F04908450D00240005482300ED
:105580000800DC4917000B00FD440D00D5430D0059
:10559000A34518002400190008450D00FD440D0026
:1055A000B629302829440D00D5430D00A3450E002F
:1055B00029440D002400404670490B00A2490EA862
:1055C00045004400490054002D004A004F004900A6
:1055D0004E002D004E00450058005400D5430D00EC
:1055E0000D007605230008000F4A17000B00180075
:1055F000E7440C000A46F2440C00E7440D007D45E8
:10560000FD440C00F2440D00FD440D00E22904426B
:10561000CE290800274ABB4286440C000B00E74411
:105620000D006945D5430D006945F2440D00E2299E
:10563000FD440D00C307F2440D00FD440D00E229B6
:10564000D5430D0040450C00E7440D00FD46E744FE
:105650000D00B146F7430D002500F7430C007049DB
:105660000B00F64910A445004400490054002D00E9
:10567000440045004C004500540045002D00430007
:1056800048004100520029440D00E7440C000A463E
:10569000F2440C00E7440D00F2440D00CA05080076
:1056A000844AD5430D00E7440D002400A345D543AB
:1056B0000D00E7440D00A345F2440D00E7440D0042
:1056C000B6292500C307F2440D002500D5430D007F
:1056D00040450C0070490B00E7440D00F2440D00FA
:1056E000BB2908008C4A064A0B00494A0F8A45002C
:1056F0004400490054002D00530050004C00490064
:1057000054002D004C0049004E004500684618002A
:1057100023000800A84A1700A94286440C000B0089
:105720001800E7440C00D5430D00F2440C00294456
:105730000D00FD440C00F2440D007D4508450C00B1
:10574000FD440D0008450D00CA050800DC4A084567
:105750000D00FD440D00B6291800E7440D0040453A
:105760000C00F2440D006945FD440D00E229E744B8
:105770000D0069458105C307FD440D00F2440D008D
:1057800040450C000900E24A04000000E7440D0017
:1057900040450C00E7440D00F2440D00C946F743B4
:1057A0000D002400F7430C00E7440D00D5430C0026
:1057B00008440D00240008440C000400000040468A
:1057C0004C4870490B008D4A0E8A45004400490040
:1057D00054002D004200410043004B005300500094
:1057E00041004300450029440D0023000800284BD8
:1057F000D5430D002F450D0076050800274B1800F6
:105800007D45E7440C00D5430C0008440D002500FD
:1058100008440C00E7440D004046064A4C480B0083
:1058200029440D002500180029440C003A440C00BE
:1058300029440D000A46DC290800374B0B005B4A5F
:105840000B00FB4A108A45004400490054002D001B
:10585000440045004C004500540045002D004C001C
:1058600049004E004500F7430D0004000100BB292C
:1058700008005A4BD5430D0057460400000040462F
:1058800070490B00D5430D00E7440C00E7440D00C0
:105890000D0076050800694B1800D5430C0009007F
:1058A000754BE7440D002F450D001800D5430C0043
:1058B00008440D00250008440C00E7440D00E543B2
:1058C0000D00BB290800844BD5430D00E5430C00B7
:1058D00008440D0019440C00E7440D00FD46E74460
:1058E0000D00B146F7430D002500F7430C000A46B2
:1058F00029440D00E60540464C4870490B00394BE1
:105900000E8A45004400490054002D0043004F001A
:10591000500059002D004C0049004E004500D54371
:105920000D007D451800C6440C00D5430D006945A7
:10593000C8458105C307824286440C000B00974B83
:105940000F8A45004400490054002D0050004100DA
:105950005300540045002D004C0049004E00450006
:105960006846180023000800D24B1700A94286445D
:105970000C000B001800E7440C00C6440D00180092
:10598000E7440D0040450C00C845E7440D0069455B
:105990008105C307E7440D00D5430D00C946E74420
:1059A0000D00D5430C00F7430D002400F7430C0015
:1059B00008440D00240008440C0004000000404688
:1059C0004C4870490B00B74B08AE450044004900F5
:1059D00054002D004E0045005700394703438644CC
:1059E0000C000B00FB4B09884500440049005400A3
:1059F0002D004C004F0041004400E7453947D74592
:105A0000D413F21318000800234C19001700CD42DC
:105A100086440C000B0017001400B4430D00F24440
:105A20000C000400FFFFFD440C004D07044213006E
:105A30001C1418000800404C170017001700120033
:105A40000F141700DF4286440C00040001000B0015
:105A500017000800774CFD440D0023000800664C39
:105A60006846180023000800574C170012000F1456
:105A70001700A94286440C00040002000B00180025
:105A8000C5430D00C9461800F2440C00F7430D0051
:105A90002400F7430C00170009006A4C04000000C2
:105AA000FD440C001800F2440D0040450C004D0769
:105AB000F2440D0069458105C30709002D4C17000C
:105AC00012000F141700B4430D00D5430C00B4436B
:105AD0000D00E5430C000400010008440C00040024
:105AE000010019440C0004000000404604000000BE
:105AF0004F440C00824286440C00040000000B005E
:105B00000A4C098A45004400490054002D00530006
:105B10004100560045009B440D0023000800AE4C98
:105B2000154386440C00040001000B00D74578148F
:105B30001700D745E413011418000800BD4C1900E4
:105B40001700F24286440C000B00170008450C00B9
:105B5000B4430D0018000800E34C1800D0471800AB
:105B6000F2440C001A006945F2440D0008450D008E
:105B70002A1418000800DF4C170008450D000F1408
:105B80001700F24286440C00040001000B001700CD
:105B90000D000900C24C170008450D0069141700DC
:105BA00008450D000F141700040000004F440C00BE
:105BB000954286440C00040000000B00984C098EAE
:105BC00045004400490054002D002E004D005300B4
:105BD000470086440D0018009542BB290800124D6D
:105BE0001700FE0C060020005300610076006500DF
:105BF00064000B001800A942BB290800274D1700BC
:105C0000FE0C0C0020004200750066006600650076
:105C100072002000660075006C006C000B0018001C
:105C2000BB42BB2908003E4D1700FE0C0E002000B1
:105C30004C0069006E006500200074006F006F006A
:105C400020006C006F006E0067000B001800CD4252
:105C5000BB290800534D1700FE0C0C0020004F001C
:105C6000700065006E0020006600610069006C0035
:105C7000650064000B001800DF42BB290800684D76
:105C80001700FE0C0C00200052006500610064004B
:105C900020006600610069006C00650064000B0074
:105CA0001800F242BB2908007E4D1700FE0C0D00C3
:105CB0002000570072006900740065002000660033
:105CC000610069006C00650064000B00180003436C
:105CD000BB290800924D1700FE0C0B0020004E005F
:105CE00065007700200062007500660066006500B0
:105CF00072000B0018001543BB290800A74D1700C0
:105D0000FE0C0C0020004E006F00200066006900B1
:105D10006C0065006E0061006D0065000B001800EE
:105D20002843BB290800BB4D1700FE0C0B002000C8
:105D30004E006F007400200069006E0020004D00CE
:105D4000560050000B0017000B00F64C0DAE45003E
:105D50004400490054002D00440052004100570007
:105D60002D0052004F005700E7440C00F2440C0095
:105D700004000100E7440D00122E622EF2440D00D3
:105D800076050800FC4DF2440D007D453A42E605DB
:105D9000FD440C000400000008450C0008450D00FF
:105DA000FD440D00CA050800FC4DF2440D00694594
:105DB00008450D00E2290F00510B08450D00240095
:105DC00008450C000900E64D0B00BD4D0EA845002E
:105DD0004400490054002D00440052004100570087
:105DE0002D005400450058005400E5430D00E744E1
:105DF0000C0004000100F2440C00F2440D004A4281
:105E0000D5290800304EE7440D00F2440D00CC4D7A
:105E1000E7440D000800294EE7440D000D00E7445B
:105E20000C00F2440D002400F2440C000900154E51
:105E30000B00FD4D10A645004400490054002D0004
:105E400044005200410057002D005300540041000F
:105E5000540055005300012F040001005E42122E31
:105E6000622ED745A20B4F440D000800554EFE0C84
:105E7000020020002A000900594EFE0C02002000FA
:105E80002D00FE0C040020004C006E002000084491
:105E90000D00FA2DFE0C0500200043006F006C0081
:105EA000200029440D002400FA2D62440D00080052
:105EB000794EFE0C0400200049004E0053000900FA
:105EC0007F4EFE0C040020004F0056005200014D92
:105ED000B12E0B00314E0EA0450044004900540085
:105EE0002D0044005200410057002D00480045009D
:105EF0004C005000040001007042122E622EB12EA0
:105F0000FE0C010031005C30E32DED30CE2DFE0C97
:105F10000600200020002000200020002000B12EDC
:105F2000FE0C010032005C30E32DED30CE2DFE0C76
:105F30000600530061007600650020002000B12EAD
:105F4000FE0C010033005C30E32DED30CE2DFE0C55
:105F50000600200020002000200020002000B12E9C
:105F6000FE0C010034005C30E32DED30CE2DFE0C34
:105F700006004E0065007700200020002000B12EB2
:105F8000FE0C010035005C30E32DED30CE2DFE0C13
:105F9000060043006F007000790020002000B12E41
:105FA000FE0C010036005C30E32DED30CE2DFE0CF2
:105FB0000600200020002000200020002000B12E3C
:105FC000FE0C010037005C30E32DED30CE2DFE0CD1
:105FD0000600500061007300740065002000B12EBF
:105FE000FE0C010038005C30E32DED30CE2DFE0CB0
:105FF0000600440065006C004C006E002000B12ECD
:10600000FE0C010039005C30E32DED30CE2DFE0C8E
:106010000600200020002000200020002000B12EDB
:10602000FE0C0200310030005C30E32DED30CE2D4F
:10603000FE0C060045007800690074002000200076
:10604000B12E0B00824E11A44500440049005400BB
:106050002D0050004C004100430045002D0043003E
:106060005500520053004F00520008440D001944DF
:106070000D00B629240004000100DA054A42E605B5
:10608000E7440C0029440D00240004000100DA0557
:106090003A42E605F2440C00F2440D00E7440D00DC
:1060A000122E0B003A4F0BAE45004400490054003D
:1060B0002D00520045004400520041005700A12E1F
:1060C000532E222E0D4E434E924E4D4F8D2E0B00D1
:1060D0006A4F158A45004400490054002D004800CD
:1060E00041004E0044004C0045002D00500052007D
:1060F00049004E005400410042004C004500180089
:106100000400200004007F00F6050800A84F624448
:106110000D000800A64FB4490900A74F8D490B0098
:1061200017000B00804F10A44500440049005400A4
:106130002D00480041004E0044004C0045002D0059
:106140004300480041005200180004000800BB2929
:106150000800C54F17000B4B0B00180004007F0010
:10616000BB290800CE4F17000B4B0B001800040092
:106170000D00BB290800D74F17009E4A0B001800DE
:1061800004000A00BB290800E04F17009E4A0B00DC
:10619000180004000900BB290800EC4F1700CB06CB
:1061A000974FCB06974F0B00974F0B00AA4F10B29B
:1061B00045004400490054002D00480041004E00B5
:1061C00044004C0045002D0045004B00450059009F
:1061D0001800600ABB29080008501700CB480B00C4
:1061E00018006E0ABB29080010501700EA480B007F
:1061F0001800460ABB2908001850170084480B00F5
:106200001800530ABB29080020501700A8480B00AB
:1062100018007B0ABB2908002850170003490B000F
:106220001800870ABB2908003050170016490B00D8
:106230001800940ABB2908003850170027490B00A2
:106240001800A10ABB290800405017004A490B005A
:106250001800CB0ABB290800485017000B4B0B0055
:106260001800B90ABB290800505017005B4A0B0000
:106270001800D90ABB290800585017009E4A0B0085
:106280001800AD0ABB2908006450170062440D00D5
:10629000230062440C000B001800EF0ABB29080021
:1062A0006D501700A34C17000B001800050BBB29FD
:1062B000080075501700054C0B001800100BBB2987
:1062C00008007D501700A74B0B001800260BBB29B8
:1062D000080085501700C84B0B001800310BBB2974
:1062E00008008D5017004B4B0B001800480BBB29C2
:1062F0000800985017000400000076440C000B00C2
:106300001700284386440C000B00EE4F0FA84500F1
:106310004400490054002D0057004100490054003A
:106320002D0049004E00500055005400190A080085
:10633000B35000500B00F6090800B850BC4F0B00DA
:106340000900AE500B009D50089C450044004900D8
:1063500054002D00520055004E000400FFFF76440B
:106360000C0076440D000800D150774FAE50090064
:10637000C950B12E8D2E532E222E0B00BB5004A8D7
:1063800045004400490054008447A929154C1800D1
:106390000800E450BA470B001700C550BA47040084
:1063A00000000B00782F08A84E00450057002D0074
:1063B00045004400490054008447E745054CC5505A
:1063C000BA470B00000000000000000000000000C1
:1063D00000000000000000000000000000000000BD
:1063E00000000000000000000000000000000000AD
:1063F000000000000000000000000000000000009D
:10640000000000000000000000000000000000008C
:10641000000000000000000000000000000000007C
:10642000000000000000000000000000000000006C
:10643000000000000000000000000000000000005C
:10644000000000000000000000000000000000004C
:10645000000000000000000000000000000000003C
:10646000000000000000000000000000000000002C
:10647000000000000000000000000000000000001C
:10648000000000000000000000000000000000000C
:1064900000000000000000000000000000000000FC
:1064A00000000000000000000000000000000000EC
:1064B00000000000000000000000000000000000DC
:1064C00000000000000000000000000000000000CC
:1064D00000000000000000000000000000000000BC
:1064E00000000000000000000000000000000000AC
:1064F000000000000000000000000000000000009C
:10650000000000000000000000000000000000008B
:10651000000000000000000000000000000000007B
:10652000000000000000000000000000000000006B
:10653000000000000000000000000000000000005B
:10654000000000000000000000000000000000004B
:10655000000000000000000000000000000000003B
:10656000000000000000000000000000000000002B
:10657000000000000000000000000000000000001B
:10658000000000000000000000000000000000000B
:1065900000000000000000000000000000000000FB
:1065A00000000000000000000000000000000000EB
:1065B00000000000000000000000000000000000DB
:1065C00000000000000000000000000000000000CB
:1065D00000000000000000000000000000000000BB
:1065E00000000000000000000000000000000000AB
:1065F000000000000000000000000000000000009B
:10660000000000000000000000000000000000008A
:10661000000000000000000000000000000000007A
:10662000000000000000000000000000000000006A
:10663000000000000000000000000000000000005A
:10664000000000000000000000000000000000004A
:10665000000000000000000000000000000000003A
:10666000000000000000000000000000000000002A
:10667000000000000000000000000000000000001A
:10668000000000000000000000000000000000000A
:1066900000000000000000000000000000000000FA
:1066A00000000000000000000000000000000000EA
:1066B00000000000000000000000000000000000DA
:1066C00000000000000000000000000000000000CA
:1066D00000000000000000000000000000000000BA
:1066E00000000000000000000000000000000000AA
:1066F000000000000000000000000000000000009A
:106700000000000000000000000000000000000089
:106710000000000000000000000000000000000079
:106720000000000000000000000000000000000069
:106730000000000000000000000000000000000059
:106740000000000000000000000000000000000049
:106750000000000000000000000000000000000039
:106760000000000000000000000000000000000029
:106770000000000000000000000000000000000019
:106780000000000000000000000000000000000009
:1067900000000000000000000000000000000000F9
:1067A00000000000000000000000000000000000E9
:1067B00000000000000000000000000000000000D9
:1067C00000000000000000000000000000000000C9
:1067D00000000000000000000000000000000000B9
:1067E00000000000000000000000000000000000A9
:1067F0000000000000000000000000000000000099
:106800000000000000000000000000000000000088
:106810000000000000000000000000000000000078
:106820000000000000000000000000000000000068
:106830000000000000000000000000000000000058
:106840000000000000000000000000000000000048
:106850000000000000000000000000000000000038
:106860000000000000000000000000000000000028
:106870000000000000000000000000000000000018
:106880000000000000000000000000000000000008
:1068900000000000000000000000000000000000F8
:1068A00000000000000000000000000000000000E8
:1068B00000000000000000000000000000000000D8
:1068C00000000000000000000000000000000000C8
:1068D00000000000000000000000000000000000B8
:1068E00000000000000000000000000000000000A8
:1068F0000000000000000000000000000000000098
:106900000000000000000000000000000000000087
:106910000000000000000000000000000000000077
:106920000000000000000000000000000000000067
:106930000000000000000000000000000000000057
:106940000000000000000000000000000000000047
:106950000000000000000000000000000000000037
:106960000000000000000000000000000000000027
:106970000000000000000000000000000000000017
:106980000000000000000000000000000000000007
:1069900000000000000000000000000000000000F7
:1069A00000000000000000000000000000000000E7
:1069B00000000000000000000000000000000000D7
:1069C00000000000000000000000000000000000C7
:1069D00000000000000000000000000000000000B7
:1069E00000000000000000000000000000000000A7
:1069F0000000000000000000000000000000000097
:106A00000000000000000000000000000000000086
:106A10000000000000000000000000000000000076
:106A20000000000000000000000000000000000066
:106A30000000000000000000000000000000000056
:106A40000000000000000000000000000000000046
:106A50000000000000000000000000000000000036
:106A60000000000000000000000000000000000026
:106A70000000000000000000000000000000000016
:106A80000000000000000000000000000000000006
:106A900000000000000000000000000000000000F6
:106AA00000000000000000000000000000000000E6
:106AB00000000000000000000000000000000000D6
:106AC00000000000000000000000000000000000C6
:106AD00000000000000000000000000000000000B6
:106AE00000000000000000000000000000000000A6
:106AF0000000000000000000000000000000000096
:106B00000000000000000000000000000000000085
:106B10000000000000000000000000000000000075
:106B20000000000000000000000000000000000065
:106B30000000000000000000000000000000000055
:106B40000000000000000000000000000000000045
:106B50000000000000000000000000000000000035
:106B60000000000000000000000000000000000025
:106B70000000000000000000000000000000000015
:106B80000000000000000000000000000000000005
:106B900000000000000000000000000000000000F5
:106BA00000000000000000000000000000000000E5
:106BB00000000000000000000000000000000000D5
:106BC00000000000000000000000000000000000C5
:106BD00000000000000000000000000000000000B5
:106BE00000000000000000000000000000000000A5
:106BF0000000000000000000000000000000000095
:106C00000000000000000000000000000000000084
:106C10000000000000000000000000000000000074
:106C20000000000000000000000000000000000064
:106C30000000000000000000000000000000000054
:106C40000000000000000000000000000000000044
:106C50000000000000000000000000000000000034
:106C60000000000000000000000000000000000024
:106C70000000000000000000000000000000000014
:106C80000000000000000000000000000000000004
:106C900000000000000000000000000000000000F4
:106CA00000000000000000000000000000000000E4
:106CB00000000000000000000000000000000000D4
:106CC00000000000000000000000000000000000C4
:106CD00000000000000000000000000000000000B4
:106CE00000000000000000000000000000000000A4
:106CF0000000000000000000000000000000000094
:106D00000000000000000000000000000000000083
:106D10000000000000000000000000000000000073
:106D20000000000000000000000000000000000063
:106D30000000000000000000000000000000000053
:106D40000000000000000000000000000000000043
:106D50000000000000000000000000000000000033
:106D60000000000000000000000000000000000023
:106D70000000000000000000000000000000000013
:106D80000000000000000000000000000000000003
:106D900000000000000000000000000000000000F3
:106DA00000000000000000000000000000000000E3
:106DB00000000000000000000000000000000000D3
:106DC00000000000000000000000000000000000C3
:106DD00000000000000000000000000000000000B3
:106DE00000000000000000000000000000000000A3
:106DF0000000000000000000000000000000000093
:106E00000000000000000000000000000000000082
:106E10000000000000000000000000000000000072
:106E20000000000000000000000000000000000062
:106E30000000000000000000000000000000000052
:106E40000000000000000000000000000000000042
:106E50000000000000000000000000000000000032
:106E60000000000000000000000000000000000022
:106E70000000000000000000000000000000000012
:106E80000000000000000000000000000000000002
:106E900000000000000000000000000000000000F2
:106EA00000000000000000000000000000000000E2
:106EB00000000000000000000000000000000000D2
:106EC00000000000000000000000000000000000C2
:106ED00000000000000000000000000000000000B2
:106EE00000000000000000000000000000000000A2
:106EF0000000000000000000000000000000000092
:106F00000000000000000000000000000000000081
:106F10000000000000000000000000000000000071
:106F20000000000000000000000000000000000061
:106F30000000000000000000000000000000000051
:106F40000000000000000000000000000000000041
:106F50000000000000000000000000000000000031
:106F60000000000000000000000000000000000021
:106F70000000000000000000000000000000000011
:106F80000000000000000000000000000000000001
:106F900000000000000000000000000000000000F1
:106FA00000000000000000000000000000000000E1
:106FB00000000000000000000000000000000000D1
:106FC00000000000000000000000000000000000C1
:106FD00000000000000000000000000000000000B1
:106FE00000000000000000000000000000000000A1
:106FF0000000000000000000000000000000000091
:107000000000000000000000000000000000000080
:107010000000000000000000000000000000000070
:107020000000000000000000000000000000000060
:107030000000000000000000000000000000000050
:107040000000000000000000000000000000000040
:107050000000000000000000000000000000000030
:107060000000000000000000000000000000000020
:107070000000000000000000000000000000000010
:107080000000000000000000000000000000000000
:1070900000000000000000000000000000000000F0
:1070A00000000000000000000000000000000000E0
:1070B00000000000000000000000000000000000D0
:1070C00000000000000000000000000000000000C0
:1070D00000000000000000000000000000000000B0
:1070E00000000000000000000000000000000000A0
:1070F0000000000000000000000000000000000090
:10710000000000000000000000000000000000007F
:10711000000000000000000000000000000000006F
:10712000000000000000000000000000000000005F
:10713000000000000000000000000000000000004F
:10714000000000000000000000000000000000003F
:10715000000000000000000000000000000000002F
:10716000000000000000000000000000000000001F
:10717000000000000000000000000000000000000F
:1071800000000000000000000000000000000000FF
:1071900000000000000000000000000000000000EF
:1071A00000000000000000000000000000000000DF
:1071B00000000000000000000000000000000000CF
:1071C00000000000000000000000000000000000BF
:1071D00000000000000000000000000000000000AF
:1071E000000000000000000000000000000000009F
:1071F000000000000000000000000000000000008F
:10720000000000000000000000000000000000007E
:10721000000000000000000000000000000000006E
:10722000000000000000000000000000000000005E
:10723000000000000000000000000000000000004E
:10724000000000000000000000000000000000003E
:10725000000000000000000000000000000000002E
:10726000000000000000000000000000000000001E
:10727000000000000000000000000000000000000E
:1072800000000000000000000000000000000000FE
:1072900000000000000000000000000000000000EE
:1072A00000000000000000000000000000000000DE
:1072B00000000000000000000000000000000000CE
:1072C00000000000000000000000000000000000BE
:1072D00000000000000000000000000000000000AE
:1072E000000000000000000000000000000000009E
:1072F000000000000000000000000000000000008E
:10730000000000000000000000000000000000007D
:10731000000000000000000000000000000000006D
:10732000000000000000000000000000000000005D
:10733000000000000000000000000000000000004D
:10734000000000000000000000000000000000003D
:10735000000000000000000000000000000000002D
:10736000000000000000000000000000000000001D
:10737000000000000000000000000000000000000D
:1073800000000000000000000000000000000000FD
:1073900000000000000000000000000000000000ED
:1073A00000000000000000000000000000000000DD
:1073B00000000000000000000000000000000000CD
:1073C00000000000000000000000000000000000BD
:1073D00000000000000000000000000000000000AD
:1073E000000000000000000000000000000000009D
:1073F000000000000000000000000000000000008D
:10740000000000000000000000000000000000007C
:10741000000000000000000000000000000000006C
:10742000000000000000000000000000000000005C
:10743000000000000000000000000000000000004C
:10744000000000000000000000000000000000003C
:10745000000000000000000000000000000000002C
:10746000000000000000000000000000000000001C
:10747000000000000000000000000000000000000C
:1074800000000000000000000000000000000000FC
:1074900000000000000000000000000000000000EC
:1074A00000000000000000000000000000000000DC
:1074B00000000000000000000000000000000000CC
:1074C00000000000000000000000000000000000BC
:1074D00000000000000000000000000000000000AC
:1074E000000000000000000000000000000000009C
:1074F000000000000000000000000000000000008C
:10750000000000000000000000000000000000007B
:10751000000000000000000000000000000000006B
:10752000000000000000000000000000000000005B
:10753000000000000000000000000000000000004B
:10754000000000000000000000000000000000003B
:10755000000000000000000000000000000000002B
:10756000000000000000000000000000000000001B
:10757000000000000000000000000000000000000B
:1075800000000000000000000000000000000000FB
:1075900000000000000000000000000000000000EB
:1075A00000000000000000000000000000000000DB
:1075B00000000000000000000000000000000000CB
:1075C00000000000000000000000000000000000BB
:1075D00000000000000000000000000000000000AB
:1075E000000000000000000000000000000000009B
:1075F000000000000000000000000000000000008B
:10760000000000000000000000000000000000007A
:10761000000000000000000000000000000000006A
:10762000000000000000000000000000000000005A
:10763000000000000000000000000000000000004A
:10764000000000000000000000000000000000003A
:10765000000000000000000000000000000000002A
:10766000000000000000000000000000000000001A
:10767000000000000000000000000000000000000A
:1076800000000000000000000000000000000000FA
:1076900000000000000000000000000000000000EA
:1076A00000000000000000000000000000000000DA
:1076B00000000000000000000000000000000000CA
:1076C00000000000000000000000000000000000BA
:1076D00000000000000000000000000000000000AA
:1076E000000000000000000000000000000000009A
:1076F000000000000000000000000000000000008A
:107700000000000000000000000000000000000079
:107710000000000000000000000000000000000069
:107720000000000000000000000000000000000059
:107730000000000000000000000000000000000049
:107740000000000000000000000000000000000039
:107750000000000000000000000000000000000029
:107760000000000000000000000000000000000019
:107770000000000000000000000000000000000009
:1077800000000000000000000000000000000000F9
:1077900000000000000000000000000000000000E9
:1077A00000000000000000000000000000000000D9
:1077B00000000000000000000000000000000000C9
:1077C00000000000000000000000000000000000B9
:1077D00000000000000000000000000000000000A9
:1077E0000000000000000000000000000000000099
:1077F0000000000000000000000000000000000089
:107800000000000000000000000000000000000078
:107810000000000000000000000000000000000068
:107820000000000000000000000000000000000058
:107830000000000000000000000000000000000048
:107840000000000000000000000000000000000038
:107850000000000000000000000000000000000028
:107860000000000000000000000000000000000018
:107870000000000000000000000000000000000008
:1078800000000000000000000000000000000000F8
:1078900000000000000000000000000000000000E8
:1078A00000000000000000000000000000000000D8
:1078B00000000000000000000000000000000000C8
:1078C00000000000000000000000000000000000B8
:1078D00000000000000000000000000000000000A8
:1078E0000000000000000000000000000000000098
:1078F0000000000000000000000000000000000088
:107900000000000000000000000000000000000077
:107910000000000000000000000000000000000067
:107920000000000000000000000000000000000057
:107930000000000000000000000000000000000047
:107940000000000000000000000000000000000037
:107950000000000000000000000000000000000027
:107960000000000000000000000000000000000017
:107970000000000000000000000000000000000007
:1079800000000000000000000000000000000000F7
:1079900000000000000000000000000000000000E7
:1079A00000000000000000000000000000000000D7
:1079B00000000000000000000000000000000000C7
:1079C00000000000000000000000000000000000B7
:1079D00000000000000000000000000000000000A7
:1079E0000000000000000000000000000000000097
:1079F0000000000000000000000000000000000087
:107A00000000000000000000000000000000000076
:107A10000000000000000000000000000000000066
:107A20000000000000000000000000000000000056
:107A30000000000000000000000000000000000046
:107A40000000000000000000000000000000000036
:107A50000000000000000000000000000000000026
:107A60000000000000000000000000000000000016
:107A70000000000000000000000000000000000006
:107A800000000000000000000000000000000000F6
:107A900000000000000000000000000000000000E6
:107AA00000000000000000000000000000000000D6
:107AB00000000000000000000000000000000000C6
:107AC00000000000000000000000000000000000B6
:107AD00000000000000000000000000000000000A6
:107AE0000000000000000000000000000000000096
:107AF0000000000000000000000000000000000086
:107B00000000000000000000000000000000000075
:107B10000000000000000000000000000000000065
:107B20000000000000000000000000000000000055
:107B30000000000000000000000000000000000045
:107B40000000000000000000000000000000000035
:107B50000000000000000000000000000000000025
:107B60000000000000000000000000000000000015
:107B70000000000000000000000000000000000005
:107B800000000000000000000000000000000000F5
:107B900000000000000000000000000000000000E5
:107BA00000000000000000000000000000000000D5
:107BB00000000000000000000000000000000000C5
:107BC00000000000000000000000000000000000B5
:107BD00000000000000000000000000000000000A5
:107BE0000000000000000000000000000000000095
:107BF0000000000000000000000000000000000085
:107C00000000000000000000000000000000000074
:107C10000000000000000000000000000000000064
:107C20000000000000000000000000000000000054
:107C30000000000000000000000000000000000044
:107C40000000000000000000000000000000000034
:107C50000000000000000000000000000000000024
:107C60000000000000000000000000000000000014
:107C70000000000000000000000000000000000004
:107C800000000000000000000000000000000000F4
:107C900000000000000000000000000000000000E4
:107CA00000000000000000000000000000000000D4
:107CB00000000000000000000000000000000000C4
:107CC00000000000000000000000000000000000B4
:107CD00000000000000000000000000000000000A4
:107CE0000000000000000000000000000000000094
:107CF0000000000000000000000000000000000084
:107D00000000000000000000000000000000000073
:107D10000000000000000000000000000000000063
:107D20000000000000000000000000000000000053
:107D30000000000000000000000000000000000043
:107D40000000000000000000000000000000000033
:107D50000000000000000000000000000000000023
:107D60000000000000000000000000000000000013
:107D70000000000000000000000000000000000003
:107D800000000000000000000000000000000000F3
:107D900000000000000000000000000000000000E3
:107DA00000000000000000000000000000000000D3
:107DB00000000000000000000000000000000000C3
:107DC00000000000000000000000000000000000B3
:107DD00000000000000000000000000000000000A3
:107DE0000000000000000000000000000000000093
:107DF0000000000000000000000000000000000083
:107E00000000000000000000000000000000000072
:107E10000000000000000000000000000000000062
:107E20000000000000000000000000000000000052
:107E30000000000000000000000000000000000042
:107E40000000000000000000000000000000000032
:107E50000000000000000000000000000000000022
:107E60000000000000000000000000000000000012
:107E70000000000000000000000000000000000002
:107E800000000000000000000000000000000000F2
:107E900000000000000000000000000000000000E2
:107EA00000000000000000000000000000000000D2
:107EB00000000000000000000000000000000000C2
:107EC00000000000000000000000000000000000B2
:107ED00000000000000000000000000000000000A2
:107EE0000000000000000000000000000000000092
:107EF0000000000000000000000000000000000082
:107F00000000000000000000000000000000000071
:107F10000000000000000000000000000000000061
:107F20000000000000000000000000000000000051
:107F30000000000000000000000000000000000041
:107F40000000000000000000000000000000000031
:107F50000000000000000000000000000000000021
:107F60000000000000000000000000000000000011
:107F70000000000000000000000000000000000001
:107F800000000000000000000000000000000000F1
:107F900000000000000000000000000000000000E1
:107FA00000000000000000000000000000000000D1
:107FB00000000000000000000000000000000000C1
:107FC00000000000000000000000000000000000B1
:107FD00000000000000000000000000000000000A1
:107FE0000000000000000000000000000000000091
:107FF0000000000000000000000000000000000081
:108000000000000000000000000000000000000070
:108010000000000000000000000000000000000060
:108020000000000000000000000000000000000050
:108030000000000000000000000000000000000040
:108040000000000000000000000000000000000030
:108050000000000000000000000000000000000020
:108060000000000000000000000000000000000010
:108070000000000000000000000000000000000000
:1080800000000000000000000000000000000000F0
:1080900000000000000000000000000000000000E0
:1080A00000000000000000000000000000000000D0
:1080B00000000000000000000000000000000000C0
:1080C00000000000000000000000000000000000B0
:1080D00000000000000000000000000000000000A0
:1080E0000000000000000000000000000000000090
:1080F0000000000000000000000000000000000080
:10810000000000000000000000000000000000006F
:10811000000000000000000000000000000000005F
:10812000000000000000000000000000000000004F
:10813000000000000000000000000000000000003F
:10814000000000000000000000000000000000002F
:10815000000000000000000000000000000000001F
:10816000000000000000000000000000000000000F
:1081700000000000000000000000000000000000FF
:1081800000000000000000000000000000000000EF
:1081900000000000000000000000000000000000DF
:1081A00000000000000000000000000000000000CF
:1081B00000000000000000000000000000000000BF
:1081C00000000000000000000000000000000000AF
:1081D0000000030041004E0044001C0000000200AB
:1081E0004F0052001D000000030058004F005200D5
:1081F0001E000000030055004D002B001F00000072
:1082000003003C003C0034002000000003003C0060
:108210003C0038002100000003003C003C00390015
:1082200022000000020030003D0023000000020098
:1082300031002B0024000000020031002D00250039
:108240000000020032002B00260000000200320075
:108250002D0027000000050048004F005000450099
:108260004E0028000000070048004300520045006F
:10827000410054004500290000000600480043006A
:108280004C004F00530045002A0000000700480042
:1082900052004500410044004C004E002B000000FD
:1082A00008004800570052004900540045004C00A7
:1082B0004E002C000000050048005300450045001A
:1082C0004B002D00000005004800540045004C0004
:1082D0004C002E00000005004800530049005A00E1
:1082E00045002F0000000600480046004C005500E5
:1082F00053004800300000000700480044004500DB
:108300004C004500540045003100000007004800C3
:10831000520045004E0041004D0045003200000073
:10832000030055004D002A003300000003004E00FA
:108330004F00540035000000030053005500420078
:108340003600000006004E00450047004100540082
:10835000450037000000030049004E00430038008C
:108360000000030044004500430039000000040001
:108370005A00450052004F003A000000020055002C
:108380002B003B000000020032002A003C000000ED
:1083900000000000457E5000520049004D003F00A3
:1083A0001800A2020C001800B0060F00EC030C002D
:1083B00017000400491F18000F00080021211800B1
:1083C000B0060F00EC030D001E00080005212D076C
:1083D000E229B006B0060900F320A2020D00190040
:1083E00018000F00C10F08001521190017002D07F4
:1083F000E229B006B0060900F320190017002D0786
:10840000E22918000D001900B0060D000400FFFF5E
:108410000B001700A2020D00040000000B00030077
:108420003F00720078000200030074007800210011
:108430000300010021000C00010040000D000200BB
:10844000430021000E000200430040000F00030023
:108450005200500021001000030052005000400064
:108460001100020052003E001200020052004000C3
:10847000130002003E00520014000300530050009D
:1084800040001500030053005000210016000400B6
:10849000440052004F0050001700030044005500F4
:1084A000500018000400530057004100500019000C
:1084B00004004F005600450052001A000200300030
:1084C0003C001B00030041004E0044001C00020061
:1084D0004F0052001D00030058004F0052001E00C4
:1084E000030055004D002B001F00020030003D002E
:1084F0002300020031002B002400020031002D0077
:108500002500020032002B002600020032002D0060
:108510002700050048004F00500045004E0028008D
:108520000700480043005200450041005400450048
:1085300029000600480043004C004F00530045004E
:108540002A000700480052004500410044004C004A
:108550004E002B000800480057005200490054000C
:1085600045004C004E002C0005004800530045001B
:1085700045004B002D0005004800540045004C000C
:108580004C002E0005004800530049005A004500E9
:108590002F000600480046004C00550053004800DC
:1085A000300007004800440045004C0045005400DE
:1085B0004500310007004800520045004E004100D0
:1085C0004D0045003200030055004D002A003300E5
:1085D00003004E004F0054003500030053005500C7
:1085E0004200360006004E0045004700410054009E
:1085F00045003700030049004E00430038000300E7
:10860000440045004300390004005A004500520070
:108610004F003A00020055002B003B0002003200E0
:108620002A003C0000000000467E49005000520035
:1086300049004D003F001800A2020C001800B006CF
:108640000F00EC030C0017000400272118000F0096
:10865000080066221800B0060F00EC030D001E0093
:1086600008004F222D07E229B00609003E2218001B
:108670000F001400A2020D00B0061A00B00612008E
:10868000E60F080061222D07E2290D000400FFFF1C
:108690000B002D07E229B00609003E221700A202B6
:1086A0000D00040000000B000000488A2400430075
:1086B0004F004D00500049004C004500D712080003
:1086C0008122400908008122040004009129912997
:1086D0000B00D711760508009D2218000D00180028
:1086E000040080001C0008009122170017001400ED
:1086F0000B00040020001C0008009A2217000D0047
:1087000091290B00170091290B0040090800A522B0
:1087100004000400912991290B00C01200004A585E
:1087200049004E00540045005200500052004500E0
:1087300054002C00D7120800BA2240090800BA22BF
:1087400087070B00D71176050800072318000D00D6
:10875000040040001C00A5180D00200063006F00FD
:108760006D00700069006C00650020006F006E00F5
:108770006C0079001A00040073161E000800042320
:108780001A000400F0291E00080004231A00040047
:108790005E241E00080004231A00040063251E0046
:1087A000080004231A00040074251E000800042396
:1087B0001A0004002D271E000800042318000D00D5
:1087C000040020001C000800012317000D0075079D
:1087D0000B00170075070B00170014000B00C012E8
:1087E00000004698520045005600450041004C00EC
:1087F000C9030D00180014009A0FB0060F009B0368
:108800000D00B80F7D0F76050800262318000D0017
:1088100013000C00120019000C000B0012001700CE
:108820000B004417898A49004D004D004500440063
:10883000490041005400450004008000C9030D00B8
:10884000B00618000D0081051D0019000C000B007A
:10885000241E078A5000520049005600410054006F
:10886000450004000001C9030D00B00618000D000A
:1088700081051D0019000C000B00A21E0CB2430064
:108880004F004D00500049004C0045002D004F00A6
:108890004E004C00590004004000C9030D00B00612
:1088A00018000D0081051D0019000C000B00DE0FE3
:1088B00006A44D00410052004B0045005200310318
:1088C0000D0008009E23A51820004D004100520015
:1088D0004B0045005200200063006F006D007000E7
:1088E00069006C0065002D00730074006100740065
:1088F0006500200075006E00730075007000700048
:108900006F007200740065006400C012C9030D009E
:10891000A2020C003B07AE020C000C0F1A1F7D03D5
:10892000E81E7D03B006E81E7D03B006B006E81E13
:108930008C03E81E8C03B006E81E8C03B006B0065C
:10894000E81E8C03B006B006B006E81E8C03B00625
:10895000B006B006B006E81E8C03B006B006B0063E
:10896000B006B006E81E8C03B006B006B006B0062E
:10897000B006B006E81E8C03B006B006B006B0061E
:10898000B006B006B006E81E8C03B006B006B0060E
:10899000B006B006B006B006B006E81E9B03E81E9F
:1089A0009B03B006E81EA2020D00C903041FAE021D
:1089B0000D00A503041F040004009129AE020D0060
:1089C0009129040066189129A5030D00661804007A
:1089D0000B00912910230B00131706A846004F0027
:1089E000520047004500540031030D0008003324B5
:1089F000A518200046004F005200470045005400D3
:108A0000200063006F006D00700069006C0065005D
:108A10002D00730074006100740065002000750073
:108A20006E0073007500700070006F0072007400BB
:108A300065006400C0120C0F9B030D00A8117605A1
:108A40000800572414008D0512001800040000804F
:108A5000BA0508004F24A5180900700072006F00C5
:108A6000740065006300740065006400C012A70F05
:108A70001800A5030C009B030D004A180B00C01240
:108A8000DF1804A455005300450052000C0F1A1FB4
:108A9000C016AE04912910230B0000000AB2560044
:108AA0004F0043004100420055004C00410052007D
:108AB00059000C0F1A1F3B0704000300E22918009D
:108AC000A2020C001700C0164C05A2020D0091294D
:108AD00004000B009129A2020D0004000300E2290A
:108AE0009129040000009129040000009129A202AC
:108AF0000D0004000300E229180004005F00A61620
:108B0000A8177D03B0060D00A2020D00B0060C00F0
:108B1000A2020D007D03B0060C0010230B006B14A5
:108B20000BA644004500460049004E004900540091
:108B300049004F004E0053008C030D00B80F9B03FB
:108B4000B0060C009B03B0069B030C000B006F23C8
:108B5000068A4D004F00440055004C00450031038B
:108B60000D000800EE24A51820004D004F00440021
:108B700055004C004500200063006F006D00700040
:108B800069006C0065002D007300740061007400C2
:108B90006500200075006E007300750070007000A5
:108BA0006F007200740065006400C012C3040D0001
:108BB000D8040D001D0008000525A5180D006D0046
:108BC0006F00640075006C006500200061006300A8
:108BD0007400690076006500C012B6140400FFFF3F
:108BE000C3040C0004000000D8040C000B00531B4D
:108BF0000A8A45004E0044002D004D004F004400FD
:108C000055004C00450031030D0008004625A5180D
:108C1000240045004E0044002D004D004F0044004C
:108C200055004C004500200063006F006D0070008F
:108C300069006C0065002D00730074006100740011
:108C40006500200075006E007300750070007000F4
:108C50006F007200740065006400C012C3040D0050
:108C6000D8040D001D0008004F25E2150B00A518C3
:108C700009006E006F0020006D006F006400750039
:108C80006C006500C0125523068A4300520045005F
:108C90004100540045000C0F1A1F040006009129E2
:108CA00010230B006524088A560041005200490039
:108CB000410042004C00450063250400000091295A
:108CC0000B000000508A4D004F00440055004C003E
:108CD00045002D0053004B00490050002D004C0072
:108CE00049004E0045000C0FD711080095250400DF
:108CF0001B251E00080097250B0017000B00E2152E
:108D000038130B009316058A5F0054005900500079
:108D100045000900AF25190018000F00D506510BBA
:108D200004000100E22919000400FFFFE2291800F5
:108D30000800B4250900A3258D050B00DB0C0356A4
:108D400064006D002B001A0004000400EF08740B8F
:108D5000370014000900CC2518000F0004000300A0
:108D6000EF0804000100E2290700C42512001700E3
:108D70000B00A72404A0440055004D0050008702BA
:108D80000D001400B30804001000AF2937001400D0
:108D9000BA0B04001000A929BB2581058105040038
:108DA0000200990BA125590B35000800F525070095
:108DB000E025120017000900F72512001700170020
:108DC000120087020C000B00B41802A62E005300FC
:108DD000BA0BEA06760508001E2604000100E22907
:108DE00037001400090013261300370004000100A7
:108DF000B629F806060907000C2612001700FE0C1B
:108E0000040020003C00730070000B0009001726CE
:108E1000FC25058A2E0042004100530045008702D0
:108E20000D00C1081800060987020C000B0020265F
:108E3000058A2E00460052004500450005020D003F
:108E4000A5030D00B629FD080B00000004A02100B9
:108E5000430053005000150024030C000B00E918D8
:108E600004A03F00430053005000150024030D00F0
:108E70001E00A518110073007400610063006B00F0
:108E80002000640065007000740068002000650028
:108E9000720072006F0072000B0000004E865800D6
:108EA00054003E004E0041004D0045002D00490099
:108EB0004E002D0056004F0043001900A2020C0086
:108EC000B80F76050800A52604005F0037001400DF
:108ED00018000D009A040C009A040D0018000800F8
:108EE0009E2618006B0FA2020D001E00080095269A
:108EF0000D009A040C000900842617009A040D0046
:108F00009A0F19001700120017000B001700B00687
:108F100007008026120017001700040000000B0055
:108F20000000058A3E004E0041004D0045007D03D3
:108F300018000800C4261A001A00752676050800D5
:108F4000BE2619001700190017000B0019001700A2
:108F5000B0060D000900B0261700040000000B0049
:108F60000000068A50003E004E0041004D004500C2
:108F70000400491F18000F000800E626A9292D0744
:108F8000E2290D001E000800E3262D07E229B006A5
:108F9000B0060900D226190017000B0019001700AF
:108FA0000B00000005A650003E004F00500053008B
:108FB0000400491F18000F0008000A27A9292D07DF
:108FC000E2290D001E00080003272D07E229B00644
:108FD000B0060900F226190017002D07E229B00695
:108FE0000D000B0019001700040000000B002F26D5
:108FF00003882E0049004400760508001D272D0730
:1090000004001F001C00A1250B00FE0C08007B00C3
:109010006E006F004E0061006D0065007D000B006A
:10902000851C038A5300450045000C0FD71118001A
:10903000080075271700BA0B18000D001800A202CF
:109040000C00180004000002BA0508004227D026D0
:1090500009004327AF26760508004A27740B14271A
:1090600009004B27FD08A2020D0004000002BA050A
:1090700008006F27A2020D0004000B001E0008006C
:109080007327A2020D00F026760508006F2717004F
:10909000590B0800652709007327B00618000D005A
:1090A000FD08B006590B0800342709007327B006E5
:1090B000590B0800342717000B00C0128A1705A6A9
:1090C00057004F00520044005300BA0B8C030D00B0
:1090D000B80F76050800C62704005F0037001400AB
:1090E00018000D009A040C009A040D0018000800E6
:1090F000BF279A0F18000D00040040001C00080054
:10910000A12717009A040D000D009A040C00090015
:109110008C2718000D00040000011C000800B02777
:1091200017009A040D000D009A040C0009008C270A
:109130001800740B142717009A040D000D009A04F0
:109140000C00590B08008C27170017000B001700A4
:10915000B006070088271200170017000B006A25C9
:1091600003A4560045005200040000040B00000058
:1091700002D268006900BA0BFE0C140050004400D3
:1091800052002D00310036002F00580054002000FE
:1091900046006F0072007400680020007600340002
:1091A0002E003000BA0BFE0C1F0064006500720038
:1091B00069007600650064002000660072006F00A0
:1091C0006D002000650046006F00720074006800AA
:1091D000200062007900200043002E0048002E008D
:1091E000540069006E006700BA0B0B000F2505B232
:1091F00045004D0050005400590004000080A503B4
:109200000C000400EA50C9030C00040000007D03B8
:10921000B0060C000400008066186A05B4240B0038
:109220005B25067C43004D004F00560045003E0084
:1092300018000800492814001A001300E22904004D
:109240000100B6291A001300E22904000100B62922
:109250000F0019000E0012000400FFFFE2290900B0
:10926000302817008D050B00BF24048A4D004F00E5
:1092700056004500A92917001900BA0508005A2808
:10928000C3070B0030280B002828048843004F0038
:109290004C00440004007FF9160004007FFE10001B
:1092A00004000200040080FE04003402C30704002E
:1092B000E2FE7D030C00040000007D03B0060C00FC
:1092C0007E13D3270400EA50C9030C006A05B424B6
:1092D000381304007FF91600291609006228472672
:1092E00023F03F007200780002000B009D02234231
:1092F00074007800210003000B000E2824A845000C
:109300005800490054000B000B003D26214221006B
:109310000C000B000000218040000D000B005C28B9
:109320002242430021000E000B00A72822804300A8
:1093300040000F000B00BF1B2342520050002100D1
:1093400010000B00B3282380520050004000110091
:109350000B00BA28227C52003E0012000B00C128EC
:1093600022805200400013000B00C60822A43E00D9
:10937000520014000B0028272380530050004000A7
:1093800015000B00D3282342530050002100160083
:109390000B00D12524A0440052004F0050001700BC
:1093A0000B00E12823A044005500500018000B00DA
:1093B000DA2824A0530057004100500019000B0088
:1093C000E71324A44F005600450052001A000B007A
:1093D0000000227830003C001B000B00DE1D2388BB
:1093E00041004E0044001C000B00F82822A44F004E
:1093F00052001D000B00211223A458004F00520000
:109400001E000B005824235655004D002B001F0052
:109410000B005D0823683C003C00340020000B007A
:10942000212923703C003C00380021000B00282932
:1094300023723C003C00390022000B000029227AF4
:1094400030003D0023000B000000225631002B00AD
:1094500024000B003C29225A31002D0025000B006E
:109460001907225632002B0026000B004829225AE9
:1094700032002D0027000B001E1723A84E004F00BE
:10948000540035000B00F02823845300550042009F
:1094900036000B005429268A4E0045004700410043
:1094A0005400450037000B002923238649004E0055
:1094B000430038000B00E9282386440045004300A0
:1094C00039000B000000249E5A00450052004F0056
:1094D0003A000B001A29225655002B003B000B00C6
:1094E0004E29225432002A003C000B000000015893
:1094F0002C003B071800B006A5030C000C000B0065
:10950000062903A641004200530018001B00080072
:10951000A22937000B00882904A03200440055001E
:1095200050001A001A000B005806015E2F005E065C
:10953000190017000B00F507015A2D0036000B002B
:109540000000017A3D001E000800C129040000004F
:109550000B000400FFFF0B002F29027C3C003E00A3
:10956000BB2935000B00CD28017C3E001900CA053F
:109570000B00C429027A3C003D00CE2935000B00C7
:10958000CB29027A3E003D00CA0535000B000007DA
:1095900001562B003B000B000000C1763B0004008D
:1095A0000B009129631610230B00000001743A0090
:1095B0000C0F1A1F6B160B00AD28025843002C002D
:1095C0003B071800B006A5030C000E000B006C2929
:1095D000099049004D0047002D0057004900440004
:1095E000540048000D000B00FF290AA849004D0057
:1095F00047002D004800450049004700480054003E
:10960000B0060D000B000C2A088249004D004700EF
:109610002D00440041005400410004000200E229F2
:109620000B001B2A844449004D00470022006804B7
:109630000C0004002200D20EA929190017006804AA
:109640000D000400070075061E000800402A410CAA
:10965000A9295F0C3B071400A929190012008105F4
:10966000C307A61617000B0095280A8A45004D006F
:10967000490054002D0049004D00410047004500BD
:109680001800363174040C001800443119005131AF
:109690001900180008006F2A190074040D00CE0C80
:1096A000BA0B190004000100B6290900612A8D05D2
:1096B000830C0B004C2A0386450053004300040032
:1096C0001B00510B0B00F429039243005300490087
:1096D000772AFE0C01005B000B0000000A604300CB
:1096E0004F004C004F0052003E004400310030005B
:1096F000300006003100310031003000320031000E
:1097000031003000320032003100300032003200CF
:1097100031003100310031003100300032003100C1
:1097200031003000320032003100300032003200AF
:10973000320031003100310031003100320031009F
:10974000310031003200320031003100320032008D
:109750003200310031003100310030003100310081
:109760003100300031003100310030003100310073
:109770003100300031003100300030003100300065
:109780003000300031003000300030003100300057
:109790003000300031003100300030003100300046
:1097A0003000300031003000300030003100300037
:1097B0003000300031003100300030003100300026
:1097C0003000300031003000300030003100300017
:1097D0003000300031003100300030003100300006
:1097E00030003000310030003000300031003000F7
:1097F00030003000310031003000300031003000E6
:1098000030003000310030003000300031003000D6
:1098100030003000310031003000300031003100C4
:1098200030003000310031003000300031003100B4
:1098300030003000310031003100300032003100A2
:10984000310030003200320031003000320032008E
:10985000320031003100310031003000320031007F
:10986000310030003200320031003000320032006E
:109870003100310030003000300030003000300066
:109880003000300030003000300030003000300058
:109890003000300030003000300030003000300048
:1098A0003000300030003000300030003000300038
:1098B0003000300030003000300030003000300028
:1098C0003000300030003000300030003000300018
:1098D00030003000320032003200320032003200FC
:1098E00032003200320032003200320032003200E8
:1098F000320032000000096043004F004C004F006E
:1099000052003E00440031003000060038003700AD
:1099100033003800310036003600380031003000A6
:10992000360038003100300039003200380038008D
:10993000330039003200370037003900320031007F
:109940003700390032003100300033003800380071
:10995000340030003200380038003000320032006D
:109960003800300032003200320034003800350058
:10997000300036003900340031003600390035003F
:109980003100360039003500310037003500310034
:10999000370032003500370034003200350038001F
:1099A000340032003200380034003300350031001A
:1099B00037003200350037003400320035003800FF
:1099C00034003200320038003400330035003100FA
:1099D00037003300350038003400330035003800DC
:1099E00034003300320038003500330035003100D8
:1099F00036003200350037003300320035003700C2
:109A000033003200310037003300320034003000C0
:109A100036003100340036003200310034003600A8
:109A2000320031003000360032003100380034009E
:109A30003900350038003300390035003800330074
:109A40003900350037003300390035003800370061
:109A50003300390031003700360039003100300062
:109A60003600390031003000300032003800370055
:109A70003300380031003600360038003100300045
:109A8000360038003100300039003200310031003A
:109A9000310031003100310031003100310031003E
:109AA000310031003100310031003100310031002E
:109AB000310031003100310031003100310031001E
:109AC000310031003100310031003100310031000E
:109AD00031003100310031003100310031003100FE
:109AE00031003100310031003100310035003500E6
:109AF00035003500340034003400340034003400C4
:109B000034003300330033003300330000000862B8
:109B100043004F004C004F0052003E004400310013
:109B200006003100340031003800370037003000C3
:109B30003800370033003000380030003300360082
:109B40003400370030003700340033003900320071
:109B50003400330035003200340032003500380064
:109B60003000370036003300300039003500340053
:109B7000300039003700340030003800370036003C
:109B80003200370030003700340033003900320033
:109B90003400330035003200340032003500380024
:109BA0003000310034003100380037003700300019
:109BB0003800370033003000380030003300360002
:109BC00034003200350032003900380039003200EC
:109BD00039003800350032003900320035003800D5
:109BE00035003200360033003000390030003400D8
:109BF00030003900370034003000330037003100C6
:109C000037003200300037003400330034003200B7
:109C100034003300350032003400370035003300A3
:109C20003500360034003100380037003200300093
:109C30003800370033003000380035003300310081
:109C40003900320030003700340033003400320075
:109C50003400330035003200340037003500330063
:109C60003500320036003300300039003000340057
:109C70003000390037003400300033003700310045
:109C80003700320035003200390038003900320028
:109C90003900380035003200390032003500380014
:109CA0003500360036003600360036003600360005
:109CB00036003600360036003600360036003600F4
:109CC00036003600360036003600360036003600E4
:109CD00036003600360036003600360036003600D4
:109CE00036003600360036003600360036003600C4
:109CF00036003600360036003600360036003600B4
:109D000036003500330032003000390037003600AD
:109D100034003300310030003800370035003400A3
:109D2000320000000680440049004700490054000A
:109D300040001900E2290F000B00000007884300D3
:109D40004F004C004F0052003E0044001800A82C69
:109D5000B12D190018009D2BB12D1900912AB12D9C
:109D60000B0004240342460047002100802AFE0C19
:109D70000500330038003B0035003B00BE2D510B81
:109D8000510B510B04006D00510B0B000A170342DD
:109D9000420047002100802AFE0C050034003800F4
:109DA0003B0035003B00BE2D510B510B510B040005
:109DB0006D00510B0B009829054641004E005300E1
:109DC00049002300610881089908A20B0B007B2A37
:109DD000066643004C0041004D0050003300040073
:109DE0000000DA0504000300E6050B00F32D02A8CD
:109DF00041005400802AFA2D04003B00510BFA2D3B
:109E000004004800510B0B009F13048A48004F00C8
:109E10004D004500802AFE0C010048000B005B2924
:109E20000BA453004100560045002D00430055008F
:109E3000520053004F005200802AFE0C01007300B4
:109E40000B00C7280EA452004500530054004F00D9
:109E5000520045002D0043005500520053004F00B2
:109E60005200802AFE0C010075000B00FF2D03A696
:109E700043004C005300802AFE0C020032004A00CE
:109E80000B004E2E078A43004C002D004C00490069
:109E90004E004500802AFE0C020032004B000B00F1
:109EA000592E069843004C002D0045004F004C00F1
:109EB000802AFE0C01004B000B00682E06A6430012
:109EC0004C002D0045004F005300802AFE0C01007D
:109ED0004A000B00752E099C4300550052005300A8
:109EE0004F0052002D004F004E00802AFE0C04004F
:109EF0003F003200350068000B00822E0A8C4300C0
:109F00005500520053004F0052002D004F004600F4
:109F10004600802AFE0C04003F00320035006C0031
:109F20000B00622906984E004F0052004D00410080
:109F30004C00830C0B00DE2D048842004F004C00C7
:109F40004400802AFE0C020031006D000B007329D2
:109F5000039A440049004D00802AFE0C02003200A2
:109F60006D000B00B32E059642004C0049004E00D8
:109F70004B00802AFE0C020035006D000B00822988
:109F8000079655004E0042004C0049004E004B0021
:109F9000802AFE0C0300320035006D000B00D72E26
:109FA000098A55004E004400450052004C0049000B
:109FB0004E004500802AFE0C020034006D000B00AC
:109FC000392E078A520045005600450052005300C2
:109FD0004500802AFE0C020037006D000B00CA2EDF
:109FE0000498420045004C004C0004000700510B4F
:109FF0000B001C2E0398480053004C001400040072
:10A00000040075061900040010007506E22912000C
:10A01000E2290B00112F02804800400004001000CC
:10A02000AF290B00272E02805300400004000400DB
:10A03000AF290400040068060B00891B02804C0055
:10A0400040000400040068060B002A2F059053000E
:10A05000450054002D004800190004001000680657
:10A060001900040010007506E2290B003D2F05A61B
:10A070005300450054002D00530014001800040044
:10A0800004006806190004001000AF290400100045
:10A090007506E2291200040004007506E2290B008F
:10A0A0004E2F05985300450054002D004C00190018
:10A0B00004000400AF29040004007506E2290B0027
:10A0C000A92E087E4E004500550054005200410064
:10A0D0004C003F00262F04000F00BB290B00222F4D
:10A0E000025648002B001800822F0800912F09000B
:10A0F0009A2F1800262F04000100E22904000C000A
:10A100006806442F0B00872F025A48002D001800C4
:10A11000822F0800A52F0900AE2F1800262F04005B
:10A120000B00E22904000C006806442F0B00682F86
:10A13000025653002B0018002E2F04000100E229C4
:10A14000072E552F0B00AF2F025A53002D00180079
:10A150002E2F04000100B629072E552F0B00352F96
:10A1600002564C002B001800392F04000100E22990
:10A17000072E6F2F0B00C72F025A4C002D0018001E
:10A18000392F04000100B629072E6F2F0B009B2FDB
:10A190000788480053004C005F005200450044000F
:10A1A000040000000400030004000100162F0B004F
:10A1B000DF2F0A8A480053004C005F004F00520016
:10A1C00041004E0047004500040001000400030068
:10A1D00004000100162F0B00F02F0AAE48005300B8
:10A1E0004C005F00590045004C004C004F005700E8
:10A1F000040002000400030004000100162F0B00FD
:10A2000004300A9C480053004C005F00590047008E
:10A210005200450045004E00040003000400030006
:10A2200004000100162F0B001830099C4800530051
:10A230004C005F0047005200450045004E000400FE
:10A2400004000400030004000100162F0B002C3052
:10A25000099C480053004C005F0047004300590030
:10A2600041004E000400050004000300040001004A
:10A27000162F0B003F30089C480053004C005F0035
:10A280004300590041004E00040006000400030092
:10A2900004000100162F0B005230098A48005300B9
:10A2A0004C005F0041005A00550052004500040078
:10A2B00007000400030004000100162F0B006430A7
:10A2C000088A480053004C005F0042004C005500D3
:10A2D0004500040008000400030004000100162FDC
:10A2E0000B0077300AA8480053004C005F0056006E
:10A2F00049004F004C0045005400040009000400D0
:10A30000030004000100162F0B0089300B82480067
:10A3100053004C005F004D004100470045004E00D7
:10A320005400410004000A0004000300040001007E
:10A33000162F0B009D30088A480053004C005F0028
:10A3400052004F005300450004000B0004000300BE
:10A3500004000100162F0B00000004B24700520059
:10A360004100590004000000DA0504000F00E60572
:10A37000040004005E061900140004000F00190018
:10A380001200162F0B007627058A57004800490057
:10A390005400450004000000CA300B00072F05964A
:10A3A00042004C00410043004B0004000F00CA3043
:10A3B0000B00D32F07A44C0049004700480054006D
:10A3C00045005200CB2F0B00BF2E06A444004100D5
:10A3D00052004B0045005200D72F0B00BB2F088ABC
:10A3E0005300410054005500520041005400450004
:10A3F000B32F0B00FC300A8A440045005300410093
:10A40000540055005200410054004500BF2F0B007E
:10A41000952E025843002C003B071800B006A503F8
:10A420000C000E000B00292A099049004D0047003E
:10A430002D00570049004400540048000D000B0057
:10A440002B310AA849004D0047002D004800450067
:10A450004900470048005400B0060D000B00383199
:10A46000088249004D0047002D004400410054007F
:10A47000410004000200E2290B00473184444900F6
:10A480004D004700220068040C0004002200D20E98
:10A49000A9291900170068040D00040007007506BB
:10A4A0001E0008006C31410CA9295F0C3B07140009
:10A4B000A929190012008105C307A61617000B0071
:10A4C000722A0A8A45004D00490054002D004900B7
:10A4D0004D004100470045001800363174040C005F
:10A4E00018004431190051311900180008009B313F
:10A4F000190074040D00CE0CBA0B19000400010001
:10A50000B62909008D318D05830C0B0020310B8A93
:10A51000430050003400330037002D0048004C0049
:10A5200049004E0045000400C4000B009E310B8A18
:10A53000430050003400330037002D0056004C001B
:10A5400049004E0045000400B3000B00AE310898EE
:10A55000430050003400330037002D0054004C00FD
:10A560000400DA000B00BE3108A4430050003400A0
:10A57000330037002D00540052000400BF000B00D0
:10A58000CB310898430050003400330037002D00D1
:10A5900042004C000400C0000B00D83108A4430066
:10A5A00050003400330037002D00420052000400F8
:10A5B000D9000B00E5310B9C430050003400330000
:10A5C00037002D00540044004F0057004E00040097
:10A5D000C2000B00F23109A04300500034003300E8
:10A5E00037002D005400550050000400C1000B003E
:10A5F00002320CA8430050003400330037002D0015
:10A600005400520049004700480054000400C300B1
:10A610000B0010320BA84300500034003300370009
:10A620002D0054004C004500460054000400B400C6
:10A630000B0021320BA643005000340033003700DA
:10A640002D00430052004F00530053000400C5008A
:10A650000B0000000A8A530049004E0051002D00F3
:10A660005400410042004C00450006000000C900B3
:10A6700092015B022403ED03B6047F05480611072F
:10A68000D907A2086A09330AFB0AC40B8C0C540DC3
:10A690001C0EE30EAB0F72103A110112C8128F1389
:10A6A00055141C15E215A8166E173318F918BE19A3
:10A6B000821A471B0B1CCF1C931D571E1A1FDD1F30
:10A6C0009F2061212322E522A62367242825E8254F
:10A6D000A82667272628E528A329612A1F2BDC2B1B
:10A6E000992C552D112ECC2E872F4130FB30B531B2
:10A6F0006E322633DF3396344D350436BA366F3733
:10A700002438D9388C39403AF23AA53B563C073DBB
:10A71000B83D683E173FC53F73402141CE417A4264
:10A720002543D0437A442445CD4575461C47C3474D
:10A7300069480F49B449584AFB4A9D4B3F4CE04C8D
:10A74000814D204EBF4E5D4FFB4F97503351CE5140
:10A75000685202539B533254C9546055F5558A567A
:10A760001D57B0574258D3586459F359825A0F5B5A
:10A770009C5B285CB35C3E5DC75D4F5ED75E5D5FF2
:10A78000E35F6860EB606E61F0617162F16270635B
:10A79000EE636C64E8646365DD655666CF664667A4
:10A7A000BC673268A66819698B69FD696D6ADC6AE5
:10A7B0004A6BB76B236C8E6CF86C616DC96D306E33
:10A7C000966EFB6E5E6FC16F22708370E270407197
:10A7D0009D71F9715472AE7207735E73B5730A742A
:10A7E0005F74B27404755575A575F37541768D76F1
:10A7F000D87622776B77B377FA773F788478C77803
:10A8000009794A798979C879057A417A7C7AB67A60
:10A81000EE7A267B5C7B917BC57BF87B297C597C1F
:10A82000887CB67CE37C0E7D397D627D897DB07D40
:10A83000D57DFA7D1D7E3E7E5F7E7E7E9C7EB97ECE
:10A84000D57EEF7E097F217F377F4D7F617F747FCB
:10A85000867F977FA67FB47FC17FCD7FD87FE17F42
:10A86000E97FF07FF57FF97FFD7FFE7F00000A8A98
:10A8700050004F00570032002D00540041004200AC
:10A880004C00450006000100020004000800100012
:10A8900020004000800000010002000400080010B9
:10A8A00000200040008000000B8A4C004F00470051
:10A8B000320049002D005400410042004C00450088
:10A8C0000600000000100020003000400050006032
:10A8D00000700080009000A000B000C000D000E038
:10A8E00000F000000B8A4C004F0047003200460089
:10A8F0002D005400410042004C00450006000000BD
:10A9000017002E0045005C00720089009F00B60011
:10A91000CC00E200F9000F0125013B015001660166
:10A920007C019201A701BD01D201E701FC011202E5
:10A9300027023C02510265027A028F02A302B8028A
:10A94000CC02E102F5020A031E03320346035A0356
:10A950006E0382039603A903BD03D103E403F80346
:10A960000B041E043204450458046B047E04910455
:10A97000A404B704CA04DC04EF0402051405270587
:10A9800039054B055E05700582059405A605B905D8
:10A99000CB05DC05EE050006120624063506470643
:10A9A00058066A067B068D069E06B006C106D206CC
:10A9B000E306F406050716072707380749075A076D
:10A9C0006B077B078C079D07AD07BE07CE07DF0728
:10A9D000EF07FF07100820083008400850086108FA
:10A9E000710881089008A008B008C008D008E008E5
:10A9F000EF08FF080F091E092E093D094D095C09E2
:10AA00006B097B098A099909A809B809C709D609F8
:10AA1000E509F409030A120A210A300A3E0A4D0A1E
:10AA20005C0A6B0A790A880A970AA50AB40AC20A5C
:10AA3000D10ADF0AEE0AFC0A0A0B190B270B350BA9
:10AA4000430B510B5F0B6E0B7C0B8A0B980BA60B09
:10AA5000B30BC10BCF0BDD0BEB0BF90B060C140C7E
:10AA6000220C2F0C3D0C4A0C580C660C730C800CFD
:10AA70008E0C9B0CA90CB60CC30CD00CDE0CEB0C92
:10AA8000F80C050D120D1F0D2D0D3A0D470D540D2F
:10AA9000600D6D0D7A0D870D940DA10DAE0DBA0DE3
:10AAA000C70DD40DE00DED0DFA0D060E130E1F0EA1
:10AAB0002C0E380E450E510E5E0E6A0E760E830E6B
:10AAC0008F0E9B0EA70EB40EC00ECC0ED80EE40E49
:10AAD000F00EFC0E090F150F210F2D0F380F440F2C
:10AAE000500F5C0F680F740F800F8B0F970FA30F21
:10AAF000AF0FBA0FC60FD20FDD0FE90FF40F001022
:10AB000000000B8A4C004F004700320044002D002B
:10AB10005400410042004C00450006001700170099
:10AB20001700170016001700160017001600160071
:10AB30001700160016001600150016001600160065
:10AB4000150016001500150015001600150015005B
:10AB50001500140015001500140015001400150050
:10AB60001400150014001400140014001400140044
:10AB70001400130014001400130014001300130039
:10AB8000140013001300130013001300130013002C
:10AB90001300120013001300120013001200120021
:10ABA0001300120012001200120013001200110014
:10ABB0001200120012001200110012001100120007
:10ABC00011001200110012001100110011001100FB
:10ABD00011001100110011001100110011001000EE
:10ABE00011001100100011001000110010001000E1
:10ABF00011001000100010001000110010001000D3
:10AC00000F00100010001000100010000F001000C6
:10AC100010000F0010000F0010000F000F001000B8
:10AC20000F000F000F0010000F000F000F000F00AB
:10AC30000F000F000F000F000E000F000F000F009D
:10AC40000E000F000F000E000F000E000F000E0090
:10AC50000F000E000E000F000E000E000E000E0082
:10AC60000E000F000E000E000E000E000D000E0074
:10AC70000E000E000E000E000D000E000E000D0066
:10AC80000E000D000E000E000D000D000E000D0058
:10AC90000E000D000D000D000E000D000D000D004A
:10ACA0000D000D000E000D000D000D000C000D003C
:10ACB0000D000D000D000D000D000C000D000D002D
:10ACC0000C000D000D000C000D000C000D000C0020
:10ACD0000D000C000D000C000C000D000C000C0011
:10ACE0000C000D000C000C000C000C000C000C0003
:10ACF0000D000C000C000C000B000C000C000C00F4
:10AD00000C000C000C000B000C000C000C000B00E5
:10AD10000C000C000B000C000B000C0000000B8A58
:10AD2000450058005000320046002D0054004100FC
:10AD300042004C004500060000100B1016102110B8
:10AD40002D10381043104E105A10651070107C10E2
:10AD5000871093109E10AA10B510C110CD10D810F6
:10AD6000E410F010FB10071113111F112B113711F4
:10AD700043114F115B11671173117F118B119711E3
:10AD8000A311B011BC11C811D511E111ED11FA11C7
:10AD9000061213121F122C123812451252125F1291
:10ADA0006B127812851292129F12AC12B812C51251
:10ADB000D312E012ED12FA120713141321132F13FA
:10ADC0003C1349135713641372137F138D139A1393
:10ADD000A813B513C313D113DF13EC13FA1308141C
:10ADE00016142414321440144E145C146A1478148B
:10ADF00087149514A314B114C014CE14DD14EB14ED
:10AE0000FA14081517152515341543155215601534
:10AE10006F157E158D159C15AB15BA15C915D8156E
:10AE2000E715F7150616151624163416431653168D
:10AE30006216721681169116A116B016C016D0169B
:10AE4000E016F016FF160F171F1730174017501790
:10AE50006017701780179117A117B117C217D21773
:10AE6000E317F41704181518261836184718581839
:10AE700069187A188B189C18AD18BE18CF18E018EE
:10AE8000F218031914192619371949195A196C1986
:10AE90007E198F19A119B319C519D619E819FA190C
:10AEA0000C1A1E1A311A431A551A671A7A1A8C1A72
:10AEB0009E1AB11AC31AD61AE91AFB1A0E1B211BC5
:10AEC000341B471B591B6C1B7F1B931BA61BB91BF9
:10AED000CC1BDF1BF31B061C1A1C2D1C411C541C15
:10AEE000681C7C1C8F1CA31CB71CCB1CDF1CF31C18
:10AEF000071D1B1D301D441D581D6C1D811D951DFA
:10AF0000AA1DBE1DD31DE81DFD1D111E261E3B1EC4
:10AF1000501E651E7A1E8F1EA51EBA1ECF1EE51E70
:10AF2000FA1E101F251F3B1F501F661F7C1F921FFC
:10AF3000A81FBE1FD41FEA1F002000000B8A450077
:10AF400058005000320044002D00540041004200DF
:10AF50004C00450006000B000B000B000C000B0022
:10AF60000B000B000C000B000B000C000B000C0086
:10AF70000B000C000B000C000C000B000C000C0074
:10AF80000B000C000C000C000C000C000C000C0062
:10AF90000C000C000C000C000C000C000C000D0050
:10AFA0000C000C000D000C000C000D000C000D003E
:10AFB0000C000D000C000D000D000D000C000D002C
:10AFC0000D000D000D000D000C000D000E000D0019
:10AFD0000D000D000D000D000D000E000D000D0008
:10AFE0000E000D000E000D000E000D000E000D00F5
:10AFF0000E000E000E000D000E000E000E000E00E2
:10B000000E000E000E000E000E000E000F000E00CF
:10B010000E000E000F000E000F000E000F000E00BD
:10B020000F000E000F000F000F000E000F000F00AA
:10B030000F000F000F000F000F000F000F00100097
:10B040000F000F000F0010000F0010000F00100085
:10B050000F00100010000F00100010001000100072
:10B060000F00100010001100100010001000100060
:10B07000100011001000100011001000110011004C
:10B08000100011001100100011001100110011003A
:10B090001100110011001100110011001200110027
:10B0A0001100120011001200110012001200110014
:10B0B0001200120012001100120012001200120001
:10B0C00013001200120012001300120012001300ED
:10B0D00012001300130012001300130013001300DA
:10B0E00012001300130014001300130013001300C8
:10B0F00014001300140013001400130014001400B3
:10B1000013001400140014001400140014001400A0
:10B11000150014001400140015001400150014008C
:10B120001500150015001400150015001500150078
:10B130001500150016001500150016001500160064
:10B140001500160015001600160016001600160051
:10B1500016001600160000000B8A41005400410042
:10B160004E0046002D005400410042004C004500B6
:10B1700006000000290051007A00A300CC00F40072
:10B180001D0146016F019701C001E90111023A0258
:10B1900062028B02B402DC0205032D0356037E0318
:10B1A000A703CF03F7032004480470049904C104E3
:10B1B000E9041105390561058905B105D9050106BF
:10B1C000290651067806A006C806EF0617073E07AF
:10B1D00066078D07B507DC0703082A0851087808B9
:10B1E0009F08C608ED0814093B0961098809AE09E2
:10B1F000D509FB09220A480A6E0A940ABA0AE00A2B
:10B20000060B2C0B510B770B9D0BC20BE70B0D0C98
:10B21000320C570C7C0CA10CC60CEB0C100D340D31
:10B22000590D7D0DA20DC60DEA0D0F0E330E560EF3
:10B230007A0E9E0EC20EE50E090F2C0F500F730FE3
:10B24000960FB90FDC0FFF0F211044106710891003
:10B25000AB10CE10F0101211341156117711991154
:10B26000BB11DC11FD111F12401261128212A312D8
:10B27000C312E41205132513451366138613A61390
:10B28000C613E61305142514441464148314A2147D
:10B29000C114E014FF141E153D155B157A159815A1
:10B2A000B715D515F31511162F164C166A168816F4
:10B2B000A516C216E016FD161A1737175417701781
:10B2C0008D17AA17C617E217FE171B183718531841
:10B2D0006E188A18A618C118DD18F81813192E1937
:10B2E000491964197F199A19B419CF19E919041A5F
:10B2F0001E1A381A521A6C1A861A9F1AB91AD31AB9
:10B30000EC1A051B1F1B381B511B6A1B831B9C1B44
:10B31000B41BCD1BE51BFE1B161C2E1C461C5E1C05
:10B32000761C8E1CA61CBE1CD51CED1C041D1B1DF2
:10B33000331D4A1D611D781D8E1DA51DBC1DD31D0D
:10B34000E91DFF1D161E2C1E421E581E6E1E841E59
:10B350009A1EB01EC51EDB1EF01E061F1B1F301FCF
:10B36000451F5A1F6F1F841F991FAE1FC31FD71F72
:10B37000EC1F002000000B8A4100540041004E00E9
:10B3800044002D005400410042004C0045000600DE
:10B390002900280029002900290028002900290067
:10B3A0002900280029002900280029002800290058
:10B3B0002900280029002800290028002900280049
:10B3C000280029002800280029002800280028003B
:10B3D000280028002800280028002800280028002D
:10B3E0002700280028002700280027002800270021
:10B3F0002800270027002700270027002700270014
:10B400002700270027002600270026002700260007
:10B4100027002600260026002600260026002600FB
:10B4200025002600260025002500260025002500F1
:10B4300025002500250025002500240025002400E6
:10B4400025002400240025002400230024002400DB
:10B4500024002300240023002400230023002300D1
:10B4600023002300220023002300220022002300C7
:10B4700022002200220022002100220022002100BE
:10B4800021002200210021002100210020002100B4
:10B4900021002000200021002000200020002000AA
:10B4A0001F0020001F0020001F001F001F001F00A2
:10B4B0001F001F001F001E001F001E001F001E0097
:10B4C0001E001E001E001D001E001E001D001D008F
:10B4D0001E001D001D001D001D001C001D001D0084
:10B4E0001C001C001C001D001C001C001B001C007C
:10B4F0001C001B001C001B001B001B001B001B0072
:10B500001B001B001A001B001A001B001A001A0067
:10B510001A001A001A0019001A001A00190019005E
:10B520001A00190019001900190019001800190053
:10B53000180019001800180018001800180018004A
:10B54000180018001700180017001700180017003F
:10B550001700170016001700170017001600160036
:10B56000170016001600160016001600160016002A
:10B570001500160015001600150015001500150021
:10B580001500150015001500150014001500140015
:10B5900000000580530049004E00510040004D322C
:10B5A0001900BC06E2290D000B00000005805000C8
:10B5B0004F005700320040005A331900BC06E22900
:10B5C0000D000B00000006804C004F0047003200C9
:10B5D0004900400078331900BC06E2290D000B0039
:10B5E000000006804C004F0047003200460040003B
:10B5F00096331900BC06E2290D000B0000000680FE
:10B600004C004F004700320044004000A5341900B0
:10B61000BC06E2290D000B00000006804500580022
:10B620005000320046004000B3351900BC06E22944
:10B630000D000B000000068045005800500032004D
:10B6400044004000C2361900BC06E2290D000B0080
:10B65000000006804100540041004E0046004000BA
:10B66000D0371900BC06E2290D000B00000006804F
:10B670004100540041004E0044004000DF381900F2
:10B68000BC06E2290D000B002316047C510031009A
:10B6900035003E001800E22914001B00370012009C
:10B6A000E2290B005C3A05A45100310035003E0050
:10B6B00052001900040000401F008105E229623A8F
:10B6C0000B00E72E058855002F004D004F00440069
:10B6D000140004000000120005060B00793A025E17
:10B6E00055002F00803A190017000B00863A035EC0
:10B6F00055002A002F00140033001200050619001F
:10B7000017000B00950607882A002F0052004F00F3
:10B7100055004E00440018009D29140090061900A1
:10B720009D291800E2291300BA0535000800B33A34
:10B7300004000100E229120017000B005531038CB0
:10B7400049002A0046007C06623A0B00E630078E6C
:10B75000420049004E003E004400450047000400FE
:10B760002D0004000020A33A0B001231079C440076
:10B77000450047003E00420049004E0004006801B9
:10B7800068060400002004002D00A33A0B00BE3A16
:10B7900009A6420049004E003E0044004500470013
:10B7A0002E00530004002D00750604000020A33A6B
:10B7B0000B00CD3A099C4400450047002E00530081
:10B7C0003E00420049004E00180004006801750662
:10B7D0001400190013006806190004002D007506F6
:10B7E000040000201900A33A120017000B000631D4
:10B7F000066C530054004500500031003600040030
:10B80000000014001800040008001C000800273B7A
:10B810001A0004000200AF291200E22914001800E7
:10B82000040004001C000800343B1A00040004005B
:10B83000AF291200E22914001800040002001C00C5
:10B840000800413B1A0004000800AF291200E22959
:10B8500014001800040001001C0008004E3B1A00F0
:10B8600004001000AF291200E2291400170017008D
:10B8700012000B00F82E08645200410054004900E9
:10B880004F00510031003200190004000010810502
:10B89000933A0B00F130099A4C004F0047003200F8
:10B8A0002D004E004F0052004D0004000C00190006
:10B8B000180004000020BA0504000000BB2908009D
:10B8C000833B040002008A3A190004000100E229C7
:10B8D00019000900703B180004000010BA050800A8
:10B8E000923B1800E229190004000100B629190052
:10B8F0000900833B0B00623B09864C004F00470068
:10B9000032002D00460052004100430004000010A8
:10B91000B629040010005E0618001E3A1400103A02
:10B9200012008105173BE2290B00933B04644C0095
:10B930004F0047003200180004000000BB29080037
:10B94000BE3B1700040000000900C43B6D3B19001A
:10B95000023A19009E3BE2290B0078310986450026
:10B960005800500032002D004600520041004300B4
:10B9700018000400FF0F1900CA050800DC3B17007F
:10B98000040000200900E73B040010005E061800D8
:10B990003A3A14002C3A12008105173BE2290B00B9
:10B9A000C53B0464450058005000320004000010FC
:10B9B000803A1400D03B1200F43904000010933A8E
:10B9C0000B00DF3A04604200300030003000040019
:10B9D00000000B00F93B04624200300030003100EF
:10B9E0000400B6000B00023C04644200300030004A
:10B9F000320004006C010B000B3C04664200300076
:10BA000030003300040022020B00143C046A4200A0
:10BA100030003000350004008E030B001D3C046034
:10BA2000420030003100300004001C070B00263CAF
:10BA3000046A42003000310035000400AB0A0B00FC
:10BA40002F3C0460420030003300300004005515E4
:10BA50000B00383C046A420030003400350004001A
:10BA600000200B00413C0868420049004E0049009C
:10BA700041004E002F003400040000400B004A3CFF
:10BA8000046042003000360030000400AB2A0B0096
:10BA9000573C046A42003000370035000400553539
:10BAA0000B00603C04604200300039003000543C20
:10BAB0000B00693C046A420031003000350004008C
:10BAC000AB4A0B00713C0460420031003200300090
:10BAD000040055550B007A3C046A420031003300E3
:10BAE0003500040000600B00833C0460420031001C
:10BAF000350030000400AB6A0B008C3C046A420045
:10BB0000310036003500040055750B00953C086483
:10BB1000420049004E00490041004E002F00320013
:10BB2000040000800B009E3C04604200310038009D
:10BB30003000A83C0B00AB3C046A420031003900E5
:10BB400035000400AB8A0B00B33C046042003200B5
:10BB500031003000040055950B00BC3C046A4200E3
:10BB6000320032003500040000A00B00C53C046028
:10BB700042003200340030000400ABAA0B00CE3C7F
:10BB8000046A4200320035003500040055B50B0050
:10BB9000D73C0968420049004E00490041004E0070
:10BBA00033002F003400040000C00B00E03C0460B0
:10BBB0004200320037003000EB3C0B00EE3C046AE0
:10BBC00042003200380035000400ABCA0B00F63CDE
:10BBD00004604200330030003000040055D50B00F3
:10BBE000FF3C046A4200330031003500040000E0ED
:10BBF0000B00083D046042003300330030000400B5
:10BC0000ABEA0B00113D046A4200330034003500FA
:10BC1000040055F50B000F3B04A2530049004E00F1
:10BC2000510004004000AF29E7390B00233D039C7D
:10BC3000530049004E00180004000000BB29080012
:10BC40003E3D17000400000009007C3D1800543CF4
:10BC5000BB290800483D17000400FF7F09007C3D18
:10BC60001800A83CBB290800523D17000400000042
:10BC700009007C3D1800EB3CBB2908005C3D170027
:10BC80000400008009007C3D18001B000800703D86
:10BC90001800EB3CCA0508006B3DA83CE229293D91
:10BCA000370009006E3D3700293D370009007C3D13
:10BCB0001800543CCA050800783D293D09007C3D28
:10BCC0003700A83CE229293D0B00313203A643008E
:10BCD0004F005300543CE229333D0B00132905A0CB
:10BCE000580043004F004D005000823DBB3A0B000E
:10BCF000000005A0590043004F004D005000333DA7
:10BD0000BB3A0B000E2E05A44100540041004E002A
:10BD10005200180004000010BB290800AB3D1700BA
:10BD2000473C0900B63D040010005E061800563A74
:10BD30001400483A12008105173BE2290B009A3D96
:10BD400005644100540041004E003200A9291D0045
:10BD500004000000BB290800CA3D8D050400000056
:10BD60000900FC3DA9299D2919009D29A929BA0589
:10BD70000800D93D5C3BA13D6F3C1900B629090084
:10BD8000DC3D19005C3BA13D140018001B000800BD
:10BD9000F13D19001B000800EB3D1700B13C1200FB
:10BDA000E2290900EF3D1700B13C1200B629090055
:10BDB000FC3D19001B000800FA3D17001200370077
:10BDC0000900FC3D170012000B002E3D04A8530093
:10BDD000510052005400040000001900040001004A
:10BDE0001A001A00BA0504000000BB290800223E10
:10BDF0001A001A00B62914001900170004000200E6
:10BE0000E229190004000100E229190012001900BA
:10BE10000900083E170017000B00000004E47E0034
:10BE20006500720072000400FFFFA5180C0062009C
:10BE300061006400200066002D0073007400720031
:10BE400069006E0067000B00000004C87E007000EF
:10BE50006100640004000000DA0518000800503E8C
:10BE600004000100B629423ECB064F0D0900513EA9
:10BE700017000B00000006CA7E00770074007900EE
:10BE800070006500D2020D001A00B629423E600D16
:10BE90000B00000005E47E00630068006100720092
:10BEA000180004000001BA0508006F3E0B000400F2
:10BEB00000015E06190017000B0000000AE47E0076
:10BEC0006E006500780074002D006300680061005A
:10BED0007200190004000100E229190004000100A9
:10BEE000B6290B00000006DC7E006E007A006C00B4
:10BEF00065006E0018000800A73E1A000F00683E9B
:10BF000008009E3E040001000900A03E040000005D
:10BF10001400813E923E1200E2290900AA3E8D05DE
:10BF2000040000000B00000006F47E0061007000B9
:10BF300070006E007A0018000800C43E1A000F005E
:10BF4000683E76050800BF3E4F0D0900C03E170051
:10BF5000813EB33E0900C53E8D050B00000009F48B
:10BF60007E00770074007900700065002D006E007F
:10BF70007A00A929923ED2020D001900B629423E4C
:10BF8000B33E0B00000005E47E00780073007400EF
:10BF9000720087020D001400B30861088108990837
:10BFA000120087020C000B00000008E67E00700003
:10BFB00064006900670069007400730018000800DD
:10BFC000023F04000100B629140078081200F63E72
:10BFD0000900033F17000B00000005E47E0070001D
:10BFE000730074007200180014009D296108DE02BD
:10BFF0000D00180008001A3FF63E04002E006B08E2
:10C0000009001B3F1700810812008E0899080B00D9
:10C01000000005C87E006F00750074006400DE0239
:10C020000D001B000800303FA508D13E0900323F3B
:10C030000B3FD13E0B00000005EA7E006F0075004B
:10C0400074007500DE020D001B000800453F61080A
:10C0500081089908D13E0900463F2B3E0B000000A5
:10C0600005F07E006F00750074007800DE020D00A0
:10C070001B000800573FE13ED13E0900583F2B3ED0
:10C080000B00000005C67E006F00750074006300A1
:10C09000DE020D001B0008006E3FD2020D000400FE
:10C0A0000100B629423E4F0D09006F3F2B3E0B00A9
:10C0B000000005E67E006F00750074007300DE026C
:10C0C0000D001B0008007F3F5A3E0900803F2B3EB9
:10C0D0000B00000006607E0070006F0077003100EA
:10C0E000300018000800953F04000100B629893F80
:10C0F00004000A0075060900983F170004000100BB
:10C100000B00000005C27E006F0075007400610026
:10C11000DE020D001B000800A93F04000000DE0243
:10C120000C00DE020D000800B33FDE020D00893F67
:10C13000EA3A0900B43FC73A273F0B0000000380EA
:10C140007E0063004000BA020D000F000B000000EB
:10C150000DE67E00770069006400740068002D0021
:10C16000640069006700690074007300C6020D0076
:10C170000800EA3FBB3F0400300004003A00F60527
:10C180000800EA3FBB3F04003000B629D2020D0090
:10C1900004000A007506E229D2020C000400010026
:10C1A000080DCE3F0B0000000CE67E007000720010
:10C1B000650063002D006400690067006900740079
:10C1C0007300C6020D0008001940BB3F0400300098
:10C1D0000100622800000000000000007FF97FFEDF
:10C1E0000200030062123D1203003813D3276610C9
:10C1F0000A000A000000000000000000000000002B
:10C200000000000000000000000080FA00000000B4
:10C21000000000000000000000000000000000001E
:10C22000000000000000000000000000000000000E
:10C230000000000000000000E2FE0000000000001E
:10C2400000000000000000000000000000000000EE
:10C2500000000000008080F500FAEA5000000000B5
:10C2600000000000000000000000000000000000CE
:10C2700000000000000000000000000000000000BE
:10C2800000000000000000000000000000000000AE
:10C29000000000000000000000009D28000095083C
:10C2A000AC186A0D00007016EA0E00009A3ADF29F9
:10C2B0008E29B3290F27AC2936294229A32900004A
:10C2C000000000000000000000000000ED29E4294B
:10C2D000D129B829D8298728A228B73D1A3D7D3D04
:10C2E000F13AD650DE41C430B230B63A00003F0BCE
:10C2F000AD3B4C28EA500D2940236A3A523BFD3DA4
:10C300001B1D8E3AC727DB30863D903D7A29D41617
:10C31000F20E6816FE119A2500005A120000000065
:10C32000B625000000000000CF27000000003712F3
:10C3300000000000000000006F0E00000000A008D8
:10C340008E28000000000000000000000000000037
:10C3500000000000D74100000000000000000000C5
:10C3600000000000000000000000000000000000CD
:10C3700000000000000000000000000000000000BD
:10C3800000000000000000000000000000000000AD
:10C39000000000000000000000000000000000009D
:10C3A000000000000000000000000000000000008D
:10C3B000000000000000000000000000000000007D
:10C3C000000000000000000000000000000000006D
:10C3D000000000000000000000000000000000005D
:10C3E000000000000000000000000000000000004D
:10C3F000000000000000000000000000000000003D
:10C40000000000000000000000000000000000002C
:10C41000000000000000000000000000000000001C
:10C42000000000000000000000000000000000000C
:10C4300000000000000000000000000000000000FC
:10C4400000000000000000000000000000000000EC
:10C4500000000000000000000000000000000000DC
:10C4600000000000000000000000000000000000CC
:10C4700000000000000000000000000000000000BC
:10C4800000000000000000000000000000000000AC
:10C49000000000000000000000000000000000009C
:10C4A000000000000000000000000000000000008C
:10C4B000000000000000000000000000000000007C
:10C4C000000000000000000000000000000000006C
:10C4D000000000000000000000000000000000005C
:10C4E000000000000000000000000000000000004C
:10C4F000000000000000000000000000000000003C
:10C50000000000000000000000000000000000002B
:10C51000000000000000000000000000000000001B
:10C52000000000000000000000000000000000000B
:10C5300000000000000000000000000000000000FB
:10C5400000000000000000000000000000000000EB
:10C5500000000000000000000000000000000000DB
:10C5600000000000000000000000000000000000CB
:10C5700000000000000000000000000000000000BB
:10C5800000000000000000000000000000000000AB
:10C59000000000000000000000000000000000009B
:10C5A000000000000000000000000000000000008B
:10C5B000000000000000000000000000000000007B
:10C5C000000000000000000000000000000000006B
:10C5D0000000036053005000300004000400A40475
:10C5E0000D00E2290B0000000360520050003000F3
:10C5F00004000500A4040D00E2290B00000005B2B0
:10C6000027003F004B004500590004000600A40429
:10C610000D00E2290B00160205A8270045004D0079
:10C620004900540004000700A4040D00E2290B0097
:10C63000230207A82700450058005000450043008A
:10C64000540004000800A4040D00E2290B0030028D
:10C6500004A0270054004100500004000900A40475
:10C660000D00E2290B003F02059E27004500430014
:10C6700048004F0004000A00A4040D00E2290B004A
:10C680004B0207A82700500052004F004D005000F9
:10C69000540004000B00A4040D00E2290B00580212
:10C6A00005A8270042004F004F00540004000C0072
:10C6B000A4040D00E2290B0067020588270046004C
:10C6C00049004E00440004000D00A4040D00E229BE
:10C6D0000B000000048A42004100530045000400A2
:10C6E0000E00A4040D00E2290B008102088842001C
:10C6F00041005300450048004F004C004400040036
:10C700000F00A4040D00E2290B00000043E07400B8
:10C710006D00700004001000A4040D00E2290B005D
:10C72000000204B0530054005200580004001100ED
:10C73000A4040D00E2290B00000004C225006D00D6
:10C740007400610004001200A4040D00E2290B0033
:10C75000B40204EA25006D007400750004001300A3
:10C76000A4040D00E2290B00C00204EE25006D00B8
:10C770007400770004001400A4040D00E2290B00EB
:10C78000CC0204E025006D00740070000400150068
:10C79000A4040D00E2290B00D80204CC25006D0092
:10C7A0007400660004001600A4040D00E2290B00CA
:10C7B000E40204D825006D0074006C00040017002A
:10C7C000A4040D00E2290B00A802049C53005000B1
:10C7D00041004E0004001800A4040D00E2290B00E3
:10C7E0000000039C3E0049004E0004001900A40410
:10C7F0000D00E2290B0000000484230054004900CE
:10C80000420004001A00A4040D00E2290B000000FD
:10C8100003A043005300500004001C00A4040D00BA
:10C82000E2290B00FC02058A530054004100540029
:10C83000450004001D00A4040D00E2290B000000C7
:10C84000038848004C00440004001E00A4040D00AE
:10C85000E2290B00370307A4480041004E004400C2
:10C860004C004500520004001F00A4040D00E22902
:10C870000B000000098845004B00450059002D00C1
:10C88000480045004100440004002000A4040D00BD
:10C89000E2290B000000099845004B0045005900B3
:10C8A0002D005400410049004C0004002100A40464
:10C8B0000D00E2290B000000088646004F005200E0
:10C8C0005400480056004F00430004003200A40406
:10C8D0000D00E2290B001F0307A843004F004E0084
:10C8E000540045005800540004003500A4040D0015
:10C8F000E2290B00830307A84300550052005200B1
:10C9000045004E00540004003E00A4040D00E2293E
:10C910000B00920302A04300500004004000A40456
:10C920000D00E2290B000000068C54004F004B0064
:10C9300042005500460004004100A4040D00E22915
:10C940000B00000002A04C00500004004200A404B0
:10C950000D00E2290B00B90304A84C00410053006C
:10C96000540004004300A4040D00E2290B007303EB
:10C970000A9C460049004E0044005F0054004F00EE
:10C980004B0045004E0004004400A4040D00E229C1
:10C990000B00CF0309A4460049004E0044005F008D
:10C9A000430048004100520004004500A4040D006B
:10C9B000E2290B00E10308B0460049004E004400A4
:10C9C0005F004C004500580004004600A4040D0020
:10C9D000E2290B00F2030C8A460049004E00440095
:10C9E0005F005000520049005600410054004500CD
:10C9F00004004700A4040D00E2290B0002040AA66B
:10CA0000460049004E0044005F00530054004100BE
:10CA10005400530004004800A4040D00E2290B0058
:10CA200016040BA6460049004E0044005F00560065
:10CA30004900530049005400530004004900A40475
:10CA40000D00E2290B0028040AA6460049004E000A
:10CA500044005F00460055004C004C0053000400A9
:10CA60004A00A4040D00E2290B003B0408A846007C
:10CA700049004E0044005F00480049005400040093
:10CA80004B00A4040D00E2290B00000009A6490098
:10CA90004D0047002D00430045004C004C00530062
:10CAA00004004C00A4040D00E2290B005D0404AE58
:10CAB00049004D004700570004004D00A4040D003C
:10CAC000E2290B004D040BA8460049004E0044002B
:10CAD0005F004200550043004B0045005400040035
:10CAE0004E00A4040D00E2290B008D020B884200C9
:10CAF000550043004B00450054005F0048004500CE
:10CB00004100440004004F00A4040D00E2290B0082
:10CB1000000002A055005000060080FE000046A460
:10CB200064006F00550053004500520012000D00D4
:10CB3000A4040D00E2290B0000000D8A4D004F00F7
:10CB4000440055004C0045005F0041004300540084
:10CB500049005600450004005000A4040D00E229DD
:10CB60000B0000000D884D004F00440055004C00A4
:10CB700045005F004600410049004C00450044006C
:10CB800004005100A4040D00E2290B0000000BA8D2
:10CB90004D004F00440055004C0045005F004C0024
:10CBA00041005300540004005200A4040D00E22987
:10CBB0000B00000009A04D004F00440055004C0040
:10CBC00045005F004300500004005300A4040D0022
:10CBD000E2290B0000000F864D004F004400550075
:10CBE0004C0045005F0046004F00520054004800D2
:10CBF00056004F00430004005400A4040D00E22935
:10CC00000B0000000EA84D004F00440055004C00E2
:10CC100045005F0043004F004E005400450058009F
:10CC2000540004005700A4040D00E2290B0000008A
:10CC30000EA84D004F00440055004C0045005F0019
:10CC4000430055005200520045004E0054000400BD
:10CC50006000A4040D00E2290B000000458664007A
:10CC60006F0056004F00430012000D00B80F8C03F8
:10CC7000B0060C007D038C03B006B0060C00040067
:10CC800000008C03B006B006B0060C008C03B006A2
:10CC90008C030C000B007A04059046004F005200F4
:10CCA000540048007D0318008C030C0017000B0093
:10CCB000000004A03F004400550050001800080088
:10CCC0007B0518000B000B000B0203A852004F005D
:10CCD000540014001900120019000B00000005A0F8
:10CCE0003200440052004F005000170017000B00A4
:10CCF0000000078A44004E004500470041005400F0
:10CD000045000400FFFF1E0014000400FFFF1E008A
:10CD1000040001001F0012001F0017000B00900507
:10CD2000025644002B001400190014001F001200CA
:10CD300012001F0017001F0017000B00A00402784C
:10CD400055003C001A001A001E001B000800C40514
:10CD5000190017001B000B00B6291B000B00000078
:10CD600001783C00A9291E001B000800D20517000D
:10CD70001B000B00B6291B000B00000003B04D0088
:10CD800041005800A929CA050800DF05190017004D
:10CD90000B00D505039C4D0049004E00A929190040
:10CDA000CA050800EC05190017000B000000069CDE
:10CDB000570049005400480049004E001A00B629A7
:10CDC0001400B6291200BA050B00B60506885500F6
:10CDD0004D002F004D004F004400A929BA0508005E
:10CDE000310637000400F0FF1400140018001F0083
:10CDF0001400140018001F001200E229180012008D
:10CE00001300190014001F0012001D00080028065E
:10CE10001400170004000100E2291200090029068D
:10CE20001700120007000D06120017001700190066
:10CE30000B0017008D050400FFFF18000B00E10533
:10CE400005884D002F004D004F00440018001B00C6
:10CE50001800140008004806370014009905120055
:10CE6000140018001B0008004F061300E2291200EE
:10CE700005061200080057061900370019000B00BC
:10CE8000000004882F004D004F0044001A001B00D2
:10CE900019003E060B00370603884D004F00440082
:10CEA0005E0617000B00FD05235455004D002A00B7
:10CEB00033000B00000001542A00330017000B0060
:10CEC000630602544D002A00A9291E001B0014000D
:10CED0009D2919009D293300120008008806990534
:10CEE0000B00720605882A002F004D004F004400F9
:10CEF00014007C0612003E060B008906025E2A0022
:10CF00002F009006190017000B00A103055A4300DB
:10CF100045004C004C002D000400FFFF1F001700CF
:10CF20000B009D060556430045004C004C002B00AD
:10CF3000040001001F0017000B00A90605A643000E
:10CF400045004C004C0053000B00000007884100D6
:10CF50004C00490047004E00450044000B008D0482
:10CF6000029842004C00040020000B00080305A4B6
:10CF70003E00430048004100520004007F001C00B6
:10CF8000180004007F00CB06F6050800E206170033
:10CF900004005F000B00A705059044004500500009
:10CFA0005400480005020D001500B62904000100D8
:10CFB000B6290B00000004965000490043004B00C6
:10CFC00004000100E229BC061500E2290D000B0057
:10CFD000000002422B00210019001A000D001F0062
:10CFE000170019000C000B008605024232002100D8
:10CFF00019001A000C00040001001F0017000C00AB
:10D000000B000C07028032004000180004000100F1
:10D010001F0017000D0019000D000B00B50605A834
:10D0200043004F0055004E0054001800040001005A
:10D030001F00170019000F000B004203048A48006C
:10D04000450052004500A5030D000B00F2060388C1
:10D050005000410044003B0704005000E2290B004F
:10D06000AB0303845400490042001903B0060D00CD
:10D070000B000000078C4C0049004E0045004200A8
:10D0800055004600040000FA0B0000004AA84C00BE
:10D0900049004E0045002D00520045005300450058
:10D0A0005400040000FABD030C000B0000004558BA
:10D0B0004C0049004E0045002C00BD030D00180037
:10D0C000B006BD030C000C000B00000048A84C008B
:10D0D00049004E0045002D004C004900540004005A
:10D0E0000400750775070B000000489C4C004900C0
:10D0F0004E0045002D00520055004E0004000B006C
:10D100007507040000FA14000B00000046A8520046
:10D1100055004E002D00580054006907750796070A
:10D12000000048884C0049004E0045002D00450095
:10D130004E00440004003813750704000B00750707
:10D14000040000FA14000B002607058A43004D0076
:10D150004F00560045000900D60714001A000F00C2
:10D160001A000E0004000100E22919000400010069
:10D17000E229190012000400FFFFE229180008004C
:10D18000DB070900C50717008D050B006305049830
:10D19000460049004C004C001900370014001900EB
:10D1A0000900EF07A9290E0004000100E229070089
:10D1B000EA07120017008D050B000000098E2D00F4
:10D1C00054005200410049004C0049004E00470005
:10D1D0003700140009001108CB061A001300E229D9
:10D1E0000F00CA0508001108120004000100E2291E
:10D1F0000B000700040812001700040000000B00D9
:10D200003E0705485000410043004B002400C6067D
:10D21000180014001A0018000400000004000100A7
:10D2200005061700B6291A00E229040000001900BB
:10D230000C00A9290E0004000100E2291900C3070F
:10D2400012000B00E30605A844004900470049000E
:10D250005400040009001A00CA05040007001C005D
:10D26000E22904003000E2290B00000007A8450075
:10D2700058005400520041004300540004000000D4
:10D2800019000506190041080B00C70502463C00BD
:10D29000230043073C030C000B00350704884800BB
:10D2A0004F004C0044003C030D0004000100B6296F
:10D2B00018003C030C000E000B0013030146230072
:10D2C00087020D0056086B080B00750802A62300A4
:10D2D00053007808180008008708090081080B002F
:10D2E0002A03049C5300490047004E001B0008001D
:10D2F000940804002D006B080B007D08027C2300BD
:10D300003E0017003C030D0043071A00B6290B002E
:10D31000000003E4730074007200180014009D29DB
:10D320006108810812008E0899080B00650803B097
:10D330004800450058000400100087020C000B0054
:10D340003A08079844004500430049004D00410059
:10D350004C0004000A0087020C000B00CE06058A70
:10D360003E00420041005300450087020D00970235
:10D370000C000B00C706057C42004100530045002D
:10D380003E0097020D0087020C000B00000002A473
:10D390002E0052001400A50812001A00B629990B9D
:10D3A000A20B0B006B0603A455002E0052001400C4
:10D3B00061088108990812001A00B629990BA20B7E
:10D3C0000B00EA08025C55002E00610881089908EC
:10D3D000740BA20B0B00DE08015C2E0087020D000F
:10D3E00004000A001E0008000F09FD080B00A50834
:10D3F000740BA20B0B007005017E3F000D000609A7
:10D400000B00B808067E440049004700490054005C
:10D410003F00140004003000B629040009001A007F
:10D42000CA050800330904000700B62918000400E3
:10D430000A00CA051D0018001200BA050B00000002
:10D44000077E4E0055004D004200450052003F004F
:10D4500087020D00140018002D071A000F000400A9
:10D460002400BB2908005509B30819000400010075
:10D47000E229190004000100B6291A000F00040077
:10D480002D00BB291800A2020C0008006709190032
:10D4900004000100E229190004000100B629180067
:10D4A0000800E80987020D00040010001E000800B3
:10D4B000930987020D0004000A001E000800AA0953
:10D4C00037001400040000001A000F0087020D004E
:10D4D00021090800D409190087020D007506E22908
:10D4E000190004000100E229190007007C0912005C
:10D4F00017000900C50937001400040000001A00D5
:10D500000F007B0D0800D40919002000E229190042
:10D5100004000100E2291900070097091200170012
:10D520000900C50937001400040000001A000F00AC
:10D530001800CE0B0800DE0904003000B6291900DF
:10D5400004000A007506E229190004000100E2291E
:10D5500019000700AE091200170019001700190082
:10D560001700A2020D000800CE0937000400FFFFDB
:10D57000120087020C000B001700120017008D0527
:10D5800004000000120087020C000B0017001200BC
:10D5900017008D0504000000120087020C000B002C
:10D5A0001700170004000000120087020C000B0097
:10D5B000130904B23F004B004500590002000B0064
:10D5C000000003B24B0045005900F6090800FD09B0
:10D5D0000B000000088C45004B00450059002D0051
:10D5E00042005500460004002200E229A4040D0078
:10D5F000E2290B00F00905B23F0045004B00450051
:10D6000059005C030D006D030D00BB290800230ABF
:10D61000040000000B006D030D0018000B0A0D0044
:10D62000190004000100E22904000F001C006D0332
:10D630000C000400FFFF0B004D0804B245004B0036
:10D6400045005900190A08003A0A0B00F80906A01B
:10D650004B00450059005F005500500004000100D8
:10D660000B003E0A089C4B00450059005F00440037
:10D670004F0057004E00040002000B00490A08A8A2
:10D680004B00450059005F004C0045004600540027
:10D69000040003000B00560A09A84B00450059007E
:10D6A0005F00520049004700480054000400040095
:10D6B0000B00630A088A4B00450059005F004800D0
:10D6C0004F004D004500040005000B00710A07885B
:10D6D0004B00450059005F0045004E004400040027
:10D6E00006000B007E0A08A04B00450059005F00B1
:10D6F0005000470055005000040007000B008A0A44
:10D70000089C4B00450059005F0050004700440052
:10D710004E00040008000B00970A07A64B004500C6
:10D7200059005F0049004E005300040009000B003F
:10D73000A40A07984B00450059005F0044004500CB
:10D740004C0004000A000B00B00A0D8A4B00450093
:10D7500059005F004200410043004B00530050005D
:10D7600041004300450004000B000B00BC0A09A463
:10D770004B00450059005F0045004E005400450035
:10D78000520004000C000B00CE0A06624B0045005C
:10D7900059005F0046003100040011000B00DC0A54
:10D7A00006644B00450059005F004600320004004B
:10D7B00012000B00E70A06664B00450059005F00A7
:10D7C00046003300040013000B00F20A06684B0009
:10D7D000450059005F0046003400040014000B00AF
:10D7E000FD0A066A4B00450059005F0046003500FF
:10D7F000040015000B00080B066C4B004500590097
:10D800005F0046003600040016000B00130B066E86
:10D810004B00450059005F00460037000400170028
:10D820000B001E0B06704B00450059005F004600C0
:10D830003800040018000B00290B06724B0045004D
:10D8400059005F0046003900040019000B00340B3A
:10D8500007604B00450059005F0046003100300072
:10D8600004001A000B00340A04A845004D004900CA
:10D87000540003000B003709047E4E00550046009B
:10D880003F00F60918000800620B8D05FD09040031
:10D890000D00BB290B001808048A5000410043000A
:10D8A000450004000B00510B0B008808058A53004B
:10D8B0005000410043004500CB06510B0B00BC0754
:10D8C00005A643004800410052005300190004001F
:10D8D0000000DA0504000100E22937001400090005
:10D8E0008B0B1800510B0700890B12001700170053
:10D8F0000B006D0B06A6530050004100430045008D
:10D900005300CB067E0B0B004807048A54005900D5
:10D91000500045000900AF0B190018000F00510B13
:10D9200004000100E22919000400FFFFE2291800A9
:10D930000800B40B0900A40B8D050B00770B02A4A3
:10D940004300520004000D00510B04000A00510B6B
:10D950000B0019090B7E44004900470049005400A0
:10D960002D0043004800410052003F0004003000F9
:10D9700004003A00F6050B00C10B0380440033009D
:10D98000400018000F0004003000B62904000A000F
:10D9900075061A00B0060F0004003000B629E2290F
:10D9A00004000A0075061900B006B0060F00040056
:10D9B0003000B629E2290B00D40B057E4400450057
:10D9C000430033003F0018000F00CE0B1A00B006D2
:10D9D0000F00CE0B1C001A00B006B0060F00CE0BD5
:10D9E0001C000800100CD90B04000001BA050B0044
:10D9F0001700040000000B00B60B067E4300450034
:10DA00004C004C0037003F0018000F0018000400C5
:10DA1000200004007F00F6051900040022001E000B
:10DA20001C000800350C1800B006FB0B0800350C74
:10DA300004000400E229FB0B0B00170004000000A7
:10DA40000B006E0406A449004D004700450052003B
:10DA500052000400FFFFA5180E0062006100640080
:10DA6000200069006D00610067006500200064000F
:10DA70006100740061000B00390C099649004D00EB
:10DA800047002D0043004800450043004B000400C0
:10DA90000700AF2904000100E22937001400090043
:10DAA000700C18001C0C0800760C04000700E2291A
:10DAB0000700690C1200170017000B00410CBD068F
:10DAC0000AA841004E00530049002D0052004500B5
:10DAD00053004500540004001B00510BFE0C0300D2
:10DAE0005B0030006D000B004B0B0A6E45004D00D3
:10DAF000490054002D00430045004C004C00370005
:10DB000018000F00140004001B00510BFE0C06004F
:10DB10005B00330038003B0035003B00B0061800C6
:10DB200004000300A20BFE0C06003B00340038008A
:10DB30003B0035003B0004000300E229180004000C
:10DB40000300A20B04006D00510B1200510B0400E6
:10DB50000300E2290B008C0C096E45004D004900C2
:10DB600054002D0052004F00570037000400010000
:10DB7000E229370014000900D60C980C0700D50CD8
:10DB8000120017000B000000434864006F002400DF
:10DB90001200130012002D07E229C6061400190016
:10DBA00014000B00000043F8240022007C00E00C6D
:10DBB0000B00000043F8530022007C00E00C2D070E
:10DBC0000B00000043F82E0022007C00E00C2D0723
:10DBD000A20B0B00F00204EC25006100640076004B
:10DBE0001800BA0204073700C60204070B00020D32
:10DBF00004E4250063006C00720004000000F602DB
:10DC00000C000B000F0D04C8250065006E006400B9
:10DC1000040080F7F6020D00E2290B001A0D05DA68
:10DC2000250072006F006F006D00F6020D00E22902
:10DC300004000102BA050800360D0B00A5180F00FC
:10DC400066006F0072006D006100740020006F00BC
:10DC500076006500720066006C006F007700C012ED
:10DC6000260D05C6250061007000700063000400E9
:10DC700001002D0D200D0E0004000100F602040726
:10DC80000B00480D05C425006100700070006200A3
:10DC900018002D0D1400200D1300C3071200F6020A
:10DCA00004070B00590D04E825007200650074009C
:10DCB000040080F7F6020D000B00AE08047E480059
:10DCC000450058003F000400100021090B00C30C60
:10DCD00006A44500530043004500520052000400D2
:10DCE000FFFFA5180E0069006E00760061006C0051
:10DCF000690064002000650073006300610070002B
:10DD00006500C012F908088A55004E00450053000E
:10DD100043004100500045001A00BA020C001800F0
:10DD2000C6020C00170004000000F6020C00C60238
:10DD30000D0008006C0EBA020D000F001800040060
:10DD40005C001E000800CA0D1A00F6020D00E22950
:10DD50000E0004000100F602040704000100080D93
:10DD60000900AF0D1700C6020D0004000200BA053D
:10DD70000800D30D870D04000100080DBA020D0044
:10DD80000F00180004006E001E000800050E1800A9
:10DD9000040072001E0008000D0E1800040074003C
:10DDA0001E000800150E180004005C001E0008008C
:10DDB0001D0E1800040022001E000800250E180089
:10DDC000040030001E0008002D0E1800040078002A
:10DDD0001E000800350E1700870D170004000A000A
:10DDE00004000100080D0900610E170004000D0079
:10DDF00004000100080D0900610E1700040009006D
:10DE000004000100080D0900610E170004005C0009
:10DE100004000100080D0900610E17000400220033
:10DE200004000100080D0900610E17000400000045
:10DE300004000100080D0900610E1700C6020D0064
:10DE400004000300BA0508003E0E870DBA020D005B
:10DE500004000100E2290F007B0D08005B0E140096
:10DE6000BA020D0004000200E2290F007B0D080039
:10DE70005D0E1200040010007506E2290400030084
:10DE8000080D0900610E1700870D1700120017001A
:10DE9000870D1A00F6020D00E2290E0004000100B1
:10DEA000F60204070900AF0DF6020D000B0000009A
:10DEB00005CA70006100720073006500A2020C00C8
:10DEC0001A00140018000800C70E04000100B6294B
:10DED000A2020D00CB06BB2908009E0E37001400DD
:10DEE000CB061A000F00B6291B00350008009D0E56
:10DEF00004000100E2290700880E1200170012003A
:10DF000017000400000018000B0012001A0019008E
:10DF10001400A2020D001A000F00B629A2020D0083
:10DF2000CB06BB290800AD0E1B000800BA0E04008A
:10DF30000100E2290700A10E1200170018001400CA
:10DF40000900C10E12001700180004000100E229A8
:10DF500014001A00B62912001200B6290B001A008C
:10DF60001200B6290B00630B058A500041005200D5
:10DF70005300450014004D070D030D00E22919035D
:10DF80000D000D030D00B6291200760E0D030407D7
:10DF90000B00030982502E00280004002900D20E35
:10DFA000A20B0B0000008150280004002900D20EB3
:10DFB0008D050B00000081B85C0019030D000D03F6
:10DFC0000C000B00140C04A4430048004100520054
:10DFD000CB06D20E17000F000B009C0B059C5400C3
:10DFE0004F004B0045004E000D030D0019030D00BE
:10DFF000BA050800340F4D0719030D00E229CB06BE
:10E0000019000E004D070D030D00E22919030D0044
:10E010000D030D00B62904000100E229CB06760E9F
:10E020000D03040704001F00E605B3030D001A00EA
:10E03000B629A4061F080B00BE130B00EE050488CA
:10E0400057004F0052004400D20E3B071F080B0040
:10E0500000004BB043004F0055004E0054004500F7
:10E0600044003E004C004500580018000F0004001A
:10E070001F001C0018000800600F14001800130097
:10E08000E2290F0022001900170012001D000B00EA
:10E090008D05040000000B00530B057C4E00410071
:10E0A0004D0045003E00B00618000D0004001F00A2
:10E0B0001C00E229B0060B00000047A83E00420009
:10E0C000550043004B00450054001A000400200096
:10E0D00004007F00F60508008B0F190004002000E3
:10E0E000B629E2290B008D05040000000B0000009A
:10E0F00049824800450041004400450052003E006E
:10E100004E004100B0060B00000049A44E00410043
:10E110003E00480045004100440045005200A4066E
:10E120000B0000004DA656004F0043004100420086
:10E130003E004200550043004B0045005400530090
:10E140000D000B00910B057E530041004D00450072
:10E150003F0018000800DA0F1400A9290F00190069
:10E160000F00B62976050800D00F120017000B002B
:10E170001900B0061900B00612000400FFFFE229E2
:10E180000900C10F1700040000000B007806067E8E
:10E190004D0041005400430048003F0018000800B3
:10E1A0000C101400A9290F0019000F001E0076059D
:10E1B0000800F90F1200170017008D050400000079
:10E1C0000B001900B0061900B00612000400FFFF92
:10E1D000E22918000800071014000900EA0F1700D0
:10E1E0008D050400FFFF0B0017008D050400FFFFE5
:10E1F0000B00DE07079C460049004E0044002D003E
:10E200004F004E000400FFFF22040C000B00111011
:10E21000088C460049004E0044002D004F00460087
:10E2200046000400000022040C000B00E10E0588EB
:10E230002E00460049004E004400FE0C080020005D
:10E240007600690073006900740073003D003504B6
:10E250000D000609FE0C06002000660075006C002B
:10E260006C003D0047040D000609FE0C050020006F
:10E270006800690074003D0057040D0006090B009A
:10E2800000004C8A460049004E0044002D00520018
:10E2900055004E00540049004D004500190018007B
:10E2A000DB030C0018004D0FFC030C001800B00637
:10E2B0000F00EC030C0017001800B80F9B030D00B3
:10E2C000B80F1E00080082100400000010040C00AB
:10E2D0000900861031030D0010040C001800B80F5F
:10E2E00087040C0087040D000800E410EC030D0007
:10E2F00087040D007D0F18000800E3100D001800C2
:10E300000800E3109A040C009A040D009A0F1800FC
:10E310000D001800A2020C00040000011C000800FF
:10E32000AD1010040D000800D810A2020D0004006A
:10E330001FFE1C00FC030D001E000800C410170087
:10E340009A040D000D0018000800C2109A040C0079
:10E3500009009C100900E310DB030D00B0061A0051
:10E36000B006FC030D0004001F001C00E60F0800AF
:10E37000D810140017009A040D006B0F12000B0048
:10E3800017009A040D000D0018000800E3109A040D
:10E390000C0009009C1017001700DB030D0004009F
:10E3A00000000B0000004A8E460049004E00440069
:10E3B0002D00440045004200550047001900180098
:10E3C000DB030C0018004D0FFC030C001800B00616
:10E3D0000F00EC030C00170022040D0008001411BC
:10E3E0000400000035040C000400000047040C0089
:10E3F0000400000057040C001800B80F9B030D0028
:10E40000B80F1E00080022110400000010040C00C8
:10E410000900261131030D0010040C001800B80F7C
:10E4200087040C0087040D0008009C11EC030D000C
:10E4300087040D007D0F180008009B110D001800C7
:10E4400008009B119A040C0022040D0008004411DE
:10E4500004000100350404079A040D009A0F180007
:10E460000D001800A2020C00040000011C000800AE
:10E47000551110040D0008009011A2020D000400B7
:10E480001FFE1C00FC030D001E0008006C1117008D
:10E490009A040D000D00180008006A119A040C007F
:10E4A00009003C1109009B1122040D0008007411A1
:10E4B0000400010047040407DB030D00B0061A0046
:10E4C000B006FC030D0004001F001C00E60F08004E
:10E4D000901122040D000800891135040D00570425
:10E4E0000C00140017009A040D006B0F12000B00B3
:10E4F00017009A040D000D00180008009B119A04E3
:10E500000C0009003C1117001700DB030D0004008C
:10E5100000000B00000044C8660069006E00640043
:10E520007B020D0014000B00000049A646004900C4
:10E530004E0044002D0056004F00430053001800C9
:10E540000800CC11140018001300A811760508006B
:10E55000C61181051700120017000B0017001200EA
:10E56000B0060D000900B7111700040000000B00F1
:10E570000000457E4E0041004D0045003F008C03E9
:10E580000D00B7110B00CB0E0C88500052004F004D
:10E59000460049004C0045002D00460049004E0051
:10E5A00044000400F6107B020C001A100C0FD71167
:10E5B00076050800F6118D050900F71117003510D2
:10E5C0002910040066107B020C000B000000029072
:10E5D0005E00480014001A00120019001A001E0004
:10E5E0000800161204000800510B04000100B629AF
:10E5F00004002000510B04000800510B0B00000028
:10E60000048C58004F004600460004001300510BD4
:10E610000B001712039C58004F004E00040011001D
:10E62000510B0B00050F03A05400410050001800CF
:10E63000510B1A000E0004000100E2290B0000003B
:10E6400004A06B00540041005000180004000A00B0
:10E650001E0008005012180004000D001E000800E3
:10E660005412040008001E00080052122F120B0062
:10E6700017000B0002120B001D12170019001700E3
:10E6800018000B00000006E86100630063006500ED
:10E69000700074001A00E2291A00A9291E0008005F
:10E6A0007712FD091800CB0604007F00F60508006C
:10E6B00074122F12090075123D120900651217001D
:10E6C0001A00B6290B007F0D06A84500580050001F
:10E6D000450043005400621202030C0017000B00B7
:10E6E000000005B2510055004500520059004D0789
:10E6F00004000004831202030D0019030C0026120B
:10E70000040000000D030C000B00FA0E05904300FE
:10E710004100540043004800150014004B030D0055
:10E72000140011004B030C000400B112140014007B
:10E730000B0012004B030C00120017000400000035
:10E740000B002A1205AE5400480052004F0057003B
:10E750004B030D00100012004B030C0012001900B7
:10E7600014001600170012000B00000048883F003C
:10E770004E0055004D00480045004100440018007F
:10E78000B0060D00180014000400300004003A0028
:10E79000F605130004002D00BB291D001300040022
:10E7A0002B00BB291D00130004002400BB291D0001
:10E7B00087020D00040010001E000800FA1212006B
:10E7C00017000B0013007B0D190017001D0012002D
:10E7D00017000B0000000AA8240049004E00540056
:10E7E000450052005000520045005400D712080066
:10E7F00015134009080015130B00D7117605080002
:10E800002E130D00040040001C00A5180D00200070
:10E8100063006F006D00700069006C0065002000EF
:10E820006F006E006C00790014000B0040090800B6
:10E8300032130B00C0122E1003962E004F004B0017
:10E8400031030D0008003E1309004313FE0C0300C2
:10E8500020006F006B00BA0B0B00120A06963F00F7
:10E8600053005400410043004B00EA061B00A5186A
:10E870000A00200075006E006400650072006600EA
:10E880006C006F0077000B007B1204984500560067
:10E8900041004C000C0F18000F00080073133103E7
:10E8A0000D0008006E137622090062136907B22278
:10E8B000960709006213170038130B00DB1106A836
:10E8C000500052004500530045005400040080FAF7
:10E8D0001903B0060C0069070B00000043DE780046
:10E8E00069006F000400621239021007520210071B
:10E8F0000B001F10048A460049004C00450004002C
:10E90000690B0400170004003D128A130B00750DFB
:10E910000488480041004E004400040038130400FD
:10E92000510B04003D128A130B000000039E4900A6
:10E930002F004F000400B5130B000200030000007D
:10E9400005484E0055004C004C0024000600000015
:10E950009D12078A43004F004E0053004F004C00A9
:10E960004500B2131D071D021007A5130B007C05FF
:10E97000039E52002F004F00040001000B00360FD1
:10E98000039E57002F004F00040002000B00CF131E
:10E9900003AE52002F005700040003000B000000DC
:10E9A000098A4F00500045004E002D0046004900E6
:10E9B0004C00450028000B00C0130B8A4300520096
:10E9C00045004100540045002D00460049004C0020
:10E9D000450029000B00F4130A8A43004C004F0045
:10E9E000530045002D00460049004C0045002A0018
:10E9F0000B00DF13098A52004500410044002D003E
:10EA00004C0049004E0045002B000B00D7130A8A2A
:10EA1000570052004900540045002D004C004900A9
:10EA20004E0045002C000B0091130D9C4600490040
:10EA30004C0045002D0050004F0053004900540089
:10EA400049004F004E002E000B0011140F8A520097
:10EA5000450050004F0053004900540049004F004A
:10EA60004E002D00460049004C0045002D000B00D3
:10EA70002C14098A460049004C0045002D00530023
:10EA800049005A0045002F000B0050140A8A460026
:10EA90004C005500530048002D00460049004C0032
:10EAA000450030000B00F40B0B8A440045004C007D
:10EAB0004500540045002D00460049004C0045002B
:10EAC00031000B003D140B8A520045004E004100FE
:10EAD0004D0045002D00460049004C004500320025
:10EAE0000B00540C0C8A49004E0043004C005500AA
:10EAF000440045002D00460049004C004500170029
:10EB00000400FFFF0B008914088849004E004300F1
:10EB10004C0055004400450044008D050400FFFFF3
:10EB20000B0000004B8A4D004F00440055004C0084
:10EB300045002D005300410056004500C9030D005B
:10EB4000EB040C00A5030D00FC040C007D030D007C
:10EB500013050C007D03B0060D001305B0060C0074
:10EB60007D03B006B0060D001305B006B0060C001C
:10EB70008C030D0029050C008C03B0060D0029053F
:10EB8000B0060C008C03B006B0060D002905B006D7
:10EB9000B0060C008C03B006B006B0060D002905C7
:10EBA000B006B006B0060C008C03B006B006B00686
:10EBB000B0060D002905B006B006B006B0060C0080
:10EBC0008C03B006B006B006B006B0060D002905ED
:10EBD000B006B006B006B006B0060C008C03B00656
:10EBE000B006B006B006B006B0060D002905B006A6
:10EBF000B006B006B006B006B0060C008C03B00636
:10EC0000B006B006B006B006B006B0060D00290585
:10EC1000B006B006B006B006B006B006B0060C00EE
:10EC20008C03B006B006B006B006B006B006B0065B
:10EC3000B0060D002905B006B006B006B006B00655
:10EC4000B006B006B0060C009B030D003F050C009B
:10EC50009B03B0060D003F05B0060C000B00000042
:10EC600054A44D004F00440055004C0045002D00B9
:10EC700052004500530054004F00520045002D0043
:10EC80004F00520044004500520029050D008C033E
:10EC90000C002905B0060D008C03B0060C002905F8
:10ECA000B006B0060D008C03B006B0060C002905B6
:10ECB000B006B006B0060D008C03B006B006B00674
:10ECC0000C002905B006B006B006B0060D008C0396
:10ECD000B006B006B006B0060C002905B006B006B6
:10ECE000B006B006B0060D008C03B006B006B00644
:10ECF000B006B0060C002905B006B006B006B00696
:10ED0000B006B0060D008C03B006B006B006B00623
:10ED1000B006B0060C002905B006B006B006B00675
:10ED2000B006B006B0060D008C03B006B006B00603
:10ED3000B006B006B006B0060C002905B006B00655
:10ED4000B006B006B006B006B006B0060D008C03E3
:10ED5000B006B006B006B006B006B006B006B00603
:10ED60000C003F050D009B030C003F05B0060D0095
:10ED70009B03B0060C000B0000004CA44D004F009C
:10ED8000440055004C0045002D0043004C00450058
:10ED90004100520004000000C3040C000400000005
:10EDA000D8040C000B0000004F964D004F004400AB
:10EDB00055004C0045002D0052004F004C004C0007
:10EDC0004200410043004B0013050D007D030C0081
:10EDD0001305B0060D007D03B0060C001305B00648
:10EDE000B0060D007D03B006B0060C005D15EB0407
:10EDF0000D00C9030C00FC040D00A5030C00FC046D
:10EE00000D00661804000000C3040C000400FFFF9E
:10EE1000D8040C000B00881204A8510055004900CA
:10EE2000540010020D001000631610020D001000B7
:10EE30008F12D8040D00080038168B2509005C16C7
:10EE400004006213A412760508002D1661020D005D
:10EE50001900C913BE131A001E0008004F16740BC8
:10EE60002D07A20BFE0C030020003F002000C3046E
:10EE70000D0008005416FC15040038131E0008008D
:10EE80005C1604001B00510B7E13261209002C1681
:10EE9000000081B65B000400000031030C000B0091
:10EEA000000001BA5D000400010031030C000B00FA
:10EEB0007402014E27000C0FD711080079161700B5
:10EEC0000B00C012000007A85F0064006F004E0036
:10EED000450058005400040007000B007A1608D0C3
:10EEE0005F003F006200720061006E006300680016
:10EEF000040008000B00861607D05F006200720055
:10EF000061006E0063006800040009000B00770CCC
:10EF100005A841004C004C004F005400A503040715
:10EF20000B00601689BA5B0043004F004D00500093
:10EF300049004C0045005D00731691290B00031435
:10EF4000478A43004F004D00500049004C004500E7
:10EF5000120018000D009129B00614000B00C30325
:10EF600087984C00490054004500520041004C0075
:10EF7000C016040091290B00A91686BA5B00430055
:10EF80004800410052005D00000FD0160B00021334
:10EF9000034424002C002200040022003C0F2D0713
:10EFA000E229C606A5030C000B005C1305444500CE
:10EFB000530043002C0022003B071F082D07E229C5
:10EFC000C606A5030C000B007A14878A5200450080
:10EFD00043005500520053004500C9030D006B0F5C
:10EFE00091290B00D208859C42004500470049004A
:10EFF0004E003B070B005D1483A446004F005200F7
:10F00000C0163700C01614003B070B00640F84A81D
:10F010004E00450058005400C01607009129C01644
:10F020001200C01617000B009A0D859855004E006F
:10F03000540049004C0004000800912991290B005C
:10F040009F16859C41004700410049004E00040086
:10F050000900912991290B009B14828C49004600DC
:10F060000400080091293B070400000091290B00CF
:10F0700038178588410048004500410044000400DD
:10F08000090091293B070400000091290B00FC16A0
:10F0900086A85200450050004500410054003F172B
:10F0A0003B0719000C000B00B912849C5400480067
:10F0B00045004E003B0719000C000B00501783A8B9
:10F0C00041004600540017005717111719000B0094
:10F0D000ED16848A45004C0053004500571719006F
:10F0E00072170B001E14858A5700480049004C0017
:10F0F0004500481719000B000000528A43004C00DD
:10F100004500410052002D004200550043004B00D5
:10F11000450054002D005400410042004C004500C1
:10F1200004005F0037001400040000001A000C0007
:10F13000B0060700AC171200170017000B00000004
:10F14000518A43004F00500059002D0042005500E5
:10F1500043004B00450054002D0054004100420084
:10F160004C00450087040C00A2020C0004005F0064
:10F1700037001400A2020D000D0087040D000C00E2
:10F18000A2020D00B006A2020C0087040D00B0061A
:10F1900087040C000700D217120017000B000000B4
:10F1A000538A52004500570049004E0044002D008C
:10F1B0004200550043004B00450054002D00540010
:10F1C000410042004C0045001900A2020C008704D7
:10F1D0000C0004005F003700140087040D000D00D0
:10F1E0009A040C009A040D00180008002418180056
:10F1F000A2020D00BA0508001F1887040D000C00BC
:10F2000087040D00B00687040C0009002F180D00BC
:10F210009A040C0009000A18170004000000870473
:10F220000D000C0087040D00B00687040C000700D9
:10F230000518120017000B00000054A652004500EC
:10F24000570049004E0044002D0056004F00430077
:10F25000410042002D004200550043004B00450094
:10F2600054005300B80F760508005018FC170B0027
:10F2700017000B00000052A652004500570049003D
:10F280004E0044002D0041004C004C002D00420077
:10F29000550043004B004500540053007D03180007
:10F2A000080071181A001A004A18B0060D0009006B
:10F2B00067188D050B00000052A649004E0049005A
:10F2C00054002D0046004F005200540048002D000D
:10F2D0004200550043004B00450054005300040019
:10F2E00064000400E2FECA170400E2FE7D030C0085
:10F2F0000B0076178644410042004F005200540034
:10F300002200C016A518E4160B0000004644610058
:10F3100062006F007200740022000800A918E00C5F
:10F32000C012E00C17000B00DF16824424002200FC
:10F33000C016EF0CE4160B00331382442E0022009B
:10F3400031030D000800C41804002200D20EA40DE1
:10F35000C016FE0CF4160B0004002200D20EA40D01
:10F36000A20B0B00BA0F82445300220031030D00A0
:10F370000800DA1804002200D20EA40DC016F60C04
:10F38000F4160B0004002200D20EA40D0B002C1763
:10F39000037A55003C003D0004000100E229BA0553
:10F3A0000B00451307A83F005400410052004700DE
:10F3B000450054000C0F18000F000800F8180B004F
:10F3C000EF0C050020006E0061006D006500C012AA
:10F3D000000046A8460049004E0044005800540072
:10F3E0001800D71176050800111917000400FFFF57
:10F3F0000B001700040000000B00CA184C885300D3
:10F400005400520049004E0047002D0042005500B4
:10F4100049004C0044001A001B0008003B19A518C5
:10F4200011006E00650067006100740069007600DD
:10F4300065002000630061007000610063006900E6
:10F4400074007900C012190014001A1F12003B0743
:10F4500004000600E2291800A2020C0017000400B4
:10F4600004009129A2020D0004000200E229912962
:10F47000040004009129A2020D0004000100E22909
:10F48000912904000D00912904000B009129180016
:10F490009129040000009129A6161023C9030D002C
:10F4A0006B0F0B000000047E5300540052003F001D
:10F4B00018000D00040004001E0008007B1917004E
:10F4C000040000000B001800B0060D00A2020C00A2
:10F4D0001800B006B0060D00040004001E0008006D
:10F4E0008D191700040000000B001800B006B006CC
:10F4F000B0060D00A2020D00A4061E0008009C1913
:10F500001700040000000B00180004000400E229AA
:10F510000D0004000D001E000800AA1917000400C9
:10F5200000000B00180004000500E2290D00040093
:10F530000B001E000800B8191700040000000B00A3
:10F540000400FFFF0B000000078C3E005300540036
:10F55000520042005500460070190800CA19B00652
:10F560000D000B00A5180A006E006F00740020004B
:10F5700073007400720069006E006700C012000022
:10F5800008823E005300540052004C0045004E00DB
:10F59000410070190800E919B006B006B0060D0068
:10F5A0000B00A5180A006E006F00740020007300A5
:10F5B0007400720069006E006700C012000007A0AE
:10F5C0003E00530054005200430041005000E11936
:10F5D000A4060D000B000000079C3E0053005400E1
:10F5E00052004C0045004E00E1190D000B000000D8
:10F5F00009A853005400520043004C0052002D0053
:10F6000058005400E1190400000019000C000B0020
:10F61000000009A85300540052004300410050006C
:10F620002D0058005400FF190B00000009A85300DA
:10F63000540052005300450054002D00580054005F
:10F64000AE020C001800AE020D00FF19E41808000D
:10F65000521A180014001A00AE020D00C41913004B
:10F66000C3071200170019001700AE020D00E119C0
:10F670000C000B00A5180F007300740072006900E5
:10F680006E00670020006F00760065007200660063
:10F690006C006F007700C01200000AA853005400ED
:10F6A00052005300450054004E002D0058005400F5
:10F6B000AE020C001800AE020D00FF191E0008007B
:10F6C0008D1AA518110063006100700061006300CD
:10F6D00069007400790020006D00690073006D00FE
:10F6E0006100740063006800C0121800040001008B
:10F6F000E229BA050800981AAE020D00381A0B006C
:10F70000A5180F0073007400720069006E00670096
:10F7100020006F0076006500720066006C006F00CC
:10F720007700C012000009A85300540052004100A5
:10F73000500050002D0058005400AE020C00BA02D8
:10F740000C00C6020C00150DAE020D00C419AE026D
:10F750000D000C1A600DBA020D00C6020D00600DFE
:10F76000700DAE020D00381A0B00000009A85300FE
:10F77000540052005000520045002D005800540023
:10F78000AE020C00BA020C00C6020C00150DBA0243
:10F790000D00C6020D00600DAE020D00C419AE02D0
:10F7A0000D000C1A600D700DAE020D00381A0B0022
:10F7B00000000AA8530054005200430041005000CA
:10F7C00050002D0058005400AE020C00150DAE0282
:10F7D0000D00C419AE020D000C1A600D4F0D700D16
:10F7E000AE020D00381A0B0000000BA853005400A5
:10F7F0005200430048004100520021002D005800F3
:10F800005400140018001B0008002E1BA5180D0042
:10F8100069006E00760061006C00690064002000E1
:10F8200069006E00640065007800C01218001300C3
:10F830000C1ABA0508003B1B1300C419E2290E007C
:10F84000120017000B00A5180D0069006E0076006D
:10F8500061006C0069006400200069006E006400B3
:10F8600065007800C012C716039C4C0045004E008E
:10F87000190017000B008017067E45004D00500050
:10F88000540059003F001900170076050800641B5A
:10F890001700040000000B000400FFFF0B00151907
:10F8A000047A5300540052003D0014001A00130063
:10F8B0001E0008007A1B120017008D0517000400B7
:10F8C00000000B00190012001700E60F0B00671B69
:10F8D000057C5300540052003C003E006D1B350077
:10F8E0000B004B1B04A84C004500460054001800B8
:10F8F0001B000800A31BA5180D0069006E00760010
:10F9000061006C00690064002000720061006E00FC
:10F9100067006500C012A2020C00A2020D001A00CE
:10F92000E4180800AF1B1700A2020D000B00A51879
:10F930000D0069006E00760061006C0069006400D3
:10F940002000720061006E0067006500C0125F1742
:10F9500005A85200490047004800540018001B0049
:10F960000800DA1BA5180D0069006E007600610022
:10F970006C00690064002000720061006E00670086
:10F980006500C01218001A00E4180800E91B1400F2
:10F9900019001A001300B629E22912008105170088
:10F9A0000B00A5180D0069006E00760061006C0068
:10F9B000690064002000720061006E00670065004D
:10F9C000C0127F1B06A45300550042005300540090
:10F9D0005200140018001B000800161CA5180D008A
:10F9E00069006E00760061006C0069006400200010
:10F9F000720061006E0067006500C01213001B00FA
:10FA000008002A1CA5180D0069006E007600610030
:10FA10006C00690064002000720061006E006700E5
:10FA20006500C012A2020C00A2020D001A00E41828
:10FA30000800401CA2020D001300E2291A00E4187D
:10FA40000800401C1700A2020D00E22912000B0062
:10FA5000A5180D0069006E00760061006C00690059
:10FA600064002000720061006E0067006500C01233
:10FA7000B7160580430048004100520040001800BE
:10FA80001B0008006B1CA5180D0069006E007600B5
:10FA900061006C0069006400200069006E00640071
:10FAA00065007800C01218001A00BA050800751C1D
:10FAB00019001700E2290F000B00A5180D006900BE
:10FAC0006E00760061006C0069006400200069002F
:10FAD0006E00640065007800C012F91B868E53002A
:10FAE0005400520049004E00470031030D00080049
:10FAF000B41CA518200053005400520049004E00C9
:10FB00004700200063006F006D00700069006C000A
:10FB100065002D0073007400610074006500200012
:10FB200075006E0073007500700070006F00720049
:10FB3000740065006400C012F21808190800CB1C9C
:10FB40008D051700A5180E006400750070006C008C
:10FB50006900630061007400650020006E006100B0
:10FB60006D006500C012231917000B006C1785A4E7
:10FB700054004F00530054005200F21808190800B6
:10FB8000EB1C19001700AE020C0031030D00080039
:10FB9000E71CAE020D00D016C016381A0B00AE02DC
:10FBA0000D00381A0B0031030D000800071DA518C1
:10FBB00015006D0069007300730069006E00670036
:10FBC000200073007400720069006E00670020005E
:10FBD000740061007200670065007400C0121400B8
:10FBE0001A00BA020C001800C6020C00180012001D
:10FBF0002319AE020C00BA020D00C6020D00AE02BF
:10FC00000D00381A0B00CE1C869C54004F00530088
:10FC1000540052004E00F21808190800391D19004E
:10FC20001700AE020C0031030D000800351DAE02B6
:10FC30000D00D016C016701A0B00AE020D00701A1F
:10FC40000B0031030D000800551DA51815006D00AF
:10FC500069007300730069006E0067002000730084
:10FC60007400720069006E0067002000740061007B
:10FC70007200670065007400C01214001800D20200
:10FC80000C0081051800BA020C0081051800C6029C
:10FC90000C008105180012002319AE020C00BA02F4
:10FCA0000D00C6020D00D2020D00AE020D00701A4A
:10FCB0000B00501C85A443004C004500410052003D
:10FCC000F218081908008E1D19001700AE020C006A
:10FCD00031030D0008008A1DAE020D00D016C016BB
:10FCE0001A1A0B00AE020D001A1A0B00A518150007
:10FCF0006D0069007300730069006E0067002000EA
:10FD000073007400720069006E00670020007400C8
:10FD100061007200670065007400C012711D88B236
:10FD20004300410050004100430049005400590085
:10FD3000F21808190800C61D19001700AE020C00C1
:10FD400031030D000800C21DAE020D00D016C01612
:10FD50002B1A0B00AE020D002B1A0B00A518150074
:10FD60006D0069007300730069006E006700200079
:10FD700073007400720069006E0067002000740058
:10FD800061007200670065007400C01291188688D7
:10FD900041005000500045004E00440031030D006A
:10FDA0000800F81DF218081908000C1E19001700A9
:10FDB000AE020C00AE020D00D016C016B51A0B0034
:10FDC000BA020C00C6020C00F218081908000C1E3A
:10FDD00019001700AE020C00BA020D00C6020D0099
:10FDE000AE020D00B51A0B00A51815006D006900D4
:10FDF0007300730069006E006700200073007400D8
:10FE0000720069006E0067002000740061007200DB
:10FE1000670065007400C012761387885000520096
:10FE20004500500045004E00440031030D0008001D
:10FE30003F1EF21808190800531E19001700AE02E1
:10FE40000C00AE020D00D016C016D81A0B00BA0274
:10FE50000C00C6020C00F21808190800531E190005
:10FE60001700AE020C00BA020D00C6020D00AE0271
:10FE70000D00D81A0B00A51815006D00690073005D
:10FE8000730069006E006700200073007400720048
:10FE900069006E0067002000740061007200670056
:10FEA00065007400C012A61D878843004100500001
:10FEB000500045004E004400F218081908008A1E40
:10FEC00019001700AE020C0031030D000800861E59
:10FED000AE020D00D016C016FC1A0B00AE020D00CB
:10FEE000FC1A0B00A51815006D0069007300730063
:10FEF00069006E00670020007300740072006900E2
:10FF00006E006700200074006100720067006500E9
:10FF10007400C0126B1E854243004800410052002D
:10FF20002100F21808190800BF1E19001700AE02C0
:10FF30000C0031030D000800BB1EAE020D00D016F0
:10FF4000C016191B0B00AE020D00191B0B00A518E3
:10FF500015006D0069007300730069006E00670092
:10FF6000200073007400720069006E0067002000BA
:10FF7000740061007200670065007400C012000028
:10FF8000078A3F0055004E004900510055004500CA
:10FF90000B000000455853004E00410050002C005B
:10FFA00018000D00040004009129912904000400A8
:10FFB00091291800912904000C00912917000B00C9
:10FFC00000004A5853004E00410050002D004900E7
:10FFD0004E0054004F002C0014000400040091292E
:10FFE00091290400040091291200912904000C00B9
:10FFF00091290B00000046A4480045004100440040
:020000021000EC
:100000004500520018000F000800411FE01E1800B4
:10001000A2020C003B071800C9030C0004000000FA
:100020009129A2020D004D0F9129A2020D00B006E8
:100030003B07A2020D000F0004001F001C00C307B5
:10004000A2020D000F0004001F001C00A6168D0563
:100050000B00EF0C050020006E0061006D006500D4
:10006000C01203004E004F005000000000000400CA
:100070006A0075006D0070000100000003003F0081
:100080007200780002000000030074007800210074
:1000900003000000050064006F004C00490054009C
:1000A00004000100060064006F004C00490053008A
:1000B000540005000000050064006F005600410078
:1000C000520006000000060064006F004E0045006C
:1000D000580054000700000007003F006200720053
:1000E00061006E0063006800080001000600620005
:1000F000720061006E0063006800090001000700E3
:1001000045005800450043005500540045000A00D2
:100110000000040045005800490054000B00000096
:10012000010021000C000000010040000D00000053
:100130000200430021000E000000020043004000C6
:100140000F000000030052005000210010000000CA
:100150000300520050004000110000000200520055
:100160003E00120000000200520040001300000098
:1001700002003E0052001400000003005300500033
:10018000400015000000030053005000210016003D
:1001900000000400440052004F005000170000000F
:1001A00003004400550050001800000004005300F4
:1001B0005700410050001900000004004F00560095
:1001C000450052001A000000020030003C001B00F5
:1001D000CF8A11241FBECFEFD1E2DEBFCDBF00E03A
:1001E0000CBF12E0A0E0B2E0EEE6F6E101E00BBFEA
:1001F00002C007900D92AC3EB107D9F72DE1ACEEED
:10020000B2E001C01D92A13AB207E1F710E8C9EED1
:10021000D0E800E006C021970109802FFE010E946E
:100220002D8BC83ED10780E00807A9F70E940E89F0
:100230000C94358B0C940000AF92BF92CF92DF925A
:10024000EF92FF920F931F93CF93DF936C017B018B
:100250008B01040F151FEB015E01AE18BF08C0171C
:10026000D10759F06991D601ED91FC910190F0818F
:10027000E02DC6011995892B79F7C501DF91CF9142
:100280001F910F91FF90EF90DF90CF90BF90AF90B4
:100290000895FC01538D448D252F30E0842F90E08C
:1002A000821B930B541710F0CF9608950197089571
:1002B000FC01918D828D981761F0A28DAE0FBF2F3A
:1002C000B11D5D968C91928D9F5F9F73928F90E090
:1002D00008958FEF9FEF0895FC01918D828D9817FF
:1002E00031F0828DE80FF11D858D90E008958FEF3C
:1002F0009FEF0895FC01918D228D892F90E0805C05
:100300009F4F821B91098F739927089584E09DE187
:100310000E947A8121E0892B09F420E0822F089540
:10032000FC01A48DA80FB92FB11DA35ABF4F2C916A
:10033000848D90E001968F739927848FA689B78961
:100340002C93A089B1898C91837080648C93938D58
:10035000848D981306C00288F389E02D80818F7DFB
:1003600080830895EF92FF920F931F93CF93DF93B3
:10037000EC0181E0888F9B8D8C8D98131AC0E889E1
:10038000F989808185FF15C09FB7F894EE89FF89B0
:100390006083E889F98980818370806480839FBF4E
:1003A00081E090E0DF91CF911F910F91FF90EF904E
:1003B0000895F62E0B8D10E00F5F1F4F0F7311275E
:1003C000E02E8C8D8E110CC00FB607FCFACFE88999
:1003D000F989808185FFF5CFCE010E949081F1CF10
:1003E000EB8DEC0FFD2FF11DE35AFF4FF0829FB70D
:1003F000F8940B8FEA89FB8980818062CFCFCF93FD
:10040000DF93EC01888D8823B9F0AA89BB89E8893C
:10041000F9898C9185FD03C0808186FD0DC00FB6E2
:1004200007FCF7CF8C9185FFF2CF808185FFEDCF60
:10043000CE010E949081E9CFDF91CF91089580E0B5
:1004400090E0892B29F00E94868181110E94000092
:1004500080E090E0892B49F080E090E0892B29F042
:100460000E94000081110E94000080E090E0892B32
:1004700049F080E090E0892B29F00E940000811172
:100480000E94000080E090E0892B49F080E090E03D
:10049000892B29F00E94000081110C94000008951E
:1004A0000895FC0180859185148628E0268793872E
:1004B00082870895FC0180859185148621E0268736
:1004C000938782870895CF93DF9300D01F92CDB793
:1004D000DEB7FC01EF2FFF27E295EF70E050FE4FF3
:1004E00020812983E92FFF27EF70FF27E050FE4F7F
:1004F00020812A83FC0144E0F695E7954A95E1F7CF
:10050000EF70FF27E050FE4F20812B838F709927DB
:10051000FC01E050FE4F80818C8344E050E0BE013E
:100520006F5F7F4F84E09DE10E941C810F900F90D0
:100530000F900F90DF91CF910895DC01FB01F058EF
:10054000E11582E0F80758F4EE0FFF1FEB50F74E6D
:1005500077FF1CC0309779F0518340830895F0E015
:10056000E0E0611585EF780798F3FB01EE0FFF1FC0
:10057000EB50F74EEDCF1C961C921C9783E01E9615
:100580008C931E971B967C936E931A970895CF9326
:10059000DF93EC01AB016C817D8161158EEF7807F3
:1005A00050F4888599851C8627E02E879B878A874B
:1005B000DF91CF910895CE010E949D828C8581119B
:1005C00003C08E858111F4CF8C819D8101979D831D
:1005D0008C83EECFCF93DF93EC01AB016A817B81FB
:1005E000611589EF780750F4888599851C8625E088
:1005F0002E879B878A87DF91CF910895CE010E9435
:100600009D828C85811103C08E858111F4CF8A81F2
:100610009B8101979B838A83EECFFC01628173816A
:100620000C94EA82FC01648175810C94EA82CF9378
:10063000DF93EC0184E09DE10E947A8170E060E04C
:10064000181619067CF484E09DE10E94588197FFFA
:1006500002C090E080E0BC017727CE010E94EA82D0
:100660006FEF7FEFCE01DF91CF910C94EA82DC0136
:10067000FB01F058E11582E0F80748F5EE0FFF1F87
:10068000EB50F74E77FD3EC0CB019F71B0E0A0E08C
:10069000880F991FAA1FBB1F672F77276295669542
:1006A00067706230710521F16330710531F161309D
:1006B0007105C9F040ED51EC60E07727840F951F7C
:1006C000A61FB71FABBFFC01879196910895F0E07C
:1006D000E0E0611585EF7807A8F2FB01EE0FFF1F40
:1006E000EB50F74ECFCF40ED51E860E07727E6CFF3
:1006F00040ED51E460E07727E1CF40ED51E060E06C
:100700007727DCCF309719F08081918108951C966E
:100710001C921C9782E01E968C931E971B967C93CE
:100720006E931A9780E090E00895CF93DF93EC01E9
:10073000688179810E9437832C85211103C02E8521
:1007400021110CC0288139812F5F3F4F39832883C5
:10075000BC01CE01DF91CF910C94EA82DF91CF9161
:100760000895CF93DF93EC01688179810E943783EC
:1007700099838883DF91CF9108950C94B1836F5F43
:100780007F4FFC0122813381620F731F0C943783EA
:10079000CF93DF93EC0161E070E00E94BF83BC0166
:1007A000CE01DF91CF910C94EA820F931F93CF93E8
:1007B000DF93EC0170E060E00E94BF838C0161E098
:1007C00070E0CE010E94BF836A817B816F5F7F4FA3
:1007D000AC01CE010E949D828C85811103C08E8563
:1007E00081110CC06A817B816E5F7F4FA801CE01B1
:1007F000DF91CF911F910F910C949D82DF91CF914A
:100800001F910F910895CF93DF93EC0170E060E0AA
:100810000E94BF83BC01CE01DF91CF910C94EA828C
:10082000FC01648175816F378EEF780739F06F5F57
:100830007F4F75836483CF010C94378380859185C6
:10084000148626E026879387828790E080E00895CB
:10085000CF93DF93EC010E9410842C85211103C0FB
:100860002E85211106C0BC01CE01DF91CF910C94E1
:10087000EA82DF91CF910895CF93DF93EC016881F5
:1008800079810E94EA828C85811103C08E85811155
:100890000DC08C819D818F379E4F59F41C868E85AB
:1008A000811104C0888199819B878A87DF91CF91CC
:1008B0000895CE010E94108499838883F7CFCF9347
:1008C000DF93EC018C819D818F379E4F59F41C86FC
:1008D0008E85811104C0888199819B878A87DF91E9
:1008E000CF910895CE010E94108499838883F7CF19
:1008F000FC01648175816F378EEF780729F06F5F97
:100900007F4FCF010C94378380859185148626E034
:1009100026879387828790E080E00895CF93DF93C6
:10092000EC010E947884BC01CE01DF91CF910C9440
:10093000EA82EF92FF920F931F93CF93DF93EC0124
:10094000688179810E9437837C018C85811103C085
:100950008E85811123C0888199810196998388832E
:10096000CE010E9478842C85211103C02E8521118F
:1009700015C08C010F5F1F4F6C817D816F5F7F4FB2
:10098000A801CE010E949D828C85811103C08E85B5
:10099000811104C0012B11F0F982E882DF91CF911F
:1009A0001F910F91FF90EF900895FC016281738178
:1009B0006F3789EF780739F06F5F7F4F73836283FA
:1009C000CF010C94378380859185148624E0268797
:1009D0009387828790E080E00895CF92DF92EF9234
:1009E000FF92CF93DF93EC010E94D5847C018C852C
:1009F000811103C08E85811124C0CE010E94D5844F
:100A00002C85211103C02E8521111BC09C01D7010B
:100A10000E941E8B6B017C01CE010E94EA828C85B4
:100A2000811103C08E8581110CC0B70188279927D9
:100A3000CE01DF91CF91FF90EF90DF90CF900C949B
:100A4000EA82DF91CF91FF90EF90DF90CF900895F1
:100A5000CF93DF93EC010E94D5842C85211103C034
:100A60002E85211108C0BC01660F771FCE01DF91D2
:100A7000CF910C94EA82DF91CF9108950F931F9349
:100A8000CF93DF93EC010E94D5848C018C8581117A
:100A900003C08E85811113C0CE010E94D5842C85A0
:100AA000211103C02E8521110AC0B801680F791FDA
:100AB000CE01DF91CF911F910F910C94EA82DF91CB
:100AC000CF911F910F910895CF93DF93EC010E9476
:100AD000D5848C85811103C08E85811107C070E09B
:100AE00060E0CE01DF91CF910C94EA82DF91CF914B
:100AF0000895CF93DF93EC010E94D5842C852111BA
:100B000003C02E85211109C066277727681B790B42
:100B1000CE01DF91CF910C94EA82DF91CF910895BD
:100B20000F931F93CF93DF93EC010E94D5848C0128
:100B30008C85811103C08E85811113C0CE010E9466
:100B4000D5842C85211103C02E8521110AC0BC013A
:100B5000601B710BCE01DF91CF911F910F910C940F
:100B6000EA82DF91CF911F910F910895CF93DF9388
:100B7000EC010E94D5842C85211103C02E85211102
:100B800008C0BC0160957095CE01DF91CF910C94A7
:100B9000EA82DF91CF910895CF93DF93EC010E9419
:100BA000D5842C85211103C02E85211108C0BC01DC
:100BB00062507109CE01DF91CF910C94EA82DF91EE
:100BC000CF910895CF93DF93EC010E94D5842C85BB
:100BD000211103C02E85211108C0BC016E5F7F4F1B
:100BE000CE01DF91CF910C94EA82DF91CF910895ED
:100BF000CF93DF93EC010E94D5842C85211103C093
:100C00002E85211108C0BC0161507109CE01DF9110
:100C1000CF910C94EA82DF91CF9108950C94F885DE
:100C2000CF93DF93EC010E94D5842C85211103C062
:100C30002E85211108C0BC016F5F7F4FCE01DF916F
:100C4000CF910C94EA82DF91CF9108950C94108695
:100C5000CF93DF93EC010E94D5842C85211103C032
:100C60002E8521110EC061E070E0892B11F070E03B
:100C700060E0719561957109CE01DF91CF910C947F
:100C8000EA82DF91CF910895CF93DF93EC010E9428
:100C9000D5849C85911103C09E85911108C0782F41
:100CA000770F60E0CE01DF91CF910C94EA82DF9163
:100CB000CF910895CF93DF93EC010E94D5849C855A
:100CC000911103C09E85911107C060E0782FCE017D
:100CD000DF91CF910C94EA82DF91CF910895CF9369
:100CE000DF93EC010E94D5842C85211103C02E8551
:100CF00021110BC0BC0184E0660F771F8A95E1F7D4
:100D0000CE01DF91CF910C94EA82DF91CF910895CB
:100D1000CF92DF92EF92FF920F931F93CF93DF93C7
:100D2000EC010E94D5848C018C85811103C08E85D5
:100D300081112BC0CE010E94D5842C85211103C0C6
:100D40002E85211122C06801F12CE12CC80ED91E7C
:100D5000E11CF11CB801680F791FCE010E94EA82E4
:100D600061E070E0C114D10481E0E806F10410F400
:100D700070E060E0CE01DF91CF911F910F91FF9065
:100D8000EF90DF90CF900C94EA82DF91CF911F918A
:100D90000F91FF90EF90DF90CF9008950F931F93E6
:100DA000CF93DF93EC010E94D5848C018C85811157
:100DB00003C08E85811113C0CE010E94D5842C857D
:100DC000211103C02E8521110AC0B8016827792797
:100DD000CE01DF91CF911F910F910C94EA82DF91A8
:100DE000CF911F910F9108950F931F93CF93DF938E
:100DF000EC010E94D5848C018C85811103C08E8505
:100E0000811113C0CE010E94D5842C85211103C00D
:100E10002E8521110AC0B801682B792BCE01DF91F4
:100E2000CF911F910F910C94EA82DF91CF911F9186
:100E30000F9108950F931F93CF93DF93EC010E94BE
:100E4000D5848C018C85811103C08E85811113C0DE
:100E5000CE010E94D5842C85211103C02E8521113D
:100E60000AC0B80168237923CE01DF91CF911F9189
:100E70000F910C94EA82DF91CF911F910F91089509
:100E8000CF93DF93EC010E94D5848C85811103C040
:100E90008E8581110BC0692F660F660B062E000C24
:100EA000770BCE01DF91CF910C94EA82DF91CF9145
:100EB00008950C94D584CF93DF93EC010E94D584E0
:100EC0002C85211103C02E85211102C09B838A83AA
:100ED000DF91CF910895CF93DF93EC010E94D584E9
:100EE0002C85211103C02E85211106C0BC01CE0125
:100EF000DF91CF910C94C782DF91CF910895CF936A
:100F0000DF93EC010E94D5842C85211103C02E852E
:100F1000211102C09D838C83DF91CF910895CF93DF
:100F2000DF93EC010E94D5842C85211103C02E850E
:100F300021110AC0BC01CE010E943783BC01CE0141
:100F4000DF91CF910C94EA82DF91CF9108950C94B8
:100F50008F870F931F93CF93DF93EC010E94D5846B
:100F60008C018C85811103C08E85811112C0CE0148
:100F70000E94D5842C85211103C02E85211109C022
:100F8000AC01B801CE01DF91CF911F910F910C946C
:100F90009D82DF91CF911F910F9108950C94A987A5
:100FA0000F931F93CF93DF93EC010E94D5848C01A4
:100FB0008C85811103C08E8581110AC00034110512
:100FC00060F4888599851C8621E02E879B878A8717
:100FD000DF91CF911F910F91089568817981CE01A2
:100FE0000E94C7828C85811103C08E858111F0CF4C
:100FF00019830883EDCF0F931F93CF93DF93EC01F9
:10100000688179810E9437838C018C85811103C0AE
:101010008E85811112C08881998101969983888378
:10102000CE010E94D5842C85211103C02E8521116B
:1010300004C0892B11F419830883DF91CF911F918C
:101040000F9108950F931F93CF93DF93EC010E94AC
:10105000D5848C018C85811103C08E8581110DC0D2
:1010600068817981CE010E94C7828C85811103C07D
:101070008E85811102C019830883DF91CF911F9162
:101080000F910895CF93DF93EC010E94D5849C8546
:10109000911103C09E85911107C0682F84E09DE1E6
:1010A000DF91CF910C94B281DF91CF910895FC0133
:1010B00001900020E9F73197AF01481B590BBC01A3
:1010C00084E09DE10C941C811F920F920FB60F9249
:1010D00011240BB60F922F933F934F935F936F930F
:1010E0007F938F939F93AF93BF93EF93FF9384E08E
:1010F0009DE10E949081FF91EF91BF91AF919F91EF
:101100008F917F916F915F914F913F912F910F90B0
:101110000BBE0F900FBE0F901F9018951F920F924D
:101120000FB60F9211240BB60F922F938F939F93AC
:10113000EF93FF93E091141DF091151D8081E091D4
:101140001A1DF0911B1D82FD1DC0908180911D1DF7
:101150008F5F8F7320911E1D821741F0E0911D1D3E
:10116000F0E0EC5FF24E958F80931D1DFF91EF91A3
:101170009F918F912F910F900BBE0F900FBE0F90EC
:101180001F9018958081F2CF1F920F920FB60F9289
:1011900011242F933F938F939F93AF93BF9380918D
:1011A000F1029091F202A091F302B091F402309119
:1011B000F00223E0230F2D3758F50196A11DB11D34
:1011C0002093F0028093F1029093F202A093F30235
:1011D000B093F4028091EC029091ED02A091EE02A6
:1011E000B091EF020196A11DB11D8093EC02909386
:1011F000ED02A093EE02B093EF02BF91AF919F91E9
:101200008F913F912F910F900FBE0F901F901895C7
:1012100026E8230F0296A11DB11DD2CFCF93DF93F5
:10122000CDB7DEB7A1970FB6F894DEBF0FBECDBF26
:10123000789484B5826084BD84B5816084BD85B5B1
:10124000826085BD85B5816085BD80916E008160BD
:1012500080936E0010928100809181008260809363
:101260008100809181008160809381008091800065
:101270008160809380008091B10084608093B10090
:101280008091B00081608093B00080919100826075
:101290008093910080919100816080939100809172
:1012A00090008160809390008091A1008260809383
:1012B000A1008091A10081608093A1008091A00095
:1012C00081608093A0008091210182608093210140
:1012D00080912101816080932101809120018160B2
:1012E0008093200180917A00846080937A008091BD
:1012F0007A00826080937A0080917A008160809386
:101300007A0080917A00806880937A001092C10000
:10131000E091141DF091151D82E08083E091101D75
:10132000F091111D1082E091121DF091131D80E1CA
:10133000808310921C1DE091181DF091191D86E00C
:101340008083E091161DF091171D8081806180835C
:10135000E091161DF091171D808188608083E091D7
:10136000161DF091171D808180688083E091161D05
:10137000F091171D80818F7D80838FB7F894409105
:10138000F1025091F2026091F3027091F4028FBF6A
:10139000E5EFF8E180E094E0DF019C011D9221502F
:1013A0003040E1F7E5EFF2E080E096E1DF019C01FB
:1013B0001D9221503040E1F71092F61C1092F51C5E
:1013C0008FE799EF9093F81C8093F71C8FE79EEFBF
:1013D0009093FA1C8093F91C80E89EEF9093FC1C7C
:1013E0008093FB1C1092FE1C1092FD1C1092001D9D
:1013F0001092FF1C81E08093011D1092021D10923B
:10140000031DFF24F3942AE0822E912CA12CB12CF1
:101410008091011D882309F44CC0C12CDD24D39494
:101420008091011D882389F16091F51C7091F61C53
:101430007093FE1C6093FD1C85EF9CE10E94378336
:101440008C018091011D811104C08091031D8111C7
:1014500018C06091F51C7091F61C6F5F7F4F709300
:10146000F61C6093F51C0034110590F4000F111F59
:10147000F801ED5DFD4F0190F081E02D85EF9CE1DD
:10148000199531E0C31AD10859F60E941F82C0CFC6
:1014900085EF9CE10E94C7828091011D811104C0EB
:1014A0008091031D8111EDCF1093F61C0093F51C64
:1014B000E8CF8091021D8111E8CF83EA92E00E947B
:1014C00057888091031D81113DC084EB92E00E94FA
:1014D000578883EC92E00E9457888091F51C909188
:1014E000F61C0E94638289EC92E00E9457888091EA
:1014F000FD1C9091FE1C0E94638281ED92E00E948F
:1015000057888091FF1C9091001D0E9463828BED93
:1015100092E00E9457888091F71C9091F81C0E94DD
:10152000638281EE92E00E9457888091F91C90912D
:10153000FA1C0E94638287EE92E00E945788F09224
:10154000021DA3CF8CEB92E00E9457882091031DCF
:1015500030E050E040E019A28E010F5D1F4FCA013C
:10156000B901A50194010E94FC8A605DD8016E93C7
:101570008D01211531054105510589F7109709F4B1
:10158000A8CFFD0101900020E9F73197AF014A1B78
:101590005B0BBD0184E09DE10E941C819ACFE4E0D9
:1015A000FDE11382128288EE93E0A0E0B0E0848334
:1015B0009583A683B78385E192E09183808385EC50
:1015C00090E09587848784EC90E09787868780EC0D
:1015D00090E0918B808B81EC90E0938B828B82ECFE
:1015E00090E0958B848B86EC90E0978B868B118EA8
:1015F000128E138E148E0895A1E21A2EAA1BBB1B05
:10160000FD010DC0AA1FBB1FEE1FFF1FA217B307CE
:10161000E407F50720F0A21BB30BE40BF50B661FE4
:10162000771F881F991F1A9469F7609570958095A8
:1016300090959B01AC01BD01CF010895A29FB0011F
:10164000B39FC001A39F700D811D1124911DB29FF6
:10165000700D811D1124911D0895EE0FFF1F881F2D
:0E1660008BBF0790F691E02D1994F894FFCF00
:10166E0030313233343536373839414243444546CA
:10167E000000000000B2811C814981FF817A8158EF
:10168E00816C815082B18317834288958322883C76
:10169E00849984FB87BD83D0875F84A9878F87CE8B
:1016AE0087A7877F87128328848E846B870D835B41
:1016BE008759870384D583C88340871A87F486CEDB
:1016CE008688866F865A86448628861086F885E236
:1016DE0085CC8551825182518251825182518251E3
:1016EE00825182518251825182ED845182B685900F
:1016FE0085798526860E8664853E8528855A825A8A
:10170E008200000D0A5B5044522D31362F58542062
:10171E00564D200073746F70706564006661756C51
:10172E007420002069703D2400206C6173743D2488
:10173E00002064657461696C3D24002073703D2443
:0C174E00002072703D24005D0D0A0000B8
:00000001FF
